6R5J_1_model	6R5J_1_model	68	1.015E+00	7.110E-03
6R5J_1_model	2MM0_1_model	63	9.016E-01	1.473E+00
6R5J_1_model	2MM2_1_model	64	8.764E-01	1.657E+00
6R5J_1_model	7NMM_2_model	62	7.513E-01	2.332E+00
6R5J_1_model	7NLJ_2_model	62	7.437E-01	2.377E+00
6R5J_1_model	6FUD_2_model	62	7.329E-01	2.447E+00
6R5J_1_model	8C8A_1_model	67	7.312E-01	2.921E+00
6R5J_1_model	5A6W_2_model	62	7.327E-01	2.435E+00
6R5J_1_model	6FU9_2_model	62	7.327E-01	2.435E+00
6R5J_1_model	6G10_2_model	62	7.327E-01	2.435E+00
6R5J_1_model	7A8X_2_model	62	7.338E-01	2.442E+00
6R5J_1_model	7B1I_2_model	62	7.368E-01	2.418E+00
6R5J_1_model	6FUB_1_model	62	7.330E-01	2.455E+00
6R5J_1_model	6G11_1_model	62	7.332E-01	2.454E+00
6R5J_1_model	2MYW_1_model	67	5.938E-01	3.675E+00
6R5J_1_model	2N37_1_model	68	5.826E-01	3.853E+00
6R5J_1_model	6Q76_2_model	67	5.964E-01	3.690E+00
6R5J_1_model	7ZKD_1_model	60	6.656E-01	2.989E+00
6R5J_1_model	5JHJ_1_model	67	5.906E-01	3.703E+00
6R5J_1_model	2MYV_1_model	62	7.615E-01	2.646E+00
6R5J_1_model	5Z1V_1_model	61	7.829E-01	2.329E+00
6R5J_1_model	7ZK0_1_model	66	6.069E-01	3.283E+00
6R5J_1_model	5ZNG_2_model	61	7.700E-01	2.581E+00
6R5J_1_model	2LW6_1_model	74	6.488E-01	3.985E+00
6R5J_1_model	8R7A_2_model	67	5.846E-01	4.273E+00
6R5J_1_model	7ZJY_1_model	60	4.751E-01	4.508E+00
6R5J_1_model	5XMZ_1_model	80	2.401E-01	1.335E+01
6R5J_1_model	8EBB_1_model	63	3.059E-01	1.282E+01
6R5J_1_model	1KG1_1_model	23	4.648E-01	3.201E+00
6R5J_1_model	7T6A_1_model	62	2.612E-01	1.033E+01
6R5J_1_model	8OXL_1_model	60	2.970E-01	1.190E+01
6R5J_1_model	8OXK_1_model	70	3.527E-01	9.691E+00
6R5J_1_model	7MQQ_1_model	41	4.587E-01	7.919E+00
6R5J_1_model	6SGO_1_model	58	3.060E-01	1.197E+01
6R5J_1_model	7T69_1_model	41	2.155E-01	8.504E+00
6R5J_1_model	5VJJ_1_model	32	2.755E-01	8.633E+00
6R5J_1_model	6FMB_1_model	53	2.681E-01	8.158E+00
6R5J_1_model	8DP8_1_model	106	2.640E-01	9.710E+00
6R5J_1_model	8OXJ_1_model	71	2.252E-01	1.196E+01
6R5J_1_model	5FID_1_model	54	3.754E-01	1.152E+01
6R5J_1_model	8DP9_1_model	53	2.244E-01	8.542E+00
6R5J_1_model	2QVT_1_model	27	2.086E-01	3.390E+00
6R5J_1_model	5FNO_1_model	36	3.004E-01	6.066E+00
6R5J_1_model	6BN0_1_model	35	3.619E-01	9.246E+00
6R5J_1_model	2OPC_1_model	27	2.369E-01	3.398E+00
6R5J_1_model	6ZUS_1_model	9	4.530E-01	2.177E+00
6R5J_1_model	9FEI_1_model	48	1.801E-01	1.101E+01
2LW6_1_model	2LW6_1_model	80	1.013E+00	2.440E-03
2LW6_1_model	8R7A_2_model	73	6.033E-01	3.203E+00
2LW6_1_model	7NLJ_2_model	72	6.624E-01	4.374E+00
2LW6_1_model	7NMM_2_model	72	6.752E-01	4.221E+00
2LW6_1_model	7A8X_2_model	71	6.590E-01	4.560E+00
2LW6_1_model	6FUD_2_model	71	6.623E-01	4.541E+00
2LW6_1_model	6FUB_1_model	71	6.630E-01	4.538E+00
2LW6_1_model	6G11_1_model	71	6.630E-01	4.538E+00
2LW6_1_model	5A6W_2_model	71	6.589E-01	4.544E+00
2LW6_1_model	6FU9_2_model	71	6.588E-01	4.545E+00
2LW6_1_model	6G10_2_model	71	6.589E-01	4.544E+00
2LW6_1_model	7B1I_2_model	71	6.548E-01	4.676E+00
2LW6_1_model	6R5J_1_model	74	6.488E-01	3.985E+00
2LW6_1_model	5Z1V_1_model	68	6.246E-01	4.004E+00
2LW6_1_model	8C8A_1_model	71	6.350E-01	3.873E+00
2LW6_1_model	7ZKD_1_model	77	4.152E-01	5.058E+00
2LW6_1_model	2MM0_1_model	70	6.334E-01	3.743E+00
2LW6_1_model	2MM2_1_model	76	5.565E-01	4.541E+00
2LW6_1_model	7ZK0_1_model	68	4.324E-01	5.245E+00
2LW6_1_model	5ZNG_2_model	41	6.361E-01	5.604E+00
2LW6_1_model	2MYV_1_model	62	4.468E-01	8.685E+00
2LW6_1_model	5JHJ_1_model	71	3.626E-01	6.192E+00
2LW6_1_model	8OXL_1_model	64	3.017E-01	8.614E+00
2LW6_1_model	5FNO_1_model	46	3.921E-01	7.721E+00
2LW6_1_model	7ZJY_1_model	73	2.536E-01	8.837E+00
2LW6_1_model	6WES_1_model	68	2.887E-01	1.544E+01
2LW6_1_model	6Q76_2_model	72	3.627E-01	6.010E+00
2LW6_1_model	2MYW_1_model	72	3.520E-01	6.270E+00
2LW6_1_model	5OD4_1_model	70	2.992E-01	9.117E+00
2LW6_1_model	2N37_1_model	68	2.169E-01	1.065E+01
2LW6_1_model	7T6A_1_model	47	3.499E-01	6.263E+00
2LW6_1_model	8OXI_1_model	52	3.236E-01	5.920E+00
2LW6_1_model	2OPC_1_model	73	2.898E-01	8.884E+00
2LW6_1_model	8ACX_1_model	36	3.314E-01	6.998E+00
2LW6_1_model	6SGO_1_model	26	4.655E-01	4.060E+00
2LW6_1_model	4GVB_2_model	93	1.359E-01	1.197E+01
2LW6_1_model	7T69_1_model	57	2.091E-01	1.346E+01
5VJJ_1_model	5VJJ_1_model	91	1.011E+00	0.000E+00
5VJJ_1_model	8V1J_1_model	61	2.824E-01	7.871E+00
5VJJ_1_model	8OXL_1_model	55	5.267E-01	3.893E+00
5VJJ_1_model	7T69_1_model	25	4.582E-01	3.401E+00
5VJJ_1_model	6SGO_1_model	19	3.223E-01	3.826E+00
5VJJ_1_model	8OXH_1_model	69	3.991E-01	5.562E+00
5VJJ_1_model	9FYC_2_model	78	2.116E-01	1.413E+01
5VJJ_1_model	8R7A_2_model	49	3.185E-01	8.955E+00
5VJJ_1_model	4BJM_1_model	11	4.756E-01	2.040E+00
5VJJ_1_model	6R5J_1_model	34	2.355E-01	8.817E+00
5VJJ_1_model	1ZLD_1_model	21	4.854E-01	2.867E+00
5VJJ_1_model	7T6A_1_model	31	2.265E-01	5.660E+00
5VJJ_1_model	2MM2_1_model	30	2.090E-01	7.907E+00
5VJJ_1_model	7PP2_2_model	17	2.789E-01	2.894E+00
5VJJ_1_model	5A6W_2_model	30	2.547E-01	9.958E+00
5VJJ_1_model	6FU9_2_model	30	2.548E-01	9.958E+00
5VJJ_1_model	6FUB_1_model	30	2.557E-01	9.984E+00
5VJJ_1_model	6FUD_2_model	30	2.557E-01	9.966E+00
5VJJ_1_model	6G10_2_model	30	2.547E-01	9.958E+00
5VJJ_1_model	6G11_1_model	30	2.557E-01	9.984E+00
5VJJ_1_model	7A8X_2_model	30	2.574E-01	9.985E+00
5VJJ_1_model	7B1I_2_model	30	2.523E-01	9.958E+00
5VJJ_1_model	5FNO_1_model	19	3.316E-01	4.732E+00
5VJJ_1_model	5ZNG_2_model	24	2.502E-01	8.346E+00
5VJJ_1_model	5OD4_1_model	43	1.900E-01	1.027E+01
5VJJ_1_model	8C8A_1_model	92	1.750E-01	1.237E+01
5VJJ_1_model	2MYV_1_model	24	2.415E-01	8.352E+00
5VJJ_1_model	8OXI_1_model	24	2.570E-01	5.272E+00
5VJJ_1_model	7MQQ_1_model	7	7.634E-01	1.070E+00
5VJJ_1_model	8EBB_1_model	24	4.854E-01	3.471E+00
5VJJ_1_model	7NLJ_2_model	29	2.946E-01	8.673E+00
5VJJ_1_model	2N4O_1_model	20	2.230E-01	5.896E+00
5VJJ_1_model	7NMM_2_model	17	2.996E-01	3.444E+00
5VJJ_1_model	5FID_1_model	21	2.956E-01	3.123E+00
5VJJ_1_model	8DP8_1_model	46	1.854E-01	1.231E+01
5VJJ_1_model	7ZK0_1_model	26	2.257E-01	8.100E+00
2OPC_1_model	2OPC_1_model	127	1.008E+00	0.000E+00
2OPC_1_model	2QVT_1_model	127	8.999E-01	7.738E+00
2OPC_1_model	1ZLD_1_model	112	4.603E-01	7.423E+00
2OPC_1_model	1ZLE_1_model	120	4.041E-01	7.643E+00
2OPC_1_model	5OD4_1_model	124	3.100E-01	1.338E+01
2OPC_1_model	8OXI_1_model	71	4.014E-01	8.653E+00
2OPC_1_model	9FYC_2_model	22	4.186E-01	1.999E+00
2OPC_1_model	6WES_1_model	29	4.315E-01	3.345E+00
2OPC_1_model	7T6A_1_model	142	2.323E-01	1.302E+01
2OPC_1_model	4GVB_2_model	99	1.788E-01	1.086E+01
2OPC_1_model	7AD5_1_model	14	3.001E-01	5.354E+00
2OPC_1_model	5FID_1_model	51	3.436E-01	1.027E+01
2OPC_1_model	8ACX_1_model	141	2.340E-01	1.096E+01
2OPC_1_model	8EBB_1_model	120	2.444E-01	1.526E+01
2OPC_1_model	5FNO_1_model	44	2.365E-01	1.197E+01
2OPC_1_model	4GVB_1_model	17	1.807E-01	5.389E+00
2OPC_1_model	6BN0_1_model	62	2.098E-01	1.003E+01
2OPC_1_model	2MYV_1_model	77	2.549E-01	9.023E+00
2OPC_1_model	6FMB_1_model	51	3.164E-01	1.234E+01
2OPC_1_model	7MQQ_1_model	60	3.306E-01	1.216E+01
2OPC_1_model	8V1J_1_model	94	1.660E-01	1.499E+01
2OPC_1_model	4FPQ_1_model	15	4.536E-01	4.543E+00
2OPC_1_model	5ZNG_2_model	74	3.103E-01	8.768E+00
2OPC_1_model	8OXL_1_model	43	1.764E-01	1.032E+01
2OPC_1_model	8DP8_1_model	45	2.043E-01	1.034E+01
2OPC_1_model	8DP9_1_model	43	2.083E-01	9.998E+00
2OPC_1_model	9FEI_1_model	99	1.668E-01	1.243E+01
2OPC_1_model	7T69_1_model	135	2.021E-01	1.483E+01
8C8A_1_model	8C8A_1_model	155	1.006E+00	0.000E+00
8C8A_1_model	6R5J_1_model	66	8.001E-01	2.115E+00
8C8A_1_model	7NLJ_2_model	63	7.752E-01	2.365E+00
8C8A_1_model	7A8X_2_model	61	7.878E-01	1.920E+00
8C8A_1_model	7NMM_2_model	63	7.749E-01	2.403E+00
8C8A_1_model	5A6W_2_model	61	7.853E-01	1.938E+00
8C8A_1_model	6FU9_2_model	61	7.854E-01	1.938E+00
8C8A_1_model	6G10_2_model	61	7.854E-01	1.938E+00
8C8A_1_model	7B1I_2_model	61	7.877E-01	1.926E+00
8C8A_1_model	6FUD_2_model	61	7.861E-01	1.934E+00
8C8A_1_model	6FUB_1_model	61	7.870E-01	1.926E+00
8C8A_1_model	6G11_1_model	61	7.871E-01	1.925E+00
8C8A_1_model	7ZK0_1_model	70	6.889E-01	2.959E+00
8C8A_1_model	2MM0_1_model	64	8.051E-01	1.974E+00
8C8A_1_model	5Z1V_1_model	60	7.121E-01	2.583E+00
8C8A_1_model	2MM2_1_model	65	7.924E-01	2.137E+00
8C8A_1_model	2MYV_1_model	116	5.462E-01	1.558E+01
8C8A_1_model	5ZNG_2_model	65	6.671E-01	3.726E+00
8C8A_1_model	2MYW_1_model	115	4.246E-01	1.503E+01
8C8A_1_model	5JHJ_1_model	115	4.235E-01	1.446E+01
8C8A_1_model	2LW6_1_model	71	6.350E-01	3.873E+00
8C8A_1_model	7ZKD_1_model	85	5.072E-01	1.100E+01
8C8A_1_model	2N37_1_model	69	5.088E-01	3.637E+00
8C8A_1_model	8R7A_2_model	82	3.968E-01	6.701E+00
8C8A_1_model	6Q76_2_model	71	4.603E-01	4.099E+00
8C8A_1_model	9FYC_2_model	30	5.899E-01	3.132E+00
8C8A_1_model	1FN8_1_model	48	3.861E-01	5.199E+00
8C8A_1_model	7T6A_1_model	48	3.385E-01	5.928E+00
8C8A_1_model	5XMZ_1_model	87	3.168E-01	1.224E+01
8C8A_1_model	8DP8_1_model	63	1.839E-01	1.067E+01
8C8A_1_model	8DP9_1_model	63	2.202E-01	1.065E+01
8C8A_1_model	8OXL_1_model	82	1.751E-01	1.467E+01
8C8A_1_model	8EB9_1_model	25	2.372E-01	4.228E+00
8C8A_1_model	6FMB_1_model	16	5.369E-01	2.727E+00
8C8A_1_model	7MQQ_1_model	22	3.834E-01	4.206E+00
8C8A_1_model	8V1J_1_model	59	2.652E-01	1.240E+01
8C8A_1_model	7T69_1_model	45	3.812E-01	1.034E+01
8C8A_1_model	5OD4_1_model	51	3.281E-01	1.391E+01
8C8A_1_model	4GVB_2_model	83	2.293E-01	1.410E+01
8C8A_1_model	5VJJ_1_model	72	1.994E-01	9.885E+00
8C8A_1_model	8OXJ_1_model	63	1.866E-01	1.189E+01
8C8A_1_model	9FEI_1_model	35	1.894E-01	1.055E+01
8C8A_1_model	2OPC_1_model	73	1.538E-01	1.159E+01
8C8A_1_model	4FPR_1_model	11	4.558E-01	1.732E+00
8C8A_1_model	6SGO_1_model	70	1.379E-01	1.227E+01
6WES_1_model	6WES_1_model	158	1.006E+00	1.347E-02
6WES_1_model	5XMZ_1_model	158	1.794E-01	1.693E+01
6WES_1_model	8OXH_1_model	136	2.500E-01	1.664E+01
6WES_1_model	2QVT_1_model	77	2.668E-01	1.429E+01
6WES_1_model	9FEI_1_model	60	2.067E-01	1.075E+01
6WES_1_model	2LW6_1_model	68	2.887E-01	1.544E+01
6WES_1_model	7MQQ_1_model	106	2.237E-01	1.705E+01
6WES_1_model	2OPC_1_model	77	2.691E-01	1.429E+01
6WES_1_model	8OXL_1_model	55	2.721E-01	1.671E+01
6WES_1_model	8OXI_1_model	68	2.574E-01	1.456E+01
6WES_1_model	8C8A_1_model	64	2.413E-01	1.529E+01
6WES_1_model	7ZJY_1_model	34	4.410E-01	9.573E+00
6WES_1_model	7ZKD_1_model	99	2.006E-01	1.539E+01
6WES_1_model	8V1J_1_model	134	1.590E-01	1.902E+01
6WES_1_model	5FID_1_model	101	1.568E-01	1.484E+01
6WES_1_model	6SGO_1_model	67	2.958E-01	2.001E+01
6WES_1_model	8EBB_1_model	175	1.501E-01	1.759E+01
6WES_1_model	1FN8_1_model	55	2.922E-01	9.051E+00
6WES_1_model	8OXK_1_model	151	1.699E-01	1.547E+01
6WES_1_model	8R7A_2_model	69	2.130E-01	1.456E+01
6WES_1_model	4B8V_1_model	24	2.522E-01	7.920E+00
6WES_1_model	4B9H_1_model	24	2.522E-01	7.920E+00
6WES_1_model	6Q76_2_model	73	2.028E-01	1.319E+01
6WES_1_model	2MYW_1_model	79	1.831E-01	1.325E+01
6WES_1_model	6FMB_1_model	63	2.998E-01	1.364E+01
6WES_1_model	1ZLE_1_model	155	1.105E-01	2.051E+01
6WES_1_model	2N37_1_model	73	2.020E-01	1.317E+01
6WES_1_model	8EB9_1_model	23	2.466E-01	4.021E+00
6WES_1_model	5JHJ_1_model	77	1.883E-01	1.437E+01
6WES_1_model	8OXJ_1_model	20	2.968E-01	5.408E+00
6WES_1_model	8ACX_1_model	122	1.165E-01	1.734E+01
7T69_1_model	7T69_1_model	267	1.004E+00	1.713E-02
7T69_1_model	8EBB_1_model	177	4.317E-01	7.328E+00
7T69_1_model	7T6A_1_model	183	2.258E-01	1.935E+01
7T69_1_model	5OD4_1_model	145	2.997E-01	1.916E+01
7T69_1_model	6BN0_1_model	71	4.102E-01	9.000E+00
7T69_1_model	1ZLD_1_model	133	2.565E-01	1.569E+01
7T69_1_model	1ZLE_1_model	123	2.064E-01	1.625E+01
7T69_1_model	6SGO_1_model	86	2.892E-01	1.553E+01
7T69_1_model	5VJJ_1_model	29	4.559E-01	4.481E+00
7T69_1_model	7ZJY_1_model	21	3.979E-01	2.011E+00
7T69_1_model	7MQQ_1_model	108	2.367E-01	1.120E+01
7T69_1_model	8V1J_1_model	100	2.493E-01	1.332E+01
7T69_1_model	4Z4A_1_model	29	6.283E-01	3.033E+00
7T69_1_model	8OXK_1_model	112	2.039E-01	1.230E+01
7T69_1_model	9FEI_1_model	100	2.137E-01	1.546E+01
7T69_1_model	5FNO_1_model	74	2.975E-01	1.058E+01
7T69_1_model	6R5J_1_model	41	2.155E-01	8.504E+00
7T69_1_model	8C8A_1_model	140	1.431E-01	1.970E+01
7T69_1_model	5Z1V_1_model	94	2.337E-01	1.662E+01
7T69_1_model	8OXH_1_model	102	1.718E-01	1.519E+01
7T69_1_model	9FYC_2_model	131	1.731E-01	1.335E+01
7T69_1_model	2LW6_1_model	98	1.906E-01	1.543E+01
7T69_1_model	7ZKD_1_model	77	1.529E-01	1.303E+01
7T69_1_model	2MYW_1_model	162	1.394E-01	2.669E+01
7T69_1_model	6FMB_1_model	74	1.787E-01	1.313E+01
7T69_1_model	8ACX_1_model	99	1.689E-01	1.371E+01
7T69_1_model	4B8V_1_model	122	2.408E-01	8.190E+00
7T69_1_model	2N37_1_model	39	1.886E-01	8.363E+00
7T69_1_model	5JHJ_1_model	29	2.545E-01	5.850E+00
7T69_1_model	1KPT_1_model	43	1.978E-01	9.919E+00
7T69_1_model	7AD5_1_model	23	1.800E-01	6.218E+00
7T69_1_model	2OPC_1_model	131	2.063E-01	1.479E+01
7T69_1_model	6ZUS_1_model	145	2.129E-01	1.263E+01
7T69_1_model	5XMZ_1_model	124	1.427E-01	1.310E+01
7T69_1_model	4B9H_1_model	122	2.408E-01	8.190E+00
7T69_1_model	6Q76_2_model	42	1.857E-01	8.273E+00
7T69_1_model	7NMM_2_model	92	1.609E-01	1.336E+01
7XE0_2_model	7XE0_2_model	575	1.002E+00	0.000E+00
7XE0_2_model	7XDS_1_model	575	1.002E+00	6.427E-02
7XE0_2_model	7XC2_2_model	433	4.483E-01	1.581E+01
7XE0_2_model	7XVG_2_model	419	4.533E-01	1.777E+01
4GVB_2_model	4GVB_2_model	81	1.013E+00	2.957E-03
4GVB_2_model	6ZUS_1_model	91	3.605E-01	9.383E+00
4GVB_2_model	8OXK_1_model	79	2.264E-01	1.297E+01
4GVB_2_model	4FPQ_1_model	31	3.268E-01	5.800E+00
4GVB_2_model	7MQQ_1_model	84	1.540E-01	1.524E+01
4GVB_2_model	5XMZ_1_model	51	2.937E-01	7.248E+00
4GVB_2_model	8EB9_1_model	18	4.128E-01	4.138E+00
4GVB_2_model	8OXI_1_model	8	8.424E-01	6.163E-01
4GVB_2_model	8V1J_1_model	43	3.640E-01	9.363E+00
4GVB_2_model	8R7A_2_model	91	1.577E-01	2.509E+01
4GVB_2_model	5ZNG_2_model	11	7.427E-01	1.382E+00
4GVB_2_model	8OXH_1_model	99	1.616E-01	1.602E+01
4GVB_2_model	6FMB_1_model	8	8.535E-01	5.857E-01
4GVB_2_model	2OPC_1_model	99	1.788E-01	1.086E+01
4GVB_2_model	2QVT_1_model	22	2.134E-01	3.116E+00
4GVB_2_model	4FPR_1_model	34	2.704E-01	7.050E+00
4GVB_2_model	7ZJY_1_model	19	3.334E-01	4.015E+00
4GVB_2_model	6Q76_2_model	15	4.231E-01	4.857E+00
4GVB_2_model	7ZKD_1_model	93	2.199E-01	1.688E+01
4GVB_2_model	8ACX_1_model	14	3.281E-01	4.129E+00
4GVB_2_model	4B8V_1_model	11	4.166E-01	5.456E+00
4GVB_2_model	4B9H_1_model	11	4.166E-01	5.456E+00
1KPT_1_model	1KPT_1_model	105	1.010E+00	0.000E+00
1KPT_1_model	8ACX_1_model	104	4.872E-01	7.163E+00
1KPT_1_model	2N4O_1_model	93	2.425E-01	8.779E+00
1KPT_1_model	7ZKD_1_model	28	2.870E-01	6.487E+00
1KPT_1_model	6Q76_2_model	28	2.518E-01	6.850E+00
1KPT_1_model	8DP9_1_model	88	1.860E-01	1.144E+01
1KPT_1_model	2MM0_1_model	74	1.604E-01	1.197E+01
1KPT_1_model	2N37_1_model	28	2.540E-01	6.864E+00
1KPT_1_model	7A8X_2_model	27	2.519E-01	6.787E+00
1KPT_1_model	8DP8_1_model	89	2.210E-01	1.120E+01
1KPT_1_model	5A6W_2_model	29	2.295E-01	6.538E+00
1KPT_1_model	6FU9_2_model	29	2.295E-01	6.538E+00
1KPT_1_model	6FUB_1_model	27	2.520E-01	6.780E+00
1KPT_1_model	6FUD_2_model	29	2.302E-01	6.553E+00
1KPT_1_model	6G10_2_model	29	2.294E-01	6.538E+00
1KPT_1_model	6G11_1_model	27	2.518E-01	6.780E+00
1KPT_1_model	7NLJ_2_model	21	2.920E-01	5.744E+00
1KPT_1_model	8OXH_1_model	58	2.081E-01	1.093E+01
1KPT_1_model	7B1I_2_model	29	2.295E-01	6.547E+00
1KPT_1_model	7NMM_2_model	29	2.282E-01	6.349E+00
1KPT_1_model	8OXI_1_model	61	1.925E-01	1.247E+01
1KPT_1_model	5VJJ_1_model	62	2.034E-01	1.300E+01
1KPT_1_model	2MYW_1_model	18	2.412E-01	4.770E+00
1KPT_1_model	5JHJ_1_model	18	2.393E-01	4.737E+00
1KPT_1_model	5FNO_1_model	39	2.088E-01	1.352E+01
1KPT_1_model	8OXL_1_model	28	1.907E-01	8.777E+00
1KPT_1_model	8OXK_1_model	96	1.252E-01	1.259E+01
1KPT_1_model	5XMZ_1_model	99	1.198E-01	1.207E+01
1KPT_1_model	7T69_1_model	43	1.978E-01	9.919E+00
8OXL_1_model	8OXL_1_model	92	1.011E+00	2.533E-03
8OXL_1_model	8OXH_1_model	95	7.272E-01	3.331E+00
8OXL_1_model	8OXI_1_model	110	4.348E-01	1.344E+01
8OXL_1_model	6FMB_1_model	107	4.870E-01	6.352E+00
8OXL_1_model	8OXJ_1_model	97	2.683E-01	1.234E+01
8OXL_1_model	8OXK_1_model	47	3.984E-01	6.615E+00
8OXL_1_model	5OD4_1_model	105	2.563E-01	1.334E+01
8OXL_1_model	2LW6_1_model	62	3.159E-01	8.333E+00
8OXL_1_model	5VJJ_1_model	73	4.300E-01	7.533E+00
8OXL_1_model	8DP8_1_model	40	4.169E-01	9.952E+00
8OXL_1_model	6FUD_2_model	43	3.572E-01	5.110E+00
8OXL_1_model	7NLJ_2_model	74	2.805E-01	1.121E+01
8OXL_1_model	6ZUS_1_model	101	2.051E-01	1.470E+01
8OXL_1_model	8R7A_2_model	95	2.409E-01	2.513E+01
8OXL_1_model	7B1I_2_model	43	3.573E-01	5.099E+00
8OXL_1_model	6R5J_1_model	60	2.970E-01	1.190E+01
8OXL_1_model	7ZKD_1_model	56	3.196E-01	1.040E+01
8OXL_1_model	2MM2_1_model	54	3.191E-01	7.144E+00
8OXL_1_model	6FUB_1_model	96	2.406E-01	1.458E+01
8OXL_1_model	6G11_1_model	96	2.406E-01	1.457E+01
8OXL_1_model	7NMM_2_model	90	2.414E-01	1.215E+01
8OXL_1_model	5JHJ_1_model	83	2.406E-01	1.079E+01
8OXL_1_model	6WES_1_model	55	2.721E-01	1.671E+01
8OXL_1_model	8EBB_1_model	56	4.746E-01	6.736E+00
8OXL_1_model	5Z1V_1_model	53	3.284E-01	9.504E+00
8OXL_1_model	7ZK0_1_model	51	3.157E-01	8.875E+00
8OXL_1_model	5A6W_2_model	96	2.402E-01	1.424E+01
8OXL_1_model	6FU9_2_model	96	2.401E-01	1.424E+01
8OXL_1_model	6G10_2_model	96	2.402E-01	1.424E+01
8OXL_1_model	7A8X_2_model	96	2.388E-01	1.443E+01
8OXL_1_model	8V1J_1_model	61	2.359E-01	1.049E+01
8OXL_1_model	2MYW_1_model	75	2.598E-01	1.489E+01
8OXL_1_model	9FYC_2_model	74	3.071E-01	1.226E+01
8OXL_1_model	8DP9_1_model	41	4.045E-01	9.964E+00
8OXL_1_model	6SGO_1_model	56	2.474E-01	6.930E+00
8OXL_1_model	2MM0_1_model	54	3.227E-01	7.349E+00
8OXL_1_model	2N37_1_model	83	2.415E-01	1.083E+01
8OXL_1_model	6Q76_2_model	83	2.426E-01	1.085E+01
8OXL_1_model	5XMZ_1_model	60	4.179E-01	8.389E+00
8OXL_1_model	1KG1_1_model	60	2.514E-01	9.945E+00
8OXL_1_model	6BN0_1_model	47	1.805E-01	9.912E+00
8OXL_1_model	7MQQ_1_model	95	1.825E-01	1.378E+01
8OXL_1_model	4FPQ_1_model	47	2.423E-01	7.847E+00
8OXL_1_model	2QVT_1_model	62	1.861E-01	1.198E+01
8OXL_1_model	4GVB_2_model	90	2.041E-01	1.232E+01
8OXL_1_model	8EB9_1_model	21	2.784E-01	3.545E+00
8OXL_1_model	7EAU_1_model	58	2.344E-01	9.766E+00
8OXL_1_model	7ZJY_1_model	74	2.169E-01	1.262E+01
8OXL_1_model	2MYV_1_model	46	2.503E-01	8.412E+00
8OXL_1_model	1KPT_1_model	25	2.817E-01	5.189E+00
8OXL_1_model	7T6A_1_model	35	2.607E-01	8.354E+00
8OXL_1_model	1FN8_1_model	89	2.078E-01	9.105E+00
8OXL_1_model	2OPC_1_model	43	1.764E-01	1.032E+01
6H0I_1_model	6H0I_1_model	75	1.014E+00	9.844E-04
8EBB_1_model	8EBB_1_model	170	1.006E+00	2.095E-03
8EBB_1_model	7T6A_1_model	184	3.991E-01	1.765E+01
8EBB_1_model	7T69_1_model	174	4.385E-01	7.256E+00
8EBB_1_model	1ZLD_1_model	183	2.540E-01	1.743E+01
8EBB_1_model	1ZLE_1_model	120	2.073E-01	1.597E+01
8EBB_1_model	5OD4_1_model	172	1.747E-01	1.612E+01
8EBB_1_model	4Z4A_1_model	63	4.379E-01	7.221E+00
8EBB_1_model	7NLJ_2_model	73	3.509E-01	8.247E+00
8EBB_1_model	6R5J_1_model	64	3.095E-01	1.280E+01
8EBB_1_model	7NMM_2_model	63	3.532E-01	6.658E+00
8EBB_1_model	6SGO_1_model	57	2.812E-01	1.179E+01
8EBB_1_model	8OXL_1_model	58	4.651E-01	6.933E+00
8EBB_1_model	6FUB_1_model	71	3.652E-01	8.012E+00
8EBB_1_model	6G11_1_model	71	3.652E-01	8.012E+00
8EBB_1_model	5A6W_2_model	63	4.176E-01	5.982E+00
8EBB_1_model	6FU9_2_model	63	4.176E-01	5.982E+00
8EBB_1_model	6G10_2_model	63	4.176E-01	5.982E+00
8EBB_1_model	7A8X_2_model	71	3.690E-01	8.043E+00
8EBB_1_model	8OXH_1_model	76	2.246E-01	9.890E+00
8EBB_1_model	8OXI_1_model	79	2.554E-01	1.046E+01
8EBB_1_model	6FUD_2_model	71	3.671E-01	8.004E+00
8EBB_1_model	7B1I_2_model	71	3.658E-01	7.982E+00
8EBB_1_model	9FYC_2_model	73	2.570E-01	9.226E+00
8EBB_1_model	6BN0_1_model	63	3.072E-01	9.790E+00
8EBB_1_model	8V1J_1_model	119	2.157E-01	1.261E+01
8EBB_1_model	6ZUS_1_model	115	1.962E-01	1.641E+01
8EBB_1_model	8R7A_2_model	70	2.503E-01	1.335E+01
8EBB_1_model	2QVT_1_model	178	1.612E-01	1.884E+01
8EBB_1_model	6WES_1_model	175	1.501E-01	1.759E+01
8EBB_1_model	6FMB_1_model	42	2.589E-01	8.692E+00
8EBB_1_model	1FN8_1_model	227	1.721E-01	1.512E+01
8EBB_1_model	8OXK_1_model	138	1.778E-01	1.372E+01
8EBB_1_model	2OPC_1_model	120	2.444E-01	1.530E+01
8EBB_1_model	4FPQ_1_model	93	2.862E-01	1.559E+01
8EBB_1_model	2MM0_1_model	77	2.136E-01	1.273E+01
8EBB_1_model	5VJJ_1_model	24	4.854E-01	3.471E+00
8EBB_1_model	4FPR_1_model	101	1.813E-01	1.616E+01
8EBB_1_model	8DP8_1_model	31	4.313E-01	6.184E+00
8EBB_1_model	1KG1_1_model	68	2.164E-01	1.316E+01
8EBB_1_model	2MM2_1_model	75	2.320E-01	1.282E+01
8EBB_1_model	5ZNG_2_model	19	4.037E-01	2.270E+00
8EBB_1_model	7ZK0_1_model	73	2.330E-01	8.619E+00
8EBB_1_model	8EB9_1_model	71	2.090E-01	1.005E+01
8EBB_1_model	5JHJ_1_model	71	2.300E-01	1.024E+01
8EBB_1_model	2MYV_1_model	19	4.355E-01	2.569E+00
8EBB_1_model	5FNO_1_model	57	1.661E-01	1.643E+01
8EBB_1_model	5Z1V_1_model	22	3.856E-01	5.589E+00
8EBB_1_model	2LW6_1_model	97	2.280E-01	1.422E+01
8EBB_1_model	8OXJ_1_model	48	2.631E-01	1.039E+01
8EBB_1_model	1KPT_1_model	90	1.783E-01	9.950E+00
8EBB_1_model	5FID_1_model	71	3.198E-01	1.375E+01
8EBB_1_model	4B8V_1_model	35	1.924E-01	8.223E+00
8EBB_1_model	4B9H_1_model	35	1.925E-01	8.225E+00
8EBB_1_model	4GVB_1_model	25	2.389E-01	6.257E+00
8EBB_1_model	7ZKD_1_model	73	2.052E-01	1.229E+01
8EBB_1_model	2MYW_1_model	70	2.289E-01	1.002E+01
8EBB_1_model	8DP9_1_model	71	2.087E-01	1.229E+01
6ZUS_1_model	6ZUS_1_model	143	1.007E+00	0.000E+00
6ZUS_1_model	4FPR_1_model	145	4.460E-01	9.004E+00
6ZUS_1_model	4FPQ_1_model	146	4.189E-01	8.684E+00
6ZUS_1_model	4GVB_2_model	86	3.568E-01	9.693E+00
6ZUS_1_model	8OXL_1_model	101	2.051E-01	1.470E+01
6ZUS_1_model	8V1J_1_model	51	3.087E-01	1.000E+01
6ZUS_1_model	5XMZ_1_model	129	1.737E-01	1.344E+01
6ZUS_1_model	8EBB_1_model	118	1.896E-01	1.603E+01
6ZUS_1_model	7ZK0_1_model	61	3.700E-01	1.060E+01
6ZUS_1_model	9FEI_1_model	138	1.975E-01	1.503E+01
6ZUS_1_model	8DP9_1_model	73	1.857E-01	1.296E+01
6ZUS_1_model	7MQQ_1_model	85	1.480E-01	1.381E+01
6ZUS_1_model	5OD4_1_model	93	2.516E-01	1.567E+01
6ZUS_1_model	7T69_1_model	95	1.776E-01	1.546E+01
6ZUS_1_model	4GVB_1_model	43	2.660E-01	1.035E+01
6ZUS_1_model	6FUD_2_model	55	2.565E-01	1.190E+01
6ZUS_1_model	2MYV_1_model	118	1.776E-01	2.314E+01
6ZUS_1_model	8OXJ_1_model	103	1.696E-01	1.488E+01
6ZUS_1_model	8DP8_1_model	64	1.575E-01	1.084E+01
6ZUS_1_model	6SGO_1_model	154	1.268E-01	1.579E+01
6ZUS_1_model	4B8V_1_model	145	1.433E-01	1.636E+01
6ZUS_1_model	4B9H_1_model	145	1.433E-01	1.636E+01
6ZUS_1_model	7ZJY_1_model	13	4.951E-01	3.779E+00
6ZUS_1_model	6H0I_1_model	19	2.833E-01	3.811E+00
6ZUS_1_model	5ZNG_2_model	58	1.822E-01	1.178E+01
6ZUS_1_model	5A6W_2_model	55	2.577E-01	1.189E+01
6ZUS_1_model	6FU9_2_model	55	2.577E-01	1.189E+01
6ZUS_1_model	6G10_2_model	55	2.577E-01	1.189E+01
6ZUS_1_model	7A8X_2_model	55	2.581E-01	1.191E+01
6ZUS_1_model	7NLJ_2_model	62	2.136E-01	1.196E+01
6ZUS_1_model	7B1I_2_model	57	2.667E-01	1.159E+01
6ZUS_1_model	7NMM_2_model	62	2.119E-01	1.195E+01
6ZUS_1_model	6R5J_1_model	21	2.194E-01	7.622E+00
6ZUS_1_model	2LW6_1_model	104	1.399E-01	1.215E+01
6ZUS_1_model	8OXK_1_model	126	1.137E-01	2.000E+01
6FMB_1_model	6FMB_1_model	98	1.010E+00	2.427E-03
6FMB_1_model	8OXI_1_model	97	9.225E-01	2.321E+00
6FMB_1_model	9FYC_2_model	92	8.442E-01	2.277E+00
6FMB_1_model	8OXH_1_model	108	5.356E-01	5.447E+00
6FMB_1_model	8OXL_1_model	107	4.881E-01	6.355E+00
6FMB_1_model	6QPK_1_model	34	2.772E-01	7.846E+00
6FMB_1_model	6FUB_1_model	49	2.202E-01	1.029E+01
6FMB_1_model	6G11_1_model	49	2.201E-01	1.029E+01
6FMB_1_model	5XMZ_1_model	36	4.441E-01	4.622E+00
6FMB_1_model	2MM0_1_model	57	2.537E-01	9.876E+00
6FMB_1_model	2MM2_1_model	55	2.488E-01	9.167E+00
6FMB_1_model	6FUD_2_model	49	2.226E-01	1.030E+01
6FMB_1_model	7A8X_2_model	49	2.235E-01	1.030E+01
6FMB_1_model	5A6W_2_model	49	2.243E-01	1.030E+01
6FMB_1_model	6FU9_2_model	49	2.243E-01	1.030E+01
6FMB_1_model	6G10_2_model	49	2.243E-01	1.030E+01
6FMB_1_model	7B1I_2_model	49	2.207E-01	1.029E+01
6FMB_1_model	7MQQ_1_model	69	2.603E-01	1.103E+01
6FMB_1_model	6SGO_1_model	72	1.855E-01	1.135E+01
6FMB_1_model	6WES_1_model	63	2.810E-01	1.377E+01
6FMB_1_model	8EBB_1_model	42	2.589E-01	8.692E+00
6FMB_1_model	5Z1V_1_model	27	3.069E-01	3.441E+00
6FMB_1_model	4GVB_2_model	55	2.732E-01	1.132E+01
6FMB_1_model	1FN8_1_model	66	2.659E-01	9.642E+00
6FMB_1_model	9FEI_1_model	74	3.239E-01	1.047E+01
6FMB_1_model	8OXK_1_model	81	2.162E-01	1.289E+01
6FMB_1_model	5FID_1_model	57	3.571E-01	9.126E+00
6FMB_1_model	8C8A_1_model	16	5.369E-01	2.727E+00
6FMB_1_model	2MYV_1_model	52	2.356E-01	7.874E+00
6FMB_1_model	2OPC_1_model	26	3.914E-01	3.546E+00
6FMB_1_model	4GVB_1_model	20	2.553E-01	4.558E+00
6FMB_1_model	7ZKD_1_model	67	2.290E-01	1.164E+01
6FMB_1_model	8V1J_1_model	66	2.315E-01	1.162E+01
6FMB_1_model	2QVT_1_model	80	2.356E-01	1.214E+01
6FMB_1_model	7T69_1_model	74	2.099E-01	1.420E+01
8OXK_1_model	8OXK_1_model	99	1.010E+00	0.000E+00
8OXK_1_model	8OXJ_1_model	106	3.694E-01	1.222E+01
8OXK_1_model	8OXL_1_model	47	3.984E-01	6.615E+00
8OXK_1_model	8OXH_1_model	84	2.963E-01	1.292E+01
8OXK_1_model	2LW6_1_model	101	2.278E-01	1.476E+01
8OXK_1_model	2MM0_1_model	57	2.197E-01	1.204E+01
8OXK_1_model	8DP8_1_model	36	3.614E-01	8.987E+00
8OXK_1_model	5FNO_1_model	14	8.094E-01	6.644E-01
8OXK_1_model	2MM2_1_model	59	2.319E-01	1.141E+01
8OXK_1_model	6R5J_1_model	70	3.548E-01	9.696E+00
8OXK_1_model	8R7A_2_model	78	2.106E-01	1.194E+01
8OXK_1_model	8DP9_1_model	13	6.011E-01	1.740E+00
8OXK_1_model	5Z1V_1_model	73	2.832E-01	1.262E+01
8OXK_1_model	5JHJ_1_model	56	2.269E-01	1.040E+01
8OXK_1_model	8EBB_1_model	138	1.778E-01	1.370E+01
8OXK_1_model	7T69_1_model	110	1.542E-01	1.303E+01
8OXK_1_model	6Q76_2_model	71	1.826E-01	1.027E+01
8OXK_1_model	2N4O_1_model	110	1.728E-01	1.244E+01
8OXK_1_model	6SGO_1_model	64	1.642E-01	1.133E+01
8OXK_1_model	6WES_1_model	149	1.587E-01	1.527E+01
8OXK_1_model	2N37_1_model	71	1.835E-01	1.026E+01
8OXK_1_model	4GVB_2_model	71	2.143E-01	1.245E+01
8OXK_1_model	7A8X_2_model	51	3.129E-01	8.280E+00
8OXK_1_model	7NMM_2_model	75	2.130E-01	9.096E+00
8OXK_1_model	2MYW_1_model	66	2.059E-01	1.117E+01
8OXK_1_model	6FMB_1_model	76	2.355E-01	1.194E+01
8OXK_1_model	8OXI_1_model	76	2.246E-01	1.129E+01
8OXK_1_model	4Z4A_1_model	42	2.911E-01	8.970E+00
8OXK_1_model	9FEI_1_model	76	2.445E-01	1.165E+01
8OXK_1_model	6Q40_1_model	11	4.610E-01	2.092E+00
8OXK_1_model	6FUD_2_model	51	3.132E-01	8.277E+00
8OXK_1_model	1ZLE_1_model	82	1.671E-01	1.170E+01
8OXK_1_model	9FYC_2_model	67	2.398E-01	1.066E+01
8OXK_1_model	5OD4_1_model	95	2.129E-01	1.316E+01
8OXK_1_model	5XMZ_1_model	130	1.525E-01	1.479E+01
8OXK_1_model	5A6W_2_model	51	3.104E-01	8.229E+00
8OXK_1_model	6FU9_2_model	51	3.105E-01	8.228E+00
8OXK_1_model	6FUB_1_model	51	3.132E-01	8.274E+00
8OXK_1_model	6G10_2_model	51	3.105E-01	8.229E+00
8OXK_1_model	6G11_1_model	51	3.131E-01	8.274E+00
8OXK_1_model	7NLJ_2_model	62	2.675E-01	1.335E+01
8OXK_1_model	7EAU_1_model	19	2.816E-01	3.325E+00
8OXK_1_model	7ZJY_1_model	68	2.274E-01	1.314E+01
8OXK_1_model	1KPT_1_model	44	1.629E-01	1.021E+01
7ZK0_1_model	7ZK0_1_model	89	1.011E+00	3.592E-03
7ZK0_1_model	7NMM_2_model	64	7.553E-01	2.599E+00
7ZK0_1_model	7NLJ_2_model	64	7.518E-01	2.645E+00
7ZK0_1_model	6FU9_2_model	64	7.225E-01	2.755E+00
7ZK0_1_model	6FUD_2_model	64	7.223E-01	2.770E+00
7ZK0_1_model	6G10_2_model	64	7.225E-01	2.755E+00
7ZK0_1_model	7A8X_2_model	64	7.216E-01	2.772E+00
7ZK0_1_model	5A6W_2_model	64	7.224E-01	2.755E+00
7ZK0_1_model	7B1I_2_model	64	7.268E-01	2.663E+00
7ZK0_1_model	6FUB_1_model	64	7.217E-01	2.773E+00
7ZK0_1_model	6G11_1_model	64	7.217E-01	2.773E+00
7ZK0_1_model	8C8A_1_model	92	6.049E-01	9.199E+00
7ZK0_1_model	5ZNG_2_model	68	7.089E-01	3.123E+00
7ZK0_1_model	2N37_1_model	63	6.052E-01	3.751E+00
7ZK0_1_model	6R5J_1_model	66	6.069E-01	3.283E+00
7ZK0_1_model	2MYV_1_model	89	5.291E-01	1.138E+01
7ZK0_1_model	6Q76_2_model	66	5.948E-01	4.055E+00
7ZK0_1_model	2MYW_1_model	84	5.222E-01	1.393E+01
7ZK0_1_model	5JHJ_1_model	84	5.191E-01	1.383E+01
7ZK0_1_model	2MM0_1_model	64	6.526E-01	3.270E+00
7ZK0_1_model	5Z1V_1_model	58	6.729E-01	2.917E+00
7ZK0_1_model	7ZKD_1_model	82	5.101E-01	8.270E+00
7ZK0_1_model	2MM2_1_model	65	6.655E-01	3.027E+00
7ZK0_1_model	8R7A_2_model	81	4.382E-01	6.546E+00
7ZK0_1_model	7ZJY_1_model	71	6.006E-01	5.435E+00
7ZK0_1_model	2LW6_1_model	69	4.589E-01	5.140E+00
7ZK0_1_model	5OD4_1_model	64	4.360E-01	9.258E+00
7ZK0_1_model	8DP9_1_model	104	3.233E-01	9.150E+00
7ZK0_1_model	8DP8_1_model	111	3.467E-01	8.799E+00
7ZK0_1_model	7T6A_1_model	42	3.898E-01	6.508E+00
7ZK0_1_model	8OXL_1_model	51	3.157E-01	8.875E+00
7ZK0_1_model	7MQQ_1_model	59	3.081E-01	9.742E+00
7ZK0_1_model	5XMZ_1_model	122	2.013E-01	1.475E+01
7ZK0_1_model	6ZUS_1_model	16	3.183E-01	4.280E+00
7ZK0_1_model	8EB9_1_model	55	3.175E-01	7.450E+00
7ZK0_1_model	8EBB_1_model	73	2.330E-01	8.619E+00
7ZK0_1_model	6BN0_1_model	30	1.736E-01	4.419E+00
7ZK0_1_model	5FID_1_model	54	2.651E-01	1.210E+01
7ZK0_1_model	1FN8_1_model	61	4.516E-01	9.815E+00
7ZK0_1_model	5VJJ_1_model	26	2.359E-01	7.458E+00
7ZK0_1_model	8OXH_1_model	60	1.609E-01	1.260E+01
6BN0_1_model	6BN0_1_model	79	1.013E+00	7.233E-03
6BN0_1_model	4Z4A_1_model	79	9.073E-01	1.716E+00
6BN0_1_model	7T69_1_model	71	4.102E-01	9.000E+00
6BN0_1_model	7T6A_1_model	47	4.449E-01	8.029E+00
6BN0_1_model	6Q76_2_model	61	3.075E-01	1.022E+01
6BN0_1_model	8R7A_2_model	79	2.661E-01	1.352E+01
6BN0_1_model	8EBB_1_model	65	2.555E-01	1.012E+01
6BN0_1_model	2N37_1_model	58	3.209E-01	9.804E+00
6BN0_1_model	8OXL_1_model	62	1.806E-01	1.058E+01
6BN0_1_model	8OXH_1_model	21	2.554E-01	4.148E+00
6BN0_1_model	7NMM_2_model	31	2.605E-01	1.071E+01
6BN0_1_model	4FPQ_1_model	21	2.331E-01	5.450E+00
6BN0_1_model	8DP8_1_model	34	1.959E-01	9.093E+00
6BN0_1_model	2QVT_1_model	62	2.317E-01	9.172E+00
6BN0_1_model	7ZK0_1_model	20	2.248E-01	4.179E+00
6BN0_1_model	8DP9_1_model	34	2.024E-01	9.042E+00
6BN0_1_model	2MM2_1_model	17	3.072E-01	3.215E+00
6BN0_1_model	6R5J_1_model	59	2.969E-01	1.067E+01
6BN0_1_model	7NLJ_2_model	24	2.188E-01	6.735E+00
6BN0_1_model	2N4O_1_model	21	1.614E-01	4.526E+00
6BN0_1_model	6ZUS_1_model	64	1.222E-01	1.562E+01
6BN0_1_model	4B8V_1_model	33	3.088E-01	6.882E+00
6BN0_1_model	4B9H_1_model	33	3.088E-01	6.882E+00
6BN0_1_model	2MM0_1_model	41	1.864E-01	1.093E+01
6BN0_1_model	4FPR_1_model	21	2.360E-01	5.637E+00
6BN0_1_model	5XMZ_1_model	37	1.776E-01	9.448E+00
2MYW_1_model	2MYW_1_model	97	1.010E+00	1.391E-02
2MYW_1_model	5JHJ_1_model	97	9.594E-01	1.039E+00
2MYW_1_model	2N37_1_model	66	1.012E+00	2.050E-01
2MYW_1_model	6Q76_2_model	66	1.009E+00	2.852E-01
2MYW_1_model	7ZKD_1_model	80	5.074E-01	1.184E+01
2MYW_1_model	2MYV_1_model	99	3.325E-01	1.086E+01
2MYW_1_model	6R5J_1_model	67	5.938E-01	3.675E+00
2MYW_1_model	7ZK0_1_model	64	5.914E-01	4.025E+00
2MYW_1_model	7NMM_2_model	67	5.752E-01	6.083E+00
2MYW_1_model	7NLJ_2_model	67	5.767E-01	6.031E+00
2MYW_1_model	8C8A_1_model	113	4.220E-01	1.440E+01
2MYW_1_model	2MM0_1_model	62	5.690E-01	3.785E+00
2MYW_1_model	7A8X_2_model	64	6.139E-01	3.651E+00
2MYW_1_model	6FUD_2_model	64	6.140E-01	3.662E+00
2MYW_1_model	5A6W_2_model	64	6.168E-01	3.658E+00
2MYW_1_model	6FU9_2_model	64	6.167E-01	3.658E+00
2MYW_1_model	6FUB_1_model	64	6.134E-01	3.666E+00
2MYW_1_model	6G10_2_model	64	6.168E-01	3.658E+00
2MYW_1_model	6G11_1_model	64	6.134E-01	3.666E+00
2MYW_1_model	7B1I_2_model	64	6.170E-01	3.667E+00
2MYW_1_model	2MM2_1_model	63	5.434E-01	3.963E+00
2MYW_1_model	5Z1V_1_model	62	6.179E-01	3.640E+00
2MYW_1_model	8R7A_2_model	86	4.342E-01	6.079E+00
2MYW_1_model	7ZJY_1_model	67	4.027E-01	5.765E+00
2MYW_1_model	5ZNG_2_model	68	4.578E-01	7.058E+00
2MYW_1_model	2LW6_1_model	71	3.628E-01	6.215E+00
2MYW_1_model	1ZLD_1_model	15	5.139E-01	3.502E+00
2MYW_1_model	7MQQ_1_model	52	3.253E-01	9.806E+00
2MYW_1_model	1ZLE_1_model	15	3.072E-01	4.311E+00
2MYW_1_model	8OXL_1_model	83	2.416E-01	1.078E+01
2MYW_1_model	2QVT_1_model	86	2.771E-01	1.208E+01
2MYW_1_model	8OXJ_1_model	65	3.095E-01	1.151E+01
2MYW_1_model	1FN8_1_model	94	1.626E-01	1.179E+01
2MYW_1_model	8OXK_1_model	63	2.418E-01	1.267E+01
2MYW_1_model	1KPT_1_model	18	2.412E-01	4.770E+00
2MYW_1_model	31EE_1_model	37	2.524E-01	1.299E+01
2MYW_1_model	5FID_1_model	65	2.457E-01	1.018E+01
2MYW_1_model	9FEI_1_model	48	2.246E-01	1.031E+01
2MYW_1_model	7T69_1_model	40	1.845E-01	8.312E+00
2MYW_1_model	8OXH_1_model	101	2.024E-01	9.420E+00
2MYW_1_model	2OPC_1_model	91	2.566E-01	1.008E+01
2MYW_1_model	6WES_1_model	79	1.831E-01	1.325E+01
2MYW_1_model	8EBB_1_model	71	2.264E-01	1.023E+01
2MYW_1_model	5FNO_1_model	32	2.827E-01	6.735E+00
1KG1_1_model	1KG1_1_model	60	1.017E+00	5.526E-03
1KG1_1_model	2MM0_1_model	26	4.876E-01	3.652E+00
1KG1_1_model	6R5J_1_model	23	4.648E-01	3.201E+00
1KG1_1_model	2MM2_1_model	26	4.950E-01	3.658E+00
1KG1_1_model	8R7A_2_model	72	3.757E-01	9.487E+00
1KG1_1_model	5Z1V_1_model	17	4.290E-01	2.276E+00
1KG1_1_model	8OXL_1_model	60	2.514E-01	9.945E+00
1KG1_1_model	2MYV_1_model	27	4.204E-01	4.272E+00
1KG1_1_model	5FID_1_model	15	2.845E-01	2.313E+00
1KG1_1_model	8EBB_1_model	68	2.164E-01	1.316E+01
6Q76_2_model	6Q76_2_model	68	1.015E+00	5.191E-03
6Q76_2_model	2N37_1_model	66	1.011E+00	2.558E-01
6Q76_2_model	2MYW_1_model	66	1.009E+00	2.852E-01
6Q76_2_model	5JHJ_1_model	66	1.010E+00	2.567E-01
6Q76_2_model	7ZKD_1_model	63	6.009E-01	3.671E+00
6Q76_2_model	6R5J_1_model	67	5.964E-01	3.690E+00
6Q76_2_model	7ZK0_1_model	66	5.948E-01	4.055E+00
6Q76_2_model	7NLJ_2_model	67	6.059E-01	5.316E+00
6Q76_2_model	7NMM_2_model	67	6.081E-01	5.315E+00
6Q76_2_model	6FUD_2_model	67	6.002E-01	5.284E+00
6Q76_2_model	7A8X_2_model	67	5.999E-01	5.277E+00
6Q76_2_model	5A6W_2_model	67	6.007E-01	5.276E+00
6Q76_2_model	6FU9_2_model	67	6.007E-01	5.277E+00
6Q76_2_model	6FUB_1_model	67	5.998E-01	5.296E+00
6Q76_2_model	6G10_2_model	67	6.007E-01	5.277E+00
6Q76_2_model	6G11_1_model	67	5.998E-01	5.296E+00
6Q76_2_model	7B1I_2_model	67	6.002E-01	5.310E+00
6Q76_2_model	2MM0_1_model	63	5.644E-01	3.775E+00
6Q76_2_model	2MM2_1_model	63	5.490E-01	3.947E+00
6Q76_2_model	7ZJY_1_model	69	3.853E-01	7.223E+00
6Q76_2_model	5Z1V_1_model	63	6.359E-01	3.077E+00
6Q76_2_model	8C8A_1_model	75	4.605E-01	4.277E+00
6Q76_2_model	2MYV_1_model	65	4.729E-01	6.454E+00
6Q76_2_model	5ZNG_2_model	68	4.527E-01	7.046E+00
6Q76_2_model	8R7A_2_model	70	5.069E-01	4.490E+00
6Q76_2_model	1ZLE_1_model	15	3.069E-01	4.335E+00
6Q76_2_model	2LW6_1_model	72	3.627E-01	6.010E+00
6Q76_2_model	1ZLD_1_model	61	3.364E-01	1.165E+01
6Q76_2_model	2QVT_1_model	84	2.841E-01	1.200E+01
6Q76_2_model	6BN0_1_model	61	3.075E-01	1.022E+01
6Q76_2_model	8OXL_1_model	83	2.426E-01	1.085E+01
6Q76_2_model	8OXJ_1_model	43	2.526E-01	8.325E+00
6Q76_2_model	8OXK_1_model	71	1.826E-01	1.027E+01
6Q76_2_model	8OXI_1_model	49	2.603E-01	7.413E+00
6Q76_2_model	7MQQ_1_model	37	3.790E-01	5.075E+00
6Q76_2_model	2OPC_1_model	89	2.704E-01	9.334E+00
6Q76_2_model	1FN8_1_model	92	1.761E-01	9.969E+00
6Q76_2_model	4GVB_2_model	15	4.231E-01	4.857E+00
6Q76_2_model	5OD4_1_model	49	3.011E-01	1.200E+01
6Q76_2_model	5FID_1_model	70	2.216E-01	8.758E+00
6Q76_2_model	7T69_1_model	42	1.857E-01	8.273E+00
6Q76_2_model	4GVB_1_model	25	2.638E-01	6.922E+00
6Q76_2_model	8ACX_1_model	40	2.566E-01	8.952E+00
7ZKD_1_model	7ZKD_1_model	95	1.011E+00	0.000E+00
7ZKD_1_model	5JHJ_1_model	97	4.671E-01	1.804E+01
7ZKD_1_model	2MYW_1_model	97	4.664E-01	1.827E+01
7ZKD_1_model	2N37_1_model	63	6.200E-01	3.594E+00
7ZKD_1_model	6Q76_2_model	63	6.009E-01	3.671E+00
7ZKD_1_model	7NMM_2_model	65	6.853E-01	3.602E+00
7ZKD_1_model	6R5J_1_model	60	6.656E-01	2.989E+00
7ZKD_1_model	2MM2_1_model	60	6.723E-01	2.738E+00
7ZKD_1_model	7NLJ_2_model	65	6.059E-01	4.007E+00
7ZKD_1_model	2MYV_1_model	100	4.279E-01	9.742E+00
7ZKD_1_model	2MM0_1_model	59	6.713E-01	2.844E+00
7ZKD_1_model	5Z1V_1_model	57	5.857E-01	3.783E+00
7ZKD_1_model	7A8X_2_model	65	5.774E-01	4.429E+00
7ZKD_1_model	5A6W_2_model	65	5.763E-01	4.424E+00
7ZKD_1_model	6FU9_2_model	65	5.762E-01	4.424E+00
7ZKD_1_model	6FUD_2_model	65	5.762E-01	4.403E+00
7ZKD_1_model	6G10_2_model	65	5.762E-01	4.424E+00
7ZKD_1_model	6FUB_1_model	65	5.763E-01	4.386E+00
7ZKD_1_model	6G11_1_model	65	5.762E-01	4.386E+00
7ZKD_1_model	7B1I_2_model	65	5.767E-01	4.372E+00
7ZKD_1_model	7ZK0_1_model	64	6.496E-01	3.098E+00
7ZKD_1_model	5ZNG_2_model	59	5.922E-01	3.873E+00
7ZKD_1_model	8C8A_1_model	88	5.287E-01	9.685E+00
7ZKD_1_model	2LW6_1_model	81	4.030E-01	5.949E+00
7ZKD_1_model	7ZJY_1_model	60	3.978E-01	4.949E+00
7ZKD_1_model	5XMZ_1_model	124	2.080E-01	1.559E+01
7ZKD_1_model	7MQQ_1_model	69	2.090E-01	1.236E+01
7ZKD_1_model	1KPT_1_model	28	2.870E-01	6.487E+00
7ZKD_1_model	8OXL_1_model	55	3.743E-01	1.028E+01
7ZKD_1_model	4GVB_1_model	17	2.880E-01	3.364E+00
7ZKD_1_model	8V1J_1_model	49	2.605E-01	1.086E+01
7ZKD_1_model	6WES_1_model	97	2.047E-01	1.515E+01
7ZKD_1_model	4B8V_1_model	37	2.819E-01	1.214E+01
7ZKD_1_model	5VJJ_1_model	86	2.171E-01	9.557E+00
7ZKD_1_model	8OXH_1_model	93	2.104E-01	1.182E+01
7ZKD_1_model	6SGO_1_model	38	4.236E-01	1.053E+01
7ZKD_1_model	8OXI_1_model	54	2.783E-01	7.191E+00
7ZKD_1_model	8DP8_1_model	95	2.343E-01	1.381E+01
7ZKD_1_model	5FNO_1_model	45	2.172E-01	1.291E+01
7ZKD_1_model	1FN8_1_model	44	1.908E-01	6.782E+00
7ZKD_1_model	4B9H_1_model	18	2.353E-01	5.879E+00
7ZKD_1_model	7T69_1_model	17	4.347E-01	2.257E+00
7ZKD_1_model	6FMB_1_model	67	2.290E-01	1.164E+01
7ZKD_1_model	9FEI_1_model	64	1.220E-01	1.566E+01
2MM2_1_model	2MM2_1_model	65	1.016E+00	4.796E-03
2MM2_1_model	2MM0_1_model	65	9.985E-01	5.185E-01
2MM2_1_model	6R5J_1_model	65	8.779E-01	1.655E+00
2MM2_1_model	5A6W_2_model	63	7.527E-01	2.268E+00
2MM2_1_model	6FU9_2_model	63	7.528E-01	2.268E+00
2MM2_1_model	6G10_2_model	63	7.528E-01	2.268E+00
2MM2_1_model	7B1I_2_model	63	7.547E-01	2.252E+00
2MM2_1_model	7A8X_2_model	63	7.528E-01	2.260E+00
2MM2_1_model	6FUD_2_model	63	7.523E-01	2.267E+00
2MM2_1_model	6FUB_1_model	63	7.533E-01	2.264E+00
2MM2_1_model	6G11_1_model	63	7.535E-01	2.263E+00
2MM2_1_model	7NMM_2_model	64	7.863E-01	1.996E+00
2MM2_1_model	8C8A_1_model	63	7.947E-01	2.126E+00
2MM2_1_model	5Z1V_1_model	61	7.593E-01	2.706E+00
2MM2_1_model	7NLJ_2_model	64	7.670E-01	2.097E+00
2MM2_1_model	7ZKD_1_model	60	6.723E-01	2.738E+00
2MM2_1_model	2MYV_1_model	61	7.326E-01	3.139E+00
2MM2_1_model	5ZNG_2_model	61	7.754E-01	2.783E+00
2MM2_1_model	2N37_1_model	63	5.446E-01	3.965E+00
2MM2_1_model	5JHJ_1_model	63	5.431E-01	3.961E+00
2MM2_1_model	7ZK0_1_model	63	6.671E-01	2.942E+00
2MM2_1_model	6Q76_2_model	63	5.490E-01	3.947E+00
2MM2_1_model	2MYW_1_model	63	5.434E-01	3.963E+00
2MM2_1_model	2LW6_1_model	76	5.565E-01	4.541E+00
2MM2_1_model	8R7A_2_model	70	4.166E-01	4.658E+00
2MM2_1_model	7ZJY_1_model	60	5.085E-01	4.243E+00
2MM2_1_model	6SGO_1_model	58	3.701E-01	8.731E+00
2MM2_1_model	1KG1_1_model	26	4.950E-01	3.658E+00
2MM2_1_model	8OXI_1_model	36	5.527E-01	5.349E+00
2MM2_1_model	5XMZ_1_model	64	3.583E-01	1.105E+01
2MM2_1_model	8OXL_1_model	54	3.191E-01	7.144E+00
2MM2_1_model	8OXK_1_model	59	2.319E-01	1.141E+01
2MM2_1_model	9FYC_2_model	53	2.973E-01	8.282E+00
2MM2_1_model	8EBB_1_model	14	6.756E-01	1.132E+00
2MM2_1_model	6FMB_1_model	55	2.488E-01	9.167E+00
2MM2_1_model	7MQQ_1_model	59	3.048E-01	8.797E+00
2MM2_1_model	8V1J_1_model	30	3.809E-01	3.871E+00
2MM2_1_model	5VJJ_1_model	30	2.090E-01	7.907E+00
2MM2_1_model	8OXJ_1_model	56	2.751E-01	9.560E+00
2MM2_1_model	1KPT_1_model	31	2.250E-01	7.555E+00
2MM2_1_model	8OXH_1_model	55	3.400E-01	1.136E+01
2MM2_1_model	6BN0_1_model	22	2.172E-01	4.012E+00
2MM2_1_model	4GVB_1_model	83	2.355E-01	1.041E+01
2MM2_1_model	7T69_1_model	43	3.050E-01	1.053E+01
7MQQ_1_model	7MQQ_1_model	114	1.009E+00	3.625E-03
7MQQ_1_model	5OD4_1_model	110	2.364E-01	1.243E+01
7MQQ_1_model	7ZKD_1_model	77	1.980E-01	1.905E+01
7MQQ_1_model	5XMZ_1_model	63	3.367E-01	1.175E+01
7MQQ_1_model	2MYW_1_model	57	3.121E-01	1.565E+01
7MQQ_1_model	7T69_1_model	84	2.840E-01	8.046E+00
7MQQ_1_model	2MM2_1_model	55	3.326E-01	8.959E+00
7MQQ_1_model	6R5J_1_model	42	4.684E-01	7.873E+00
7MQQ_1_model	5ZNG_2_model	73	2.007E-01	1.113E+01
7MQQ_1_model	8EB9_1_model	61	3.597E-01	1.058E+01
7MQQ_1_model	2MM0_1_model	48	3.133E-01	8.772E+00
7MQQ_1_model	4GVB_2_model	84	1.540E-01	1.524E+01
7MQQ_1_model	5JHJ_1_model	69	3.010E-01	3.104E+01
7MQQ_1_model	1ZLD_1_model	57	3.477E-01	1.076E+01
7MQQ_1_model	6WES_1_model	109	1.365E-01	1.567E+01
7MQQ_1_model	7ZJY_1_model	53	4.105E-01	6.835E+00
7MQQ_1_model	7ZK0_1_model	65	2.874E-01	1.067E+01
7MQQ_1_model	2MYV_1_model	81	1.901E-01	1.638E+01
7MQQ_1_model	9FEI_1_model	100	2.989E-01	1.032E+01
7MQQ_1_model	8R7A_2_model	131	1.766E-01	1.837E+01
7MQQ_1_model	8DP8_1_model	53	2.805E-01	1.025E+01
7MQQ_1_model	1FN8_1_model	94	2.365E-01	9.867E+00
7MQQ_1_model	7T6A_1_model	140	1.566E-01	1.622E+01
7MQQ_1_model	2N37_1_model	38	3.774E-01	5.018E+00
7MQQ_1_model	6Q76_2_model	64	3.254E-01	8.061E+00
7MQQ_1_model	8OXL_1_model	95	1.825E-01	1.325E+01
7MQQ_1_model	6FUB_1_model	41	2.697E-01	7.588E+00
7MQQ_1_model	6G11_1_model	41	2.695E-01	7.588E+00
7MQQ_1_model	7A8X_2_model	41	2.705E-01	7.560E+00
7MQQ_1_model	8OXH_1_model	76	1.638E-01	1.195E+01
7MQQ_1_model	6FMB_1_model	64	2.779E-01	1.005E+01
7MQQ_1_model	8OXI_1_model	57	3.359E-01	9.274E+00
7MQQ_1_model	9FYC_2_model	60	3.322E-01	1.006E+01
7MQQ_1_model	2OPC_1_model	60	3.306E-01	1.216E+01
7MQQ_1_model	5Z1V_1_model	15	6.069E-01	1.235E+00
7MQQ_1_model	6FUD_2_model	45	2.274E-01	7.969E+00
7MQQ_1_model	7NLJ_2_model	40	2.825E-01	7.321E+00
7MQQ_1_model	1ZLE_1_model	89	2.738E-01	1.350E+01
7MQQ_1_model	7AD5_1_model	20	2.307E-01	1.010E+01
7MQQ_1_model	6SGO_1_model	86	1.347E-01	1.126E+01
7MQQ_1_model	2LW6_1_model	82	1.770E-01	1.118E+01
7MQQ_1_model	5VJJ_1_model	70	2.251E-01	9.989E+00
7MQQ_1_model	5A6W_2_model	45	2.295E-01	7.943E+00
7MQQ_1_model	6FU9_2_model	45	2.296E-01	7.943E+00
7MQQ_1_model	6G10_2_model	45	2.296E-01	7.943E+00
7MQQ_1_model	7B1I_2_model	45	2.350E-01	8.016E+00
7MQQ_1_model	8DP9_1_model	36	3.536E-01	8.990E+00
7MQQ_1_model	8C8A_1_model	92	1.853E-01	1.388E+01
7MQQ_1_model	5FNO_1_model	57	2.147E-01	1.320E+01
7MQQ_1_model	8OXK_1_model	92	1.513E-01	1.139E+01
2QVT_1_model	2QVT_1_model	150	1.007E+00	1.237E-02
2QVT_1_model	2OPC_1_model	127	8.999E-01	7.738E+00
2QVT_1_model	1ZLD_1_model	142	3.902E-01	1.314E+01
2QVT_1_model	1ZLE_1_model	132	4.445E-01	8.217E+00
2QVT_1_model	5OD4_1_model	123	3.231E-01	1.183E+01
2QVT_1_model	6WES_1_model	29	4.328E-01	3.443E+00
2QVT_1_model	9FYC_2_model	22	4.091E-01	2.027E+00
2QVT_1_model	9FEI_1_model	117	2.067E-01	1.175E+01
2QVT_1_model	8EBB_1_model	83	2.551E-01	1.464E+01
2QVT_1_model	2N37_1_model	85	2.724E-01	9.635E+00
2QVT_1_model	8OXL_1_model	59	1.798E-01	1.193E+01
2QVT_1_model	7AD5_1_model	13	3.276E-01	4.204E+00
2QVT_1_model	5FID_1_model	90	2.371E-01	1.174E+01
2QVT_1_model	5FNO_1_model	42	2.529E-01	1.270E+01
2QVT_1_model	6Q76_2_model	82	2.596E-01	1.135E+01
2QVT_1_model	6BN0_1_model	62	2.512E-01	9.333E+00
2QVT_1_model	4GVB_2_model	99	1.685E-01	1.093E+01
2QVT_1_model	7T6A_1_model	140	2.407E-01	1.234E+01
2QVT_1_model	6R5J_1_model	27	2.086E-01	3.390E+00
2QVT_1_model	4GVB_1_model	17	1.765E-01	5.386E+00
2QVT_1_model	8OXI_1_model	21	3.691E-01	2.232E+00
2QVT_1_model	8DP8_1_model	25	4.357E-01	6.403E+00
2QVT_1_model	7EAU_1_model	12	3.614E-01	2.916E+00
2QVT_1_model	2MYW_1_model	30	3.115E-01	6.365E+00
2QVT_1_model	5JHJ_1_model	28	3.203E-01	5.766E+00
2QVT_1_model	4Z4A_1_model	31	2.204E-01	5.963E+00
2QVT_1_model	8ACX_1_model	14	3.953E-01	2.541E+00
2QVT_1_model	5XMZ_1_model	172	1.642E-01	2.351E+01
2QVT_1_model	7T69_1_model	133	1.962E-01	1.465E+01
5A6W_2_model	5A6W_2_model	93	1.011E+00	7.421E-03
5A6W_2_model	6FU9_2_model	93	1.011E+00	1.228E-02
5A6W_2_model	6G10_2_model	93	1.011E+00	1.230E-02
5A6W_2_model	7A8X_2_model	93	9.730E-01	1.138E+00
5A6W_2_model	6FUB_1_model	93	9.454E-01	1.291E+00
5A6W_2_model	6G11_1_model	93	9.451E-01	1.290E+00
5A6W_2_model	6FUD_2_model	93	9.606E-01	1.214E+00
5A6W_2_model	7B1I_2_model	93	8.850E-01	6.628E+00
5A6W_2_model	7NLJ_2_model	81	9.947E-01	5.471E-01
5A6W_2_model	7NMM_2_model	81	9.753E-01	8.051E-01
5A6W_2_model	6R5J_1_model	62	7.327E-01	2.435E+00
5A6W_2_model	2MYV_1_model	63	7.088E-01	2.832E+00
5A6W_2_model	8C8A_1_model	73	7.226E-01	5.546E+00
5A6W_2_model	7ZK0_1_model	64	7.224E-01	2.755E+00
5A6W_2_model	2MM0_1_model	63	7.750E-01	2.233E+00
5A6W_2_model	2MM2_1_model	63	7.527E-01	2.268E+00
5A6W_2_model	5ZNG_2_model	62	6.818E-01	3.268E+00
5A6W_2_model	5Z1V_1_model	51	7.805E-01	1.973E+00
5A6W_2_model	2LW6_1_model	72	6.534E-01	4.643E+00
5A6W_2_model	8R7A_2_model	59	7.805E-01	1.916E+00
5A6W_2_model	7ZKD_1_model	65	5.763E-01	4.424E+00
5A6W_2_model	2N37_1_model	65	6.092E-01	3.868E+00
5A6W_2_model	6Q76_2_model	67	5.935E-01	5.272E+00
5A6W_2_model	5JHJ_1_model	69	5.325E-01	6.125E+00
5A6W_2_model	2MYW_1_model	94	4.428E-01	2.225E+01
5A6W_2_model	7ZJY_1_model	66	5.641E-01	5.096E+00
5A6W_2_model	8OXL_1_model	43	3.566E-01	5.112E+00
5A6W_2_model	6SGO_1_model	31	4.758E-01	1.317E+01
5A6W_2_model	5XMZ_1_model	94	1.457E-01	1.842E+01
5A6W_2_model	8EBB_1_model	63	4.131E-01	7.407E+00
5A6W_2_model	6FMB_1_model	49	2.243E-01	1.030E+01
5A6W_2_model	8ACX_1_model	29	3.495E-01	5.438E+00
5A6W_2_model	1ZLE_1_model	61	2.577E-01	1.378E+01
5A6W_2_model	5FID_1_model	61	4.001E-01	5.664E+00
5A6W_2_model	9FYC_2_model	51	3.728E-01	9.004E+00
5A6W_2_model	7T6A_1_model	57	3.146E-01	6.883E+00
5A6W_2_model	5VJJ_1_model	32	2.526E-01	1.100E+01
5A6W_2_model	1KPT_1_model	29	2.295E-01	6.538E+00
5A6W_2_model	8OXH_1_model	75	2.317E-01	1.344E+01
5A6W_2_model	8OXK_1_model	70	2.943E-01	8.966E+00
5A6W_2_model	1ZLD_1_model	57	2.569E-01	1.353E+01
5A6W_2_model	4Z4A_1_model	31	3.069E-01	1.071E+01
5A6W_2_model	6ZUS_1_model	53	2.405E-01	1.186E+01
5A6W_2_model	1FN8_1_model	61	1.764E-01	1.074E+01
5A6W_2_model	6QPK_1_model	18	2.720E-01	4.723E+00
5A6W_2_model	7MQQ_1_model	40	2.520E-01	7.645E+00
5A6W_2_model	5OD4_1_model	72	2.314E-01	9.026E+00
1ZLD_1_model	1ZLD_1_model	118	1.009E+00	7.463E-03
1ZLD_1_model	1ZLE_1_model	118	9.545E-01	1.360E+00
1ZLD_1_model	5OD4_1_model	115	6.364E-01	4.226E+00
1ZLD_1_model	2QVT_1_model	141	4.099E-01	1.301E+01
1ZLD_1_model	2OPC_1_model	112	4.603E-01	7.423E+00
1ZLD_1_model	7T6A_1_model	109	4.827E-01	8.523E+00
1ZLD_1_model	8EBB_1_model	183	2.540E-01	1.677E+01
1ZLD_1_model	7T69_1_model	133	2.565E-01	1.569E+01
1ZLD_1_model	2MYW_1_model	15	5.139E-01	3.502E+00
1ZLD_1_model	2N37_1_model	40	3.766E-01	7.942E+00
1ZLD_1_model	6Q76_2_model	61	3.364E-01	1.165E+01
1ZLD_1_model	5JHJ_1_model	21	3.861E-01	4.317E+00
1ZLD_1_model	8ACX_1_model	131	1.780E-01	8.867E+00
1ZLD_1_model	9FEI_1_model	92	1.929E-01	1.451E+01
1ZLD_1_model	7MQQ_1_model	60	3.214E-01	1.199E+01
1ZLD_1_model	7NLJ_2_model	60	2.371E-01	1.288E+01
1ZLD_1_model	8OXJ_1_model	27	4.275E-01	9.188E+00
1ZLD_1_model	5VJJ_1_model	21	4.854E-01	2.867E+00
1ZLD_1_model	5A6W_2_model	57	2.569E-01	1.353E+01
1ZLD_1_model	6FU9_2_model	57	2.569E-01	1.353E+01
1ZLD_1_model	6FUD_2_model	57	2.553E-01	1.355E+01
1ZLD_1_model	6G10_2_model	57	2.569E-01	1.353E+01
1ZLD_1_model	7A8X_2_model	57	2.500E-01	1.353E+01
1ZLD_1_model	7B1I_2_model	57	2.499E-01	1.353E+01
1ZLD_1_model	4Z4A_1_model	27	3.196E-01	6.490E+00
1ZLD_1_model	9FYC_2_model	28	2.597E-01	5.018E+00
1ZLD_1_model	1FN8_1_model	72	2.288E-01	1.106E+01
1ZLD_1_model	5ZNG_2_model	57	2.411E-01	1.114E+01
1ZLD_1_model	6FUB_1_model	58	2.393E-01	1.293E+01
1ZLD_1_model	6G11_1_model	58	2.393E-01	1.293E+01
1ZLD_1_model	7NMM_2_model	58	2.475E-01	1.357E+01
1ZLD_1_model	7AD5_1_model	19	2.448E-01	6.455E+00
1ZLD_1_model	5FID_1_model	81	2.762E-01	1.350E+01
1ZLD_1_model	6WES_1_model	125	2.364E-01	1.605E+01
1ZLD_1_model	6Q40_1_model	15	3.852E-01	4.171E+00
1ZLD_1_model	8DP8_1_model	52	1.850E-01	1.071E+01
1ZLD_1_model	6SGO_1_model	67	2.193E-01	1.268E+01
1ZLD_1_model	4B8V_1_model	23	2.308E-01	1.242E+01
1ZLD_1_model	4B9H_1_model	23	2.309E-01	1.242E+01
5ZNG_2_model	5ZNG_2_model	77	1.013E+00	5.929E-03
5ZNG_2_model	2MYV_1_model	69	8.535E-01	4.934E+00
5ZNG_2_model	7NMM_2_model	58	7.923E-01	2.385E+00
5ZNG_2_model	7NLJ_2_model	58	7.843E-01	2.440E+00
5ZNG_2_model	6FUB_1_model	62	7.343E-01	3.111E+00
5ZNG_2_model	6G11_1_model	62	7.343E-01	3.111E+00
5ZNG_2_model	7B1I_2_model	62	6.832E-01	3.284E+00
5ZNG_2_model	5A6W_2_model	62	6.818E-01	3.268E+00
5ZNG_2_model	6FU9_2_model	62	6.818E-01	3.268E+00
5ZNG_2_model	6G10_2_model	62	6.818E-01	3.268E+00
5ZNG_2_model	7ZK0_1_model	66	7.126E-01	3.131E+00
5ZNG_2_model	6FUD_2_model	62	6.824E-01	3.285E+00
5ZNG_2_model	7A8X_2_model	62	6.825E-01	3.267E+00
5ZNG_2_model	7ZJY_1_model	58	7.575E-01	3.053E+00
5ZNG_2_model	2MM0_1_model	60	7.826E-01	2.684E+00
5ZNG_2_model	6R5J_1_model	61	7.007E-01	3.281E+00
5ZNG_2_model	8C8A_1_model	88	5.268E-01	1.401E+01
5ZNG_2_model	2MM2_1_model	61	7.625E-01	2.832E+00
5ZNG_2_model	5Z1V_1_model	53	6.937E-01	2.898E+00
5ZNG_2_model	7ZKD_1_model	59	5.922E-01	3.873E+00
5ZNG_2_model	6Q76_2_model	63	4.776E-01	4.973E+00
5ZNG_2_model	2N37_1_model	63	4.764E-01	4.976E+00
5ZNG_2_model	8R7A_2_model	69	5.569E-01	5.443E+00
5ZNG_2_model	5JHJ_1_model	64	4.775E-01	6.492E+00
5ZNG_2_model	2MYW_1_model	64	4.814E-01	6.470E+00
5ZNG_2_model	2LW6_1_model	60	4.848E-01	7.714E+00
5ZNG_2_model	6SGO_1_model	49	3.392E-01	1.268E+01
5ZNG_2_model	7MQQ_1_model	47	2.924E-01	9.599E+00
5ZNG_2_model	5FID_1_model	39	4.151E-01	6.786E+00
5ZNG_2_model	4GVB_1_model	73	3.339E-01	7.457E+00
5ZNG_2_model	2OPC_1_model	73	2.986E-01	8.848E+00
5ZNG_2_model	4FPR_1_model	28	3.784E-01	6.514E+00
5ZNG_2_model	4GVB_2_model	12	7.038E-01	1.329E+00
5ZNG_2_model	5OD4_1_model	30	6.016E-01	4.616E+00
5ZNG_2_model	7T6A_1_model	43	3.433E-01	8.023E+00
5ZNG_2_model	5VJJ_1_model	24	2.502E-01	8.346E+00
5ZNG_2_model	8EB9_1_model	11	4.695E-01	1.876E+00
5ZNG_2_model	1ZLE_1_model	17	3.876E-01	6.071E+00
5ZNG_2_model	8EBB_1_model	19	4.037E-01	2.270E+00
5ZNG_2_model	9FEI_1_model	18	3.772E-01	3.434E+00
5ZNG_2_model	2QVT_1_model	73	2.952E-01	9.206E+00
5ZNG_2_model	1ZLD_1_model	57	2.411E-01	1.114E+01
6SGO_1_model	6SGO_1_model	157	1.006E+00	7.659E-03
6SGO_1_model	8ACX_1_model	168	1.943E-01	1.655E+01
6SGO_1_model	2MM2_1_model	59	3.848E-01	8.691E+00
6SGO_1_model	2MM0_1_model	58	3.626E-01	8.732E+00
6SGO_1_model	7T6A_1_model	96	2.338E-01	1.047E+01
6SGO_1_model	5OD4_1_model	170	2.196E-01	1.208E+01
6SGO_1_model	8OXI_1_model	64	2.365E-01	1.180E+01
6SGO_1_model	8V1J_1_model	102	2.546E-01	2.044E+01
6SGO_1_model	5XMZ_1_model	116	2.461E-01	1.769E+01
6SGO_1_model	7T69_1_model	86	2.892E-01	1.553E+01
6SGO_1_model	5FNO_1_model	124	2.717E-01	1.244E+01
6SGO_1_model	5ZNG_2_model	49	3.392E-01	1.268E+01
6SGO_1_model	8EBB_1_model	57	2.812E-01	1.179E+01
6SGO_1_model	5VJJ_1_model	19	3.223E-01	3.826E+00
6SGO_1_model	8OXH_1_model	55	3.106E-01	5.620E+00
6SGO_1_model	6FUB_1_model	31	4.823E-01	1.311E+01
6SGO_1_model	6G11_1_model	31	4.825E-01	1.311E+01
6SGO_1_model	4FPR_1_model	90	3.563E-01	1.663E+01
6SGO_1_model	6FUD_2_model	31	4.813E-01	1.312E+01
6SGO_1_model	7A8X_2_model	31	4.784E-01	1.315E+01
6SGO_1_model	6R5J_1_model	58	3.060E-01	1.197E+01
6SGO_1_model	5A6W_2_model	31	4.758E-01	1.317E+01
6SGO_1_model	6FU9_2_model	31	4.758E-01	1.317E+01
6SGO_1_model	6G10_2_model	31	4.758E-01	1.317E+01
6SGO_1_model	8EB9_1_model	94	2.420E-01	1.465E+01
6SGO_1_model	8OXK_1_model	78	2.118E-01	1.048E+01
6SGO_1_model	8OXL_1_model	56	2.474E-01	6.930E+00
6SGO_1_model	7B1I_2_model	31	4.811E-01	1.311E+01
6SGO_1_model	4FPQ_1_model	47	3.611E-01	6.990E+00
6SGO_1_model	6WES_1_model	71	2.890E-01	1.951E+01
6SGO_1_model	7NMM_2_model	27	5.394E-01	1.155E+01
6SGO_1_model	6FMB_1_model	72	1.855E-01	1.135E+01
6SGO_1_model	8R7A_2_model	42	5.920E-01	3.990E+00
6SGO_1_model	9FEI_1_model	43	4.472E-01	6.310E+00
6SGO_1_model	8OXJ_1_model	57	2.523E-01	1.524E+01
6SGO_1_model	9FYC_2_model	64	2.562E-01	1.230E+01
6SGO_1_model	7NLJ_2_model	27	5.450E-01	1.162E+01
6SGO_1_model	7MQQ_1_model	86	1.347E-01	1.126E+01
6SGO_1_model	2LW6_1_model	26	4.655E-01	4.060E+00
6SGO_1_model	4GVB_2_model	77	2.469E-01	1.103E+01
6SGO_1_model	7ZKD_1_model	59	1.444E-01	1.438E+01
6SGO_1_model	1ZLE_1_model	103	1.381E-01	1.341E+01
6SGO_1_model	8DP8_1_model	47	2.967E-01	1.074E+01
6SGO_1_model	4B9H_1_model	36	2.619E-01	8.855E+00
6SGO_1_model	2N4O_1_model	24	1.828E-01	7.930E+00
6SGO_1_model	1ZLD_1_model	103	1.333E-01	1.334E+01
6SGO_1_model	8C8A_1_model	85	3.207E-01	1.521E+01
6SGO_1_model	4B8V_1_model	36	2.618E-01	8.855E+00
6SGO_1_model	7XVG_2_model	39	3.291E-01	8.356E+00
6SGO_1_model	1FN8_1_model	91	1.476E-01	1.441E+01
9FYC_2_model	9FYC_2_model	122	1.008E+00	0.000E+00
9FYC_2_model	6FMB_1_model	94	8.340E-01	2.977E+00
9FYC_2_model	8OXI_1_model	93	8.185E-01	3.351E+00
9FYC_2_model	8C8A_1_model	30	5.899E-01	3.132E+00
9FYC_2_model	8OXH_1_model	70	2.151E-01	1.245E+01
9FYC_2_model	7PP2_2_model	35	2.748E-01	1.201E+01
9FYC_2_model	5VJJ_1_model	78	2.116E-01	1.413E+01
9FYC_2_model	2OPC_1_model	22	4.186E-01	1.999E+00
9FYC_2_model	7NLJ_2_model	87	2.374E-01	1.366E+01
9FYC_2_model	7NMM_2_model	87	2.376E-01	1.407E+01
9FYC_2_model	2QVT_1_model	126	2.401E-01	1.284E+01
9FYC_2_model	2MM2_1_model	53	2.973E-01	8.282E+00
9FYC_2_model	8OXL_1_model	74	3.105E-01	1.241E+01
9FYC_2_model	6FUD_2_model	51	3.723E-01	8.992E+00
9FYC_2_model	1ZLE_1_model	55	4.071E-01	1.030E+01
9FYC_2_model	2MM0_1_model	60	2.755E-01	1.029E+01
9FYC_2_model	5Z1V_1_model	55	3.021E-01	1.054E+01
9FYC_2_model	5A6W_2_model	51	3.744E-01	8.987E+00
9FYC_2_model	6FU9_2_model	51	3.744E-01	8.987E+00
9FYC_2_model	6G10_2_model	51	3.744E-01	8.986E+00
9FYC_2_model	7A8X_2_model	51	3.606E-01	8.922E+00
9FYC_2_model	8EBB_1_model	60	2.604E-01	9.674E+00
9FYC_2_model	7ZJY_1_model	16	4.263E-01	2.664E+00
9FYC_2_model	6FUB_1_model	51	3.594E-01	8.915E+00
9FYC_2_model	6G11_1_model	51	3.594E-01	8.915E+00
9FYC_2_model	7B1I_2_model	51	3.718E-01	8.991E+00
9FYC_2_model	7MQQ_1_model	69	2.955E-01	1.161E+01
9FYC_2_model	7T69_1_model	127	1.619E-01	1.362E+01
9FYC_2_model	8OXK_1_model	67	2.398E-01	1.066E+01
9FYC_2_model	1ZLD_1_model	81	2.360E-01	1.197E+01
9FYC_2_model	8V1J_1_model	67	1.681E-01	1.255E+01
9FYC_2_model	5OD4_1_model	86	1.496E-01	1.048E+01
9FYC_2_model	8DP9_1_model	90	2.735E-01	1.088E+01
9FYC_2_model	6SGO_1_model	64	2.562E-01	1.193E+01
9FYC_2_model	7T6A_1_model	24	3.849E-01	3.909E+00
9FYC_2_model	9FEI_1_model	71	2.005E-01	1.495E+01
9FYC_2_model	8DP8_1_model	29	2.876E-01	9.267E+00
5LOS_1_model	5LOS_1_model	118	1.009E+00	1.665E-02
5LOS_1_model	4BJN_1_model	140	3.458E-01	1.503E+01
5LOS_1_model	4BJM_1_model	142	3.182E-01	1.453E+01
5LOS_1_model	2N4O_1_model	19	5.929E-01	4.916E+00
5LOS_1_model	7XC2_2_model	83	4.049E-01	1.552E+01
5LOS_1_model	7XVG_2_model	157	2.246E-01	1.606E+01
7B1I_2_model	7B1I_2_model	94	1.011E+00	3.973E-03
7B1I_2_model	6FUD_2_model	93	8.902E-01	6.456E+00
7B1I_2_model	5A6W_2_model	93	8.850E-01	6.628E+00
7B1I_2_model	6FU9_2_model	93	8.850E-01	6.631E+00
7B1I_2_model	6G10_2_model	93	8.850E-01	6.625E+00
7B1I_2_model	6FUB_1_model	93	8.955E-01	6.107E+00
7B1I_2_model	6G11_1_model	93	8.957E-01	6.094E+00
7B1I_2_model	7A8X_2_model	93	8.860E-01	6.509E+00
7B1I_2_model	7NLJ_2_model	81	9.953E-01	5.396E-01
7B1I_2_model	7NMM_2_model	81	9.773E-01	7.887E-01
7B1I_2_model	6R5J_1_model	62	7.368E-01	2.418E+00
7B1I_2_model	2MYV_1_model	63	7.125E-01	2.815E+00
7B1I_2_model	8C8A_1_model	73	7.256E-01	5.565E+00
7B1I_2_model	7ZK0_1_model	64	7.268E-01	2.663E+00
7B1I_2_model	2MM0_1_model	63	7.782E-01	2.217E+00
7B1I_2_model	2MM2_1_model	63	7.547E-01	2.252E+00
7B1I_2_model	5ZNG_2_model	62	6.832E-01	3.284E+00
7B1I_2_model	5Z1V_1_model	51	7.856E-01	1.955E+00
7B1I_2_model	2LW6_1_model	72	6.493E-01	4.767E+00
7B1I_2_model	8R7A_2_model	59	7.802E-01	1.916E+00
7B1I_2_model	7ZKD_1_model	65	5.767E-01	4.372E+00
7B1I_2_model	2N37_1_model	65	6.102E-01	3.874E+00
7B1I_2_model	6Q76_2_model	67	5.945E-01	5.305E+00
7B1I_2_model	2MYW_1_model	71	5.613E-01	7.601E+00
7B1I_2_model	5JHJ_1_model	68	5.349E-01	5.799E+00
7B1I_2_model	7ZJY_1_model	62	5.839E-01	5.162E+00
7B1I_2_model	8OXL_1_model	43	3.573E-01	5.099E+00
7B1I_2_model	5XMZ_1_model	96	1.346E-01	2.610E+01
7B1I_2_model	6SGO_1_model	31	4.811E-01	1.311E+01
7B1I_2_model	6FMB_1_model	49	2.207E-01	1.029E+01
7B1I_2_model	8EBB_1_model	71	3.590E-01	8.615E+00
7B1I_2_model	1ZLE_1_model	60	2.627E-01	1.386E+01
7B1I_2_model	5FID_1_model	61	4.003E-01	5.652E+00
7B1I_2_model	8ACX_1_model	29	3.516E-01	5.429E+00
7B1I_2_model	9FYC_2_model	51	3.711E-01	9.008E+00
7B1I_2_model	7T6A_1_model	57	3.148E-01	6.908E+00
7B1I_2_model	5VJJ_1_model	32	2.503E-01	1.100E+01
7B1I_2_model	1KPT_1_model	29	2.295E-01	6.547E+00
7B1I_2_model	1FN8_1_model	61	1.790E-01	1.076E+01
7B1I_2_model	8OXH_1_model	40	3.272E-01	6.651E+00
7B1I_2_model	1ZLD_1_model	57	2.499E-01	1.353E+01
7B1I_2_model	4Z4A_1_model	31	3.008E-01	1.066E+01
7B1I_2_model	5OD4_1_model	72	2.663E-01	7.396E+00
7B1I_2_model	6QPK_1_model	18	2.773E-01	4.769E+00
7B1I_2_model	7MQQ_1_model	45	2.350E-01	8.016E+00
7B1I_2_model	6ZUS_1_model	55	2.309E-01	1.171E+01
7B1I_2_model	2QVT_1_model	76	1.955E-01	1.120E+01
8DP9_1_model	8DP9_1_model	148	1.007E+00	3.345E-03
8DP9_1_model	8DP8_1_model	148	9.768E-01	1.928E+00
8DP9_1_model	7ZK0_1_model	104	3.233E-01	9.150E+00
8DP9_1_model	7ZJY_1_model	27	5.042E-01	1.988E+00
8DP9_1_model	8OXL_1_model	35	3.917E-01	6.543E+00
8DP9_1_model	8EB9_1_model	93	2.567E-01	1.072E+01
8DP9_1_model	5FID_1_model	152	1.380E-01	1.357E+01
8DP9_1_model	6R5J_1_model	106	2.368E-01	9.684E+00
8DP9_1_model	1KPT_1_model	88	1.860E-01	1.144E+01
8DP9_1_model	8C8A_1_model	89	1.675E-01	1.556E+01
8DP9_1_model	6BN0_1_model	35	2.642E-01	8.725E+00
8DP9_1_model	7NLJ_2_model	53	2.391E-01	8.389E+00
8DP9_1_model	8OXH_1_model	85	2.592E-01	1.186E+01
8DP9_1_model	7NMM_2_model	53	2.373E-01	8.370E+00
8DP9_1_model	8OXK_1_model	21	2.737E-01	7.150E+00
8DP9_1_model	4FPR_1_model	45	2.123E-01	8.462E+00
8DP9_1_model	8V1J_1_model	42	2.135E-01	6.587E+00
8DP9_1_model	9FYC_2_model	92	2.793E-01	1.107E+01
8DP9_1_model	2OPC_1_model	43	2.083E-01	9.998E+00
8DP9_1_model	8R7A_2_model	49	3.542E-01	6.760E+00
8DP9_1_model	5JHJ_1_model	30	2.097E-01	7.018E+00
8DP9_1_model	7MQQ_1_model	111	1.090E-01	1.585E+01
8DP9_1_model	1ZLD_1_model	136	1.284E-01	1.486E+01
8DP9_1_model	5XMZ_1_model	95	2.049E-01	1.453E+01
8DP9_1_model	8EBB_1_model	71	2.087E-01	1.231E+01
8DP9_1_model	7T69_1_model	85	2.672E-01	1.135E+01
8DP9_1_model	5Z1V_1_model	65	1.421E-01	1.323E+01
8DP9_1_model	1ZLE_1_model	59	2.094E-01	1.127E+01
8DP9_1_model	7AD5_1_model	17	2.672E-01	4.480E+00
7T6A_1_model	7T6A_1_model	185	1.005E+00	0.000E+00
7T6A_1_model	8EBB_1_model	176	4.160E-01	1.747E+01
7T6A_1_model	7T69_1_model	182	2.258E-01	1.939E+01
7T6A_1_model	1ZLD_1_model	109	4.285E-01	1.140E+01
7T6A_1_model	1ZLE_1_model	185	3.652E-01	1.499E+01
7T6A_1_model	5OD4_1_model	96	2.320E-01	1.698E+01
7T6A_1_model	6SGO_1_model	96	2.338E-01	1.047E+01
7T6A_1_model	6BN0_1_model	47	4.449E-01	8.029E+00
7T6A_1_model	5Z1V_1_model	24	4.711E-01	3.372E+00
7T6A_1_model	7NLJ_2_model	49	3.694E-01	7.027E+00
7T6A_1_model	7NMM_2_model	85	2.528E-01	1.488E+01
7T6A_1_model	6R5J_1_model	62	2.612E-01	1.033E+01
7T6A_1_model	7ZK0_1_model	42	3.898E-01	6.508E+00
7T6A_1_model	8C8A_1_model	58	3.012E-01	1.069E+01
7T6A_1_model	6FUB_1_model	45	3.660E-01	6.462E+00
7T6A_1_model	6G11_1_model	45	3.661E-01	6.461E+00
7T6A_1_model	8OXH_1_model	70	3.054E-01	8.890E+00
7T6A_1_model	7B1I_2_model	45	3.617E-01	6.472E+00
7T6A_1_model	4Z4A_1_model	59	4.672E-01	8.375E+00
7T6A_1_model	2OPC_1_model	142	2.323E-01	1.302E+01
7T6A_1_model	5VJJ_1_model	31	2.265E-01	5.660E+00
7T6A_1_model	5A6W_2_model	45	3.611E-01	6.433E+00
7T6A_1_model	6FU9_2_model	45	3.611E-01	6.434E+00
7T6A_1_model	6FUD_2_model	45	3.616E-01	6.451E+00
7T6A_1_model	6G10_2_model	45	3.611E-01	6.434E+00
7T6A_1_model	7A8X_2_model	45	3.630E-01	6.438E+00
7T6A_1_model	5ZNG_2_model	59	3.227E-01	1.083E+01
7T6A_1_model	2LW6_1_model	59	3.199E-01	6.965E+00
7T6A_1_model	7MQQ_1_model	144	1.762E-01	1.631E+01
7T6A_1_model	2QVT_1_model	140	2.407E-01	1.234E+01
7T6A_1_model	2MM0_1_model	61	3.220E-01	8.693E+00
7T6A_1_model	4FPR_1_model	97	2.519E-01	1.487E+01
7T6A_1_model	5FID_1_model	190	1.591E-01	1.393E+01
7T6A_1_model	6ZUS_1_model	107	1.328E-01	1.420E+01
7T6A_1_model	8ACX_1_model	189	1.331E-01	1.590E+01
7T6A_1_model	8R7A_2_model	84	1.600E-01	1.488E+01
7T6A_1_model	5XMZ_1_model	166	9.735E-02	2.045E+01
7T6A_1_model	9FEI_1_model	83	2.750E-01	1.221E+01
7T6A_1_model	8OXL_1_model	35	2.607E-01	8.354E+00
7T6A_1_model	2N4O_1_model	91	1.245E-01	1.211E+01
7T6A_1_model	8EB9_1_model	102	3.005E-01	1.163E+01
7T6A_1_model	4FPQ_1_model	89	2.665E-01	1.439E+01
7T6A_1_model	9FYC_2_model	25	2.437E-01	5.105E+00
7T6A_1_model	4B8V_1_model	34	2.371E-01	9.961E+00
7T6A_1_model	4B9H_1_model	34	2.371E-01	9.963E+00
7EAU_1_model	7EAU_1_model	50	1.020E+00	0.000E+00
7EAU_1_model	5XMZ_1_model	27	3.637E-01	9.501E+00
7EAU_1_model	5FNO_1_model	22	2.539E-01	1.036E+01
7EAU_1_model	6R5J_1_model	32	3.758E-01	6.864E+00
7EAU_1_model	7ZJY_1_model	20	2.329E-01	8.165E+00
8OXI_1_model	8OXI_1_model	104	1.010E+00	6.812E-03
8OXI_1_model	6FMB_1_model	97	9.225E-01	2.321E+00
8OXI_1_model	9FYC_2_model	106	7.970E-01	3.640E+00
8OXI_1_model	8OXH_1_model	103	5.612E-01	6.213E+00
8OXI_1_model	8OXL_1_model	102	5.010E-01	6.826E+00
8OXI_1_model	6SGO_1_model	64	2.365E-01	1.180E+01
8OXI_1_model	2MM2_1_model	36	5.527E-01	5.349E+00
8OXI_1_model	6QPK_1_model	33	4.247E-01	7.176E+00
8OXI_1_model	5Z1V_1_model	47	3.645E-01	4.840E+00
8OXI_1_model	1ZLE_1_model	54	3.671E-01	1.363E+01
8OXI_1_model	8EBB_1_model	78	2.591E-01	1.031E+01
8OXI_1_model	2LW6_1_model	52	3.236E-01	5.920E+00
8OXI_1_model	2OPC_1_model	71	4.014E-01	8.653E+00
8OXI_1_model	5XMZ_1_model	26	4.654E-01	3.378E+00
8OXI_1_model	6WES_1_model	70	2.487E-01	1.453E+01
8OXI_1_model	1KPT_1_model	61	1.925E-01	1.247E+01
8OXI_1_model	7MQQ_1_model	57	3.359E-01	9.274E+00
8OXI_1_model	9FEI_1_model	106	1.848E-01	1.365E+01
8OXI_1_model	4GVB_2_model	96	1.842E-01	1.272E+01
8OXI_1_model	7ZKD_1_model	37	2.809E-01	6.444E+00
8OXI_1_model	8R7A_2_model	44	3.126E-01	7.329E+00
8OXI_1_model	2MYW_1_model	46	3.011E-01	6.068E+00
8OXI_1_model	8OXJ_1_model	46	2.411E-01	7.964E+00
8OXI_1_model	8OXK_1_model	79	2.419E-01	1.146E+01
8OXI_1_model	4Z4A_1_model	72	2.033E-01	9.927E+00
8OXI_1_model	2QVT_1_model	21	3.691E-01	2.232E+00
8OXI_1_model	8C8A_1_model	50	3.126E-01	6.230E+00
8OXI_1_model	2N4O_1_model	28	2.525E-01	8.852E+00
8OXI_1_model	5JHJ_1_model	46	2.993E-01	6.102E+00
8OXI_1_model	1ZLD_1_model	55	3.701E-01	1.375E+01
8OXI_1_model	8V1J_1_model	70	2.331E-01	1.239E+01
8OXI_1_model	1FN8_1_model	45	1.961E-01	9.894E+00
4FPR_1_model	4FPR_1_model	131	1.008E+00	0.000E+00
4FPR_1_model	4FPQ_1_model	131	7.935E-01	4.325E+00
4FPR_1_model	6ZUS_1_model	145	4.460E-01	9.004E+00
4FPR_1_model	4GVB_2_model	79	3.079E-01	9.513E+00
4FPR_1_model	6SGO_1_model	90	3.563E-01	1.781E+01
4FPR_1_model	5ZNG_2_model	28	3.784E-01	6.514E+00
4FPR_1_model	8DP8_1_model	79	2.231E-01	1.144E+01
4FPR_1_model	6Q40_1_model	75	2.087E-01	1.248E+01
4FPR_1_model	8ACX_1_model	127	2.074E-01	1.303E+01
4FPR_1_model	8DP9_1_model	45	2.123E-01	8.462E+00
4FPR_1_model	8EBB_1_model	101	1.813E-01	1.616E+01
4FPR_1_model	5OD4_1_model	89	2.916E-01	1.586E+01
4FPR_1_model	7T6A_1_model	97	2.519E-01	1.487E+01
4FPR_1_model	31EE_1_model	18	7.642E-01	1.366E+00
4FPR_1_model	4GVB_1_model	36	2.572E-01	8.752E+00
4FPR_1_model	8OXL_1_model	47	2.443E-01	7.960E+00
4FPR_1_model	5FID_1_model	13	6.121E-01	4.126E+00
4FPR_1_model	6BN0_1_model	21	2.360E-01	5.637E+00
4FPR_1_model	8OXH_1_model	25	3.387E-01	4.254E+00
4FPR_1_model	7MQQ_1_model	96	2.089E-01	1.470E+01
4FPR_1_model	4B8V_1_model	63	2.631E-01	1.113E+01
4FPR_1_model	4B9H_1_model	63	2.631E-01	1.113E+01
4FPR_1_model	6R5J_1_model	21	2.488E-01	8.361E+00
4FPR_1_model	2N4O_1_model	21	2.546E-01	5.513E+00
5JHJ_1_model	5JHJ_1_model	97	1.010E+00	8.146E-03
5JHJ_1_model	2MYW_1_model	97	9.594E-01	1.039E+00
5JHJ_1_model	2N37_1_model	66	1.012E+00	2.135E-01
5JHJ_1_model	6Q76_2_model	66	1.010E+00	2.566E-01
5JHJ_1_model	7ZKD_1_model	80	5.090E-01	1.179E+01
5JHJ_1_model	2MYV_1_model	99	3.481E-01	1.102E+01
5JHJ_1_model	6R5J_1_model	67	5.906E-01	3.703E+00
5JHJ_1_model	7ZK0_1_model	61	5.986E-01	3.731E+00
5JHJ_1_model	7NMM_2_model	67	5.772E-01	6.170E+00
5JHJ_1_model	7NLJ_2_model	67	5.772E-01	6.115E+00
5JHJ_1_model	2MM0_1_model	62	5.691E-01	3.776E+00
5JHJ_1_model	2MM2_1_model	63	5.431E-01	3.962E+00
5JHJ_1_model	8C8A_1_model	113	4.219E-01	1.385E+01
5JHJ_1_model	5Z1V_1_model	62	6.140E-01	3.657E+00
5JHJ_1_model	7A8X_2_model	68	5.355E-01	5.764E+00
5JHJ_1_model	6FUD_2_model	68	5.344E-01	5.782E+00
5JHJ_1_model	5A6W_2_model	69	5.325E-01	6.125E+00
5JHJ_1_model	6FU9_2_model	69	5.325E-01	6.125E+00
5JHJ_1_model	6FUB_1_model	68	5.340E-01	5.810E+00
5JHJ_1_model	6G10_2_model	69	5.325E-01	6.125E+00
5JHJ_1_model	6G11_1_model	68	5.339E-01	5.810E+00
5JHJ_1_model	7B1I_2_model	68	5.349E-01	5.799E+00
5JHJ_1_model	8R7A_2_model	86	4.333E-01	6.121E+00
5JHJ_1_model	7ZJY_1_model	64	4.219E-01	5.180E+00
5JHJ_1_model	5ZNG_2_model	64	4.775E-01	6.492E+00
5JHJ_1_model	2LW6_1_model	71	3.626E-01	6.192E+00
5JHJ_1_model	8OXL_1_model	83	2.406E-01	1.079E+01
5JHJ_1_model	8OXJ_1_model	65	3.100E-01	1.151E+01
5JHJ_1_model	1ZLD_1_model	21	3.861E-01	4.317E+00
5JHJ_1_model	1ZLE_1_model	15	3.032E-01	4.322E+00
5JHJ_1_model	2QVT_1_model	84	2.869E-01	1.199E+01
5JHJ_1_model	8OXK_1_model	93	2.247E-01	1.198E+01
5JHJ_1_model	7MQQ_1_model	52	3.206E-01	9.687E+00
5JHJ_1_model	5FID_1_model	121	2.257E-01	1.134E+01
5JHJ_1_model	5OD4_1_model	49	3.048E-01	1.222E+01
5JHJ_1_model	7T69_1_model	28	2.582E-01	5.644E+00
5JHJ_1_model	31EE_1_model	37	2.469E-01	1.294E+01
5JHJ_1_model	6BN0_1_model	58	3.210E-01	7.887E+00
5JHJ_1_model	1KPT_1_model	18	2.393E-01	4.737E+00
5JHJ_1_model	2OPC_1_model	84	2.898E-01	1.201E+01
5JHJ_1_model	8EBB_1_model	71	2.300E-01	1.024E+01
5JHJ_1_model	4GVB_2_model	33	2.471E-01	1.041E+01
5JHJ_1_model	6WES_1_model	77	1.727E-01	1.226E+01
5JHJ_1_model	9FEI_1_model	48	2.228E-01	1.031E+01
31EE_1_model	31EE_1_model	271	1.004E+00	7.757E-03
31EE_1_model	7XC2_2_model	158	2.408E-01	1.699E+01
31EE_1_model	5FNO_1_model	98	1.786E-01	1.632E+01
31EE_1_model	4BJM_1_model	245	1.429E-01	1.842E+01
31EE_1_model	4BJN_1_model	245	1.570E-01	1.919E+01
31EE_1_model	6QPK_1_model	24	3.149E-01	2.707E+00
31EE_1_model	7XDS_1_model	129	2.850E-01	1.614E+01
31EE_1_model	7XE0_2_model	129	2.850E-01	1.614E+01
31EE_1_model	6BN0_1_model	28	1.906E-01	1.368E+01
31EE_1_model	7XVG_2_model	206	1.508E-01	2.040E+01
7A8X_2_model	7A8X_2_model	93	1.011E+00	0.000E+00
7A8X_2_model	6FUD_2_model	93	9.844E-01	7.948E-01
7A8X_2_model	5A6W_2_model	93	9.730E-01	1.138E+00
7A8X_2_model	6FU9_2_model	93	9.728E-01	1.138E+00
7A8X_2_model	6G10_2_model	93	9.734E-01	1.128E+00
7A8X_2_model	6FUB_1_model	93	9.526E-01	1.265E+00
7A8X_2_model	6G11_1_model	93	9.516E-01	1.283E+00
7A8X_2_model	7B1I_2_model	93	8.860E-01	6.509E+00
7A8X_2_model	7NLJ_2_model	81	9.945E-01	5.472E-01
7A8X_2_model	7NMM_2_model	81	9.746E-01	8.135E-01
7A8X_2_model	6R5J_1_model	62	7.338E-01	2.442E+00
7A8X_2_model	8C8A_1_model	73	7.250E-01	5.570E+00
7A8X_2_model	2MYV_1_model	63	7.093E-01	2.841E+00
7A8X_2_model	7ZK0_1_model	64	7.216E-01	2.772E+00
7A8X_2_model	2MM0_1_model	63	7.762E-01	2.228E+00
7A8X_2_model	2MM2_1_model	63	7.528E-01	2.260E+00
7A8X_2_model	5ZNG_2_model	62	6.825E-01	3.266E+00
7A8X_2_model	5Z1V_1_model	51	7.788E-01	1.992E+00
7A8X_2_model	2LW6_1_model	72	6.535E-01	4.660E+00
7A8X_2_model	8R7A_2_model	89	5.301E-01	1.958E+01
7A8X_2_model	2N37_1_model	65	6.084E-01	3.857E+00
7A8X_2_model	6Q76_2_model	67	5.927E-01	5.272E+00
7A8X_2_model	7ZKD_1_model	94	4.297E-01	1.815E+01
7A8X_2_model	5JHJ_1_model	68	5.355E-01	5.764E+00
7A8X_2_model	2MYW_1_model	96	4.423E-01	2.655E+01
7A8X_2_model	7ZJY_1_model	66	5.969E-01	4.995E+00
7A8X_2_model	8OXL_1_model	44	3.773E-01	5.177E+00
7A8X_2_model	6SGO_1_model	31	4.784E-01	1.315E+01
7A8X_2_model	8EBB_1_model	63	4.130E-01	7.400E+00
7A8X_2_model	6FMB_1_model	49	2.235E-01	1.030E+01
7A8X_2_model	5XMZ_1_model	94	1.406E-01	1.812E+01
7A8X_2_model	8ACX_1_model	29	3.613E-01	5.451E+00
7A8X_2_model	1KPT_1_model	27	2.519E-01	6.787E+00
7A8X_2_model	1ZLE_1_model	61	2.555E-01	1.378E+01
7A8X_2_model	9FYC_2_model	51	3.591E-01	8.940E+00
7A8X_2_model	5FID_1_model	115	2.776E-01	1.411E+01
7A8X_2_model	8OXK_1_model	70	2.962E-01	8.969E+00
7A8X_2_model	8V1J_1_model	32	3.694E-01	3.682E+00
7A8X_2_model	7T6A_1_model	57	3.153E-01	6.890E+00
7A8X_2_model	5VJJ_1_model	32	2.546E-01	1.103E+01
7A8X_2_model	4Z4A_1_model	31	3.065E-01	1.071E+01
7A8X_2_model	7MQQ_1_model	41	2.705E-01	7.560E+00
7A8X_2_model	1ZLD_1_model	57	2.500E-01	1.353E+01
7A8X_2_model	6ZUS_1_model	53	2.407E-01	1.188E+01
7A8X_2_model	5FNO_1_model	34	3.254E-01	5.122E+00
7A8X_2_model	6QPK_1_model	18	2.784E-01	4.725E+00
7A8X_2_model	8OXH_1_model	76	2.387E-01	1.350E+01
7A8X_2_model	8DP9_1_model	52	2.497E-01	8.765E+00
7A8X_2_model	1FN8_1_model	61	1.760E-01	1.076E+01
7A8X_2_model	9FEI_1_model	92	2.001E-01	1.524E+01
8ACX_1_model	8ACX_1_model	144	1.007E+00	0.000E+00
8ACX_1_model	1KPT_1_model	113	5.004E-01	7.123E+00
8ACX_1_model	6SGO_1_model	168	1.943E-01	1.655E+01
8ACX_1_model	5Z1V_1_model	29	3.981E-01	5.184E+00
8ACX_1_model	6FUD_2_model	29	3.509E-01	5.433E+00
8ACX_1_model	5A6W_2_model	29	3.495E-01	5.438E+00
8ACX_1_model	6FU9_2_model	29	3.495E-01	5.437E+00
8ACX_1_model	6G10_2_model	29	3.495E-01	5.438E+00
8ACX_1_model	7A8X_2_model	29	3.613E-01	5.451E+00
8ACX_1_model	1ZLD_1_model	131	1.743E-01	8.913E+00
8ACX_1_model	5XMZ_1_model	100	2.246E-01	8.648E+00
8ACX_1_model	7B1I_2_model	29	3.516E-01	5.429E+00
8ACX_1_model	1ZLE_1_model	131	1.724E-01	8.989E+00
8ACX_1_model	4FPR_1_model	127	2.074E-01	1.303E+01
8ACX_1_model	2MM2_1_model	28	3.752E-01	4.762E+00
8ACX_1_model	6FUB_1_model	29	3.516E-01	5.429E+00
8ACX_1_model	6G11_1_model	29	3.513E-01	5.430E+00
8ACX_1_model	2OPC_1_model	141	2.294E-01	1.082E+01
8ACX_1_model	7T6A_1_model	189	1.331E-01	1.590E+01
8ACX_1_model	2MM0_1_model	28	4.163E-01	3.291E+00
8ACX_1_model	2LW6_1_model	35	3.068E-01	7.787E+00
8ACX_1_model	8OXH_1_model	74	2.655E-01	6.933E+00
8ACX_1_model	7NMM_2_model	28	3.632E-01	5.082E+00
8ACX_1_model	7ZKD_1_model	27	3.610E-01	5.024E+00
8ACX_1_model	8EB9_1_model	50	4.061E-01	7.504E+00
8ACX_1_model	5OD4_1_model	155	1.440E-01	1.523E+01
8ACX_1_model	4FPQ_1_model	128	1.897E-01	1.503E+01
8ACX_1_model	2N37_1_model	40	2.528E-01	8.935E+00
8ACX_1_model	8R7A_2_model	82	1.921E-01	1.304E+01
8ACX_1_model	2QVT_1_model	14	3.953E-01	2.541E+00
8ACX_1_model	5FNO_1_model	37	3.909E-01	1.016E+01
8ACX_1_model	6Q76_2_model	40	2.566E-01	8.952E+00
8ACX_1_model	4GVB_2_model	14	3.281E-01	4.129E+00
8ACX_1_model	8OXL_1_model	29	3.694E-01	6.025E+00
8ACX_1_model	7NLJ_2_model	29	3.571E-01	5.308E+00
8ACX_1_model	2MYW_1_model	50	2.109E-01	1.039E+01
8ACX_1_model	8V1J_1_model	94	2.090E-01	1.671E+01
8ACX_1_model	6WES_1_model	112	1.319E-01	1.726E+01
8ACX_1_model	4B8V_1_model	170	1.486E-01	1.663E+01
8ACX_1_model	4B9H_1_model	170	1.486E-01	1.663E+01
8ACX_1_model	7T69_1_model	99	1.689E-01	1.371E+01
8ACX_1_model	8OXK_1_model	30	2.041E-01	1.063E+01
8ACX_1_model	8DP8_1_model	35	2.338E-01	9.067E+00
8ACX_1_model	8DP9_1_model	50	2.110E-01	9.890E+00
7AD5_1_model	7AD5_1_model	125	1.008E+00	0.000E+00
7AD5_1_model	7MQQ_1_model	20	2.307E-01	1.010E+01
7AD5_1_model	7T69_1_model	23	1.800E-01	6.218E+00
7AD5_1_model	6Q40_1_model	16	2.690E-01	3.837E+00
7AD5_1_model	9FYC_2_model	30	3.906E-01	4.444E+00
7AD5_1_model	5XMZ_1_model	18	3.001E-01	4.014E+00
7AD5_1_model	7EAU_1_model	20	2.104E-01	5.157E+00
7AD5_1_model	2N4O_1_model	14	3.358E-01	5.373E+00
7AD5_1_model	8DP8_1_model	24	2.114E-01	7.312E+00
7AD5_1_model	8DP9_1_model	17	2.672E-01	4.480E+00
7XC2_2_model	7XC2_2_model	434	1.002E+00	1.448E-02
7XC2_2_model	7XDS_1_model	433	4.481E-01	1.581E+01
7XC2_2_model	7XE0_2_model	433	4.483E-01	1.581E+01
7XC2_2_model	7XVG_2_model	419	4.670E-01	1.998E+01
7XC2_2_model	4BJN_1_model	295	1.470E-01	2.218E+01
7XC2_2_model	5LOS_1_model	171	2.468E-01	1.935E+01
7XC2_2_model	4B9H_1_model	53	2.129E-01	1.367E+01
4BJM_1_model	4BJM_1_model	238	1.004E+00	0.000E+00
4BJM_1_model	4BJN_1_model	239	8.671E-01	4.989E+00
4BJM_1_model	5LOS_1_model	143	3.107E-01	1.527E+01
4BJM_1_model	5FNO_1_model	44	2.529E-01	1.048E+01
5FID_1_model	5FID_1_model	137	1.007E+00	3.917E-03
5FID_1_model	5OD4_1_model	57	4.275E-01	4.035E+00
5FID_1_model	7ZJY_1_model	44	3.801E-01	6.187E+00
5FID_1_model	2MYV_1_model	50	3.309E-01	6.903E+00
5FID_1_model	7NLJ_2_model	129	1.948E-01	1.339E+01
5FID_1_model	5JHJ_1_model	67	2.482E-01	1.016E+01
5FID_1_model	1ZLE_1_model	78	2.858E-01	1.286E+01
5FID_1_model	2OPC_1_model	51	3.436E-01	1.027E+01
5FID_1_model	5XMZ_1_model	138	2.238E-01	1.625E+01
5FID_1_model	1FN8_1_model	129	1.366E-01	1.465E+01
5FID_1_model	5ZNG_2_model	39	4.151E-01	6.786E+00
5FID_1_model	7NMM_2_model	67	2.308E-01	1.131E+01
5FID_1_model	8DP8_1_model	154	1.423E-01	1.408E+01
5FID_1_model	2QVT_1_model	90	2.371E-01	1.174E+01
5FID_1_model	5A6W_2_model	47	3.359E-01	1.122E+01
5FID_1_model	6FU9_2_model	47	3.359E-01	1.122E+01
5FID_1_model	6G10_2_model	47	3.359E-01	1.122E+01
5FID_1_model	7B1I_2_model	61	4.003E-01	5.652E+00
5FID_1_model	8EB9_1_model	17	6.250E-01	1.047E+00
5FID_1_model	6FMB_1_model	49	3.569E-01	8.592E+00
5FID_1_model	6WES_1_model	156	1.321E-01	1.657E+01
5FID_1_model	7T6A_1_model	189	1.591E-01	1.391E+01
5FID_1_model	2N37_1_model	66	2.328E-01	8.797E+00
5FID_1_model	6FUB_1_model	115	1.946E-01	1.343E+01
5FID_1_model	6FUD_2_model	115	1.948E-01	1.342E+01
5FID_1_model	6G11_1_model	115	1.946E-01	1.343E+01
5FID_1_model	7A8X_2_model	115	1.950E-01	1.341E+01
5FID_1_model	2MYW_1_model	67	2.448E-01	1.019E+01
5FID_1_model	4FPR_1_model	13	6.121E-01	4.126E+00
5FID_1_model	1KG1_1_model	55	2.500E-01	7.749E+00
5FID_1_model	7ZK0_1_model	54	2.651E-01	1.210E+01
5FID_1_model	5VJJ_1_model	21	2.956E-01	3.123E+00
5FID_1_model	1ZLD_1_model	81	2.762E-01	1.350E+01
5FID_1_model	4Z4A_1_model	45	2.185E-01	8.236E+00
5FID_1_model	7T69_1_model	147	1.698E-01	1.708E+01
2N4O_1_model	2N4O_1_model	95	1.011E+00	2.710E-03
2N4O_1_model	1KPT_1_model	90	2.436E-01	8.706E+00
2N4O_1_model	5LOS_1_model	19	5.929E-01	4.916E+00
2N4O_1_model	8OXK_1_model	110	1.728E-01	1.244E+01
2N4O_1_model	7T6A_1_model	24	2.248E-01	7.333E+00
2N4O_1_model	8V1J_1_model	68	1.647E-01	1.113E+01
2N4O_1_model	2OPC_1_model	89	1.728E-01	1.088E+01
2N4O_1_model	6BN0_1_model	21	1.614E-01	4.526E+00
2N4O_1_model	8EB9_1_model	44	2.365E-01	5.709E+00
2N4O_1_model	8OXI_1_model	28	2.525E-01	8.852E+00
2N4O_1_model	1ZLE_1_model	14	3.016E-01	4.626E+00
2N4O_1_model	6SGO_1_model	23	2.184E-01	6.709E+00
2N4O_1_model	7ZJY_1_model	21	3.061E-01	4.716E+00
2N4O_1_model	4FPR_1_model	21	2.546E-01	5.513E+00
7ZJY_1_model	7ZJY_1_model	60	1.017E+00	5.959E-03
7ZJY_1_model	5ZNG_2_model	58	7.575E-01	3.053E+00
7ZJY_1_model	2MYV_1_model	52	6.761E-01	3.303E+00
7ZJY_1_model	7ZK0_1_model	71	6.006E-01	5.435E+00
7ZJY_1_model	7NLJ_2_model	57	6.501E-01	3.524E+00
7ZJY_1_model	6Q76_2_model	69	3.853E-01	7.223E+00
7ZJY_1_model	7NMM_2_model	66	5.739E-01	5.158E+00
7ZJY_1_model	6R5J_1_model	61	4.718E-01	4.522E+00
7ZJY_1_model	2MYW_1_model	67	4.027E-01	5.765E+00
7ZJY_1_model	5JHJ_1_model	64	4.219E-01	5.180E+00
7ZJY_1_model	2N37_1_model	63	3.704E-01	5.634E+00
7ZJY_1_model	6FUB_1_model	59	5.352E-01	5.061E+00
7ZJY_1_model	6G11_1_model	59	5.351E-01	5.061E+00
7ZJY_1_model	7A8X_2_model	59	5.341E-01	5.053E+00
7ZJY_1_model	7B1I_2_model	59	5.317E-01	5.100E+00
7ZJY_1_model	7ZKD_1_model	60	4.365E-01	5.123E+00
7ZJY_1_model	6FUD_2_model	59	4.971E-01	5.164E+00
7ZJY_1_model	2MM0_1_model	59	4.942E-01	4.406E+00
7ZJY_1_model	5A6W_2_model	59	4.974E-01	5.141E+00
7ZJY_1_model	6FU9_2_model	59	4.974E-01	5.141E+00
7ZJY_1_model	6G10_2_model	59	4.974E-01	5.141E+00
7ZJY_1_model	2MM2_1_model	60	5.085E-01	4.243E+00
7ZJY_1_model	7T69_1_model	21	3.979E-01	2.011E+00
7ZJY_1_model	6WES_1_model	24	4.678E-01	2.712E+00
7ZJY_1_model	2LW6_1_model	73	2.430E-01	8.728E+00
7ZJY_1_model	5FID_1_model	29	4.390E-01	4.362E+00
7ZJY_1_model	5OD4_1_model	71	2.104E-01	8.331E+00
7ZJY_1_model	7MQQ_1_model	14	3.515E-01	2.635E+00
7ZJY_1_model	4Z4A_1_model	27	3.475E-01	4.780E+00
7ZJY_1_model	9FYC_2_model	16	4.263E-01	2.664E+00
7ZJY_1_model	1FN8_1_model	31	3.592E-01	4.858E+00
7ZJY_1_model	8R7A_2_model	65	4.036E-01	6.911E+00
7ZJY_1_model	5XMZ_1_model	60	1.900E-01	1.377E+01
7ZJY_1_model	4GVB_2_model	18	3.556E-01	4.007E+00
7ZJY_1_model	5VJJ_1_model	23	2.436E-01	6.768E+00
5XMZ_1_model	5XMZ_1_model	155	1.006E+00	0.000E+00
5XMZ_1_model	6WES_1_model	158	1.794E-01	1.693E+01
5XMZ_1_model	6R5J_1_model	80	2.401E-01	1.335E+01
5XMZ_1_model	4GVB_2_model	118	3.184E-01	1.331E+01
5XMZ_1_model	6SGO_1_model	116	2.461E-01	1.769E+01
5XMZ_1_model	2MM2_1_model	96	3.562E-01	1.253E+01
5XMZ_1_model	7ZKD_1_model	115	1.950E-01	1.443E+01
5XMZ_1_model	8V1J_1_model	127	1.960E-01	1.712E+01
5XMZ_1_model	2MM0_1_model	80	2.589E-01	1.300E+01
5XMZ_1_model	8R7A_2_model	119	2.027E-01	1.408E+01
5XMZ_1_model	8C8A_1_model	87	3.168E-01	1.224E+01
5XMZ_1_model	1FN8_1_model	121	2.312E-01	1.078E+01
5XMZ_1_model	5FID_1_model	137	2.245E-01	1.630E+01
5XMZ_1_model	4B8V_1_model	46	3.387E-01	7.423E+00
5XMZ_1_model	9FEI_1_model	77	2.746E-01	1.495E+01
5XMZ_1_model	7A8X_2_model	100	2.940E-01	1.314E+01
5XMZ_1_model	6FMB_1_model	26	4.534E-01	3.492E+00
5XMZ_1_model	6ZUS_1_model	129	1.737E-01	1.344E+01
5XMZ_1_model	6FUB_1_model	62	3.650E-01	1.129E+01
5XMZ_1_model	6G11_1_model	62	3.650E-01	1.129E+01
5XMZ_1_model	8OXH_1_model	116	2.791E-01	1.252E+01
5XMZ_1_model	7NMM_2_model	84	1.506E-01	1.811E+01
5XMZ_1_model	2MYV_1_model	114	1.991E-01	1.206E+01
5XMZ_1_model	8ACX_1_model	95	2.149E-01	9.510E+00
5XMZ_1_model	4B9H_1_model	43	3.569E-01	7.641E+00
5XMZ_1_model	5FNO_1_model	32	4.732E-01	3.673E+00
5XMZ_1_model	8OXL_1_model	47	4.886E-01	4.333E+00
5XMZ_1_model	7B1I_2_model	62	1.705E-01	1.393E+01
5XMZ_1_model	7MQQ_1_model	116	2.365E-01	1.339E+01
5XMZ_1_model	4Z4A_1_model	23	3.123E-01	4.248E+00
5XMZ_1_model	7ZJY_1_model	57	2.400E-01	1.383E+01
5XMZ_1_model	5A6W_2_model	62	1.707E-01	1.395E+01
5XMZ_1_model	6FU9_2_model	62	1.707E-01	1.395E+01
5XMZ_1_model	6FUD_2_model	62	1.689E-01	1.396E+01
5XMZ_1_model	6G10_2_model	62	1.707E-01	1.395E+01
5XMZ_1_model	7NLJ_2_model	100	3.124E-01	1.245E+01
5XMZ_1_model	2N4O_1_model	20	4.981E-01	3.393E+00
5XMZ_1_model	8EB9_1_model	71	2.701E-01	1.387E+01
5XMZ_1_model	7ZK0_1_model	112	2.217E-01	1.532E+01
5XMZ_1_model	8OXK_1_model	130	1.525E-01	1.466E+01
5XMZ_1_model	8OXI_1_model	29	4.664E-01	3.817E+00
5XMZ_1_model	7EAU_1_model	26	3.305E-01	9.595E+00
5XMZ_1_model	8DP8_1_model	98	2.301E-01	1.466E+01
5XMZ_1_model	1KPT_1_model	99	1.198E-01	1.207E+01
5XMZ_1_model	9FYC_2_model	59	2.435E-01	1.006E+01
5XMZ_1_model	7T6A_1_model	153	1.125E-01	1.998E+01
4GVB_1_model	4GVB_1_model	80	1.013E+00	0.000E+00
4GVB_1_model	6QPK_1_model	77	6.082E-01	4.067E+00
4GVB_1_model	2MYV_1_model	84	3.863E-01	7.852E+00
4GVB_1_model	5ZNG_2_model	73	3.339E-01	7.457E+00
4GVB_1_model	7ZKD_1_model	25	2.560E-01	5.464E+00
4GVB_1_model	4FPR_1_model	125	2.835E-01	1.005E+01
4GVB_1_model	5FNO_1_model	74	2.942E-01	9.658E+00
4GVB_1_model	2MM0_1_model	76	2.392E-01	9.989E+00
4GVB_1_model	6Q76_2_model	54	2.482E-01	9.176E+00
4GVB_1_model	8OXK_1_model	39	5.050E-01	4.321E+00
4GVB_1_model	1FN8_1_model	43	2.989E-01	8.553E+00
4GVB_1_model	2N37_1_model	54	2.475E-01	9.124E+00
4GVB_1_model	8OXJ_1_model	28	3.168E-01	6.719E+00
4GVB_1_model	2OPC_1_model	21	1.685E-01	7.539E+00
4GVB_1_model	2QVT_1_model	17	1.765E-01	5.386E+00
4GVB_1_model	7ZJY_1_model	46	2.344E-01	9.508E+00
4GVB_1_model	5JHJ_1_model	65	2.433E-01	1.249E+01
4GVB_1_model	6FMB_1_model	20	2.553E-01	4.558E+00
4GVB_1_model	8EBB_1_model	25	2.389E-01	6.257E+00
4GVB_1_model	4GVB_2_model	19	2.121E-01	3.908E+00
4GVB_1_model	1ZLE_1_model	79	2.118E-01	9.888E+00
6QPK_1_model	6QPK_1_model	80	1.013E+00	0.000E+00
6QPK_1_model	4GVB_1_model	77	6.082E-01	4.067E+00
6QPK_1_model	6FMB_1_model	34	2.772E-01	7.846E+00
6QPK_1_model	8OXI_1_model	41	3.612E-01	7.622E+00
6QPK_1_model	4BJN_1_model	57	4.471E-01	6.349E+00
6QPK_1_model	4GVB_2_model	29	2.817E-01	4.628E+00
6QPK_1_model	5A6W_2_model	18	2.720E-01	4.723E+00
6QPK_1_model	6FU9_2_model	18	2.718E-01	4.723E+00
6QPK_1_model	6FUB_1_model	18	2.797E-01	4.751E+00
6QPK_1_model	6FUD_2_model	18	2.759E-01	4.738E+00
6QPK_1_model	6G10_2_model	18	2.719E-01	4.724E+00
6QPK_1_model	6G11_1_model	18	2.797E-01	4.751E+00
6QPK_1_model	7A8X_2_model	18	2.784E-01	4.725E+00
6QPK_1_model	7B1I_2_model	18	2.773E-01	4.769E+00
6QPK_1_model	5ZNG_2_model	22	2.078E-01	5.656E+00
7NLJ_2_model	7NLJ_2_model	93	1.011E+00	6.155E-03
7NLJ_2_model	7NMM_2_model	93	9.748E-01	1.205E+00
7NLJ_2_model	6FUB_1_model	81	9.967E-01	5.124E-01
7NLJ_2_model	6G11_1_model	81	9.967E-01	5.123E-01
7NLJ_2_model	7A8X_2_model	81	9.945E-01	5.472E-01
7NLJ_2_model	5A6W_2_model	81	9.947E-01	5.471E-01
7NLJ_2_model	6FU9_2_model	81	9.947E-01	5.469E-01
7NLJ_2_model	6FUD_2_model	81	9.970E-01	5.073E-01
7NLJ_2_model	6G10_2_model	81	9.947E-01	5.475E-01
7NLJ_2_model	7B1I_2_model	81	9.953E-01	5.396E-01
7NLJ_2_model	2MYV_1_model	63	7.834E-01	2.592E+00
7NLJ_2_model	7ZK0_1_model	64	7.518E-01	2.645E+00
7NLJ_2_model	8C8A_1_model	69	7.682E-01	2.528E+00
7NLJ_2_model	6R5J_1_model	62	7.437E-01	2.377E+00
7NLJ_2_model	5ZNG_2_model	58	7.843E-01	2.440E+00
7NLJ_2_model	5Z1V_1_model	51	8.050E-01	1.794E+00
7NLJ_2_model	2LW6_1_model	73	6.573E-01	4.471E+00
7NLJ_2_model	2MM0_1_model	63	7.893E-01	2.021E+00
7NLJ_2_model	2MM2_1_model	64	7.670E-01	2.097E+00
7NLJ_2_model	8R7A_2_model	63	7.395E-01	3.804E+00
7NLJ_2_model	2N37_1_model	65	6.008E-01	4.695E+00
7NLJ_2_model	6Q76_2_model	67	6.059E-01	5.316E+00
7NLJ_2_model	7ZKD_1_model	85	5.505E-01	1.253E+01
7NLJ_2_model	5JHJ_1_model	67	5.772E-01	6.115E+00
7NLJ_2_model	2MYW_1_model	82	4.918E-01	1.712E+01
7NLJ_2_model	7ZJY_1_model	57	6.361E-01	3.511E+00
7NLJ_2_model	8EBB_1_model	69	3.333E-01	8.342E+00
7NLJ_2_model	7T6A_1_model	49	3.694E-01	7.027E+00
7NLJ_2_model	8OXL_1_model	90	2.443E-01	1.287E+01
7NLJ_2_model	8V1J_1_model	31	3.353E-01	3.799E+00
7NLJ_2_model	9FYC_2_model	87	2.374E-01	1.366E+01
7NLJ_2_model	5FID_1_model	68	2.696E-01	9.129E+00
7NLJ_2_model	5XMZ_1_model	83	1.593E-01	1.964E+01
7NLJ_2_model	1FN8_1_model	70	1.893E-01	1.242E+01
7NLJ_2_model	8OXH_1_model	72	2.118E-01	1.266E+01
7NLJ_2_model	1ZLD_1_model	58	2.462E-01	1.276E+01
7NLJ_2_model	8DP8_1_model	51	3.558E-01	9.340E+00
7NLJ_2_model	8DP9_1_model	53	2.391E-01	8.389E+00
7NLJ_2_model	6SGO_1_model	27	5.450E-01	1.162E+01
7NLJ_2_model	1KPT_1_model	21	2.920E-01	5.744E+00
7NLJ_2_model	5OD4_1_model	79	2.239E-01	1.092E+01
7NLJ_2_model	6BN0_1_model	17	3.439E-01	3.604E+00
7NLJ_2_model	8OXK_1_model	63	2.001E-01	8.815E+00
7NLJ_2_model	8ACX_1_model	45	3.485E-01	5.610E+00
7NLJ_2_model	5FNO_1_model	34	3.576E-01	8.501E+00
7NLJ_2_model	5VJJ_1_model	29	2.946E-01	8.673E+00
7NLJ_2_model	2N4O_1_model	29	2.022E-01	1.030E+01
7NLJ_2_model	8OXJ_1_model	96	1.819E-01	1.241E+01
7NLJ_2_model	7MQQ_1_model	40	2.825E-01	7.321E+00
7NLJ_2_model	6ZUS_1_model	62	2.136E-01	1.196E+01
7NLJ_2_model	9FEI_1_model	18	4.475E-01	3.482E+00
6FU9_2_model	5A6W_2_model	93	1.011E+00	8.540E-03
6FU9_2_model	6FU9_2_model	93	1.011E+00	0.000E+00
6FU9_2_model	6G10_2_model	93	1.011E+00	1.476E-02
6FU9_2_model	7A8X_2_model	93	9.728E-01	1.138E+00
6FU9_2_model	6G11_1_model	93	9.451E-01	1.287E+00
6FU9_2_model	6FUB_1_model	93	9.454E-01	1.287E+00
6FU9_2_model	6FUD_2_model	93	9.606E-01	1.210E+00
6FU9_2_model	7B1I_2_model	93	8.850E-01	6.631E+00
6FU9_2_model	7NLJ_2_model	81	9.947E-01	5.469E-01
6FU9_2_model	7NMM_2_model	81	9.753E-01	8.044E-01
6FU9_2_model	6R5J_1_model	62	7.327E-01	2.435E+00
6FU9_2_model	2MYV_1_model	63	7.088E-01	2.831E+00
6FU9_2_model	8C8A_1_model	73	7.228E-01	5.547E+00
6FU9_2_model	7ZK0_1_model	64	7.225E-01	2.755E+00
6FU9_2_model	2MM0_1_model	63	7.750E-01	2.233E+00
6FU9_2_model	2MM2_1_model	63	7.528E-01	2.268E+00
6FU9_2_model	5ZNG_2_model	62	6.818E-01	3.268E+00
6FU9_2_model	5Z1V_1_model	51	7.806E-01	1.973E+00
6FU9_2_model	2LW6_1_model	72	6.533E-01	4.643E+00
6FU9_2_model	8R7A_2_model	59	7.805E-01	1.916E+00
6FU9_2_model	7ZKD_1_model	65	5.762E-01	4.424E+00
6FU9_2_model	2N37_1_model	65	6.092E-01	3.869E+00
6FU9_2_model	6Q76_2_model	67	5.935E-01	5.272E+00
6FU9_2_model	5JHJ_1_model	69	5.325E-01	6.125E+00
6FU9_2_model	2MYW_1_model	94	4.428E-01	2.225E+01
6FU9_2_model	7ZJY_1_model	66	5.642E-01	5.096E+00
6FU9_2_model	8OXL_1_model	43	3.566E-01	5.112E+00
6FU9_2_model	6SGO_1_model	31	4.758E-01	1.317E+01
6FU9_2_model	5XMZ_1_model	94	1.457E-01	1.842E+01
6FU9_2_model	8EBB_1_model	63	4.131E-01	7.406E+00
6FU9_2_model	6FMB_1_model	49	2.243E-01	1.030E+01
6FU9_2_model	8ACX_1_model	29	3.495E-01	5.437E+00
6FU9_2_model	1ZLE_1_model	61	2.578E-01	1.378E+01
6FU9_2_model	5FID_1_model	61	4.001E-01	5.664E+00
6FU9_2_model	9FYC_2_model	51	3.728E-01	9.004E+00
6FU9_2_model	7T6A_1_model	57	3.146E-01	6.884E+00
6FU9_2_model	5VJJ_1_model	32	2.526E-01	1.100E+01
6FU9_2_model	1KPT_1_model	29	2.295E-01	6.538E+00
6FU9_2_model	8OXK_1_model	70	2.943E-01	8.965E+00
6FU9_2_model	1ZLD_1_model	57	2.569E-01	1.353E+01
6FU9_2_model	4Z4A_1_model	31	3.069E-01	1.071E+01
6FU9_2_model	6ZUS_1_model	53	2.405E-01	1.186E+01
6FU9_2_model	1FN8_1_model	61	1.764E-01	1.074E+01
6FU9_2_model	6QPK_1_model	18	2.718E-01	4.723E+00
6FU9_2_model	8OXH_1_model	75	2.316E-01	1.344E+01
6FU9_2_model	7MQQ_1_model	40	2.519E-01	7.645E+00
6FU9_2_model	5OD4_1_model	72	2.313E-01	9.027E+00
9FEI_1_model	9FEI_1_model	239	1.004E+00	0.000E+00
9FEI_1_model	2QVT_1_model	125	1.993E-01	1.181E+01
9FEI_1_model	8OXJ_1_model	114	2.423E-01	1.205E+01
9FEI_1_model	5OD4_1_model	126	1.814E-01	1.557E+01
9FEI_1_model	6WES_1_model	60	2.067E-01	1.075E+01
9FEI_1_model	5XMZ_1_model	77	2.746E-01	1.495E+01
9FEI_1_model	5FNO_1_model	143	1.948E-01	1.400E+01
9FEI_1_model	1ZLD_1_model	92	1.929E-01	1.451E+01
9FEI_1_model	5ZNG_2_model	18	3.772E-01	3.434E+00
9FEI_1_model	8OXH_1_model	115	1.788E-01	1.373E+01
9FEI_1_model	1ZLE_1_model	85	1.992E-01	1.480E+01
9FEI_1_model	8V1J_1_model	59	3.549E-01	8.968E+00
9FEI_1_model	7T69_1_model	189	1.373E-01	1.687E+01
9FEI_1_model	8OXI_1_model	104	2.101E-01	1.326E+01
9FEI_1_model	2MYW_1_model	24	4.422E-01	2.096E+00
9FEI_1_model	8OXK_1_model	91	2.243E-01	1.365E+01
9FEI_1_model	7MQQ_1_model	68	2.105E-01	1.164E+01
9FEI_1_model	4Z4A_1_model	58	2.895E-01	1.148E+01
9FEI_1_model	9FYC_2_model	71	2.005E-01	1.495E+01
9FEI_1_model	6SGO_1_model	43	4.472E-01	6.309E+00
9FEI_1_model	4BJN_1_model	69	3.300E-01	8.786E+00
9FEI_1_model	4GVB_2_model	103	1.556E-01	1.365E+01
9FEI_1_model	6FMB_1_model	99	1.993E-01	1.554E+01
9FEI_1_model	7T6A_1_model	83	2.750E-01	1.221E+01
9FEI_1_model	6R5J_1_model	75	2.232E-01	1.582E+01
9FEI_1_model	7NMM_2_model	102	2.003E-01	1.617E+01
9FEI_1_model	7ZKD_1_model	64	1.220E-01	1.566E+01
9FEI_1_model	7AD5_1_model	31	6.653E-01	4.317E+00
9FEI_1_model	2OPC_1_model	108	1.649E-01	1.181E+01
9FEI_1_model	4FPQ_1_model	95	2.599E-01	9.426E+00
9FEI_1_model	4FPR_1_model	91	1.868E-01	1.636E+01
9FEI_1_model	2N37_1_model	38	2.303E-01	1.267E+01
9FEI_1_model	6Q76_2_model	38	2.338E-01	1.248E+01
9FEI_1_model	4GVB_1_model	13	4.665E-01	2.221E+00
9FEI_1_model	7NLJ_2_model	18	4.475E-01	3.482E+00
9FEI_1_model	8R7A_2_model	74	2.011E-01	1.230E+01
9FEI_1_model	2MM0_1_model	55	1.820E-01	1.243E+01
9FEI_1_model	5Z1V_1_model	81	1.456E-01	1.131E+01
9FEI_1_model	2MM2_1_model	53	1.637E-01	1.073E+01
9FEI_1_model	5VJJ_1_model	58	1.622E-01	1.443E+01
9FEI_1_model	8C8A_1_model	35	1.894E-01	1.094E+01
4B8V_1_model	4B8V_1_model	228	1.004E+00	1.632E-02
4B8V_1_model	4B9H_1_model	228	1.000E+00	4.188E-01
4B8V_1_model	6Q40_1_model	81	7.630E-01	5.019E+00
4B8V_1_model	5XMZ_1_model	43	3.399E-01	8.112E+00
4B8V_1_model	8EB9_1_model	47	2.988E-01	7.299E+00
4B8V_1_model	7T69_1_model	231	1.644E-01	2.136E+01
4B8V_1_model	7ZKD_1_model	37	2.819E-01	1.214E+01
4B8V_1_model	8R7A_2_model	30	2.720E-01	1.084E+01
4B8V_1_model	6WES_1_model	24	2.522E-01	7.920E+00
4B8V_1_model	6BN0_1_model	33	2.437E-01	7.030E+00
4B8V_1_model	4GVB_2_model	116	1.964E-01	1.384E+01
4B8V_1_model	5OD4_1_model	36	2.487E-01	1.007E+01
4B8V_1_model	8EBB_1_model	33	3.008E-01	7.611E+00
4B8V_1_model	2MYV_1_model	44	2.474E-01	2.093E+01
4B8V_1_model	4Z4A_1_model	15	4.100E-01	2.107E+00
4B8V_1_model	4FPR_1_model	142	1.603E-01	2.048E+01
4B8V_1_model	8ACX_1_model	25	2.839E-01	4.247E+00
4B8V_1_model	7T6A_1_model	34	2.371E-01	9.961E+00
4B8V_1_model	1FN8_1_model	47	1.702E-01	1.184E+01
4B8V_1_model	1ZLD_1_model	12	3.239E-01	3.809E+00
4B8V_1_model	1ZLE_1_model	12	3.040E-01	3.769E+00
4B8V_1_model	6ZUS_1_model	139	1.530E-01	1.668E+01
4BJN_1_model	4BJN_1_model	244	1.004E+00	6.830E-03
4BJN_1_model	4BJM_1_model	239	8.671E-01	4.989E+00
4BJN_1_model	5LOS_1_model	141	3.423E-01	1.527E+01
4BJN_1_model	7XC2_2_model	134	4.162E-01	1.141E+01
4BJN_1_model	7XVG_2_model	158	3.462E-01	1.145E+01
4BJN_1_model	5FNO_1_model	64	4.035E-01	1.319E+01
4BJN_1_model	9FEI_1_model	26	5.844E-01	4.581E+00
4BJN_1_model	7XDS_1_model	125	4.103E-01	1.121E+01
4BJN_1_model	7XE0_2_model	125	4.103E-01	1.121E+01
8OXH_1_model	8OXH_1_model	93	1.011E+00	0.000E+00
8OXH_1_model	8OXL_1_model	95	7.272E-01	3.331E+00
8OXH_1_model	6FMB_1_model	108	5.356E-01	5.447E+00
8OXH_1_model	8OXI_1_model	103	5.612E-01	6.213E+00
8OXH_1_model	5OD4_1_model	101	2.752E-01	1.133E+01
8OXH_1_model	8R7A_2_model	70	3.654E-01	1.285E+01
8OXH_1_model	8OXK_1_model	84	2.963E-01	1.292E+01
8OXH_1_model	9FYC_2_model	70	2.151E-01	1.245E+01
8OXH_1_model	6WES_1_model	136	2.500E-01	1.664E+01
8OXH_1_model	5VJJ_1_model	69	3.991E-01	5.562E+00
8OXH_1_model	6SGO_1_model	55	3.106E-01	5.620E+00
8OXH_1_model	5Z1V_1_model	70	2.250E-01	1.350E+01
8OXH_1_model	8OXJ_1_model	47	4.954E-01	6.209E+00
8OXH_1_model	5XMZ_1_model	116	2.791E-01	1.252E+01
8OXH_1_model	7T6A_1_model	70	2.860E-01	8.830E+00
8OXH_1_model	9FEI_1_model	115	1.788E-01	1.373E+01
8OXH_1_model	7ZKD_1_model	83	2.155E-01	9.862E+00
8OXH_1_model	7NLJ_2_model	72	2.118E-01	1.266E+01
8OXH_1_model	7NMM_2_model	83	1.856E-01	1.268E+01
8OXH_1_model	7MQQ_1_model	94	1.708E-01	1.274E+01
8OXH_1_model	4FPQ_1_model	86	2.183E-01	1.103E+01
8OXH_1_model	8C8A_1_model	61	3.905E-01	1.371E+01
8OXH_1_model	1KPT_1_model	83	1.674E-01	1.202E+01
8OXH_1_model	8V1J_1_model	62	2.011E-01	1.018E+01
8OXH_1_model	8DP8_1_model	115	2.124E-01	1.200E+01
8OXH_1_model	6BN0_1_model	21	2.554E-01	4.148E+00
8OXH_1_model	2LW6_1_model	107	2.889E-01	1.164E+01
8OXH_1_model	6FUB_1_model	77	2.221E-01	1.038E+01
8OXH_1_model	6G11_1_model	77	2.222E-01	1.038E+01
8OXH_1_model	8ACX_1_model	73	2.702E-01	6.929E+00
8OXH_1_model	8DP9_1_model	81	2.131E-01	1.231E+01
8OXH_1_model	5FNO_1_model	60	2.355E-01	1.263E+01
8OXH_1_model	5A6W_2_model	82	2.131E-01	1.036E+01
8OXH_1_model	6FU9_2_model	82	2.130E-01	1.037E+01
8OXH_1_model	6G10_2_model	82	2.131E-01	1.037E+01
8OXH_1_model	7A8X_2_model	71	2.137E-01	1.299E+01
8OXH_1_model	7B1I_2_model	40	3.272E-01	6.651E+00
8OXH_1_model	8EB9_1_model	92	1.967E-01	1.398E+01
8OXH_1_model	2MYW_1_model	101	2.024E-01	9.420E+00
8OXH_1_model	7T69_1_model	102	1.718E-01	1.438E+01
8OXH_1_model	2MM2_1_model	42	3.032E-01	5.097E+00
8OXH_1_model	6FUD_2_model	77	2.227E-01	1.040E+01
8OXH_1_model	2QVT_1_model	73	1.698E-01	1.188E+01
8OXH_1_model	7ZK0_1_model	60	1.609E-01	1.260E+01
2MYV_1_model	2MYV_1_model	98	1.010E+00	8.161E-03
2MYV_1_model	5ZNG_2_model	69	8.535E-01	4.934E+00
2MYV_1_model	7NMM_2_model	63	7.932E-01	2.490E+00
2MYV_1_model	7NLJ_2_model	63	7.834E-01	2.592E+00
2MYV_1_model	5A6W_2_model	63	7.088E-01	2.832E+00
2MYV_1_model	6FU9_2_model	63	7.088E-01	2.831E+00
2MYV_1_model	6G10_2_model	63	7.089E-01	2.831E+00
2MYV_1_model	7B1I_2_model	63	7.125E-01	2.815E+00
2MYV_1_model	6FUB_1_model	63	7.337E-01	2.812E+00
2MYV_1_model	6G11_1_model	63	7.337E-01	2.812E+00
2MYV_1_model	6FUD_2_model	63	7.109E-01	2.835E+00
2MYV_1_model	7A8X_2_model	63	7.093E-01	2.841E+00
2MYV_1_model	5JHJ_1_model	99	3.481E-01	1.102E+01
2MYV_1_model	2MYW_1_model	99	3.325E-01	1.086E+01
2MYV_1_model	8C8A_1_model	123	5.704E-01	1.598E+01
2MYV_1_model	7ZJY_1_model	52	6.761E-01	3.303E+00
2MYV_1_model	6R5J_1_model	62	7.615E-01	2.646E+00
2MYV_1_model	2MM0_1_model	62	7.374E-01	3.039E+00
2MYV_1_model	7ZK0_1_model	65	6.790E-01	3.617E+00
2MYV_1_model	7ZKD_1_model	100	4.068E-01	9.890E+00
2MYV_1_model	2MM2_1_model	63	7.145E-01	3.203E+00
2MYV_1_model	5Z1V_1_model	53	7.000E-01	2.902E+00
2MYV_1_model	2N37_1_model	64	5.258E-01	4.312E+00
2MYV_1_model	6Q76_2_model	64	5.262E-01	4.310E+00
2MYV_1_model	8R7A_2_model	79	4.986E-01	1.091E+01
2MYV_1_model	2LW6_1_model	67	4.392E-01	9.171E+00
2MYV_1_model	7MQQ_1_model	45	2.895E-01	9.641E+00
2MYV_1_model	4GVB_1_model	73	3.990E-01	6.382E+00
2MYV_1_model	2OPC_1_model	77	2.549E-01	9.023E+00
2MYV_1_model	5FID_1_model	56	2.930E-01	9.329E+00
2MYV_1_model	2QVT_1_model	79	3.095E-01	1.121E+01
2MYV_1_model	8EBB_1_model	20	3.037E-01	3.692E+00
2MYV_1_model	4GVB_2_model	12	7.244E-01	1.332E+00
2MYV_1_model	5VJJ_1_model	24	2.415E-01	8.352E+00
2MYV_1_model	4Z4A_1_model	27	3.591E-01	5.949E+00
2MYV_1_model	6SGO_1_model	40	2.599E-01	1.368E+01
2MYV_1_model	1ZLE_1_model	17	3.588E-01	6.096E+00
2MYV_1_model	6ZUS_1_model	21	3.056E-01	1.080E+01
2MYV_1_model	7T69_1_model	27	3.218E-01	5.698E+00
2MYV_1_model	4FPQ_1_model	19	2.044E-01	6.091E+00
2MYV_1_model	5XMZ_1_model	85	1.818E-01	1.167E+01
8V1J_1_model	8V1J_1_model	120	1.008E+00	1.689E-03
8V1J_1_model	5VJJ_1_model	60	2.816E-01	7.690E+00
8V1J_1_model	7T69_1_model	102	3.129E-01	1.546E+01
8V1J_1_model	6SGO_1_model	102	2.436E-01	1.908E+01
8V1J_1_model	5XMZ_1_model	148	1.767E-01	2.039E+01
8V1J_1_model	7NLJ_2_model	31	3.353E-01	3.799E+00
8V1J_1_model	7NMM_2_model	31	3.427E-01	3.784E+00
8V1J_1_model	6ZUS_1_model	51	3.087E-01	1.000E+01
8V1J_1_model	8R7A_2_model	38	4.710E-01	7.359E+00
8V1J_1_model	6FUD_2_model	31	3.659E-01	3.668E+00
8V1J_1_model	7A8X_2_model	32	3.694E-01	3.682E+00
8V1J_1_model	8EBB_1_model	127	2.180E-01	1.215E+01
8V1J_1_model	5FNO_1_model	54	3.160E-01	7.835E+00
8V1J_1_model	8OXL_1_model	46	2.738E-01	1.087E+01
8V1J_1_model	6FUB_1_model	32	3.661E-01	3.677E+00
8V1J_1_model	6G11_1_model	32	3.661E-01	3.677E+00
8V1J_1_model	7ZKD_1_model	48	2.664E-01	1.054E+01
8V1J_1_model	8EB9_1_model	29	2.561E-01	4.816E+00
8V1J_1_model	6WES_1_model	136	1.492E-01	1.984E+01
8V1J_1_model	5Z1V_1_model	71	2.642E-01	9.447E+00
8V1J_1_model	4GVB_2_model	107	2.483E-01	1.991E+01
8V1J_1_model	7ZK0_1_model	43	2.059E-01	1.078E+01
8V1J_1_model	8OXH_1_model	54	3.249E-01	1.048E+01
8V1J_1_model	9FEI_1_model	59	3.549E-01	8.968E+00
8V1J_1_model	9FYC_2_model	62	2.113E-01	1.248E+01
8V1J_1_model	8C8A_1_model	42	3.088E-01	7.541E+00
8V1J_1_model	1ZLD_1_model	63	2.704E-01	1.156E+01
8V1J_1_model	4FPQ_1_model	45	2.676E-01	1.658E+01
8V1J_1_model	8DP8_1_model	36	3.317E-01	5.624E+00
8V1J_1_model	4GVB_1_model	51	2.726E-01	1.277E+01
8V1J_1_model	7T6A_1_model	98	2.546E-01	1.244E+01
2N37_1_model	2N37_1_model	66	1.015E+00	5.295E-03
2N37_1_model	6Q76_2_model	66	1.011E+00	2.558E-01
2N37_1_model	2MYW_1_model	66	1.012E+00	2.050E-01
2N37_1_model	5JHJ_1_model	66	1.012E+00	2.135E-01
2N37_1_model	7ZKD_1_model	63	6.200E-01	3.594E+00
2N37_1_model	6R5J_1_model	68	5.826E-01	3.853E+00
2N37_1_model	7ZK0_1_model	63	6.052E-01	3.751E+00
2N37_1_model	7NLJ_2_model	65	6.008E-01	4.695E+00
2N37_1_model	7NMM_2_model	65	6.002E-01	4.631E+00
2N37_1_model	7A8X_2_model	65	6.084E-01	3.857E+00
2N37_1_model	6FUD_2_model	65	6.070E-01	3.868E+00
2N37_1_model	5A6W_2_model	65	6.092E-01	3.868E+00
2N37_1_model	6FU9_2_model	65	6.092E-01	3.869E+00
2N37_1_model	6FUB_1_model	65	6.066E-01	3.867E+00
2N37_1_model	6G10_2_model	65	6.092E-01	3.868E+00
2N37_1_model	6G11_1_model	65	6.066E-01	3.868E+00
2N37_1_model	7B1I_2_model	65	6.102E-01	3.874E+00
2N37_1_model	2MM0_1_model	63	5.642E-01	3.762E+00
2N37_1_model	2MM2_1_model	63	5.446E-01	3.965E+00
2N37_1_model	5Z1V_1_model	64	6.228E-01	3.428E+00
2N37_1_model	2MYV_1_model	64	5.258E-01	4.312E+00
2N37_1_model	8C8A_1_model	71	5.016E-01	3.628E+00
2N37_1_model	7ZJY_1_model	67	3.929E-01	6.315E+00
2N37_1_model	5ZNG_2_model	67	4.566E-01	5.861E+00
2N37_1_model	8R7A_2_model	74	4.860E-01	4.866E+00
2N37_1_model	2LW6_1_model	72	3.596E-01	6.025E+00
2N37_1_model	1ZLD_1_model	40	3.766E-01	7.942E+00
2N37_1_model	1ZLE_1_model	63	2.529E-01	8.333E+00
2N37_1_model	2QVT_1_model	84	2.387E-01	1.018E+01
2N37_1_model	8OXL_1_model	83	2.415E-01	1.083E+01
2N37_1_model	8OXJ_1_model	65	3.026E-01	1.131E+01
2N37_1_model	6BN0_1_model	58	3.209E-01	9.804E+00
2N37_1_model	2OPC_1_model	83	2.528E-01	9.605E+00
2N37_1_model	8OXK_1_model	71	1.835E-01	1.026E+01
2N37_1_model	7MQQ_1_model	38	3.774E-01	5.018E+00
2N37_1_model	8OXI_1_model	49	2.661E-01	7.123E+00
2N37_1_model	5FID_1_model	67	2.175E-01	8.542E+00
2N37_1_model	8ACX_1_model	40	2.528E-01	8.935E+00
2N37_1_model	7T69_1_model	39	1.886E-01	8.363E+00
2N37_1_model	4GVB_1_model	27	2.528E-01	7.042E+00
2N37_1_model	4GVB_2_model	28	1.943E-01	9.704E+00
2N37_1_model	5XMZ_1_model	72	1.858E-01	1.346E+01
2N37_1_model	5FNO_1_model	42	1.990E-01	1.159E+01
8DP8_1_model	8DP8_1_model	148	1.007E+00	0.000E+00
8DP8_1_model	8DP9_1_model	148	9.768E-01	1.928E+00
8DP8_1_model	8OXL_1_model	40	4.169E-01	9.952E+00
8DP8_1_model	8OXK_1_model	36	3.614E-01	8.987E+00
8DP8_1_model	7ZK0_1_model	111	3.440E-01	9.247E+00
8DP8_1_model	7ZJY_1_model	27	5.094E-01	1.972E+00
8DP8_1_model	7NLJ_2_model	51	3.558E-01	9.340E+00
8DP8_1_model	7NMM_2_model	51	3.624E-01	9.310E+00
8DP8_1_model	8R7A_2_model	70	3.416E-01	8.711E+00
8DP8_1_model	8EB9_1_model	93	2.563E-01	1.056E+01
8DP8_1_model	5XMZ_1_model	98	2.301E-01	1.466E+01
8DP8_1_model	8EBB_1_model	31	4.313E-01	6.184E+00
8DP8_1_model	6BN0_1_model	34	1.959E-01	9.093E+00
8DP8_1_model	8OXH_1_model	115	2.124E-01	1.200E+01
8DP8_1_model	1KPT_1_model	89	2.210E-01	1.120E+01
8DP8_1_model	7MQQ_1_model	53	2.805E-01	1.025E+01
8DP8_1_model	4FPR_1_model	110	1.824E-01	1.336E+01
8DP8_1_model	5FID_1_model	156	1.411E-01	1.464E+01
8DP8_1_model	7ZKD_1_model	95	2.343E-01	1.381E+01
8DP8_1_model	1ZLE_1_model	59	2.100E-01	1.135E+01
8DP8_1_model	8V1J_1_model	59	2.696E-01	1.059E+01
8DP8_1_model	9FYC_2_model	12	4.969E-01	1.801E+00
8DP8_1_model	4FPQ_1_model	76	1.667E-01	1.250E+01
8DP8_1_model	8C8A_1_model	63	1.839E-01	1.067E+01
8DP8_1_model	1ZLD_1_model	58	1.850E-01	1.075E+01
8DP8_1_model	2OPC_1_model	45	2.043E-01	1.034E+01
8DP8_1_model	6ZUS_1_model	64	1.575E-01	1.084E+01
8DP8_1_model	8ACX_1_model	35	2.338E-01	9.067E+00
8DP8_1_model	2QVT_1_model	49	1.712E-01	9.502E+00
8DP8_1_model	7T69_1_model	88	2.226E-01	1.165E+01
8DP8_1_model	7AD5_1_model	19	1.946E-01	5.287E+00
7XVG_2_model	7XVG_2_model	441	1.002E+00	0.000E+00
7XVG_2_model	7XC2_2_model	439	4.568E-01	2.086E+01
7XVG_2_model	7XE0_2_model	554	4.327E-01	2.136E+01
7XVG_2_model	7XDS_1_model	554	4.327E-01	2.135E+01
7XVG_2_model	5FNO_1_model	334	1.223E-01	2.142E+01
7XVG_2_model	4BJN_1_model	275	1.667E-01	2.200E+01
7XVG_2_model	5LOS_1_model	116	1.816E-01	1.653E+01
7XVG_2_model	4BJM_1_model	269	1.608E-01	2.066E+01
8R7A_2_model	8R7A_2_model	145	1.007E+00	1.015E-02
8R7A_2_model	2LW6_1_model	73	6.033E-01	3.203E+00
8R7A_2_model	5Z1V_1_model	65	7.530E-01	2.965E+00
8R7A_2_model	7NLJ_2_model	63	7.395E-01	3.804E+00
8R7A_2_model	5A6W_2_model	59	7.805E-01	1.916E+00
8R7A_2_model	6FU9_2_model	59	7.805E-01	1.916E+00
8R7A_2_model	6G10_2_model	59	7.805E-01	1.916E+00
8R7A_2_model	7A8X_2_model	59	7.453E-01	2.161E+00
8R7A_2_model	7B1I_2_model	59	7.802E-01	1.916E+00
8R7A_2_model	7NMM_2_model	63	6.636E-01	4.465E+00
8R7A_2_model	6FUB_1_model	59	7.447E-01	2.164E+00
8R7A_2_model	6FUD_2_model	59	7.455E-01	2.158E+00
8R7A_2_model	6G11_1_model	59	7.446E-01	2.164E+00
8R7A_2_model	7ZKD_1_model	92	4.783E-01	1.134E+01
8R7A_2_model	6R5J_1_model	69	5.907E-01	4.242E+00
8R7A_2_model	7ZK0_1_model	83	4.478E-01	6.572E+00
8R7A_2_model	2MYW_1_model	86	4.342E-01	6.079E+00
8R7A_2_model	8C8A_1_model	143	2.845E-01	3.221E+01
8R7A_2_model	2MM0_1_model	63	6.279E-01	3.187E+00
8R7A_2_model	5JHJ_1_model	87	4.158E-01	6.165E+00
8R7A_2_model	5ZNG_2_model	77	5.034E-01	7.600E+00
8R7A_2_model	6Q76_2_model	71	4.868E-01	4.579E+00
8R7A_2_model	2N37_1_model	75	4.676E-01	4.941E+00
8R7A_2_model	2MM2_1_model	70	4.166E-01	4.658E+00
8R7A_2_model	2MYV_1_model	89	3.008E-01	1.269E+01
8R7A_2_model	5XMZ_1_model	119	2.027E-01	1.404E+01
8R7A_2_model	8OXH_1_model	70	3.446E-01	1.288E+01
8R7A_2_model	8OXL_1_model	60	2.971E-01	9.518E+00
8R7A_2_model	8V1J_1_model	38	4.710E-01	7.359E+00
8R7A_2_model	1KG1_1_model	75	3.635E-01	8.935E+00
8R7A_2_model	4GVB_2_model	91	1.543E-01	2.508E+01
8R7A_2_model	8OXK_1_model	79	2.282E-01	1.143E+01
8R7A_2_model	8EBB_1_model	65	2.509E-01	1.358E+01
8R7A_2_model	5VJJ_1_model	49	2.799E-01	9.862E+00
8R7A_2_model	4B8V_1_model	32	2.898E-01	1.128E+01
8R7A_2_model	6BN0_1_model	27	3.671E-01	8.838E+00
8R7A_2_model	6SGO_1_model	43	5.820E-01	4.197E+00
8R7A_2_model	7MQQ_1_model	99	2.139E-01	1.317E+01
8R7A_2_model	2QVT_1_model	115	1.941E-01	2.232E+01
8R7A_2_model	1FN8_1_model	33	2.783E-01	5.656E+00
8R7A_2_model	7ZJY_1_model	70	3.024E-01	7.597E+00
8R7A_2_model	8OXJ_1_model	53	2.838E-01	7.538E+00
8R7A_2_model	8OXI_1_model	64	1.750E-01	1.040E+01
8R7A_2_model	4B9H_1_model	34	2.352E-01	1.097E+01
8R7A_2_model	6WES_1_model	83	1.661E-01	1.412E+01
8R7A_2_model	9FEI_1_model	74	2.011E-01	1.230E+01
8R7A_2_model	7T6A_1_model	86	1.551E-01	1.478E+01
8R7A_2_model	5FNO_1_model	43	2.776E-01	9.891E+00
8R7A_2_model	4Z4A_1_model	27	1.632E-01	9.928E+00
7XDS_1_model	7XDS_1_model	575	1.002E+00	2.487E-02
7XDS_1_model	7XE0_2_model	575	1.002E+00	6.400E-02
7XDS_1_model	7XC2_2_model	433	4.481E-01	1.581E+01
7XDS_1_model	7XVG_2_model	419	4.533E-01	1.778E+01
8OXJ_1_model	8OXJ_1_model	98	1.010E+00	9.333E-03
8OXJ_1_model	8OXK_1_model	106	3.694E-01	1.222E+01
8OXJ_1_model	8OXL_1_model	95	2.728E-01	1.245E+01
8OXJ_1_model	9FEI_1_model	115	2.432E-01	9.904E+00
8OXJ_1_model	5FNO_1_model	13	8.514E-01	5.453E-01
8OXJ_1_model	8OXH_1_model	47	4.954E-01	6.209E+00
8OXJ_1_model	7NMM_2_model	100	1.910E-01	1.306E+01
8OXJ_1_model	4Z4A_1_model	53	2.163E-01	1.088E+01
8OXJ_1_model	2MM0_1_model	59	2.586E-01	1.052E+01
8OXJ_1_model	5Z1V_1_model	26	4.852E-01	5.735E+00
8OXJ_1_model	6Q76_2_model	43	2.526E-01	8.325E+00
8OXJ_1_model	5JHJ_1_model	92	2.173E-01	2.091E+01
8OXJ_1_model	2N37_1_model	43	2.499E-01	8.344E+00
8OXJ_1_model	5OD4_1_model	62	2.249E-01	1.294E+01
8OXJ_1_model	6R5J_1_model	71	2.252E-01	1.196E+01
8OXJ_1_model	2MYW_1_model	94	2.110E-01	2.321E+01
8OXJ_1_model	2MM2_1_model	56	2.751E-01	9.560E+00
8OXJ_1_model	4GVB_2_model	89	1.884E-01	1.316E+01
8OXJ_1_model	7NLJ_2_model	96	1.819E-01	1.241E+01
8OXJ_1_model	4GVB_1_model	28	3.168E-01	6.719E+00
8OXJ_1_model	8OXI_1_model	63	1.712E-01	9.653E+00
8OXJ_1_model	6ZUS_1_model	103	1.696E-01	1.488E+01
8OXJ_1_model	8R7A_2_model	71	2.186E-01	8.717E+00
8OXJ_1_model	8C8A_1_model	76	1.921E-01	1.084E+01
8OXJ_1_model	6WES_1_model	55	2.183E-01	1.214E+01
8OXJ_1_model	8EBB_1_model	48	2.631E-01	1.039E+01
8OXJ_1_model	4B8V_1_model	23	4.021E-01	7.382E+00
8OXJ_1_model	4B9H_1_model	23	4.022E-01	7.381E+00
8OXJ_1_model	2N4O_1_model	16	2.884E-01	4.198E+00
8OXJ_1_model	2MYV_1_model	52	1.952E-01	1.148E+01
8OXJ_1_model	7T6A_1_model	46	2.220E-01	8.771E+00
8OXJ_1_model	1FN8_1_model	69	1.928E-01	1.319E+01
4B9H_1_model	4B9H_1_model	228	1.004E+00	0.000E+00
4B9H_1_model	4B8V_1_model	228	1.000E+00	4.191E-01
4B9H_1_model	6Q40_1_model	77	8.023E-01	3.764E+00
4B9H_1_model	5XMZ_1_model	43	3.569E-01	7.641E+00
4B9H_1_model	8EB9_1_model	47	2.989E-01	7.298E+00
4B9H_1_model	7T69_1_model	231	1.643E-01	2.138E+01
4B9H_1_model	9FEI_1_model	64	3.344E-01	1.697E+01
4B9H_1_model	7ZKD_1_model	37	2.801E-01	1.220E+01
4B9H_1_model	5JHJ_1_model	47	3.343E-01	1.666E+01
4B9H_1_model	2MYV_1_model	41	3.139E-01	1.311E+01
4B9H_1_model	6WES_1_model	24	2.522E-01	7.920E+00
4B9H_1_model	8R7A_2_model	34	2.352E-01	1.097E+01
4B9H_1_model	6BN0_1_model	33	2.438E-01	7.031E+00
4B9H_1_model	4GVB_2_model	116	1.964E-01	1.385E+01
4B9H_1_model	8EBB_1_model	33	3.009E-01	7.613E+00
4B9H_1_model	4Z4A_1_model	15	4.102E-01	2.107E+00
4B9H_1_model	5OD4_1_model	36	2.487E-01	1.004E+01
4B9H_1_model	4FPR_1_model	142	1.603E-01	2.049E+01
4B9H_1_model	8ACX_1_model	25	2.840E-01	4.246E+00
4B9H_1_model	7T6A_1_model	34	2.371E-01	9.963E+00
4B9H_1_model	1FN8_1_model	47	1.702E-01	1.184E+01
4B9H_1_model	1ZLD_1_model	12	3.238E-01	3.809E+00
4B9H_1_model	1ZLE_1_model	12	3.039E-01	3.769E+00
4B9H_1_model	6ZUS_1_model	139	1.530E-01	1.668E+01
1ZLE_1_model	1ZLE_1_model	118	1.009E+00	4.590E-03
1ZLE_1_model	1ZLD_1_model	118	9.545E-01	1.360E+00
1ZLE_1_model	5OD4_1_model	119	5.666E-01	5.444E+00
1ZLE_1_model	2QVT_1_model	142	4.218E-01	1.271E+01
1ZLE_1_model	2OPC_1_model	120	4.041E-01	7.643E+00
1ZLE_1_model	7T6A_1_model	187	3.728E-01	1.451E+01
1ZLE_1_model	8EBB_1_model	120	2.073E-01	1.597E+01
1ZLE_1_model	7T69_1_model	96	2.074E-01	1.379E+01
1ZLE_1_model	2N37_1_model	63	2.529E-01	8.333E+00
1ZLE_1_model	6Q76_2_model	63	2.565E-01	8.302E+00
1ZLE_1_model	2MYW_1_model	15	3.072E-01	4.311E+00
1ZLE_1_model	5JHJ_1_model	15	3.032E-01	4.322E+00
1ZLE_1_model	5A6W_2_model	60	2.616E-01	1.386E+01
1ZLE_1_model	6FU9_2_model	60	2.617E-01	1.386E+01
1ZLE_1_model	6FUB_1_model	60	2.627E-01	1.387E+01
1ZLE_1_model	6FUD_2_model	60	2.620E-01	1.387E+01
1ZLE_1_model	6G10_2_model	60	2.617E-01	1.386E+01
1ZLE_1_model	6G11_1_model	60	2.627E-01	1.387E+01
1ZLE_1_model	7A8X_2_model	60	2.595E-01	1.386E+01
1ZLE_1_model	7B1I_2_model	60	2.627E-01	1.386E+01
1ZLE_1_model	8ACX_1_model	131	1.838E-01	8.741E+00
1ZLE_1_model	9FEI_1_model	85	1.992E-01	1.480E+01
1ZLE_1_model	7NLJ_2_model	61	2.543E-01	1.369E+01
1ZLE_1_model	9FYC_2_model	55	4.071E-01	1.030E+01
1ZLE_1_model	5FID_1_model	80	2.735E-01	1.316E+01
1ZLE_1_model	5ZNG_2_model	17	3.876E-01	6.071E+00
1ZLE_1_model	7NMM_2_model	61	2.645E-01	1.366E+01
1ZLE_1_model	6WES_1_model	155	1.105E-01	2.051E+01
1ZLE_1_model	4Z4A_1_model	20	2.788E-01	3.236E+00
1ZLE_1_model	8DP8_1_model	53	2.053E-01	1.124E+01
1ZLE_1_model	1FN8_1_model	99	1.954E-01	1.149E+01
1ZLE_1_model	8C8A_1_model	64	2.203E-01	1.243E+01
1ZLE_1_model	6SGO_1_model	72	2.120E-01	1.270E+01
1ZLE_1_model	6Q40_1_model	17	2.483E-01	3.102E+00
1ZLE_1_model	2N4O_1_model	14	3.016E-01	4.626E+00
1ZLE_1_model	8DP9_1_model	53	2.043E-01	1.112E+01
5FNO_1_model	5FNO_1_model	605	1.002E+00	1.020E-02
5FNO_1_model	6SGO_1_model	124	2.717E-01	1.244E+01
5FNO_1_model	8OXJ_1_model	13	8.514E-01	5.453E-01
5FNO_1_model	8OXK_1_model	14	8.093E-01	6.643E-01
5FNO_1_model	7XVG_2_model	320	1.453E-01	1.944E+01
5FNO_1_model	2LW6_1_model	46	3.921E-01	7.721E+00
5FNO_1_model	9FEI_1_model	143	1.948E-01	1.400E+01
5FNO_1_model	8V1J_1_model	54	3.160E-01	7.835E+00
5FNO_1_model	7T69_1_model	91	2.429E-01	1.169E+01
5FNO_1_model	31EE_1_model	98	1.786E-01	1.632E+01
5FNO_1_model	6BN0_1_model	92	2.389E-01	1.150E+01
5FNO_1_model	4GVB_1_model	74	2.942E-01	9.658E+00
5FNO_1_model	5XMZ_1_model	32	4.732E-01	3.673E+00
5FNO_1_model	6FMB_1_model	30	4.874E-01	4.549E+00
5FNO_1_model	4BJM_1_model	316	1.583E-01	2.253E+01
5FNO_1_model	7XC2_2_model	145	1.995E-01	2.149E+01
5FNO_1_model	7XDS_1_model	214	2.077E-01	1.875E+01
5FNO_1_model	7XE0_2_model	214	2.077E-01	1.875E+01
5FNO_1_model	5VJJ_1_model	13	4.145E-01	1.689E+00
5FNO_1_model	7NMM_2_model	28	3.904E-01	6.394E+00
5FNO_1_model	2OPC_1_model	44	2.365E-01	1.197E+01
5FNO_1_model	5OD4_1_model	63	1.987E-01	1.153E+01
5FNO_1_model	7EAU_1_model	22	2.539E-01	1.036E+01
5FNO_1_model	2MM0_1_model	39	3.048E-01	1.017E+01
5FNO_1_model	6R5J_1_model	36	3.004E-01	6.066E+00
5FNO_1_model	7NLJ_2_model	34	3.576E-01	8.501E+00
5FNO_1_model	8OXH_1_model	60	2.355E-01	1.263E+01
5FNO_1_model	7ZKD_1_model	45	2.172E-01	1.291E+01
5FNO_1_model	1KPT_1_model	39	2.088E-01	1.352E+01
5FNO_1_model	5LOS_1_model	87	2.656E-01	1.548E+01
5FNO_1_model	4Z4A_1_model	95	1.915E-01	1.098E+01
5FNO_1_model	8ACX_1_model	37	3.909E-01	1.016E+01
5FNO_1_model	8EBB_1_model	57	1.661E-01	1.643E+01
5FNO_1_model	8EB9_1_model	24	3.258E-01	1.385E+01
5FNO_1_model	7MQQ_1_model	57	2.147E-01	1.320E+01
5FNO_1_model	2QVT_1_model	120	1.761E-01	1.440E+01
5FNO_1_model	1FN8_1_model	53	1.526E-01	1.087E+01
7NMM_2_model	7NMM_2_model	95	1.011E+00	1.767E-03
7NMM_2_model	7NLJ_2_model	93	9.748E-01	1.205E+00
7NMM_2_model	6FU9_2_model	81	9.753E-01	8.044E-01
7NMM_2_model	6G10_2_model	81	9.753E-01	8.050E-01
7NMM_2_model	5A6W_2_model	81	9.753E-01	8.051E-01
7NMM_2_model	6FUB_1_model	81	9.786E-01	7.699E-01
7NMM_2_model	6G11_1_model	81	9.786E-01	7.696E-01
7NMM_2_model	7B1I_2_model	81	9.773E-01	7.887E-01
7NMM_2_model	7A8X_2_model	95	8.703E-01	7.433E+00
7NMM_2_model	6FUD_2_model	95	8.742E-01	7.705E+00
7NMM_2_model	7ZK0_1_model	64	7.553E-01	2.599E+00
7NMM_2_model	6R5J_1_model	62	7.513E-01	2.332E+00
7NMM_2_model	5ZNG_2_model	58	7.923E-01	2.385E+00
7NMM_2_model	8C8A_1_model	68	7.700E-01	2.806E+00
7NMM_2_model	2MYV_1_model	96	5.748E-01	2.715E+01
7NMM_2_model	2MM0_1_model	63	8.050E-01	1.941E+00
7NMM_2_model	5Z1V_1_model	64	6.855E-01	8.401E+00
7NMM_2_model	2MM2_1_model	64	7.863E-01	1.996E+00
7NMM_2_model	7ZKD_1_model	65	6.853E-01	3.602E+00
7NMM_2_model	2LW6_1_model	73	6.695E-01	4.314E+00
7NMM_2_model	2N37_1_model	65	6.002E-01	4.631E+00
7NMM_2_model	8R7A_2_model	85	5.478E-01	2.042E+01
7NMM_2_model	6Q76_2_model	67	5.895E-01	5.724E+00
7NMM_2_model	2MYW_1_model	95	4.387E-01	2.890E+01
7NMM_2_model	5JHJ_1_model	95	4.395E-01	2.837E+01
7NMM_2_model	7ZJY_1_model	61	6.344E-01	3.562E+00
7NMM_2_model	8OXL_1_model	43	4.124E-01	5.401E+00
7NMM_2_model	8EBB_1_model	63	3.532E-01	6.658E+00
7NMM_2_model	1FN8_1_model	83	3.728E-01	9.325E+00
7NMM_2_model	8V1J_1_model	31	3.427E-01	3.784E+00
7NMM_2_model	5XMZ_1_model	88	1.528E-01	2.078E+01
7NMM_2_model	7T6A_1_model	84	2.679E-01	1.402E+01
7NMM_2_model	9FYC_2_model	87	2.376E-01	1.408E+01
7NMM_2_model	5FNO_1_model	40	2.472E-01	1.380E+01
7NMM_2_model	8OXH_1_model	70	2.161E-01	1.300E+01
7NMM_2_model	8OXJ_1_model	101	1.923E-01	1.204E+01
7NMM_2_model	8DP8_1_model	51	3.624E-01	9.310E+00
7NMM_2_model	6SGO_1_model	31	4.832E-01	1.273E+01
7NMM_2_model	8OXK_1_model	75	2.130E-01	9.096E+00
7NMM_2_model	1KPT_1_model	29	2.282E-01	6.349E+00
7NMM_2_model	5OD4_1_model	79	2.213E-01	1.087E+01
7NMM_2_model	6BN0_1_model	31	2.605E-01	1.071E+01
7NMM_2_model	1ZLD_1_model	58	2.446E-01	1.271E+01
7NMM_2_model	5FID_1_model	116	2.347E-01	1.356E+01
7NMM_2_model	8ACX_1_model	44	3.550E-01	5.376E+00
7NMM_2_model	8DP9_1_model	53	2.373E-01	8.370E+00
7NMM_2_model	6ZUS_1_model	62	2.119E-01	1.195E+01
7NMM_2_model	2N4O_1_model	114	1.274E-01	1.161E+01
7NMM_2_model	7MQQ_1_model	90	3.011E-01	1.127E+01
7NMM_2_model	9FEI_1_model	102	2.003E-01	1.617E+01
7NMM_2_model	7T69_1_model	89	1.818E-01	1.294E+01
6G10_2_model	5A6W_2_model	93	1.011E+00	1.241E-02
6G10_2_model	6FU9_2_model	93	1.011E+00	1.499E-02
6G10_2_model	6G10_2_model	93	1.011E+00	0.000E+00
6G10_2_model	7A8X_2_model	93	9.734E-01	1.128E+00
6G10_2_model	6FUB_1_model	93	9.458E-01	1.282E+00
6G10_2_model	6G11_1_model	93	9.455E-01	1.282E+00
6G10_2_model	6FUD_2_model	93	9.610E-01	1.204E+00
6G10_2_model	7B1I_2_model	93	8.850E-01	6.625E+00
6G10_2_model	7NLJ_2_model	81	9.947E-01	5.475E-01
6G10_2_model	7NMM_2_model	81	9.753E-01	8.050E-01
6G10_2_model	6R5J_1_model	62	7.327E-01	2.435E+00
6G10_2_model	2MYV_1_model	63	7.089E-01	2.831E+00
6G10_2_model	8C8A_1_model	73	7.227E-01	5.546E+00
6G10_2_model	7ZK0_1_model	64	7.225E-01	2.755E+00
6G10_2_model	2MM0_1_model	63	7.750E-01	2.232E+00
6G10_2_model	2MM2_1_model	63	7.528E-01	2.268E+00
6G10_2_model	5ZNG_2_model	62	6.818E-01	3.268E+00
6G10_2_model	5Z1V_1_model	51	7.806E-01	1.973E+00
6G10_2_model	2LW6_1_model	72	6.534E-01	4.642E+00
6G10_2_model	8R7A_2_model	59	7.805E-01	1.916E+00
6G10_2_model	7ZKD_1_model	65	5.762E-01	4.424E+00
6G10_2_model	2N37_1_model	65	6.092E-01	3.868E+00
6G10_2_model	6Q76_2_model	67	5.935E-01	5.272E+00
6G10_2_model	5JHJ_1_model	69	5.325E-01	6.125E+00
6G10_2_model	2MYW_1_model	94	4.428E-01	2.224E+01
6G10_2_model	7ZJY_1_model	66	5.642E-01	5.096E+00
6G10_2_model	8OXL_1_model	43	3.566E-01	5.112E+00
6G10_2_model	6SGO_1_model	31	4.758E-01	1.317E+01
6G10_2_model	5XMZ_1_model	94	1.457E-01	1.841E+01
6G10_2_model	8EBB_1_model	63	4.131E-01	7.407E+00
6G10_2_model	6FMB_1_model	49	2.243E-01	1.030E+01
6G10_2_model	8ACX_1_model	29	3.495E-01	5.438E+00
6G10_2_model	1ZLE_1_model	61	2.578E-01	1.378E+01
6G10_2_model	5FID_1_model	61	4.001E-01	5.664E+00
6G10_2_model	9FYC_2_model	51	3.728E-01	9.004E+00
6G10_2_model	7T6A_1_model	57	3.146E-01	6.884E+00
6G10_2_model	5VJJ_1_model	32	2.526E-01	1.100E+01
6G10_2_model	1KPT_1_model	29	2.294E-01	6.538E+00
6G10_2_model	8OXK_1_model	70	2.943E-01	8.965E+00
6G10_2_model	1ZLD_1_model	57	2.569E-01	1.353E+01
6G10_2_model	4Z4A_1_model	31	3.067E-01	1.071E+01
6G10_2_model	6ZUS_1_model	53	2.405E-01	1.186E+01
6G10_2_model	1FN8_1_model	61	1.764E-01	1.074E+01
6G10_2_model	6QPK_1_model	18	2.719E-01	4.724E+00
6G10_2_model	8OXH_1_model	75	2.317E-01	1.344E+01
6G10_2_model	7MQQ_1_model	40	2.520E-01	7.646E+00
6G10_2_model	5OD4_1_model	72	2.314E-01	9.027E+00
8EB9_1_model	8EB9_1_model	95	1.011E+00	6.857E-03
8EB9_1_model	4B8V_1_model	50	3.174E-01	7.765E+00
8EB9_1_model	4B9H_1_model	50	3.173E-01	7.764E+00
8EB9_1_model	7MQQ_1_model	61	3.597E-01	1.058E+01
8EB9_1_model	8DP9_1_model	93	2.567E-01	1.072E+01
8EB9_1_model	6SGO_1_model	91	2.460E-01	1.335E+01
8EB9_1_model	5OD4_1_model	114	1.319E-01	1.170E+01
8EB9_1_model	4GVB_2_model	18	4.131E-01	4.138E+00
8EB9_1_model	8V1J_1_model	30	2.540E-01	5.644E+00
8EB9_1_model	5FID_1_model	17	6.250E-01	1.047E+00
8EB9_1_model	8DP8_1_model	93	2.563E-01	1.056E+01
8EB9_1_model	5XMZ_1_model	71	2.701E-01	1.387E+01
8EB9_1_model	5Z1V_1_model	18	4.190E-01	2.607E+00
8EB9_1_model	8OXL_1_model	21	2.784E-01	3.545E+00
8EB9_1_model	8ACX_1_model	50	4.061E-01	7.504E+00
8EB9_1_model	8C8A_1_model	25	2.372E-01	4.228E+00
8EB9_1_model	7T6A_1_model	102	3.005E-01	1.163E+01
8EB9_1_model	7ZK0_1_model	55	3.175E-01	7.450E+00
8EB9_1_model	8EBB_1_model	71	2.090E-01	1.005E+01
8EB9_1_model	5ZNG_2_model	11	4.695E-01	1.876E+00
8EB9_1_model	6Q40_1_model	65	2.247E-01	9.948E+00
8EB9_1_model	8OXH_1_model	92	1.967E-01	1.398E+01
8EB9_1_model	2N4O_1_model	44	2.365E-01	5.709E+00
8EB9_1_model	2OPC_1_model	17	2.018E-01	5.279E+00
8EB9_1_model	2QVT_1_model	17	1.980E-01	5.264E+00
8EB9_1_model	6WES_1_model	23	2.466E-01	4.021E+00
8EB9_1_model	5FNO_1_model	24	3.258E-01	1.385E+01
4FPQ_1_model	4FPQ_1_model	131	1.008E+00	9.020E-03
4FPQ_1_model	4FPR_1_model	131	7.935E-01	4.325E+00
4FPQ_1_model	6ZUS_1_model	146	4.189E-01	8.684E+00
4FPQ_1_model	4GVB_2_model	76	2.717E-01	9.773E+00
4FPQ_1_model	6SGO_1_model	49	3.512E-01	8.975E+00
4FPQ_1_model	6BN0_1_model	21	2.331E-01	5.450E+00
4FPQ_1_model	4GVB_1_model	107	2.354E-01	1.224E+01
4FPQ_1_model	8OXH_1_model	86	2.183E-01	1.103E+01
4FPQ_1_model	8DP9_1_model	38	2.626E-01	8.648E+00
4FPQ_1_model	8EBB_1_model	101	1.597E-01	1.700E+01
4FPQ_1_model	2OPC_1_model	15	4.536E-01	4.543E+00
4FPQ_1_model	8ACX_1_model	128	1.897E-01	1.503E+01
4FPQ_1_model	8DP8_1_model	72	1.667E-01	1.252E+01
4FPQ_1_model	7NMM_2_model	104	1.995E-01	1.028E+01
4FPQ_1_model	5OD4_1_model	16	3.392E-01	3.392E+00
4FPQ_1_model	5FID_1_model	12	6.683E-01	2.672E+00
4FPQ_1_model	2QVT_1_model	15	4.708E-01	4.525E+00
4FPQ_1_model	7T6A_1_model	89	2.665E-01	1.439E+01
4FPQ_1_model	2MYV_1_model	19	2.044E-01	6.091E+00
4FPQ_1_model	7T69_1_model	102	1.336E-01	1.748E+01
4Z4A_1_model	4Z4A_1_model	121	1.008E+00	0.000E+00
4Z4A_1_model	6BN0_1_model	75	9.256E-01	1.436E+00
4Z4A_1_model	8EBB_1_model	33	5.956E-01	3.966E+00
4Z4A_1_model	7T69_1_model	29	6.283E-01	3.033E+00
4Z4A_1_model	7ZJY_1_model	27	3.475E-01	4.780E+00
4Z4A_1_model	6FUB_1_model	31	3.047E-01	1.066E+01
4Z4A_1_model	6G11_1_model	31	3.048E-01	1.066E+01
4Z4A_1_model	8OXJ_1_model	53	2.163E-01	1.088E+01
4Z4A_1_model	5XMZ_1_model	23	3.123E-01	4.248E+00
4Z4A_1_model	2MYV_1_model	24	3.946E-01	4.056E+00
4Z4A_1_model	9FYC_2_model	26	3.923E-01	3.584E+00
4Z4A_1_model	5A6W_2_model	31	3.069E-01	1.071E+01
4Z4A_1_model	6FU9_2_model	31	3.069E-01	1.071E+01
4Z4A_1_model	6G10_2_model	31	3.067E-01	1.071E+01
4Z4A_1_model	7B1I_2_model	31	3.008E-01	1.066E+01
4Z4A_1_model	8OXI_1_model	72	1.937E-01	9.956E+00
4Z4A_1_model	2QVT_1_model	60	2.483E-01	1.120E+01
4Z4A_1_model	4B8V_1_model	15	4.100E-01	2.107E+00
4Z4A_1_model	4B9H_1_model	15	4.102E-01	2.107E+00
4Z4A_1_model	8OXH_1_model	24	2.664E-01	4.724E+00
4Z4A_1_model	1ZLD_1_model	27	3.196E-01	6.490E+00
4Z4A_1_model	1ZLE_1_model	20	2.788E-01	3.236E+00
4Z4A_1_model	5FID_1_model	36	2.302E-01	7.558E+00
4Z4A_1_model	8R7A_2_model	27	1.632E-01	9.928E+00
4Z4A_1_model	9FEI_1_model	45	3.258E-01	6.774E+00
4Z4A_1_model	8V1J_1_model	64	1.502E-01	1.370E+01
4Z4A_1_model	4FPR_1_model	18	1.698E-01	5.776E+00
1FN8_1_model	1FN8_1_model	224	1.004E+00	5.780E-03
1FN8_1_model	8C8A_1_model	48	3.861E-01	5.199E+00
1FN8_1_model	2MM2_1_model	78	3.528E-01	9.931E+00
1FN8_1_model	7NMM_2_model	76	3.940E-01	8.970E+00
1FN8_1_model	7NLJ_2_model	76	3.883E-01	8.965E+00
1FN8_1_model	5XMZ_1_model	71	2.504E-01	7.561E+00
1FN8_1_model	6R5J_1_model	60	4.961E-01	7.939E+00
1FN8_1_model	5FID_1_model	128	1.368E-01	1.468E+01
1FN8_1_model	2MYW_1_model	84	2.419E-01	7.518E+00
1FN8_1_model	7MQQ_1_model	94	2.365E-01	9.867E+00
1FN8_1_model	1ZLE_1_model	102	1.984E-01	1.161E+01
1FN8_1_model	4GVB_1_model	43	2.989E-01	8.553E+00
1FN8_1_model	1ZLD_1_model	72	2.288E-01	1.106E+01
1FN8_1_model	4FPR_1_model	11	5.098E-01	2.815E+00
1FN8_1_model	7ZJY_1_model	31	3.592E-01	4.858E+00
1FN8_1_model	2N37_1_model	89	1.966E-01	9.467E+00
1FN8_1_model	6Q76_2_model	92	1.735E-01	9.899E+00
1FN8_1_model	5JHJ_1_model	84	3.075E-01	7.243E+00
1FN8_1_model	2LW6_1_model	83	2.062E-01	1.011E+01
1FN8_1_model	7B1I_2_model	53	1.699E-01	1.082E+01
1FN8_1_model	6FMB_1_model	53	2.111E-01	9.584E+00
1FN8_1_model	8R7A_2_model	34	2.727E-01	5.759E+00
1FN8_1_model	4GVB_2_model	33	1.878E-01	8.949E+00
1FN8_1_model	5A6W_2_model	53	1.712E-01	1.082E+01
1FN8_1_model	6FU9_2_model	53	1.712E-01	1.082E+01
1FN8_1_model	6FUD_2_model	62	1.557E-01	1.085E+01
1FN8_1_model	6G10_2_model	53	1.713E-01	1.082E+01
1FN8_1_model	2MYV_1_model	10	3.542E-01	2.418E+00
1FN8_1_model	7AD5_1_model	9	4.522E-01	2.249E+00
1FN8_1_model	5OD4_1_model	93	1.783E-01	9.417E+00
1FN8_1_model	4B8V_1_model	13	3.018E-01	2.953E+00
1FN8_1_model	4B9H_1_model	13	3.018E-01	2.952E+00
5OD4_1_model	5OD4_1_model	128	1.008E+00	0.000E+00
5OD4_1_model	1ZLD_1_model	115	6.364E-01	4.226E+00
5OD4_1_model	1ZLE_1_model	116	6.011E-01	5.443E+00
5OD4_1_model	2OPC_1_model	123	2.865E-01	1.313E+01
5OD4_1_model	2QVT_1_model	122	2.991E-01	1.199E+01
5OD4_1_model	8EBB_1_model	118	2.245E-01	1.493E+01
5OD4_1_model	7T6A_1_model	96	2.320E-01	1.698E+01
5OD4_1_model	7ZK0_1_model	64	4.508E-01	9.237E+00
5OD4_1_model	7T69_1_model	123	2.762E-01	1.732E+01
5OD4_1_model	6SGO_1_model	99	3.244E-01	1.042E+01
5OD4_1_model	8OXH_1_model	101	2.752E-01	1.133E+01
5OD4_1_model	7MQQ_1_model	110	2.364E-01	1.243E+01
5OD4_1_model	8OXL_1_model	104	2.707E-01	1.299E+01
5OD4_1_model	5FID_1_model	65	3.555E-01	8.844E+00
5OD4_1_model	1KG1_1_model	54	2.621E-01	6.844E+00
5OD4_1_model	2LW6_1_model	79	3.333E-01	5.362E+00
5OD4_1_model	9FEI_1_model	95	1.567E-01	1.555E+01
5OD4_1_model	7ZJY_1_model	71	2.104E-01	8.331E+00
5OD4_1_model	2MYV_1_model	67	3.423E-01	9.037E+00
5OD4_1_model	8EB9_1_model	114	1.319E-01	1.170E+01
5OD4_1_model	8OXK_1_model	100	2.440E-01	1.278E+01
5OD4_1_model	5ZNG_2_model	30	6.016E-01	4.616E+00
5OD4_1_model	9FYC_2_model	86	1.496E-01	1.048E+01
5OD4_1_model	5Z1V_1_model	67	2.069E-01	1.200E+01
5OD4_1_model	6BN0_1_model	53	2.290E-01	9.843E+00
5OD4_1_model	7NLJ_2_model	72	2.449E-01	9.733E+00
5OD4_1_model	7NMM_2_model	76	2.762E-01	1.062E+01
5OD4_1_model	4FPR_1_model	89	2.916E-01	1.586E+01
5OD4_1_model	6ZUS_1_model	93	2.516E-01	1.567E+01
5OD4_1_model	8ACX_1_model	155	1.440E-01	1.523E+01
5OD4_1_model	8C8A_1_model	73	2.117E-01	1.785E+01
5OD4_1_model	5FNO_1_model	63	1.987E-01	1.153E+01
5OD4_1_model	5VJJ_1_model	43	1.900E-01	1.027E+01
5OD4_1_model	5JHJ_1_model	49	3.048E-01	1.222E+01
5OD4_1_model	8OXJ_1_model	62	2.249E-01	1.294E+01
5OD4_1_model	4FPQ_1_model	90	2.461E-01	1.568E+01
5OD4_1_model	6WES_1_model	91	2.049E-01	1.552E+01
5OD4_1_model	2N37_1_model	49	3.014E-01	1.194E+01
5OD4_1_model	6Q76_2_model	51	2.923E-01	1.253E+01
5OD4_1_model	4B8V_1_model	38	2.105E-01	1.010E+01
6FUD_2_model	6FUD_2_model	93	1.011E+00	0.000E+00
6FUD_2_model	6FUB_1_model	93	9.874E-01	7.702E-01
6FUD_2_model	6G11_1_model	93	9.864E-01	7.917E-01
6FUD_2_model	7A8X_2_model	93	9.844E-01	7.948E-01
6FUD_2_model	5A6W_2_model	93	9.606E-01	1.214E+00
6FUD_2_model	6FU9_2_model	93	9.606E-01	1.210E+00
6FUD_2_model	6G10_2_model	93	9.610E-01	1.204E+00
6FUD_2_model	7B1I_2_model	93	8.902E-01	6.456E+00
6FUD_2_model	7NLJ_2_model	81	9.970E-01	5.073E-01
6FUD_2_model	7NMM_2_model	81	9.791E-01	7.617E-01
6FUD_2_model	6R5J_1_model	62	7.329E-01	2.447E+00
6FUD_2_model	8C8A_1_model	73	7.243E-01	5.543E+00
6FUD_2_model	7ZK0_1_model	64	7.223E-01	2.770E+00
6FUD_2_model	2MM0_1_model	63	7.756E-01	2.235E+00
6FUD_2_model	2MM2_1_model	63	7.523E-01	2.267E+00
6FUD_2_model	5ZNG_2_model	62	6.824E-01	3.285E+00
6FUD_2_model	2MYV_1_model	94	5.434E-01	2.123E+01
6FUD_2_model	5Z1V_1_model	51	7.798E-01	1.985E+00
6FUD_2_model	2LW6_1_model	72	6.567E-01	4.645E+00
6FUD_2_model	7ZKD_1_model	65	5.762E-01	4.403E+00
6FUD_2_model	2N37_1_model	65	6.070E-01	3.868E+00
6FUD_2_model	8R7A_2_model	87	5.421E-01	1.826E+01
6FUD_2_model	6Q76_2_model	67	5.930E-01	5.279E+00
6FUD_2_model	5JHJ_1_model	68	5.344E-01	5.782E+00
6FUD_2_model	2MYW_1_model	92	4.504E-01	2.254E+01
6FUD_2_model	7ZJY_1_model	62	5.545E-01	5.213E+00
6FUD_2_model	8OXL_1_model	43	3.572E-01	5.110E+00
6FUD_2_model	6SGO_1_model	31	4.813E-01	1.312E+01
6FUD_2_model	8ACX_1_model	29	3.509E-01	5.433E+00
6FUD_2_model	5XMZ_1_model	94	1.404E-01	1.815E+01
6FUD_2_model	6FMB_1_model	49	2.226E-01	1.030E+01
6FUD_2_model	9FYC_2_model	51	3.724E-01	9.008E+00
6FUD_2_model	8EBB_1_model	71	3.599E-01	8.646E+00
6FUD_2_model	1ZLE_1_model	60	2.620E-01	1.387E+01
6FUD_2_model	1KPT_1_model	29	2.302E-01	6.553E+00
6FUD_2_model	8V1J_1_model	31	3.659E-01	3.668E+00
6FUD_2_model	7T6A_1_model	57	3.147E-01	6.900E+00
6FUD_2_model	5VJJ_1_model	32	2.529E-01	1.102E+01
6FUD_2_model	4Z4A_1_model	31	3.070E-01	1.067E+01
6FUD_2_model	5FID_1_model	115	1.948E-01	1.342E+01
6FUD_2_model	8OXK_1_model	70	2.962E-01	8.980E+00
6FUD_2_model	7MQQ_1_model	40	2.508E-01	7.670E+00
6FUD_2_model	1ZLD_1_model	57	2.553E-01	1.355E+01
6FUD_2_model	6ZUS_1_model	53	2.394E-01	1.187E+01
6FUD_2_model	1FN8_1_model	61	1.777E-01	1.075E+01
6FUD_2_model	6QPK_1_model	18	2.759E-01	4.738E+00
6FUD_2_model	5OD4_1_model	72	2.336E-01	9.026E+00
6FUD_2_model	2QVT_1_model	76	1.955E-01	1.121E+01
2MM0_1_model	2MM0_1_model	64	1.016E+00	5.786E-03
2MM0_1_model	2MM2_1_model	65	9.985E-01	5.184E-01
2MM0_1_model	6R5J_1_model	63	9.016E-01	1.473E+00
2MM0_1_model	5A6W_2_model	63	7.750E-01	2.233E+00
2MM0_1_model	6FU9_2_model	63	7.750E-01	2.233E+00
2MM0_1_model	6G10_2_model	63	7.750E-01	2.232E+00
2MM0_1_model	7B1I_2_model	63	7.782E-01	2.217E+00
2MM0_1_model	7A8X_2_model	63	7.762E-01	2.228E+00
2MM0_1_model	6FUD_2_model	63	7.756E-01	2.235E+00
2MM0_1_model	6FUB_1_model	63	7.765E-01	2.234E+00
2MM0_1_model	6G11_1_model	63	7.767E-01	2.233E+00
2MM0_1_model	7NMM_2_model	63	8.050E-01	1.941E+00
2MM0_1_model	8C8A_1_model	64	8.051E-01	1.974E+00
2MM0_1_model	7NLJ_2_model	63	7.893E-01	2.021E+00
2MM0_1_model	5Z1V_1_model	60	7.510E-01	2.521E+00
2MM0_1_model	2MYV_1_model	62	7.374E-01	3.039E+00
2MM0_1_model	5ZNG_2_model	60	7.826E-01	2.684E+00
2MM0_1_model	7ZKD_1_model	59	6.713E-01	2.844E+00
2MM0_1_model	7ZK0_1_model	64	6.526E-01	3.270E+00
2MM0_1_model	2N37_1_model	63	5.619E-01	3.790E+00
2MM0_1_model	5JHJ_1_model	62	5.665E-01	3.804E+00
2MM0_1_model	6Q76_2_model	63	5.644E-01	3.775E+00
2MM0_1_model	2MYW_1_model	62	5.661E-01	3.813E+00
2MM0_1_model	2LW6_1_model	72	6.314E-01	3.763E+00
2MM0_1_model	8R7A_2_model	63	6.308E-01	3.171E+00
2MM0_1_model	7ZJY_1_model	59	4.942E-01	4.406E+00
2MM0_1_model	6SGO_1_model	58	3.626E-01	8.732E+00
2MM0_1_model	1KG1_1_model	26	4.876E-01	3.652E+00
2MM0_1_model	5XMZ_1_model	80	2.589E-01	1.300E+01
2MM0_1_model	8OXK_1_model	65	1.804E-01	1.308E+01
2MM0_1_model	6FMB_1_model	57	2.537E-01	9.876E+00
2MM0_1_model	7MQQ_1_model	46	3.664E-01	8.737E+00
2MM0_1_model	8OXL_1_model	54	3.227E-01	7.349E+00
2MM0_1_model	8OXJ_1_model	62	2.190E-01	1.049E+01
2MM0_1_model	9FYC_2_model	55	2.896E-01	9.806E+00
2MM0_1_model	8EBB_1_model	70	2.359E-01	1.192E+01
2MM0_1_model	1KPT_1_model	74	1.604E-01	1.197E+01
2MM0_1_model	7T6A_1_model	62	3.220E-01	1.064E+01
2MM0_1_model	6BN0_1_model	41	1.864E-01	1.093E+01
2MM0_1_model	5VJJ_1_model	29	2.074E-01	7.950E+00
2MM0_1_model	8OXH_1_model	64	3.833E-01	1.113E+01
2MM0_1_model	5FNO_1_model	39	3.048E-01	1.017E+01
6Q40_1_model	6Q40_1_model	79	1.013E+00	6.082E-03
6Q40_1_model	4B9H_1_model	77	8.023E-01	3.764E+00
6Q40_1_model	4B8V_1_model	81	7.630E-01	5.019E+00
6Q40_1_model	4FPR_1_model	75	2.087E-01	1.248E+01
6Q40_1_model	8EB9_1_model	68	2.136E-01	9.866E+00
6Q40_1_model	4GVB_1_model	27	3.227E-01	5.268E+00
6Q40_1_model	5XMZ_1_model	18	2.770E-01	2.996E+00
6Q40_1_model	6SGO_1_model	8	6.199E-01	1.509E+00
6Q40_1_model	8EBB_1_model	18	2.415E-01	4.692E+00
6Q40_1_model	5OD4_1_model	30	1.539E-01	9.006E+00
6FUB_1_model	6FUB_1_model	93	1.011E+00	0.000E+00
6FUB_1_model	6G11_1_model	93	1.011E+00	2.858E-02
6FUB_1_model	6FUD_2_model	93	9.874E-01	7.702E-01
6FUB_1_model	7A8X_2_model	93	9.526E-01	1.265E+00
6FUB_1_model	6G10_2_model	93	9.458E-01	1.282E+00
6FUB_1_model	5A6W_2_model	93	9.454E-01	1.291E+00
6FUB_1_model	6FU9_2_model	93	9.454E-01	1.287E+00
6FUB_1_model	7B1I_2_model	93	8.955E-01	6.107E+00
6FUB_1_model	7NLJ_2_model	81	9.967E-01	5.124E-01
6FUB_1_model	7NMM_2_model	81	9.786E-01	7.699E-01
6FUB_1_model	6R5J_1_model	62	7.330E-01	2.455E+00
6FUB_1_model	8C8A_1_model	73	7.248E-01	5.570E+00
6FUB_1_model	7ZK0_1_model	64	7.217E-01	2.773E+00
6FUB_1_model	5ZNG_2_model	62	7.343E-01	3.111E+00
6FUB_1_model	2MM0_1_model	63	7.765E-01	2.234E+00
6FUB_1_model	2MYV_1_model	94	5.768E-01	2.038E+01
6FUB_1_model	2MM2_1_model	63	7.533E-01	2.264E+00
6FUB_1_model	2LW6_1_model	72	6.573E-01	4.645E+00
6FUB_1_model	5Z1V_1_model	51	7.779E-01	1.998E+00
6FUB_1_model	8R7A_2_model	88	5.356E-01	1.916E+01
6FUB_1_model	2N37_1_model	65	6.066E-01	3.867E+00
6FUB_1_model	6Q76_2_model	67	5.926E-01	5.292E+00
6FUB_1_model	7ZKD_1_model	94	4.315E-01	1.825E+01
6FUB_1_model	2MYW_1_model	96	4.418E-01	2.698E+01
6FUB_1_model	5JHJ_1_model	96	4.163E-01	2.648E+01
6FUB_1_model	7ZJY_1_model	66	5.930E-01	5.011E+00
6FUB_1_model	8OXL_1_model	44	3.780E-01	5.165E+00
6FUB_1_model	6SGO_1_model	31	4.823E-01	1.311E+01
6FUB_1_model	8EBB_1_model	63	3.988E-01	7.408E+00
6FUB_1_model	6FMB_1_model	49	2.202E-01	1.029E+01
6FUB_1_model	5XMZ_1_model	94	1.405E-01	1.829E+01
6FUB_1_model	1ZLE_1_model	61	2.587E-01	1.379E+01
6FUB_1_model	5FID_1_model	61	3.983E-01	5.658E+00
6FUB_1_model	7T6A_1_model	57	3.147E-01	6.905E+00
6FUB_1_model	8V1J_1_model	32	3.661E-01	3.677E+00
6FUB_1_model	8ACX_1_model	29	3.516E-01	5.429E+00
6FUB_1_model	5VJJ_1_model	32	2.528E-01	1.104E+01
6FUB_1_model	1KPT_1_model	27	2.520E-01	6.780E+00
6FUB_1_model	9FYC_2_model	51	3.578E-01	8.931E+00
6FUB_1_model	8OXK_1_model	70	2.964E-01	8.979E+00
6FUB_1_model	7MQQ_1_model	41	2.697E-01	7.588E+00
6FUB_1_model	8OXH_1_model	75	2.317E-01	1.342E+01
6FUB_1_model	1ZLD_1_model	59	2.363E-01	1.298E+01
6FUB_1_model	6QPK_1_model	18	2.797E-01	4.751E+00
6FUB_1_model	5OD4_1_model	72	2.340E-01	9.022E+00
6FUB_1_model	6ZUS_1_model	53	2.400E-01	1.188E+01
6FUB_1_model	1FN8_1_model	62	1.553E-01	1.085E+01
7PP2_2_model	7PP2_2_model	51	1.020E+00	1.663E-02
7PP2_2_model	9FYC_2_model	35	2.748E-01	1.201E+01
7PP2_2_model	7ZJY_1_model	13	7.352E-01	9.452E-01
5Z1V_1_model	5Z1V_1_model	64	1.016E+00	0.000E+00
5Z1V_1_model	7NLJ_2_model	51	8.050E-01	1.794E+00
5Z1V_1_model	7NMM_2_model	51	8.072E-01	1.826E+00
5Z1V_1_model	8C8A_1_model	60	7.020E-01	2.704E+00
5Z1V_1_model	5A6W_2_model	51	7.805E-01	1.973E+00
5Z1V_1_model	6FU9_2_model	51	7.806E-01	1.973E+00
5Z1V_1_model	6G10_2_model	51	7.806E-01	1.973E+00
5Z1V_1_model	7B1I_2_model	51	7.856E-01	1.955E+00
5Z1V_1_model	8R7A_2_model	63	7.508E-01	2.986E+00
5Z1V_1_model	6FUD_2_model	51	7.798E-01	1.985E+00
5Z1V_1_model	7A8X_2_model	51	7.788E-01	1.992E+00
5Z1V_1_model	6FUB_1_model	51	7.779E-01	1.998E+00
5Z1V_1_model	6G11_1_model	51	7.781E-01	1.997E+00
5Z1V_1_model	2MM2_1_model	61	7.811E-01	2.029E+00
5Z1V_1_model	6R5J_1_model	61	7.961E-01	2.023E+00
5Z1V_1_model	2MM0_1_model	60	7.510E-01	2.521E+00
5Z1V_1_model	7ZKD_1_model	57	5.857E-01	3.783E+00
5Z1V_1_model	7ZK0_1_model	58	6.729E-01	2.917E+00
5Z1V_1_model	2MYV_1_model	53	7.000E-01	2.902E+00
5Z1V_1_model	5ZNG_2_model	53	6.937E-01	2.898E+00
5Z1V_1_model	2LW6_1_model	68	6.246E-01	4.004E+00
5Z1V_1_model	2N37_1_model	63	6.307E-01	3.181E+00
5Z1V_1_model	5JHJ_1_model	85	5.389E-01	1.502E+01
5Z1V_1_model	2MYW_1_model	85	5.434E-01	1.405E+01
5Z1V_1_model	6Q76_2_model	63	6.313E-01	3.181E+00
5Z1V_1_model	7ZJY_1_model	62	4.375E-01	5.949E+00
5Z1V_1_model	8OXI_1_model	47	3.588E-01	5.393E+00
5Z1V_1_model	8OXL_1_model	53	3.284E-01	9.504E+00
5Z1V_1_model	8OXH_1_model	58	2.619E-01	1.181E+01
5Z1V_1_model	8OXK_1_model	73	2.832E-01	1.262E+01
5Z1V_1_model	6FMB_1_model	48	3.757E-01	4.874E+00
5Z1V_1_model	8OXJ_1_model	25	4.975E-01	5.240E+00
5Z1V_1_model	8V1J_1_model	72	2.617E-01	9.666E+00
5Z1V_1_model	9FYC_2_model	55	3.021E-01	1.054E+01
5Z1V_1_model	7T6A_1_model	30	3.044E-01	8.407E+00
5Z1V_1_model	1KG1_1_model	17	4.290E-01	2.276E+00
5Z1V_1_model	7T69_1_model	94	2.337E-01	1.662E+01
5Z1V_1_model	5OD4_1_model	66	2.146E-01	1.200E+01
5Z1V_1_model	8EBB_1_model	22	3.856E-01	5.589E+00
5Z1V_1_model	4GVB_1_model	13	3.139E-01	2.921E+00
5Z1V_1_model	8DP8_1_model	18	3.100E-01	4.413E+00
6G11_1_model	6FUB_1_model	93	1.011E+00	2.976E-02
6G11_1_model	6G11_1_model	93	1.011E+00	0.000E+00
6G11_1_model	6FUD_2_model	93	9.864E-01	7.917E-01
6G11_1_model	6FU9_2_model	93	9.451E-01	1.287E+00
6G11_1_model	6G10_2_model	93	9.455E-01	1.282E+00
6G11_1_model	7A8X_2_model	93	9.516E-01	1.283E+00
6G11_1_model	5A6W_2_model	93	9.451E-01	1.290E+00
6G11_1_model	7B1I_2_model	93	8.957E-01	6.094E+00
6G11_1_model	7NLJ_2_model	81	9.967E-01	5.123E-01
6G11_1_model	7NMM_2_model	81	9.786E-01	7.696E-01
6G11_1_model	6R5J_1_model	62	7.332E-01	2.454E+00
6G11_1_model	8C8A_1_model	73	7.249E-01	5.570E+00
6G11_1_model	7ZK0_1_model	64	7.217E-01	2.773E+00
6G11_1_model	5ZNG_2_model	62	7.343E-01	3.111E+00
6G11_1_model	2MM0_1_model	63	7.767E-01	2.233E+00
6G11_1_model	2MYV_1_model	94	5.768E-01	2.039E+01
6G11_1_model	2MM2_1_model	63	7.535E-01	2.263E+00
6G11_1_model	2LW6_1_model	72	6.573E-01	4.645E+00
6G11_1_model	5Z1V_1_model	51	7.781E-01	1.997E+00
6G11_1_model	8R7A_2_model	88	5.356E-01	1.916E+01
6G11_1_model	2N37_1_model	65	6.066E-01	3.868E+00
6G11_1_model	6Q76_2_model	67	5.926E-01	5.292E+00
6G11_1_model	7ZKD_1_model	94	4.295E-01	1.826E+01
6G11_1_model	2MYW_1_model	96	4.418E-01	2.699E+01
6G11_1_model	5JHJ_1_model	96	4.163E-01	2.649E+01
6G11_1_model	7ZJY_1_model	66	5.930E-01	5.011E+00
6G11_1_model	8OXL_1_model	44	3.780E-01	5.165E+00
6G11_1_model	6SGO_1_model	31	4.825E-01	1.311E+01
6G11_1_model	8EBB_1_model	63	3.988E-01	7.407E+00
6G11_1_model	6FMB_1_model	49	2.201E-01	1.029E+01
6G11_1_model	5XMZ_1_model	94	1.407E-01	1.830E+01
6G11_1_model	1ZLE_1_model	61	2.587E-01	1.379E+01
6G11_1_model	5FID_1_model	61	3.983E-01	5.658E+00
6G11_1_model	8V1J_1_model	32	3.661E-01	3.677E+00
6G11_1_model	8ACX_1_model	29	3.513E-01	5.430E+00
6G11_1_model	7T6A_1_model	57	3.148E-01	6.905E+00
6G11_1_model	5VJJ_1_model	32	2.528E-01	1.104E+01
6G11_1_model	1KPT_1_model	27	2.518E-01	6.780E+00
6G11_1_model	9FYC_2_model	51	3.578E-01	8.930E+00
6G11_1_model	8OXK_1_model	70	2.963E-01	8.979E+00
6G11_1_model	7MQQ_1_model	41	2.695E-01	7.588E+00
6G11_1_model	8OXH_1_model	75	2.317E-01	1.342E+01
6G11_1_model	1ZLD_1_model	59	2.363E-01	1.298E+01
6G11_1_model	6QPK_1_model	18	2.797E-01	4.751E+00
6G11_1_model	5OD4_1_model	72	2.341E-01	9.022E+00
6G11_1_model	6ZUS_1_model	53	2.400E-01	1.188E+01
6G11_1_model	1FN8_1_model	62	1.553E-01	1.085E+01
