Fusarium_duoseptatum_ex_type-barcode03_contig_32-rna_187	Fusarium_duoseptatum_ex_type-barcode03_contig_32-rna_187	16	1.067E+00	1.000E+00	1.000E+00	0.000E+00
Fusarium_duoseptatum_ex_type-barcode03_contig_32-rna_230	Fusarium_duoseptatum_ex_type-barcode03_contig_32-rna_230	43	1.024E+00	1.000E+00	1.000E+00	0.000E+00
Fusarium_duoseptatum_ex_type-barcode03_contig_32-rna_230	GCA_048164945.1_CM106970.1-rna_1513	38	1.988E-01	1.653E-01	1.615E-01	1.035E+01
GCA_019671045.1_JAHHCX010000051.1-rna_1638	GCA_019671045.1_JAHHCX010000051.1-rna_1638	11	1.100E+00	1.000E+00	1.000E+00	0.000E+00
GCA_020796175.1_JAJGYP010000015.1-rna_1139	GCA_009755825.1_WJXY01000099.1-rna_395	58	1.018E+00	1.000E+00	1.000E+00	1.095E-02
GCA_020796175.1_JAJGYP010000015.1-rna_1139	GCA_020796175.1_JAJGYP010000015.1-rna_1139	58	1.018E+00	1.000E+00	1.000E+00	1.095E-02
GCA_020796175.1_JAJGYP010000015.1-rna_1139	GCA_013423235.1_CM023998.1-rna_210	57	2.273E-01	2.196E-01	1.576E-01	1.577E+01
GCA_021018635.1_JAIUCW010000065.1-rna_1576	GCA_021018635.1_JAIUCW010000065.1-rna_1576	70	1.014E+00	1.000E+00	1.000E+00	0.000E+00
GCA_021018635.1_JAIUCW010000065.1-rna_1576	GCA_000260495.2_JH659537.1-rna_1111	18	1.754E-01	1.471E-01	1.850E-01	3.862E+00
GCA_014843445.1_JAAOOM010000006.1-rna_279	GCA_014843445.1_JAAOOM010000006.1-rna_279	120	1.008E+00	1.000E+00	1.000E+00	1.524E-02
GCA_014843445.1_JAAOOM010000006.1-rna_279	Fola3ENZA_Fola3_chr3-rna_1593	120	5.857E-01	5.884E-01	5.884E-01	6.805E+00
GCA_014843445.1_JAAOOM010000006.1-rna_279	Fusarium_cugenangense_ex_type-barcode01_scaffold_2-rna_353	120	5.857E-01	5.884E-01	5.884E-01	6.805E+00
GCA_014843445.1_JAAOOM010000006.1-rna_279	Fusarium_elaeidis_ex_type_NODE_255_length_1183171_cov_64.021584-rna_160	120	5.857E-01	5.884E-01	5.884E-01	6.805E+00
GCA_014843445.1_JAAOOM010000006.1-rna_279	GCA_038050555.1_JBBJCF010000006.1-rna_1093	120	5.857E-01	5.884E-01	5.884E-01	6.805E+00
GCA_014843445.1_JAAOOM010000006.1-rna_279	GCA_049306905.1_CM111177.1-rna_965	49	2.003E-01	1.215E-01	1.818E-01	1.385E+01
GCA_038050555.1_JBBJCF010000006.1-rna_1093	Fola3ENZA_Fola3_chr3-rna_1593	120	1.008E+00	1.000E+00	1.000E+00	6.153E-03
GCA_038050555.1_JBBJCF010000006.1-rna_1093	Fusarium_cugenangense_ex_type-barcode01_scaffold_2-rna_353	120	1.008E+00	1.000E+00	1.000E+00	6.153E-03
GCA_038050555.1_JBBJCF010000006.1-rna_1093	Fusarium_elaeidis_ex_type_NODE_255_length_1183171_cov_64.021584-rna_160	120	1.008E+00	1.000E+00	1.000E+00	6.153E-03
GCA_038050555.1_JBBJCF010000006.1-rna_1093	GCA_038050555.1_JBBJCF010000006.1-rna_1093	120	1.008E+00	1.000E+00	1.000E+00	6.153E-03
GCA_038050555.1_JBBJCF010000006.1-rna_1093	GCA_014843445.1_JAAOOM010000006.1-rna_279	120	5.857E-01	5.884E-01	5.884E-01	6.805E+00
Fola3ENZA_Fola3_chr3-rna_1593	Fola3ENZA_Fola3_chr3-rna_1593	120	1.008E+00	1.000E+00	1.000E+00	6.153E-03
Fola3ENZA_Fola3_chr3-rna_1593	Fusarium_cugenangense_ex_type-barcode01_scaffold_2-rna_353	120	1.008E+00	1.000E+00	1.000E+00	6.153E-03
Fola3ENZA_Fola3_chr3-rna_1593	Fusarium_elaeidis_ex_type_NODE_255_length_1183171_cov_64.021584-rna_160	120	1.008E+00	1.000E+00	1.000E+00	6.153E-03
Fola3ENZA_Fola3_chr3-rna_1593	GCA_038050555.1_JBBJCF010000006.1-rna_1093	120	1.008E+00	1.000E+00	1.000E+00	6.153E-03
Fola3ENZA_Fola3_chr3-rna_1593	GCA_014843445.1_JAAOOM010000006.1-rna_279	120	5.857E-01	5.884E-01	5.884E-01	6.805E+00
Fusarium_glycines_ex_type_NODE_295_length_45181_cov_39.235565-rna_239	Fusarium_glycines_ex_type_NODE_295_length_45181_cov_39.235565-rna_239	42	1.024E+00	1.000E+00	1.000E+00	0.000E+00
Fusarium_duoseptatum_ex_type-barcode03_contig_32-gene_235.t1	Fusarium_duoseptatum_ex_type-barcode03_contig_32-gene_235.t1	237	1.004E+00	1.000E+00	1.000E+00	0.000E+00
Fusarium_duoseptatum_ex_type-barcode03_contig_32-gene_235.t1	GCA_025217005.1_JAMSEZ010000758.1-rna_954	237	2.844E-01	2.785E-01	2.836E-01	1.459E+01
Fusarium_duoseptatum_ex_type-barcode03_contig_32-gene_235.t1	AJ865_race1_JBCFYN010000013.1-rna_1114	237	2.432E-01	2.379E-01	2.423E-01	1.659E+01
Fusarium_duoseptatum_ex_type-barcode03_contig_32-gene_235.t1	Fusarium_elaeidis_ex_type_NODE_17_length_763132_cov_63.011925-gene_43.t1	148	1.941E-01	1.152E-01	1.127E-01	2.829E+01
Fusarium_duoseptatum_ex_type-barcode03_contig_32-gene_235.t1	GCA_014839635.1_MU089290.1-rna_3073	42	3.247E-01	9.641E-02	1.213E-01	6.533E+00
Fusarium_duoseptatum_ex_type-barcode03_contig_32-gene_235.t1	GCA_025267645.1_JAMSGA010000142.1-rna_393	148	1.583E-01	9.391E-02	1.553E-01	1.888E+01
Fusarium_duoseptatum_ex_type-barcode03_contig_32-gene_235.t1	GCA_014839635.1_MU089290.1-rna_3075	55	2.784E-01	1.161E-01	2.533E-01	7.650E+00
Fusarium_duoseptatum_ex_type-barcode03_contig_32-gene_235.t1	GCA_013423235.1_CM023998.1-rna_210	110	1.416E-01	7.068E-02	1.370E-01	2.050E+01
Fusarium_duoseptatum_ex_type-barcode03_contig_32-gene_235.t1	GCA_014843445.1_JAAOOM010000006.1-rna_279	111	2.182E-01	9.211E-02	1.586E-01	1.819E+01
Fusarium_duoseptatum_ex_type-barcode03_contig_32-gene_235.t1	GCA_016170085.2_CM029235.1-rna_642	226	1.471E-01	1.104E-01	1.114E-01	2.258E+01
GCA_050947235.1_JBMERW010000007.1-rna_83	GCA_050947165.1_JBMERV010000007.1-rna_83	78	1.013E+00	1.000E+00	1.000E+00	0.000E+00
GCA_050947235.1_JBMERW010000007.1-rna_83	GCA_050947235.1_JBMERW010000007.1-rna_83	78	1.013E+00	1.000E+00	1.000E+00	0.000E+00
GCA_002234105.1_NJCE01000542.1-rna_1014	GCA_002233855.1_NJCD01000370.1-rna_836	42	1.024E+00	1.000E+00	1.000E+00	9.957E-03
GCA_002234105.1_NJCE01000542.1-rna_1014	GCA_002234105.1_NJCE01000542.1-rna_1014	42	1.024E+00	1.000E+00	1.000E+00	9.957E-03
GCA_002234105.1_NJCE01000542.1-rna_1014	GCA_049306905.1_CM111177.1-rna_965	43	4.489E-01	4.449E-01	3.837E-01	3.787E+00
GCA_002234105.1_NJCE01000542.1-rna_1014	GCA_021018635.1_JAIUCW010000046.1-rna_1129	26	2.933E-01	2.314E-01	2.772E-01	1.510E+01
GCA_002234105.1_NJCE01000542.1-rna_1014	GCA_016170085.2_CM029235.1-rna_642	21	2.117E-01	1.736E-01	4.888E-02	1.018E+01
GCA_002234105.1_NJCE01000542.1-rna_1014	GCA_016170085.2_CM029235.1-rna_652	29	2.190E-01	1.901E-01	2.115E-01	1.072E+01
GCA_002234105.1_NJCE01000542.1-rna_1014	GCA_018894095.1_RSAI01000008.1-rna_1759	29	2.392E-01	2.069E-01	1.289E-01	1.086E+01
GCA_002234105.1_NJCE01000542.1-rna_1014	GCA_014843415.1_JAAOON010000010.1-rna_787	39	3.124E-01	2.973E-01	1.234E-01	9.244E+00
AJ520_race1_JBCFYJ010000003.1-rna_97	AJ520_race1_JBCFYJ010000003.1-rna_97	108	1.009E+00	1.000E+00	1.000E+00	7.788E-03
AJ520_race1_JBCFYJ010000003.1-rna_97	AJ592_race4_JBCFYK010000003.1-rna_50	108	1.009E+00	1.000E+00	1.000E+00	7.788E-03
AJ520_race1_JBCFYJ010000003.1-rna_97	Fola1ENZA_Fola1_chr5-rna_756	108	1.009E+00	1.000E+00	1.000E+00	7.788E-03
AJ520_race1_JBCFYJ010000003.1-rna_97	Fola4ENZA_Fola4_chr4-rna_2849	108	1.009E+00	1.000E+00	1.000E+00	7.788E-03
GCA_049306905.1_CM111177.1-rna_989	GCA_002234105.1_NJCE01000484.1-rna_964	14	2.851E-01	2.059E-01	1.065E-01	7.230E+00
GCA_014839635.1_MU089290.1-rna_3075	GCA_014839635.1_MU089290.1-rna_3075	64	1.016E+00	1.000E+00	1.000E+00	5.595E-03
GCA_014839635.1_MU089290.1-rna_3075	GCA_013347535.2_CM056009.1-rna_438	40	3.027E-01	2.079E-01	2.515E-01	8.406E+00
GCA_014839635.1_MU089290.1-rna_3075	GCA_014843415.1_JAAOON010000010.1-rna_781	40	3.027E-01	2.079E-01	2.515E-01	8.406E+00
GCA_014839635.1_MU089290.1-rna_3075	Fusarium_elaeidis_ex_type_NODE_17_length_763132_cov_63.011925-gene_43.t1	37	3.151E-01	2.079E-01	7.231E-02	8.099E+00
GCA_014839635.1_MU089290.1-rna_3075	GCA_001702495.1_MABJ01000297.1-rna_343	30	2.557E-01	1.439E-01	2.507E-01	6.769E+00
GCA_018894095.1_RSAI01000008.1-rna_1759	GCA_018894095.1_RSAI01000008.1-rna_1759	87	1.012E+00	1.000E+00	1.000E+00	0.000E+00
GCA_018894095.1_RSAI01000008.1-rna_1759	AJ516_race4_JBCFYI010000019.1-rna_2467	80	7.376E-01	6.749E-01	6.473E-01	6.107E+00
GCA_018894095.1_RSAI01000008.1-rna_1759	Fusarium_gossypinum_ex_type_NODE_181_length_44178_cov_54.058422-gene_130.t1	50	8.373E-01	4.803E-01	1.239E-01	3.363E+00
Fusarium_kalimantanense_ex_type-barcode07_contig_10-gene_41.t1	Fusarium_kalimantanense_ex_type-barcode07_contig_10-gene_41.t1	401	1.003E+00	1.000E+00	1.000E+00	0.000E+00
Fusarium_kalimantanense_ex_type-barcode07_contig_10-gene_41.t1	Fusarium_phialophorum-barcode15_contig_2-rna_251	143	1.561E-01	7.280E-02	1.110E-01	1.701E+01
Fusarium_kalimantanense_ex_type-barcode07_contig_10-gene_41.t1	GCA_015227905.1_JABCQX010000886.1-rna_844	68	2.329E-01	6.969E-02	1.045E-01	9.382E+00
Fusarium_kalimantanense_ex_type-barcode07_contig_10-gene_41.t1	Fola1ENZA_Fola1_chr5-gene_775.t1	199	1.779E-01	9.554E-02	8.038E-02	1.562E+01
Fusarium_kalimantanense_ex_type-barcode07_contig_10-gene_41.t1	Fola4ENZA_Fola4_chr4-gene_2868.t1	199	1.779E-01	9.554E-02	8.038E-02	1.562E+01
Fusarium_kalimantanense_ex_type-barcode07_contig_10-gene_41.t1	GCA_001703455.1_MABT01000415.1-rna_368	41	2.325E-01	3.911E-02	1.719E-01	1.155E+01
Fusarium_kalimantanense_ex_type-barcode07_contig_10-gene_41.t1	Fusarium_kalimantanense_ex_type-barcode07_contig_10-rna_46	43	2.856E-01	5.315E-02	1.547E-01	9.840E+00
Fusarium_kalimantanense_ex_type-barcode07_contig_10-gene_41.t1	GCA_019593505.1_JADWMX010000010.1-rna_1197	150	1.049E-01	5.116E-02	7.847E-02	1.564E+01
Fusarium_kalimantanense_ex_type-barcode07_contig_10-gene_41.t1	GCA_019593505.1_JADWMX010000014.1-rna_1766	150	1.049E-01	5.116E-02	7.847E-02	1.564E+01
Fusarium_kalimantanense_ex_type-barcode07_contig_10-gene_41.t1	Fusarium_phialophorum-barcode15_contig_2-rna_217	35	2.658E-01	3.513E-02	1.186E-01	9.702E+00
Fusarium_kalimantanense_ex_type-barcode07_contig_10-gene_41.t1	GCA_000260495.2_JH659515.1-rna_888	61	1.898E-01	4.576E-02	7.674E-02	1.416E+01
Fusarium_kalimantanense_ex_type-barcode07_contig_10-gene_41.t1	Fusarium_elaeidis_ex_type_NODE_17_length_763132_cov_63.011925-gene_43.t1	58	2.790E-01	6.113E-02	9.097E-02	9.678E+00
Fusarium_kalimantanense_ex_type-barcode07_contig_10-gene_41.t1	Fusarium_gossypinum_ex_type_NODE_181_length_44178_cov_54.058422-gene_167.t1	22	4.404E-01	4.435E-02	3.182E-02	3.432E+00
Fusarium_kalimantanense_ex_type-barcode07_contig_10-gene_41.t1	GCA_025203105.1_JAMSFT010000260.1-rna_440	39	4.647E-01	3.648E-02	1.469E-01	1.033E+01
Fusarium_kalimantanense_ex_type-barcode07_contig_10-gene_41.t1	GCA_000259975.2_KI980217.1-rna_1137	15	3.122E-01	3.327E-02	6.223E-02	2.910E+00
Fusarium_kalimantanense_ex_type-barcode07_contig_10-gene_41.t1	GCA_016170085.2_CM029235.1-rna_642	48	2.900E-01	6.227E-02	8.268E-02	8.243E+00
Fusarium_kalimantanense_ex_type-barcode07_contig_10-gene_41.t1	GCA_025267645.1_JAMSGA010000401.1-rna_1564	188	1.392E-01	5.809E-02	7.446E-02	1.973E+01
Fusarium_kalimantanense_ex_type-barcode07_contig_10-gene_41.t1	GCA_050947165.1_JBMERV010000046.1-rna_517	43	2.822E-01	3.744E-02	2.490E-01	1.500E+01
Fusarium_kalimantanense_ex_type-barcode07_contig_10-gene_41.t1	GCA_003315725.1_QESU01000282.1-rna_1392	29	2.501E-01	4.561E-02	1.165E-01	6.348E+00
Fusarium_kalimantanense_ex_type-barcode07_contig_10-gene_41.t1	GCA_019670925.1_JAHHDA010000018.1-rna_294	7	8.440E-01	1.733E-02	3.580E-02	6.866E-01
GCA_025216365.1_JAMSDW010000213.1-rna_989	GCA_025216365.1_JAMSDW010000213.1-rna_989	114	1.009E+00	1.000E+00	1.000E+00	0.000E+00
GCA_025216365.1_JAMSDW010000213.1-rna_989	GCA_032206225.1_JACSDM010000047.1-rna_3552	22	6.145E-01	1.558E-01	1.422E-01	2.444E+00
Fusarium_glycines_ex_type_NODE_295_length_45181_cov_39.235565-rna_234	Fusarium_glycines_ex_type_NODE_295_length_45181_cov_39.235565-rna_234	11	1.100E+00	1.000E+00	1.000E+00	0.000E+00
Fusarium_gossypinum_ex_type_NODE_181_length_44178_cov_54.058422-gene_130.t1	Fusarium_gossypinum_ex_type_NODE_181_length_44178_cov_54.058422-gene_130.t1	357	1.003E+00	1.000E+00	1.000E+00	0.000E+00
Fusarium_gossypinum_ex_type_NODE_181_length_44178_cov_54.058422-gene_130.t1	GCA_018894095.1_RSAI01000008.1-rna_1759	53	7.713E-01	1.264E-01	4.843E-01	7.577E+00
Fusarium_gossypinum_ex_type_NODE_181_length_44178_cov_54.058422-gene_130.t1	AJ516_race4_JBCFYI010000019.1-rna_2467	52	7.893E-01	1.226E-01	4.523E-01	5.659E+00
Fusarium_gossypinum_ex_type_NODE_181_length_44178_cov_54.058422-gene_130.t1	GCA_049307005.1_CM111209.1-rna_351	25	1.664E-01	3.017E-02	2.292E-02	7.050E+00
GCA_014843555.1_JAAOOQ010000006.1-rna_420	GCA_002234015.1_NJCU01000141.1-rna_292	25	1.042E+00	1.000E+00	1.000E+00	6.145E-03
GCA_014843555.1_JAAOOQ010000006.1-rna_420	GCA_014843555.1_JAAOOQ010000006.1-rna_420	25	1.042E+00	1.000E+00	1.000E+00	6.145E-03
GCA_014843555.1_JAAOOQ010000006.1-rna_420	GCA_016166325.2_CM040490.1-rna_205	25	1.042E+00	1.000E+00	1.000E+00	6.145E-03
GCA_014843555.1_JAAOOQ010000006.1-rna_420	GCA_019593505.1_JADWMX010000014.1-rna_1770	25	1.042E+00	1.000E+00	1.000E+00	6.145E-03
GCA_014843555.1_JAAOOQ010000006.1-rna_420	GCA_025203105.1_JAMSFT010000191.1-rna_388	25	1.042E+00	1.000E+00	1.000E+00	6.145E-03
GCA_014843555.1_JAAOOQ010000006.1-rna_420	GCA_000260495.2_JH659515.1-rna_888	17	6.884E-01	5.501E-01	8.310E-02	1.049E+00
GCA_014843555.1_JAAOOQ010000006.1-rna_420	GCA_000259975.2_KI980217.1-rna_1137	17	6.890E-01	5.451E-01	8.220E-02	1.274E+00
GCA_014843555.1_JAAOOQ010000006.1-rna_420	GCA_002234015.1_NJCU01000184.1-rna_313	16	6.239E-01	4.862E-01	2.171E-01	1.116E+00
GCA_014843555.1_JAAOOQ010000006.1-rna_420	Fusarium_fabacearum_ex_type_NODE_589_length_46644_cov_48.290264-rna_543	23	4.249E-01	4.333E-01	2.840E-01	5.240E+00
GCA_014843555.1_JAAOOQ010000006.1-rna_420	Fola1ENZA_Fola1_chr5-gene_775.t1	17	6.271E-01	5.246E-01	3.263E-02	1.044E+00
GCA_014843555.1_JAAOOQ010000006.1-rna_420	Fola4ENZA_Fola4_chr4-gene_2868.t1	17	6.271E-01	5.246E-01	3.263E-02	1.044E+00
Fusarium_cugenangense_ex_type-barcode01_scaffold_2-rna_353	Fola3ENZA_Fola3_chr3-rna_1593	120	1.008E+00	1.000E+00	1.000E+00	6.153E-03
Fusarium_cugenangense_ex_type-barcode01_scaffold_2-rna_353	Fusarium_cugenangense_ex_type-barcode01_scaffold_2-rna_353	120	1.008E+00	1.000E+00	1.000E+00	6.153E-03
Fusarium_cugenangense_ex_type-barcode01_scaffold_2-rna_353	Fusarium_elaeidis_ex_type_NODE_255_length_1183171_cov_64.021584-rna_160	120	1.008E+00	1.000E+00	1.000E+00	6.153E-03
Fusarium_cugenangense_ex_type-barcode01_scaffold_2-rna_353	GCA_038050555.1_JBBJCF010000006.1-rna_1093	120	1.008E+00	1.000E+00	1.000E+00	6.153E-03
Fusarium_cugenangense_ex_type-barcode01_scaffold_2-rna_353	GCA_014843445.1_JAAOOM010000006.1-rna_279	120	5.857E-01	5.884E-01	5.884E-01	6.805E+00
Fola4ENZA_Fola4_chr4-rna_2849	AJ520_race1_JBCFYJ010000003.1-rna_97	108	1.009E+00	1.000E+00	1.000E+00	7.788E-03
Fola4ENZA_Fola4_chr4-rna_2849	AJ592_race4_JBCFYK010000003.1-rna_50	108	1.009E+00	1.000E+00	1.000E+00	7.788E-03
Fola4ENZA_Fola4_chr4-rna_2849	Fola1ENZA_Fola1_chr5-rna_756	108	1.009E+00	1.000E+00	1.000E+00	7.788E-03
Fola4ENZA_Fola4_chr4-rna_2849	Fola4ENZA_Fola4_chr4-rna_2849	108	1.009E+00	1.000E+00	1.000E+00	7.788E-03
Fusarium_sp_128.81_NODE_787_length_21399_cov_58.281464-rna_762	Fusarium_sp_128.81_NODE_787_length_21399_cov_58.281464-rna_762	37	1.028E+00	1.000E+00	1.000E+00	0.000E+00
Fusarium_sp_128.81_NODE_787_length_21399_cov_58.281464-rna_762	GCA_001702845.1_MALF01000409.1-rna_596	29	2.415E-01	2.287E-01	1.241E-01	7.683E+00
GCA_000259975.2_JH650909.1-rna_380	GCA_000259975.2_JH650909.1-rna_380	43	1.024E+00	1.000E+00	1.000E+00	0.000E+00
GCA_000259975.2_JH650909.1-rna_380	Fusarium_duoseptatum_ex_type-barcode03_contig_32-gene_235.t1	32	2.996E-01	2.316E-01	5.717E-02	1.017E+01
GCA_000259975.2_JH650909.1-rna_380	GCA_049306905.1_CM111177.1-rna_965	33	3.176E-01	2.232E-01	1.756E-01	1.010E+01
AJ516_race4_JBCFYI010000019.1-rna_2534	GCA_025267645.1_JAMSGA010000401.1-rna_1564	17	2.156E-01	2.269E-01	5.371E-02	3.893E+00
AJ516_race4_JBCFYI010000019.1-rna_2534	GCA_002234105.1_NJCE01000484.1-rna_964	21	2.531E-01	2.944E-01	2.389E-01	7.401E+00
AJ592_race4_JBCFYK010000003.1-rna_50	AJ520_race1_JBCFYJ010000003.1-rna_97	108	1.009E+00	1.000E+00	1.000E+00	7.788E-03
AJ592_race4_JBCFYK010000003.1-rna_50	AJ592_race4_JBCFYK010000003.1-rna_50	108	1.009E+00	1.000E+00	1.000E+00	7.788E-03
AJ592_race4_JBCFYK010000003.1-rna_50	Fola1ENZA_Fola1_chr5-rna_756	108	1.009E+00	1.000E+00	1.000E+00	7.788E-03
AJ592_race4_JBCFYK010000003.1-rna_50	Fola4ENZA_Fola4_chr4-rna_2849	108	1.009E+00	1.000E+00	1.000E+00	7.788E-03
AJ865_race1_JBCFYN010000013.1-rna_1114	AJ865_race1_JBCFYN010000013.1-rna_1114	231	1.004E+00	1.000E+00	1.000E+00	0.000E+00
AJ865_race1_JBCFYN010000013.1-rna_1114	GCA_025217005.1_JAMSEZ010000758.1-rna_954	231	3.013E-01	3.003E-01	3.003E-01	1.533E+01
AJ865_race1_JBCFYN010000013.1-rna_1114	Fusarium_duoseptatum_ex_type-barcode03_contig_32-gene_235.t1	237	2.432E-01	2.423E-01	2.379E-01	1.659E+01
AJ865_race1_JBCFYN010000013.1-rna_1114	GCA_025267645.1_JAMSGA010000142.1-rna_393	125	1.242E-01	8.347E-02	1.206E-01	1.978E+01
AJ865_race1_JBCFYN010000013.1-rna_1114	GCA_015227905.1_JABCQX010000292.1-rna_383	94	1.553E-01	7.851E-02	1.009E-01	1.747E+01
AJ865_race1_JBCFYN010000013.1-rna_1114	GCA_049306905.1_CM111177.1-rna_965	52	2.341E-01	8.151E-02	2.135E-01	1.195E+01
AJ865_race1_JBCFYN010000013.1-rna_1114	Fusarium_elaeidis_ex_type_NODE_17_length_763132_cov_63.011925-rna_64	72	2.883E-01	1.036E-01	1.592E-01	1.815E+01
AJ865_race1_JBCFYN010000013.1-rna_1114	Fusarium_elaeidis_ex_type_NODE_17_length_763132_cov_63.011925-gene_43.t1	149	1.591E-01	9.870E-02	9.590E-02	2.676E+01
AJ865_race1_JBCFYN010000013.1-rna_1114	GCA_014843455.1_JAAOOO010000002.1-rna_99	86	1.454E-01	6.437E-02	6.124E-02	1.498E+01
AJ865_race1_JBCFYN010000013.1-rna_1114	GCA_014843455.1_JAAOOO010000010.1-rna_1216	86	1.454E-01	6.437E-02	6.124E-02	1.498E+01
AJ865_race1_JBCFYN010000013.1-rna_1114	GCA_014843455.1_JAAOOO010000012.1-rna_1246	86	1.454E-01	6.437E-02	6.124E-02	1.498E+01
AJ865_race1_JBCFYN010000013.1-rna_1114	GCA_019670925.1_JAHHDA010000017.1-rna_270	23	2.229E-01	5.263E-02	2.240E-01	7.823E+00
AJ865_race1_JBCFYN010000013.1-rna_1114	GCA_025203755.1_JAMSFW010000648.1-rna_950	18	1.833E-01	4.167E-02	1.054E-01	8.029E+00
AJ865_race1_JBCFYN010000013.1-rna_1114	Fusarium_phialophorum-barcode15_contig_2-rna_217	45	2.598E-01	9.299E-02	1.668E-01	6.602E+00
AJ865_race1_JBCFYN010000013.1-rna_1114	GCA_000259975.2_KI980217.1-rna_1137	89	1.580E-01	6.767E-02	7.976E-02	1.921E+01
AJ865_race1_JBCFYN010000013.1-rna_1114	Fusarium_duoseptatum_ex_type-barcode03_contig_32-rna_230	43	1.616E-01	5.783E-02	1.471E-01	1.291E+01
AJ865_race1_JBCFYN010000013.1-rna_1114	GCA_025267645.1_JAMSGA010000401.1-rna_1564	92	1.514E-01	9.437E-02	9.172E-02	1.231E+01
Fusarium_cugenangense_ex_type-barcode01_scaffold_2-rna_392	Fusarium_cugenangense_ex_type-barcode01_scaffold_2-rna_392	22	1.048E+00	1.000E+00	1.000E+00	1.290E-02
Fusarium_cugenangense_ex_type-barcode01_scaffold_2-rna_392	GCA_000260495.2_JH659515.1-rna_888	21	2.634E-01	2.959E-01	7.762E-02	4.509E+00
Fusarium_phialophorum-barcode15_contig_2-rna_251	Fusarium_phialophorum-barcode15_contig_2-rna_251	176	1.006E+00	1.000E+00	1.000E+00	5.565E-03
Fusarium_phialophorum-barcode15_contig_2-rna_251	GCA_015227905.1_JABCQX010000886.1-rna_844	116	1.594E-01	1.119E-01	8.784E-02	1.751E+01
Fusarium_phialophorum-barcode15_contig_2-rna_251	Fusarium_kalimantanense_ex_type-barcode07_contig_10-gene_41.t1	142	1.985E-01	1.347E-01	7.830E-02	1.665E+01
Fusarium_phialophorum-barcode15_contig_2-rna_251	Fola1ENZA_Fola1_chr5-gene_775.t1	154	2.001E-01	1.505E-01	6.955E-02	1.558E+01
Fusarium_phialophorum-barcode15_contig_2-rna_251	Fola4ENZA_Fola4_chr4-gene_2868.t1	154	2.001E-01	1.505E-01	6.955E-02	1.558E+01
Fusarium_phialophorum-barcode15_contig_2-rna_251	GCA_019593505.1_JADWMX010000010.1-rna_1197	86	4.129E-01	1.423E-01	1.482E-01	1.277E+01
Fusarium_phialophorum-barcode15_contig_2-rna_251	GCA_019593505.1_JADWMX010000014.1-rna_1766	86	4.129E-01	1.423E-01	1.482E-01	1.277E+01
Fusarium_phialophorum-barcode15_contig_2-rna_251	Fusarium_fabacearum_ex_type_NODE_589_length_46644_cov_48.290264-rna_543	24	5.762E-01	1.186E-01	3.557E-01	2.720E+00
Fusarium_phialophorum-barcode15_contig_2-rna_251	GCA_002234045.1_NJBY01000047.1-rna_162	125	1.506E-01	1.065E-01	1.489E-01	1.393E+01
Fusarium_phialophorum-barcode15_contig_2-rna_251	Fusarium_elaeidis_ex_type_NODE_17_length_763132_cov_63.011925-rna_64	70	2.279E-01	9.390E-02	1.142E-01	1.580E+01
Fusarium_phialophorum-barcode15_contig_2-rna_251	GCA_015227905.1_JABCQX010000292.1-rna_383	86	2.668E-01	1.354E-01	1.526E-01	1.360E+01
Fusarium_phialophorum-barcode15_contig_2-rna_251	GCA_025267645.1_JAMSGA010000401.1-rna_1564	133	2.012E-01	1.062E-01	8.068E-02	1.764E+01
Fusarium_phialophorum-barcode15_contig_2-rna_251	GCA_014843455.1_JAAOOO010000002.1-rna_99	137	1.812E-01	1.054E-01	8.535E-02	1.254E+01
Fusarium_phialophorum-barcode15_contig_2-rna_251	GCA_014843455.1_JAAOOO010000010.1-rna_1216	137	1.812E-01	1.054E-01	8.535E-02	1.254E+01
Fusarium_phialophorum-barcode15_contig_2-rna_251	GCA_014843455.1_JAAOOO010000012.1-rna_1246	137	1.812E-01	1.054E-01	8.535E-02	1.254E+01
Fusarium_phialophorum-barcode15_contig_2-rna_251	GCA_032206225.1_JACSDM010000047.1-rna_3552	27	2.911E-01	1.017E-01	1.308E-01	5.091E+00
Fusarium_phialophorum-barcode15_contig_2-rna_251	Fusarium_elaeidis_ex_type_NODE_17_length_763132_cov_63.011925-gene_43.t1	161	1.523E-01	1.151E-01	9.292E-02	1.881E+01
Fusarium_phialophorum-barcode15_contig_2-rna_251	Fusarium_gossypinum_ex_type_NODE_181_length_44178_cov_54.058422-gene_167.t1	36	4.037E-01	9.670E-02	3.442E-02	6.623E+00
Fusarium_phialophorum-barcode15_contig_2-rna_251	GCA_025203105.1_JAMSFT010000260.1-rna_440	13	5.363E-01	7.020E-02	1.257E-01	1.342E+00
Fusarium_phialophorum-barcode15_contig_2-rna_251	GCA_025267645.1_JAMSGA010000142.1-rna_393	47	2.277E-01	6.705E-02	9.216E-02	1.210E+01
Fusarium_phialophorum-barcode15_contig_2-rna_251	GCA_000260495.2_JH659515.1-rna_888	39	2.806E-01	1.015E-01	9.309E-02	8.259E+00
Fusarium_phialophorum-barcode15_contig_2-rna_251	GCA_001703455.1_MABT01000415.1-rna_368	46	3.029E-01	7.033E-02	2.314E-01	1.224E+01
GCA_002233855.1_NJCD01000323.1-rna_676	GCA_002233855.1_NJCD01000323.1-rna_676	45	1.023E+00	1.000E+00	1.000E+00	0.000E+00
GCA_002233855.1_NJCD01000323.1-rna_676	GCA_001702695.2_CM008298.1-rna_322	44	4.278E-01	4.145E-01	3.786E-01	8.037E+00
GCA_002233855.1_NJCD01000323.1-rna_676	GCA_002234105.1_NJCE01000484.1-rna_964	45	3.277E-01	3.231E-01	3.143E-01	6.615E+00
GCA_002233855.1_NJCD01000323.1-rna_676	AJ718_race1_JBCFYM010000015.1-rna_1470	47	2.137E-01	2.099E-01	1.349E-01	1.053E+01
GCA_002233855.1_NJCD01000323.1-rna_676	GCA_009755825.1_WJXY01000099.1-rna_395	41	2.579E-01	2.360E-01	1.924E-01	1.109E+01
GCA_002233855.1_NJCD01000323.1-rna_676	GCA_020796175.1_JAJGYP010000015.1-rna_1139	41	2.579E-01	2.360E-01	1.924E-01	1.109E+01
GCA_025267645.1_JAMSGA010000401.1-rna_1564	GCA_025267645.1_JAMSGA010000401.1-rna_1564	245	1.004E+00	1.000E+00	1.000E+00	0.000E+00
GCA_025267645.1_JAMSGA010000401.1-rna_1564	GCA_014843455.1_JAAOOO010000002.1-rna_99	247	4.379E-01	4.366E-01	4.328E-01	1.345E+01
GCA_025267645.1_JAMSGA010000401.1-rna_1564	GCA_014843455.1_JAAOOO010000010.1-rna_1216	247	4.379E-01	4.366E-01	4.328E-01	1.345E+01
GCA_025267645.1_JAMSGA010000401.1-rna_1564	GCA_014843455.1_JAAOOO010000012.1-rna_1246	247	4.379E-01	4.366E-01	4.328E-01	1.345E+01
GCA_025267645.1_JAMSGA010000401.1-rna_1564	GCA_016170085.2_CM029235.1-rna_642	223	2.370E-01	2.251E-01	2.190E-01	1.791E+01
GCA_025267645.1_JAMSGA010000401.1-rna_1564	GCA_019593505.1_JADWMX010000010.1-rna_1197	145	2.171E-01	1.148E-01	1.504E-01	1.169E+01
GCA_025267645.1_JAMSGA010000401.1-rna_1564	GCA_019593505.1_JADWMX010000014.1-rna_1766	145	2.171E-01	1.148E-01	1.504E-01	1.169E+01
GCA_025267645.1_JAMSGA010000401.1-rna_1564	GCA_015227905.1_JABCQX010000292.1-rna_383	183	1.553E-01	1.035E-01	1.519E-01	2.089E+01
GCA_025267645.1_JAMSGA010000401.1-rna_1564	GCA_001703455.1_MABT01000541.1-rna_649	69	2.582E-01	7.885E-02	1.364E-01	1.599E+01
GCA_025267645.1_JAMSGA010000401.1-rna_1564	GCA_003315725.1_QESU01000292.1-rna_1432	28	3.797E-01	5.436E-02	2.937E-01	5.987E+00
GCA_025267645.1_JAMSGA010000401.1-rna_1564	GCA_015227905.1_JABCQX010000886.1-rna_844	227	1.112E-01	9.298E-02	9.838E-02	2.764E+01
GCA_025267645.1_JAMSGA010000401.1-rna_1564	GCA_002234045.1_NJBY01000047.1-rna_162	96	2.016E-01	7.964E-02	1.603E-01	1.237E+01
GCA_025267645.1_JAMSGA010000401.1-rna_1564	GCA_000259975.2_KI980217.1-rna_1137	144	1.451E-01	9.600E-02	9.979E-02	2.037E+01
GCA_025267645.1_JAMSGA010000401.1-rna_1564	Fusarium_kalimantanense_ex_type-barcode07_contig_10-gene_41.t1	65	2.643E-01	9.418E-02	6.370E-02	1.118E+01
GCA_025267645.1_JAMSGA010000401.1-rna_1564	GCA_000260495.2_JH659537.1-rna_1111	45	2.391E-01	7.352E-02	2.263E-01	1.512E+01
GCA_025267645.1_JAMSGA010000401.1-rna_1564	GCA_001703455.1_MABT01000415.1-rna_368	59	1.795E-01	4.964E-02	1.769E-01	1.522E+01
GCA_025267645.1_JAMSGA010000401.1-rna_1564	GCA_003315725.1_QESU01000282.1-rna_1392	73	1.590E-01	6.215E-02	1.066E-01	1.527E+01
GCA_025267645.1_JAMSGA010000401.1-rna_1564	GCA_013347535.2_CM056009.1-rna_444	101	1.475E-01	6.153E-02	9.542E-02	2.194E+01
GCA_025267645.1_JAMSGA010000401.1-rna_1564	GCA_000260495.2_JH659515.1-rna_888	85	2.076E-01	8.240E-02	9.660E-02	1.391E+01
GCA_025267645.1_JAMSGA010000401.1-rna_1564	Fola1ENZA_Fola1_chr5-gene_775.t1	186	1.122E-01	7.876E-02	4.582E-02	1.932E+01
GCA_025267645.1_JAMSGA010000401.1-rna_1564	Fola4ENZA_Fola4_chr4-gene_2868.t1	186	1.122E-01	7.876E-02	4.582E-02	1.932E+01
GCA_025267645.1_JAMSGA010000401.1-rna_1564	GCA_002234015.1_NJCU01000141.1-rna_292	28	2.991E-01	6.233E-02	2.870E-01	5.892E+00
GCA_025267645.1_JAMSGA010000401.1-rna_1564	GCA_014843555.1_JAAOOQ010000006.1-rna_420	28	2.991E-01	6.233E-02	2.870E-01	5.892E+00
GCA_025267645.1_JAMSGA010000401.1-rna_1564	GCA_016166325.2_CM040490.1-rna_205	28	2.991E-01	6.233E-02	2.870E-01	5.892E+00
GCA_025267645.1_JAMSGA010000401.1-rna_1564	GCA_019593505.1_JADWMX010000014.1-rna_1770	28	2.991E-01	6.233E-02	2.870E-01	5.892E+00
GCA_025267645.1_JAMSGA010000401.1-rna_1564	GCA_025203105.1_JAMSFT010000191.1-rna_388	28	2.991E-01	6.233E-02	2.870E-01	5.892E+00
GCA_049307005.1_CM111205.1-rna_63	GCA_049307005.1_CM111205.1-rna_63	25	1.042E+00	1.000E+00	1.000E+00	0.000E+00
GCA_003315725.1_QESU01000264.1-rna_1148	GCA_003315725.1_QESU01000264.1-rna_1148	14	1.077E+00	1.000E+00	1.000E+00	4.694E-03
GCA_003315725.1_QESU01000264.1-rna_1148	GCA_014839635.1_MU089290.1-rna_3058	14	1.077E+00	1.000E+00	1.000E+00	4.694E-03
GCA_009755825.1_WJXY01000096.1-rna_328	GCA_009755825.1_WJXY01000096.1-rna_328	29	1.036E+00	1.000E+00	1.000E+00	9.598E-04
GCA_009755825.1_WJXY01000096.1-rna_328	GCA_020796175.1_JAJGYP010000015.1-rna_1185	29	1.036E+00	1.000E+00	1.000E+00	9.598E-04
GCA_013423235.1_CM024001.1-rna_254	GCA_013423235.1_CM024001.1-rna_254	61	1.017E+00	1.000E+00	1.000E+00	0.000E+00
GCA_013423235.1_CM024001.1-rna_254	Fusarium_duoseptatum_ex_type-barcode03_contig_32-gene_235.t1	47	2.233E-01	1.769E-01	5.839E-02	1.326E+01
GCA_014839635.1_MU089290.1-rna_3073	GCA_014839635.1_MU089290.1-rna_3073	180	1.006E+00	1.000E+00	1.000E+00	9.318E-03
GCA_014839635.1_MU089290.1-rna_3073	Fusarium_fabacearum_ex_type_NODE_674_length_699650_cov_49.563713-gene_609.t1	171	1.934E-01	1.592E-01	1.455E-01	1.779E+01
GCA_014839635.1_MU089290.1-rna_3073	GCA_009755825.1_WJXY01000099.1-rna_395	65	1.958E-01	7.510E-02	1.823E-01	1.794E+01
GCA_014839635.1_MU089290.1-rna_3073	GCA_020796175.1_JAJGYP010000015.1-rna_1139	65	1.958E-01	7.510E-02	1.823E-01	1.794E+01
GCA_014839635.1_MU089290.1-rna_3073	GCA_000259975.2_KI980217.1-rna_1137	72	2.311E-01	8.739E-02	8.628E-02	1.900E+01
GCA_014839635.1_MU089290.1-rna_3073	GCA_016170085.2_CM029235.1-rna_642	49	3.201E-01	1.390E-01	1.129E-01	7.994E+00
GCA_014839635.1_MU089290.1-rna_3073	Fusarium_duoseptatum_ex_type-barcode03_contig_32-gene_235.t1	207	1.437E-01	1.318E-01	1.083E-01	2.057E+01
AJ865_race1_JBCFYN010000013.1-rna_1146	AJ865_race1_JBCFYN010000013.1-rna_1146	18	1.059E+00	1.000E+00	1.000E+00	0.000E+00
AJ865_race1_JBCFYN010000013.1-rna_1146	GCA_049306905.1_CM111177.1-rna_965	17	2.561E-01	2.277E-01	1.804E-01	6.252E+00
AJ865_race1_JBCFYN010000013.1-rna_1238	AJ865_race1_JBCFYN010000013.1-rna_1238	14	1.077E+00	1.000E+00	1.000E+00	0.000E+00
AJ865_race1_JBCFYN010000013.1-rna_1238	GCA_019670925.1_JAHHDA010000017.1-rna_270	10	6.850E-01	4.404E-01	2.520E-01	1.326E+00
Fola1ENZA_Fola1_chr5-gene_775.t1	Fola1ENZA_Fola1_chr5-gene_775.t1	514	1.002E+00	1.000E+00	1.000E+00	0.000E+00
Fola1ENZA_Fola1_chr5-gene_775.t1	Fola4ENZA_Fola4_chr4-gene_2868.t1	514	1.002E+00	1.000E+00	1.000E+00	0.000E+00
Fola1ENZA_Fola1_chr5-gene_775.t1	Fusarium_phialophorum-barcode15_contig_2-rna_251	211	1.672E-01	7.659E-02	1.576E-01	1.860E+01
Fola1ENZA_Fola1_chr5-gene_775.t1	GCA_002234015.1_NJCU01000141.1-rna_292	17	6.271E-01	3.263E-02	5.246E-01	1.044E+00
Fola1ENZA_Fola1_chr5-gene_775.t1	GCA_014843555.1_JAAOOQ010000006.1-rna_420	17	6.271E-01	3.263E-02	5.246E-01	1.044E+00
Fola1ENZA_Fola1_chr5-gene_775.t1	GCA_016166325.2_CM040490.1-rna_205	17	6.271E-01	3.263E-02	5.246E-01	1.044E+00
Fola1ENZA_Fola1_chr5-gene_775.t1	GCA_019593505.1_JADWMX010000014.1-rna_1770	17	6.271E-01	3.263E-02	5.246E-01	1.044E+00
Fola1ENZA_Fola1_chr5-gene_775.t1	GCA_025203105.1_JAMSFT010000191.1-rna_388	17	6.271E-01	3.263E-02	5.246E-01	1.044E+00
Fola1ENZA_Fola1_chr5-gene_775.t1	Fusarium_kalimantanense_ex_type-barcode07_contig_10-gene_41.t1	199	1.769E-01	7.988E-02	9.516E-02	1.565E+01
Fola1ENZA_Fola1_chr5-gene_775.t1	GCA_003315725.1_QESU01000292.1-rna_1432	18	4.507E-01	3.298E-02	3.363E-01	2.296E+00
Fola1ENZA_Fola1_chr5-gene_775.t1	GCA_050947165.1_JBMERV010000046.1-rna_517	18	5.135E-01	3.245E-02	3.350E-01	2.662E+00
Fola1ENZA_Fola1_chr5-gene_775.t1	GCA_019593505.1_JADWMX010000010.1-rna_1197	186	1.577E-01	6.811E-02	1.294E-01	1.905E+01
Fola1ENZA_Fola1_chr5-gene_775.t1	GCA_019593505.1_JADWMX010000014.1-rna_1766	186	1.577E-01	6.811E-02	1.294E-01	1.905E+01
Fola1ENZA_Fola1_chr5-gene_775.t1	Fusarium_fabacearum_ex_type_NODE_589_length_46644_cov_48.290264-rna_543	13	4.303E-01	2.401E-02	1.857E-01	2.064E+00
Fola1ENZA_Fola1_chr5-gene_775.t1	GCA_025267645.1_JAMSGA010000401.1-rna_1564	180	1.623E-01	5.651E-02	1.033E-01	1.909E+01
Fola1ENZA_Fola1_chr5-gene_775.t1	GCA_014843455.1_JAAOOO010000002.1-rna_99	214	9.536E-02	4.424E-02	6.660E-02	2.392E+01
Fola1ENZA_Fola1_chr5-gene_775.t1	GCA_014843455.1_JAAOOO010000010.1-rna_1216	214	9.536E-02	4.424E-02	6.660E-02	2.392E+01
Fola1ENZA_Fola1_chr5-gene_775.t1	GCA_014843455.1_JAAOOO010000012.1-rna_1246	214	9.536E-02	4.424E-02	6.660E-02	2.392E+01
Fola1ENZA_Fola1_chr5-gene_775.t1	Fusarium_phialophorum-barcode15_contig_2-rna_249	15	2.561E-01	2.279E-02	1.669E-01	5.090E+00
Fola1ENZA_Fola1_chr5-gene_775.t1	GCA_001703455.1_MABT01000541.1-rna_649	183	2.050E-01	6.715E-02	1.952E-01	1.850E+01
Fola1ENZA_Fola1_chr5-gene_775.t1	GCA_015227905.1_JABCQX010000292.1-rna_383	69	3.170E-01	4.234E-02	1.299E-01	1.082E+01
Fola1ENZA_Fola1_chr5-gene_775.t1	GCA_016170085.2_CM029235.1-rna_642	139	1.187E-01	6.229E-02	1.073E-01	1.689E+01
Fola1ENZA_Fola1_chr5-gene_775.t1	Fusarium_gossypinum_ex_type_NODE_181_length_44178_cov_54.058422-gene_167.t1	301	1.134E-01	5.508E-02	5.144E-02	2.566E+01
Fola1ENZA_Fola1_chr5-gene_775.t1	GCA_001703455.1_MABT01000415.1-rna_368	42	2.058E-01	3.575E-02	1.840E-01	8.026E+00
Fola1ENZA_Fola1_chr5-gene_775.t1	GCA_002234045.1_NJBY01000047.1-rna_162	107	1.519E-01	4.412E-02	1.269E-01	1.311E+01
GCA_019593505.1_JADWMX010000010.1-rna_1197	GCA_019593505.1_JADWMX010000010.1-rna_1197	164	1.006E+00	1.000E+00	1.000E+00	0.000E+00
GCA_019593505.1_JADWMX010000010.1-rna_1197	GCA_019593505.1_JADWMX010000014.1-rna_1766	164	1.006E+00	1.000E+00	1.000E+00	0.000E+00
GCA_019593505.1_JADWMX010000010.1-rna_1197	GCA_001703455.1_MABT01000541.1-rna_649	128	4.157E-01	3.099E-01	3.667E-01	9.733E+00
GCA_019593505.1_JADWMX010000010.1-rna_1197	GCA_015227905.1_JABCQX010000292.1-rna_383	90	3.679E-01	2.095E-01	2.233E-01	6.684E+00
GCA_019593505.1_JADWMX010000010.1-rna_1197	GCA_015227905.1_JABCQX010000886.1-rna_844	168	1.873E-01	1.677E-01	1.325E-01	1.832E+01
GCA_019593505.1_JADWMX010000010.1-rna_1197	GCA_025267645.1_JAMSGA010000401.1-rna_1564	133	2.111E-01	1.381E-01	1.073E-01	1.184E+01
GCA_019593505.1_JADWMX010000010.1-rna_1197	GCA_014843455.1_JAAOOO010000002.1-rna_99	128	3.221E-01	2.036E-01	1.521E-01	8.052E+00
GCA_019593505.1_JADWMX010000010.1-rna_1197	GCA_014843455.1_JAAOOO010000010.1-rna_1216	128	3.221E-01	2.036E-01	1.521E-01	8.052E+00
GCA_019593505.1_JADWMX010000010.1-rna_1197	GCA_014843455.1_JAAOOO010000012.1-rna_1246	128	3.221E-01	2.036E-01	1.521E-01	8.052E+00
GCA_019593505.1_JADWMX010000010.1-rna_1197	Fusarium_elaeidis_ex_type_NODE_17_length_763132_cov_63.011925-gene_43.t1	100	4.001E-01	2.452E-01	1.775E-01	8.501E+00
GCA_019593505.1_JADWMX010000010.1-rna_1197	GCA_003315725.1_QESU01000282.1-rna_1392	72	2.722E-01	1.377E-01	1.838E-01	8.514E+00
GCA_019593505.1_JADWMX010000010.1-rna_1197	GCA_002234015.1_NJCU01000184.1-rna_313	17	7.947E-01	1.004E-01	2.361E-01	1.086E+00
GCA_019593505.1_JADWMX010000010.1-rna_1197	GCA_025203105.1_JAMSFT010000260.1-rna_440	11	1.001E+00	6.687E-02	1.152E-01	3.089E-01
GCA_019593505.1_JADWMX010000010.1-rna_1197	Fusarium_phialophorum-barcode15_contig_2-rna_251	86	4.129E-01	1.482E-01	1.423E-01	1.277E+01
GCA_019593505.1_JADWMX010000010.1-rna_1197	Fola1ENZA_Fola1_chr5-gene_775.t1	183	1.505E-01	1.311E-01	6.720E-02	1.928E+01
GCA_019593505.1_JADWMX010000010.1-rna_1197	Fola4ENZA_Fola4_chr4-gene_2868.t1	183	1.505E-01	1.311E-01	6.720E-02	1.928E+01
GCA_019593505.1_JADWMX010000010.1-rna_1197	Fusarium_kalimantanense_ex_type-barcode07_contig_10-gene_41.t1	146	1.234E-01	8.704E-02	4.657E-02	1.394E+01
GCA_019593505.1_JADWMX010000010.1-rna_1197	GCA_000259975.2_KI980217.1-rna_1137	24	2.628E-01	7.756E-02	6.719E-02	5.580E+00
GCA_019593505.1_JADWMX010000010.1-rna_1197	GCA_002234045.1_NJBY01000047.1-rna_162	109	1.279E-01	8.234E-02	1.161E-01	1.364E+01
AJ516_race4_JBCFYI010000019.1-rna_2467	AJ516_race4_JBCFYI010000019.1-rna_2467	91	1.011E+00	1.000E+00	1.000E+00	0.000E+00
AJ516_race4_JBCFYI010000019.1-rna_2467	GCA_018894095.1_RSAI01000008.1-rna_1759	80	7.376E-01	6.473E-01	6.749E-01	6.107E+00
AJ516_race4_JBCFYI010000019.1-rna_2467	AJ718_race1_JBCFYM010000015.1-rna_1470	99	1.981E-01	1.965E-01	1.857E-01	1.455E+01
AJ516_race4_JBCFYI010000019.1-rna_2467	Fusarium_gossypinum_ex_type_NODE_181_length_44178_cov_54.058422-gene_130.t1	52	7.893E-01	4.523E-01	1.226E-01	5.659E+00
AJ516_race4_JBCFYI010000019.1-rna_2467	GCA_016170085.2_CM029235.1-rna_642	38	2.188E-01	1.215E-01	5.765E-02	9.966E+00
Fusarium_fabacearum_ex_type_NODE_674_length_699650_cov_49.563713-gene_609.t1	Fusarium_fabacearum_ex_type_NODE_674_length_699650_cov_49.563713-gene_609.t1	200	1.005E+00	1.000E+00	1.000E+00	4.056E-03
Fusarium_fabacearum_ex_type_NODE_674_length_699650_cov_49.563713-gene_609.t1	GCA_032206225.1_JACSDM010000047.1-rna_3552	110	4.036E-01	2.333E-01	3.235E-01	7.918E+00
Fusarium_fabacearum_ex_type_NODE_674_length_699650_cov_49.563713-gene_609.t1	GCA_014839635.1_MU089290.1-rna_3073	170	1.959E-01	1.457E-01	1.592E-01	1.905E+01
Fusarium_fabacearum_ex_type_NODE_674_length_699650_cov_49.563713-gene_609.t1	Fusarium_gossypinum_ex_type_NODE_181_length_44178_cov_54.058422-gene_167.t1	48	3.561E-01	9.300E-02	3.586E-02	1.075E+01
GCA_019670925.1_JAHHDA010000017.1-rna_270	GCA_019670925.1_JAHHDA010000017.1-rna_270	29	1.036E+00	1.000E+00	1.000E+00	6.407E-03
GCA_019670925.1_JAHHDA010000017.1-rna_270	AJ865_race1_JBCFYN010000013.1-rna_1238	10	6.850E-01	2.520E-01	4.404E-01	1.326E+00
GCA_019670925.1_JAHHDA010000017.1-rna_270	GCA_001702695.2_CM008298.1-rna_273	16	2.590E-01	2.117E-01	2.009E-01	5.070E+00
GCA_019670925.1_JAHHDA010000017.1-rna_270	GCA_002234105.1_NJCE01000484.1-rna_964	23	2.509E-01	2.219E-01	1.595E-01	5.430E+00
GCA_019670925.1_JAHHDA010000017.1-rna_270	GCA_014843455.1_JAAOOO010000002.1-rna_99	31	2.445E-01	2.439E-01	6.592E-02	6.182E+00
GCA_019670925.1_JAHHDA010000017.1-rna_270	GCA_014843455.1_JAAOOO010000010.1-rna_1216	31	2.445E-01	2.439E-01	6.592E-02	6.182E+00
GCA_019670925.1_JAHHDA010000017.1-rna_270	GCA_014843455.1_JAAOOO010000012.1-rna_1246	31	2.445E-01	2.439E-01	6.592E-02	6.182E+00
GCA_019670925.1_JAHHDA010000017.1-rna_270	GCA_021018635.1_JAIUCW010000046.1-rna_1129	25	2.179E-01	2.203E-01	2.221E-01	7.141E+00
GCA_019670925.1_JAHHDA010000018.1-rna_294	GCA_019670925.1_JAHHDA010000018.1-rna_294	193	1.005E+00	1.000E+00	1.000E+00	0.000E+00
GCA_019670925.1_JAHHDA010000018.1-rna_294	Fusarium_kalimantanense_ex_type-barcode07_contig_10-gene_41.t1	7	8.440E-01	3.580E-02	1.733E-02	6.867E-01
GCA_019670925.1_JAHHDA010000018.1-rna_294	GCA_016170085.2_CM029235.1-rna_642	32	4.497E-01	1.026E-01	8.638E-02	9.330E+00
GCA_019670925.1_JAHHDA010000018.1-rna_294	AJ865_race1_JBCFYN010000013.1-rna_1114	108	2.114E-01	1.382E-01	1.214E-01	1.026E+01
GCA_019670925.1_JAHHDA010000018.1-rna_294	GCA_049307005.1_CM111209.1-rna_351	77	2.312E-01	7.790E-02	3.662E-02	1.365E+01
GCA_019670925.1_JAHHDA010000018.1-rna_294	Fusarium_phialophorum-barcode15_contig_2-rna_251	27	3.165E-01	8.524E-02	9.159E-02	4.719E+00
GCA_019670925.1_JAHHDA010000018.1-rna_294	GCA_000259975.2_KI980217.1-rna_1137	139	1.852E-01	1.296E-01	1.267E-01	1.809E+01
GCA_019670925.1_JAHHDA010000018.1-rna_294	GCA_015227905.1_JABCQX010000886.1-rna_844	10	4.825E-01	4.895E-02	4.281E-02	1.460E+00
GCA_009755825.1_WJXY01000099.1-rna_395	GCA_009755825.1_WJXY01000099.1-rna_395	58	1.018E+00	1.000E+00	1.000E+00	1.095E-02
GCA_009755825.1_WJXY01000099.1-rna_395	GCA_020796175.1_JAJGYP010000015.1-rna_1139	58	1.018E+00	1.000E+00	1.000E+00	1.095E-02
GCA_009755825.1_WJXY01000099.1-rna_395	GCA_013423235.1_CM023998.1-rna_210	57	2.273E-01	2.196E-01	1.576E-01	1.577E+01
GCA_014843415.1_JAAOON010000010.1-rna_781	GCA_013347535.2_CM056009.1-rna_438	47	1.022E+00	1.000E+00	1.000E+00	0.000E+00
GCA_014843415.1_JAAOON010000010.1-rna_781	GCA_014843415.1_JAAOON010000010.1-rna_781	47	1.022E+00	1.000E+00	1.000E+00	0.000E+00
GCA_014843415.1_JAAOON010000010.1-rna_781	Fola2ENZA_Fola2_chr4-rna_603	12	6.423E-01	2.334E-01	1.478E-01	9.299E-01
GCA_014843415.1_JAAOON010000010.1-rna_781	Fola1ENZA_Fola1_chr5-gene_775.t1	37	2.479E-01	1.694E-01	2.517E-02	1.524E+01
GCA_014843415.1_JAAOON010000010.1-rna_781	Fola4ENZA_Fola4_chr4-gene_2868.t1	37	2.479E-01	1.694E-01	2.517E-02	1.524E+01
GCA_014843415.1_JAAOON010000010.1-rna_781	Fola3ENZA_Fola3_chr3-rna_1598	15	5.147E-01	2.684E-01	2.934E-01	1.356E+00
GCA_014843415.1_JAAOON010000010.1-rna_781	Fusarium_cugenangense_ex_type-barcode01_scaffold_2-rna_358	15	5.147E-01	2.684E-01	2.934E-01	1.356E+00
GCA_014843415.1_JAAOON010000010.1-rna_781	GCA_014843445.1_JAAOOM010000006.1-rna_284	15	5.147E-01	2.684E-01	2.934E-01	1.356E+00
GCA_014843415.1_JAAOON010000010.1-rna_781	GCA_038050555.1_JBBJCF010000006.1-rna_1098	15	5.147E-01	2.684E-01	2.934E-01	1.356E+00
GCA_014843415.1_JAAOON010000010.1-rna_781	GCA_014839635.1_MU089290.1-rna_3075	41	2.999E-01	2.515E-01	2.079E-01	8.381E+00
GCA_016170085.2_CM029235.1-rna_724	GCA_016170085.2_CM029235.1-rna_724	97	1.010E+00	1.000E+00	1.000E+00	8.211E-03
GCA_016170085.2_CM029235.1-rna_724	GCA_025216365.1_JAMSDW010000194.1-rna_854	97	9.465E-01	9.372E-01	9.372E-01	1.330E+00
GCA_016170085.2_CM029235.1-rna_724	AJ718_race1_JBCFYM010000015.1-rna_1617	97	9.468E-01	9.375E-01	9.375E-01	1.292E+00
GCA_016170085.2_CM029235.1-rna_724	GCA_049307005.1_CM111209.1-rna_351	43	3.971E-01	2.073E-01	5.409E-02	4.569E+00
GCA_048164945.1_CM106970.1-rna_1513	GCA_048164945.1_CM106970.1-rna_1513	45	1.023E+00	1.000E+00	1.000E+00	3.364E-03
GCA_049306905.1_CM111177.1-rna_965	GCA_049306905.1_CM111177.1-rna_965	57	1.018E+00	1.000E+00	1.000E+00	0.000E+00
GCA_049306905.1_CM111177.1-rna_965	GCA_015227905.1_JABCQX010001032.1-rna_1000	36	2.930E-01	2.185E-01	2.575E-01	6.458E+00
GCA_049306905.1_CM111177.1-rna_965	Fusarium_duoseptatum_ex_type-barcode03_contig_32-gene_235.t1	50	1.693E-01	1.402E-01	5.791E-02	1.348E+01
GCA_014843555.1_JAAOOQ010000006.1-rna_467	GCA_014843555.1_JAAOOQ010000006.1-rna_467	63	1.016E+00	1.000E+00	1.000E+00	0.000E+00
GCA_016166325.2_CM040488.1-rna_93	GCA_016170085.2_CM029235.1-rna_642	20	2.167E-01	2.212E-01	5.989E-02	5.042E+00
GCA_016170085.2_CM029235.1-rna_642	GCA_016170085.2_CM029235.1-rna_642	234	1.004E+00	1.000E+00	1.000E+00	6.281E-03
GCA_016170085.2_CM029235.1-rna_642	GCA_014843455.1_JAAOOO010000002.1-rna_99	225	4.486E-01	4.111E-01	3.936E-01	1.399E+01
GCA_016170085.2_CM029235.1-rna_642	GCA_014843455.1_JAAOOO010000010.1-rna_1216	225	4.486E-01	4.111E-01	3.936E-01	1.399E+01
GCA_016170085.2_CM029235.1-rna_642	GCA_014843455.1_JAAOOO010000012.1-rna_1246	225	4.486E-01	4.111E-01	3.936E-01	1.399E+01
GCA_016170085.2_CM029235.1-rna_642	GCA_025267645.1_JAMSGA010000401.1-rna_1564	217	2.383E-01	2.263E-01	2.231E-01	1.781E+01
GCA_016170085.2_CM029235.1-rna_642	GCA_000260495.2_JH659515.1-rna_888	226	1.815E-01	1.548E-01	1.719E-01	1.602E+01
GCA_016170085.2_CM029235.1-rna_642	GCA_000259975.2_KI980217.1-rna_1137	213	1.746E-01	1.481E-01	1.666E-01	2.034E+01
GCA_016170085.2_CM029235.1-rna_642	GCA_019670925.1_JAHHDA010000018.1-rna_294	32	4.497E-01	8.638E-02	1.026E-01	9.330E+00
GCA_016170085.2_CM029235.1-rna_642	Fola3ENZA_Fola3_chr3-rna_1598	12	5.529E-01	4.673E-02	2.221E-01	2.205E+00
GCA_016170085.2_CM029235.1-rna_642	Fusarium_cugenangense_ex_type-barcode01_scaffold_2-rna_358	12	5.529E-01	4.673E-02	2.221E-01	2.205E+00
GCA_016170085.2_CM029235.1-rna_642	GCA_014843445.1_JAAOOM010000006.1-rna_284	12	5.529E-01	4.673E-02	2.221E-01	2.205E+00
GCA_016170085.2_CM029235.1-rna_642	GCA_038050555.1_JBBJCF010000006.1-rna_1098	12	5.529E-01	4.673E-02	2.221E-01	2.205E+00
GCA_016170085.2_CM029235.1-rna_642	GCA_003315725.1_QESU01000282.1-rna_1392	40	2.132E-01	5.379E-02	9.318E-02	8.055E+00
GCA_016170085.2_CM029235.1-rna_642	Fusarium_elaeidis_ex_type_NODE_17_length_763132_cov_63.011925-gene_43.t1	146	1.649E-01	1.061E-01	1.031E-01	2.811E+01
GCA_016170085.2_CM029235.1-rna_642	Fusarium_elaeidis_ex_type_NODE_17_length_763132_cov_63.011925-rna_64	134	1.812E-01	1.024E-01	1.562E-01	1.467E+01
GCA_016170085.2_CM029235.1-rna_642	GCA_002233855.1_NJCD01000370.1-rna_836	56	1.965E-01	6.388E-02	1.854E-01	1.134E+01
GCA_016170085.2_CM029235.1-rna_642	GCA_002234105.1_NJCE01000542.1-rna_1014	56	1.965E-01	6.388E-02	1.854E-01	1.134E+01
GCA_016170085.2_CM029235.1-rna_642	GCA_001703455.1_MABT01000541.1-rna_649	46	2.457E-01	7.379E-02	1.164E-01	8.867E+00
GCA_016170085.2_CM029235.1-rna_642	GCA_013347535.2_CM056009.1-rna_444	71	2.422E-01	1.022E-01	1.493E-01	1.442E+01
GCA_016170085.2_CM029235.1-rna_642	GCA_000259975.2_JH650909.1-rna_380	39	2.957E-01	5.807E-02	2.390E-01	1.098E+01
Fusarium_phialophorum-barcode15_contig_2-rna_249	Fusarium_phialophorum-barcode15_contig_2-rna_249	35	1.029E+00	1.000E+00	1.000E+00	4.465E-03
Fusarium_phialophorum-barcode15_contig_2-rna_249	Fusarium_duoseptatum_ex_type-barcode03_contig_32-rna_230	36	2.719E-01	2.673E-01	2.380E-01	1.074E+01
Fusarium_phialophorum-barcode15_contig_2-rna_249	Fola1ENZA_Fola1_chr5-gene_775.t1	15	2.561E-01	1.669E-01	2.279E-02	5.090E+00
Fusarium_phialophorum-barcode15_contig_2-rna_249	Fola4ENZA_Fola4_chr4-gene_2868.t1	15	2.561E-01	1.669E-01	2.279E-02	5.090E+00
Fusarium_phialophorum-barcode15_contig_2-rna_249	GCA_048164945.1_CM106970.1-rna_1513	20	1.796E-01	2.081E-01	1.794E-01	6.112E+00
Fusarium_sp_128.81_NODE_541_length_137608_cov_57.204044-rna_566	Fusarium_sp_128.81_NODE_541_length_137608_cov_57.204044-rna_566	13	1.083E+00	1.000E+00	1.000E+00	9.580E-03
GCA_000259975.2_KI980217.1-rna_1137	GCA_000259975.2_KI980217.1-rna_1137	199	1.005E+00	1.000E+00	1.000E+00	0.000E+00
GCA_000259975.2_KI980217.1-rna_1137	GCA_000260495.2_JH659515.1-rna_888	199	2.680E-01	2.668E-01	2.668E-01	1.870E+01
GCA_000259975.2_KI980217.1-rna_1137	GCA_002234015.1_NJCU01000141.1-rna_292	17	6.890E-01	8.220E-02	5.451E-01	1.274E+00
GCA_000259975.2_KI980217.1-rna_1137	GCA_014843555.1_JAAOOQ010000006.1-rna_420	17	6.890E-01	8.220E-02	5.451E-01	1.274E+00
GCA_000259975.2_KI980217.1-rna_1137	GCA_016166325.2_CM040490.1-rna_205	17	6.890E-01	8.220E-02	5.451E-01	1.274E+00
GCA_000259975.2_KI980217.1-rna_1137	GCA_019593505.1_JADWMX010000014.1-rna_1770	17	6.890E-01	8.220E-02	5.451E-01	1.274E+00
GCA_000259975.2_KI980217.1-rna_1137	GCA_025203105.1_JAMSFT010000191.1-rna_388	17	6.890E-01	8.220E-02	5.451E-01	1.274E+00
GCA_000259975.2_KI980217.1-rna_1137	GCA_016170085.2_CM029235.1-rna_642	234	2.069E-01	1.986E-01	1.781E-01	1.962E+01
GCA_000259975.2_KI980217.1-rna_1137	GCA_002234015.1_NJCU01000184.1-rna_313	30	4.389E-01	1.036E-01	2.437E-01	4.539E+00
GCA_000259975.2_KI980217.1-rna_1137	GCA_014843455.1_JAAOOO010000002.1-rna_99	153	1.622E-01	1.298E-01	1.176E-01	1.587E+01
GCA_000259975.2_KI980217.1-rna_1137	GCA_014843455.1_JAAOOO010000010.1-rna_1216	153	1.622E-01	1.298E-01	1.176E-01	1.587E+01
GCA_000259975.2_KI980217.1-rna_1137	GCA_014843455.1_JAAOOO010000012.1-rna_1246	153	1.622E-01	1.298E-01	1.176E-01	1.587E+01
GCA_000259975.2_KI980217.1-rna_1137	Fusarium_phialophorum-barcode15_contig_2-rna_217	17	4.766E-01	7.046E-02	1.350E-01	1.679E+00
GCA_000259975.2_KI980217.1-rna_1137	GCA_001703455.1_MABT01000541.1-rna_649	46	2.672E-01	5.468E-02	7.374E-02	9.724E+00
GCA_000259975.2_KI980217.1-rna_1137	Fusarium_elaeidis_ex_type_NODE_17_length_763132_cov_63.011925-rna_64	136	1.359E-01	1.025E-01	1.178E-01	1.770E+01
GCA_000259975.2_KI980217.1-rna_1137	Fusarium_elaeidis_ex_type_NODE_17_length_763132_cov_63.011925-gene_43.t1	168	1.180E-01	8.741E-02	7.471E-02	2.996E+01
GCA_000259975.2_KI980217.1-rna_1137	GCA_000259975.2_JH650909.1-rna_380	42	2.234E-01	6.035E-02	2.063E-01	1.020E+01
GCA_000259975.2_KI980217.1-rna_1137	GCA_014839635.1_MU089290.1-rna_3073	68	2.191E-01	8.635E-02	9.334E-02	1.790E+01
GCA_000259975.2_KI980217.1-rna_1137	GCA_019670925.1_JAHHDA010000018.1-rna_294	61	2.667E-01	1.113E-01	1.140E-01	8.981E+00
GCA_000259975.2_KI980217.1-rna_1137	Fusarium_kalimantanense_ex_type-barcode07_contig_10-gene_41.t1	15	3.122E-01	6.223E-02	3.327E-02	2.910E+00
GCA_000259975.2_KI980217.1-rna_1137	GCA_019593505.1_JADWMX010000010.1-rna_1197	29	2.823E-01	6.648E-02	7.595E-02	8.135E+00
GCA_000259975.2_KI980217.1-rna_1137	GCA_019593505.1_JADWMX010000014.1-rna_1766	29	2.823E-01	6.648E-02	7.595E-02	8.135E+00
GCA_000259975.2_KI980217.1-rna_1137	GCA_025267645.1_JAMSGA010000401.1-rna_1564	96	1.218E-01	6.821E-02	6.351E-02	1.692E+01
GCA_000259975.2_KI980217.1-rna_1137	GCA_000260495.2_JH659537.1-rna_1111	24	2.012E-01	6.045E-02	1.657E-01	7.588E+00
GCA_000259975.2_KI980217.1-rna_1137	GCA_001702845.1_MALF01000409.1-rna_596	83	1.487E-01	7.702E-02	1.185E-01	1.476E+01
GCA_000259975.2_KI980217.1-rna_1137	Fusarium_phialophorum-barcode15_contig_2-rna_251	17	2.961E-01	5.991E-02	6.603E-02	3.682E+00
GCA_013347535.2_CM056009.1-rna_438	GCA_013347535.2_CM056009.1-rna_438	47	1.022E+00	1.000E+00	1.000E+00	0.000E+00
GCA_013347535.2_CM056009.1-rna_438	GCA_014843415.1_JAAOON010000010.1-rna_781	47	1.022E+00	1.000E+00	1.000E+00	0.000E+00
GCA_013347535.2_CM056009.1-rna_438	Fola2ENZA_Fola2_chr4-rna_603	12	6.423E-01	2.334E-01	1.478E-01	9.299E-01
GCA_013347535.2_CM056009.1-rna_438	Fola1ENZA_Fola1_chr5-gene_775.t1	37	2.479E-01	1.694E-01	2.517E-02	1.524E+01
GCA_013347535.2_CM056009.1-rna_438	Fola4ENZA_Fola4_chr4-gene_2868.t1	37	2.479E-01	1.694E-01	2.517E-02	1.524E+01
GCA_013347535.2_CM056009.1-rna_438	Fola3ENZA_Fola3_chr3-rna_1598	15	5.147E-01	2.684E-01	2.934E-01	1.356E+00
GCA_013347535.2_CM056009.1-rna_438	Fusarium_cugenangense_ex_type-barcode01_scaffold_2-rna_358	15	5.147E-01	2.684E-01	2.934E-01	1.356E+00
GCA_013347535.2_CM056009.1-rna_438	GCA_014843445.1_JAAOOM010000006.1-rna_284	15	5.147E-01	2.684E-01	2.934E-01	1.356E+00
GCA_013347535.2_CM056009.1-rna_438	GCA_038050555.1_JBBJCF010000006.1-rna_1098	15	5.147E-01	2.684E-01	2.934E-01	1.356E+00
GCA_013347535.2_CM056009.1-rna_438	GCA_014839635.1_MU089290.1-rna_3075	41	2.999E-01	2.515E-01	2.079E-01	8.381E+00
GCA_025216365.1_JAMSDW010000194.1-rna_854	GCA_025216365.1_JAMSDW010000194.1-rna_854	97	1.010E+00	1.000E+00	1.000E+00	0.000E+00
GCA_025216365.1_JAMSDW010000194.1-rna_854	AJ718_race1_JBCFYM010000015.1-rna_1617	97	9.601E-01	9.505E-01	9.505E-01	1.191E+00
GCA_025216365.1_JAMSDW010000194.1-rna_854	GCA_016170085.2_CM029235.1-rna_724	97	9.465E-01	9.372E-01	9.372E-01	1.330E+00
GCA_025216365.1_JAMSDW010000194.1-rna_854	GCA_009755825.1_WJXY01000096.1-rna_328	23	3.022E-01	1.149E-01	2.430E-01	4.977E+00
GCA_025216365.1_JAMSDW010000194.1-rna_854	GCA_020796175.1_JAJGYP010000015.1-rna_1185	23	3.022E-01	1.149E-01	2.430E-01	4.977E+00
GCA_025216365.1_JAMSDW010000194.1-rna_854	AJ516_race4_JBCFYI010000019.1-rna_2467	104	1.878E-01	1.543E-01	1.618E-01	1.316E+01
GCA_025203755.1_JAMSFW010000648.1-rna_950	GCA_025203755.1_JAMSFW010000648.1-rna_950	70	1.014E+00	1.000E+00	1.000E+00	5.534E-03
GCA_025203755.1_JAMSFW010000648.1-rna_950	GCA_049307005.1_CM111209.1-rna_351	16	8.450E-01	2.160E-01	3.066E-02	1.223E+00
GCA_025203755.1_JAMSFW010000648.1-rna_950	AJ865_race1_JBCFYN010000013.1-rna_1114	23	2.364E-01	9.941E-02	3.407E-02	1.070E+01
GCA_019593505.1_JADWMX010000014.1-rna_1766	GCA_019593505.1_JADWMX010000010.1-rna_1197	164	1.006E+00	1.000E+00	1.000E+00	0.000E+00
GCA_019593505.1_JADWMX010000014.1-rna_1766	GCA_019593505.1_JADWMX010000014.1-rna_1766	164	1.006E+00	1.000E+00	1.000E+00	0.000E+00
GCA_019593505.1_JADWMX010000014.1-rna_1766	GCA_001703455.1_MABT01000541.1-rna_649	128	4.157E-01	3.099E-01	3.667E-01	9.733E+00
GCA_019593505.1_JADWMX010000014.1-rna_1766	GCA_015227905.1_JABCQX010000292.1-rna_383	90	3.679E-01	2.095E-01	2.233E-01	6.684E+00
GCA_019593505.1_JADWMX010000014.1-rna_1766	GCA_015227905.1_JABCQX010000886.1-rna_844	168	1.873E-01	1.677E-01	1.325E-01	1.832E+01
GCA_019593505.1_JADWMX010000014.1-rna_1766	GCA_025267645.1_JAMSGA010000401.1-rna_1564	133	2.111E-01	1.381E-01	1.073E-01	1.184E+01
GCA_019593505.1_JADWMX010000014.1-rna_1766	GCA_014843455.1_JAAOOO010000002.1-rna_99	128	3.221E-01	2.036E-01	1.521E-01	8.052E+00
GCA_019593505.1_JADWMX010000014.1-rna_1766	GCA_014843455.1_JAAOOO010000010.1-rna_1216	128	3.221E-01	2.036E-01	1.521E-01	8.052E+00
GCA_019593505.1_JADWMX010000014.1-rna_1766	GCA_014843455.1_JAAOOO010000012.1-rna_1246	128	3.221E-01	2.036E-01	1.521E-01	8.052E+00
GCA_019593505.1_JADWMX010000014.1-rna_1766	Fusarium_elaeidis_ex_type_NODE_17_length_763132_cov_63.011925-gene_43.t1	100	4.001E-01	2.452E-01	1.775E-01	8.501E+00
GCA_019593505.1_JADWMX010000014.1-rna_1766	GCA_003315725.1_QESU01000282.1-rna_1392	72	2.722E-01	1.377E-01	1.838E-01	8.514E+00
GCA_019593505.1_JADWMX010000014.1-rna_1766	GCA_002234015.1_NJCU01000184.1-rna_313	17	7.947E-01	1.004E-01	2.361E-01	1.086E+00
GCA_019593505.1_JADWMX010000014.1-rna_1766	GCA_025203105.1_JAMSFT010000260.1-rna_440	11	1.001E+00	6.687E-02	1.152E-01	3.089E-01
GCA_019593505.1_JADWMX010000014.1-rna_1766	Fusarium_phialophorum-barcode15_contig_2-rna_251	86	4.129E-01	1.482E-01	1.423E-01	1.277E+01
GCA_019593505.1_JADWMX010000014.1-rna_1766	Fola1ENZA_Fola1_chr5-gene_775.t1	183	1.505E-01	1.311E-01	6.720E-02	1.928E+01
GCA_019593505.1_JADWMX010000014.1-rna_1766	Fola4ENZA_Fola4_chr4-gene_2868.t1	183	1.505E-01	1.311E-01	6.720E-02	1.928E+01
GCA_019593505.1_JADWMX010000014.1-rna_1766	Fusarium_kalimantanense_ex_type-barcode07_contig_10-gene_41.t1	146	1.234E-01	8.704E-02	4.657E-02	1.394E+01
GCA_019593505.1_JADWMX010000014.1-rna_1766	GCA_000259975.2_KI980217.1-rna_1137	24	2.628E-01	7.756E-02	6.719E-02	5.580E+00
GCA_019593505.1_JADWMX010000014.1-rna_1766	GCA_002234045.1_NJBY01000047.1-rna_162	109	1.279E-01	8.234E-02	1.161E-01	1.364E+01
GCA_019593505.1_JADWMX010000014.1-rna_1770	GCA_002234015.1_NJCU01000141.1-rna_292	25	1.042E+00	1.000E+00	1.000E+00	6.145E-03
GCA_019593505.1_JADWMX010000014.1-rna_1770	GCA_014843555.1_JAAOOQ010000006.1-rna_420	25	1.042E+00	1.000E+00	1.000E+00	6.145E-03
GCA_019593505.1_JADWMX010000014.1-rna_1770	GCA_016166325.2_CM040490.1-rna_205	25	1.042E+00	1.000E+00	1.000E+00	6.145E-03
GCA_019593505.1_JADWMX010000014.1-rna_1770	GCA_019593505.1_JADWMX010000014.1-rna_1770	25	1.042E+00	1.000E+00	1.000E+00	6.145E-03
GCA_019593505.1_JADWMX010000014.1-rna_1770	GCA_025203105.1_JAMSFT010000191.1-rna_388	25	1.042E+00	1.000E+00	1.000E+00	6.145E-03
GCA_019593505.1_JADWMX010000014.1-rna_1770	GCA_000260495.2_JH659515.1-rna_888	17	6.884E-01	5.501E-01	8.310E-02	1.049E+00
GCA_019593505.1_JADWMX010000014.1-rna_1770	GCA_000259975.2_KI980217.1-rna_1137	17	6.890E-01	5.451E-01	8.220E-02	1.274E+00
GCA_019593505.1_JADWMX010000014.1-rna_1770	GCA_002234015.1_NJCU01000184.1-rna_313	16	6.239E-01	4.862E-01	2.171E-01	1.116E+00
GCA_019593505.1_JADWMX010000014.1-rna_1770	Fusarium_fabacearum_ex_type_NODE_589_length_46644_cov_48.290264-rna_543	23	4.249E-01	4.333E-01	2.840E-01	5.240E+00
GCA_019593505.1_JADWMX010000014.1-rna_1770	Fola1ENZA_Fola1_chr5-gene_775.t1	17	6.271E-01	5.246E-01	3.263E-02	1.044E+00
GCA_019593505.1_JADWMX010000014.1-rna_1770	Fola4ENZA_Fola4_chr4-gene_2868.t1	17	6.271E-01	5.246E-01	3.263E-02	1.044E+00
GCA_025216365.1_JAMSDW010000230.1-rna_1126	GCA_025216365.1_JAMSDW010000230.1-rna_1126	52	1.020E+00	1.000E+00	1.000E+00	7.375E-03
GCA_025216365.1_JAMSDW010000230.1-rna_1126	GCA_025267645.1_JAMSGA010000299.1-rna_1382	52	1.020E+00	1.000E+00	1.000E+00	7.375E-03
GCA_025267645.1_JAMSGA010000299.1-rna_1382	GCA_025216365.1_JAMSDW010000230.1-rna_1126	52	1.020E+00	1.000E+00	1.000E+00	7.375E-03
GCA_025267645.1_JAMSGA010000299.1-rna_1382	GCA_025267645.1_JAMSGA010000299.1-rna_1382	52	1.020E+00	1.000E+00	1.000E+00	7.375E-03
GCA_038050555.1_JBBJCF010000006.1-rna_1098	Fola3ENZA_Fola3_chr3-rna_1598	42	1.024E+00	1.000E+00	1.000E+00	4.744E-03
GCA_038050555.1_JBBJCF010000006.1-rna_1098	Fusarium_cugenangense_ex_type-barcode01_scaffold_2-rna_358	42	1.024E+00	1.000E+00	1.000E+00	4.744E-03
GCA_038050555.1_JBBJCF010000006.1-rna_1098	GCA_014843445.1_JAAOOM010000006.1-rna_284	42	1.024E+00	1.000E+00	1.000E+00	4.744E-03
GCA_038050555.1_JBBJCF010000006.1-rna_1098	GCA_038050555.1_JBBJCF010000006.1-rna_1098	42	1.024E+00	1.000E+00	1.000E+00	4.744E-03
GCA_038050555.1_JBBJCF010000006.1-rna_1098	Fusarium_elaeidis_ex_type_NODE_17_length_763132_cov_63.011925-gene_43.t1	36	3.957E-01	3.462E-01	9.464E-02	4.369E+00
GCA_038050555.1_JBBJCF010000006.1-rna_1098	Fusarium_fabacearum_ex_type_NODE_589_length_46644_cov_48.290264-rna_543	33	3.550E-01	2.771E-01	2.403E-01	8.781E+00
GCA_015227905.1_JABCQX010000886.1-rna_844	GCA_015227905.1_JABCQX010000886.1-rna_844	222	1.005E+00	1.000E+00	1.000E+00	1.807E-02
GCA_015227905.1_JABCQX010000886.1-rna_844	GCA_019593505.1_JADWMX010000010.1-rna_1197	115	2.436E-01	1.298E-01	1.628E-01	1.435E+01
GCA_015227905.1_JABCQX010000886.1-rna_844	GCA_019593505.1_JADWMX010000014.1-rna_1766	115	2.436E-01	1.298E-01	1.628E-01	1.435E+01
GCA_015227905.1_JABCQX010000886.1-rna_844	Fusarium_phialophorum-barcode15_contig_2-rna_251	113	1.627E-01	9.473E-02	1.119E-01	1.630E+01
GCA_015227905.1_JABCQX010000886.1-rna_844	Fusarium_kalimantanense_ex_type-barcode07_contig_10-gene_41.t1	69	2.205E-01	1.049E-01	7.026E-02	9.082E+00
GCA_015227905.1_JABCQX010000886.1-rna_844	GCA_016170085.2_CM029235.1-rna_652	29	3.525E-01	7.953E-02	3.262E-01	7.048E+00
GCA_015227905.1_JABCQX010000886.1-rna_844	GCA_015227905.1_JABCQX010000292.1-rna_383	82	2.432E-01	1.209E-01	1.565E-01	9.964E+00
GCA_015227905.1_JABCQX010000886.1-rna_844	GCA_000260495.2_JH659515.1-rna_888	29	3.283E-01	4.741E-02	5.268E-02	8.404E+00
GCA_015227905.1_JABCQX010000886.1-rna_844	GCA_025267645.1_JAMSGA010000401.1-rna_1564	91	1.270E-01	6.988E-02	5.573E-02	1.334E+01
GCA_015227905.1_JABCQX010000886.1-rna_844	GCA_001703455.1_MABT01000415.1-rna_368	52	2.268E-01	6.928E-02	2.100E-01	1.017E+01
GCA_015227905.1_JABCQX010000886.1-rna_844	GCA_002234015.1_NJCU01000184.1-rna_313	16	3.822E-01	5.442E-02	1.362E-01	3.163E+00
GCA_015227905.1_JABCQX010000886.1-rna_844	GCA_002234015.1_NJCU01000141.1-rna_292	14	2.870E-01	4.880E-02	2.125E-01	3.609E+00
GCA_015227905.1_JABCQX010000886.1-rna_844	GCA_014843555.1_JAAOOQ010000006.1-rna_420	14	2.870E-01	4.880E-02	2.125E-01	3.609E+00
GCA_015227905.1_JABCQX010000886.1-rna_844	GCA_016166325.2_CM040490.1-rna_205	14	2.870E-01	4.880E-02	2.125E-01	3.609E+00
GCA_015227905.1_JABCQX010000886.1-rna_844	GCA_019593505.1_JADWMX010000014.1-rna_1770	14	2.870E-01	4.880E-02	2.125E-01	3.609E+00
GCA_015227905.1_JABCQX010000886.1-rna_844	GCA_025203105.1_JAMSFT010000191.1-rna_388	14	2.870E-01	4.880E-02	2.125E-01	3.609E+00
Fusarium_elaeidis_ex_type_NODE_17_length_763132_cov_63.011925-rna_64	Fusarium_elaeidis_ex_type_NODE_17_length_763132_cov_63.011925-rna_64	141	1.007E+00	1.000E+00	1.000E+00	0.000E+00
Fusarium_elaeidis_ex_type_NODE_17_length_763132_cov_63.011925-rna_64	Fusarium_elaeidis_ex_type_NODE_17_length_763132_cov_63.011925-gene_43.t1	139	1.341E-01	1.216E-01	7.635E-02	2.572E+01
Fusarium_elaeidis_ex_type_NODE_17_length_763132_cov_63.011925-rna_64	Fusarium_phialophorum-barcode15_contig_2-rna_217	46	3.105E-01	1.137E-01	1.506E-01	7.608E+00
Fusarium_elaeidis_ex_type_NODE_17_length_763132_cov_63.011925-rna_64	Fusarium_gossypinum_ex_type_NODE_181_length_44178_cov_54.058422-gene_167.t1	21	5.193E-01	1.143E-01	3.165E-02	4.835E+00
Fusarium_elaeidis_ex_type_NODE_17_length_763132_cov_63.011925-rna_64	GCA_001703205.2_MALY02000015.1-rna_889	30	2.576E-01	1.131E-01	2.572E-01	5.764E+00
GCA_032206225.1_JACSDM010000047.1-rna_3552	GCA_032206225.1_JACSDM010000047.1-rna_3552	127	1.008E+00	1.000E+00	1.000E+00	1.175E-02
GCA_032206225.1_JACSDM010000047.1-rna_3552	GCA_050947165.1_JBMERV010000046.1-rna_517	18	3.781E-01	9.478E-02	1.915E-01	3.987E+00
GCA_032206225.1_JACSDM010000047.1-rna_3552	Fusarium_elaeidis_ex_type_NODE_17_length_763132_cov_63.011925-rna_64	31	2.500E-01	1.001E-01	8.908E-02	9.570E+00
GCA_032206225.1_JACSDM010000047.1-rna_3552	Fusarium_fabacearum_ex_type_NODE_674_length_699650_cov_49.563713-gene_609.t1	110	4.036E-01	3.235E-01	2.333E-01	7.918E+00
GCA_032206225.1_JACSDM010000047.1-rna_3552	GCA_049307005.1_CM111209.1-rna_351	52	5.064E-01	1.967E-01	5.592E-02	1.107E+01
GCA_032206225.1_JACSDM010000047.1-rna_3552	GCA_016170085.2_CM029235.1-rna_642	27	2.113E-01	9.143E-02	5.957E-02	8.928E+00
GCA_032206225.1_JACSDM010000047.1-rna_3552	Fusarium_elaeidis_ex_type_NODE_17_length_763132_cov_63.011925-gene_43.t1	32	1.544E-01	8.831E-02	5.432E-02	1.742E+01
GCA_025203105.1_JAMSFT010000260.1-rna_440	GCA_025203105.1_JAMSFT010000260.1-rna_440	95	1.011E+00	1.000E+00	1.000E+00	0.000E+00
GCA_025203105.1_JAMSFT010000260.1-rna_440	GCA_019593505.1_JADWMX010000010.1-rna_1197	11	1.001E+00	1.152E-01	6.687E-02	3.089E-01
GCA_025203105.1_JAMSFT010000260.1-rna_440	GCA_019593505.1_JADWMX010000014.1-rna_1766	11	1.001E+00	1.152E-01	6.687E-02	3.089E-01
GCA_025203105.1_JAMSFT010000260.1-rna_440	Fusarium_kalimantanense_ex_type-barcode07_contig_10-rna_46	17	4.199E-01	1.418E-01	1.369E-01	2.755E+00
GCA_025203105.1_JAMSFT010000260.1-rna_440	Fusarium_gossypinum_ex_type_NODE_181_length_44178_cov_54.058422-gene_167.t1	17	5.633E-01	1.428E-01	2.559E-02	1.590E+00
GCA_025203105.1_JAMSFT010000260.1-rna_440	Fusarium_phialophorum-barcode15_contig_2-rna_251	14	5.072E-01	1.316E-01	7.431E-02	1.562E+00
GCA_025203105.1_JAMSFT010000260.1-rna_440	GCA_015227905.1_JABCQX010000886.1-rna_844	13	5.828E-01	1.070E-01	4.969E-02	1.915E+00
GCA_025203105.1_JAMSFT010000260.1-rna_440	GCA_000260495.2_JH659515.1-rna_888	32	3.405E-01	1.464E-01	8.332E-02	5.161E+00
GCA_025203105.1_JAMSFT010000260.1-rna_440	Fusarium_kalimantanense_ex_type-barcode07_contig_10-gene_41.t1	17	5.986E-01	7.301E-02	1.741E-02	7.748E+00
GCA_002233855.1_NJCD01000370.1-rna_836	GCA_002233855.1_NJCD01000370.1-rna_836	42	1.024E+00	1.000E+00	1.000E+00	9.957E-03
GCA_002233855.1_NJCD01000370.1-rna_836	GCA_002234105.1_NJCE01000542.1-rna_1014	42	1.024E+00	1.000E+00	1.000E+00	9.957E-03
GCA_002233855.1_NJCD01000370.1-rna_836	GCA_049306905.1_CM111177.1-rna_965	43	4.489E-01	4.449E-01	3.837E-01	3.787E+00
GCA_002233855.1_NJCD01000370.1-rna_836	GCA_021018635.1_JAIUCW010000046.1-rna_1129	26	2.933E-01	2.314E-01	2.772E-01	1.510E+01
GCA_002233855.1_NJCD01000370.1-rna_836	GCA_016170085.2_CM029235.1-rna_642	21	2.117E-01	1.736E-01	4.888E-02	1.018E+01
GCA_002233855.1_NJCD01000370.1-rna_836	GCA_016170085.2_CM029235.1-rna_652	29	2.190E-01	1.901E-01	2.115E-01	1.072E+01
GCA_002233855.1_NJCD01000370.1-rna_836	GCA_018894095.1_RSAI01000008.1-rna_1759	29	2.392E-01	2.069E-01	1.289E-01	1.086E+01
GCA_002233855.1_NJCD01000370.1-rna_836	GCA_014843415.1_JAAOON010000010.1-rna_787	39	3.124E-01	2.973E-01	1.234E-01	9.244E+00
GCA_050947235.1_JBMERW010000014.1-rna_543	GCA_050947235.1_JBMERW010000014.1-rna_543	59	1.017E+00	1.000E+00	1.000E+00	0.000E+00
GCA_050947235.1_JBMERW010000014.1-rna_543	GCA_001702845.1_MALF01000409.1-rna_596	10	6.480E-01	1.496E-01	9.016E-02	1.280E+00
GCA_013423235.1_CM023998.1-rna_210	GCA_013423235.1_CM023998.1-rna_210	94	1.011E+00	1.000E+00	1.000E+00	0.000E+00
GCA_013423235.1_CM023998.1-rna_210	GCA_001702695.2_CM008298.1-rna_273	24	2.404E-01	1.272E-01	2.398E-01	8.704E+00
GCA_013423235.1_CM023998.1-rna_210	GCA_000260495.2_JH659515.1-rna_888	51	2.111E-01	1.145E-01	6.353E-02	1.485E+01
GCA_013423235.1_CM023998.1-rna_210	GCA_019670925.1_JAHHDA010000017.1-rna_270	26	2.461E-01	1.130E-01	2.478E-01	8.036E+00
GCA_013423235.1_CM023998.1-rna_210	GCA_001702845.1_MALF01001047.1-rna_1073	19	1.725E-01	9.812E-02	1.696E-01	6.048E+00
GCA_013423235.1_CM023998.1-rna_210	GCA_050947165.1_JBMERV010000046.1-rna_517	11	5.693E-01	9.993E-02	2.210E-01	2.272E+00
GCA_013423235.1_CM023998.1-rna_210	GCA_013347535.2_CM056009.1-rna_438	14	3.558E-01	1.051E-01	1.684E-01	3.250E+00
GCA_013423235.1_CM023998.1-rna_210	GCA_014843415.1_JAAOON010000010.1-rna_781	14	3.558E-01	1.051E-01	1.684E-01	3.250E+00
GCA_013423235.1_CM023998.1-rna_210	GCA_001702695.2_CM008298.1-rna_322	46	2.513E-01	1.085E-01	1.791E-01	1.293E+01
GCA_013423235.1_CM023998.1-rna_210	Fusarium_duoseptatum_ex_type-barcode03_contig_32-gene_235.t1	85	2.501E-01	2.076E-01	1.157E-01	8.676E+00
GCA_013423235.1_CM023998.1-rna_210	GCA_025267645.1_JAMSGA010000142.1-rna_393	78	1.441E-01	1.122E-01	9.911E-02	1.840E+01
GCA_050947165.1_JBMERV010000046.1-rna_517	GCA_050947165.1_JBMERV010000046.1-rna_517	38	1.027E+00	1.000E+00	1.000E+00	5.869E-03
GCA_050947165.1_JBMERV010000046.1-rna_517	GCA_003315725.1_QESU01000292.1-rna_1432	38	7.541E-01	7.375E-01	7.375E-01	2.660E+00
GCA_050947165.1_JBMERV010000046.1-rna_517	Fola1ENZA_Fola1_chr5-gene_775.t1	18	5.135E-01	3.350E-01	3.245E-02	2.662E+00
GCA_050947165.1_JBMERV010000046.1-rna_517	Fola4ENZA_Fola4_chr4-gene_2868.t1	18	5.135E-01	3.350E-01	3.245E-02	2.662E+00
GCA_050947165.1_JBMERV010000046.1-rna_517	GCA_032206225.1_JACSDM010000047.1-rna_3552	26	3.280E-01	1.842E-01	6.695E-02	1.070E+01
GCA_050947165.1_JBMERV010000046.1-rna_517	Fusarium_kalimantanense_ex_type-barcode07_contig_10-gene_41.t1	43	2.822E-01	2.490E-01	3.744E-02	1.500E+01
GCA_050947165.1_JBMERV010000046.1-rna_517	GCA_002234015.1_NJCU01000141.1-rna_292	15	3.464E-01	2.470E-01	2.946E-01	2.568E+00
GCA_050947165.1_JBMERV010000046.1-rna_517	GCA_014843555.1_JAAOOQ010000006.1-rna_420	15	3.464E-01	2.470E-01	2.946E-01	2.568E+00
GCA_050947165.1_JBMERV010000046.1-rna_517	GCA_016166325.2_CM040490.1-rna_205	15	3.464E-01	2.470E-01	2.946E-01	2.568E+00
GCA_050947165.1_JBMERV010000046.1-rna_517	GCA_019593505.1_JADWMX010000014.1-rna_1770	15	3.464E-01	2.470E-01	2.946E-01	2.568E+00
GCA_050947165.1_JBMERV010000046.1-rna_517	GCA_025203105.1_JAMSFT010000191.1-rna_388	15	3.464E-01	2.470E-01	2.946E-01	2.568E+00
GCA_050947165.1_JBMERV010000046.1-rna_517	Fusarium_elaeidis_ex_type_NODE_17_length_763132_cov_63.011925-rna_64	34	1.785E-01	1.544E-01	6.132E-02	9.471E+00
GCA_014839635.1_MU089290.1-rna_3058	GCA_003315725.1_QESU01000264.1-rna_1148	14	1.077E+00	1.000E+00	1.000E+00	4.694E-03
GCA_014839635.1_MU089290.1-rna_3058	GCA_014839635.1_MU089290.1-rna_3058	14	1.077E+00	1.000E+00	1.000E+00	4.694E-03
GCA_014843445.1_JAAOOM010000006.1-rna_284	Fola3ENZA_Fola3_chr3-rna_1598	42	1.024E+00	1.000E+00	1.000E+00	4.744E-03
GCA_014843445.1_JAAOOM010000006.1-rna_284	Fusarium_cugenangense_ex_type-barcode01_scaffold_2-rna_358	42	1.024E+00	1.000E+00	1.000E+00	4.744E-03
GCA_014843445.1_JAAOOM010000006.1-rna_284	GCA_014843445.1_JAAOOM010000006.1-rna_284	42	1.024E+00	1.000E+00	1.000E+00	4.744E-03
GCA_014843445.1_JAAOOM010000006.1-rna_284	GCA_038050555.1_JBBJCF010000006.1-rna_1098	42	1.024E+00	1.000E+00	1.000E+00	4.744E-03
GCA_014843445.1_JAAOOM010000006.1-rna_284	Fusarium_elaeidis_ex_type_NODE_17_length_763132_cov_63.011925-gene_43.t1	36	3.957E-01	3.462E-01	9.464E-02	4.369E+00
GCA_014843445.1_JAAOOM010000006.1-rna_284	Fusarium_fabacearum_ex_type_NODE_589_length_46644_cov_48.290264-rna_543	33	3.550E-01	2.771E-01	2.403E-01	8.781E+00
GCA_016166325.2_CM040490.1-rna_205	GCA_002234015.1_NJCU01000141.1-rna_292	25	1.042E+00	1.000E+00	1.000E+00	6.145E-03
GCA_016166325.2_CM040490.1-rna_205	GCA_014843555.1_JAAOOQ010000006.1-rna_420	25	1.042E+00	1.000E+00	1.000E+00	6.145E-03
GCA_016166325.2_CM040490.1-rna_205	GCA_016166325.2_CM040490.1-rna_205	25	1.042E+00	1.000E+00	1.000E+00	6.145E-03
GCA_016166325.2_CM040490.1-rna_205	GCA_019593505.1_JADWMX010000014.1-rna_1770	25	1.042E+00	1.000E+00	1.000E+00	6.145E-03
GCA_016166325.2_CM040490.1-rna_205	GCA_025203105.1_JAMSFT010000191.1-rna_388	25	1.042E+00	1.000E+00	1.000E+00	6.145E-03
GCA_016166325.2_CM040490.1-rna_205	GCA_000260495.2_JH659515.1-rna_888	17	6.884E-01	5.501E-01	8.310E-02	1.049E+00
GCA_016166325.2_CM040490.1-rna_205	GCA_000259975.2_KI980217.1-rna_1137	17	6.890E-01	5.451E-01	8.220E-02	1.274E+00
GCA_016166325.2_CM040490.1-rna_205	GCA_002234015.1_NJCU01000184.1-rna_313	16	6.239E-01	4.862E-01	2.171E-01	1.116E+00
GCA_016166325.2_CM040490.1-rna_205	Fusarium_fabacearum_ex_type_NODE_589_length_46644_cov_48.290264-rna_543	23	4.249E-01	4.333E-01	2.840E-01	5.240E+00
GCA_016166325.2_CM040490.1-rna_205	Fola1ENZA_Fola1_chr5-gene_775.t1	17	6.271E-01	5.246E-01	3.263E-02	1.044E+00
GCA_016166325.2_CM040490.1-rna_205	Fola4ENZA_Fola4_chr4-gene_2868.t1	17	6.271E-01	5.246E-01	3.263E-02	1.044E+00
GCA_038050555.1_JBBJCF010000009.1-rna_1263	GCA_038050555.1_JBBJCF010000009.1-rna_1263	24	1.043E+00	1.000E+00	1.000E+00	0.000E+00
GCA_049306905.1_CM111177.1-rna_960	Fusarium_elaeidis_ex_type_NODE_17_length_763132_cov_63.011925-rna_64	23	2.180E-01	2.606E-01	1.154E-01	3.970E+00
GCA_049306905.1_CM111177.1-rna_960	AJ865_race1_JBCFYN010000013.1-rna_1114	17	2.896E-01	2.453E-01	5.692E-02	4.284E+00
GCA_049306905.1_CM111177.1-rna_960	GCA_016170085.2_CM029235.1-rna_642	20	2.578E-01	2.727E-01	6.990E-02	3.272E+00
GCA_049307005.1_CM111209.1-rna_351	GCA_049307005.1_CM111209.1-rna_351	513	1.002E+00	1.000E+00	1.000E+00	1.163E-02
GCA_049307005.1_CM111209.1-rna_351	GCA_050947165.1_JBMERV010000007.1-rna_83	40	3.732E-01	4.114E-02	1.779E-01	9.576E+00
GCA_049307005.1_CM111209.1-rna_351	GCA_050947235.1_JBMERW010000007.1-rna_83	40	3.732E-01	4.114E-02	1.779E-01	9.576E+00
GCA_049307005.1_CM111209.1-rna_351	GCA_025203755.1_JAMSFW010000648.1-rna_950	16	8.450E-01	3.066E-02	2.160E-01	1.223E+00
GCA_049307005.1_CM111209.1-rna_351	Fusarium_phialophorum-barcode15_contig_2-rna_217	11	7.847E-01	2.124E-02	1.073E-01	8.814E-01
GCA_049307005.1_CM111209.1-rna_351	GCA_023509805.1_JAKELM010000033.1-rna_2854	114	1.973E-01	6.912E-02	9.884E-02	1.549E+01
GCA_049307005.1_CM111209.1-rna_351	GCA_019670925.1_JAHHDA010000018.1-rna_294	131	1.639E-01	6.631E-02	1.200E-01	1.388E+01
GCA_049307005.1_CM111209.1-rna_351	Fusarium_elaeidis_ex_type_NODE_17_length_763132_cov_63.011925-gene_43.t1	110	2.127E-01	5.575E-02	9.559E-02	1.374E+01
GCA_015227905.1_JABCQX010000292.1-rna_383	GCA_015227905.1_JABCQX010000292.1-rna_383	150	1.007E+00	1.000E+00	1.000E+00	0.000E+00
GCA_015227905.1_JABCQX010000292.1-rna_383	GCA_001703455.1_MABT01000541.1-rna_649	139	4.288E-01	3.551E-01	3.963E-01	1.123E+01
GCA_015227905.1_JABCQX010000292.1-rna_383	GCA_019593505.1_JADWMX010000010.1-rna_1197	109	3.955E-01	2.758E-01	2.590E-01	7.050E+00
GCA_015227905.1_JABCQX010000292.1-rna_383	GCA_019593505.1_JADWMX010000014.1-rna_1766	109	3.955E-01	2.758E-01	2.590E-01	7.050E+00
GCA_015227905.1_JABCQX010000292.1-rna_383	GCA_015227905.1_JABCQX010000886.1-rna_844	153	1.971E-01	1.851E-01	1.400E-01	2.071E+01
GCA_015227905.1_JABCQX010000292.1-rna_383	GCA_025267645.1_JAMSGA010000401.1-rna_1564	178	2.042E-01	1.952E-01	1.300E-01	2.130E+01
GCA_015227905.1_JABCQX010000292.1-rna_383	Fusarium_phialophorum-barcode15_contig_2-rna_217	71	2.367E-01	1.384E-01	1.866E-01	1.411E+01
GCA_015227905.1_JABCQX010000292.1-rna_383	AJ865_race1_JBCFYN010000013.1-rna_1114	82	2.277E-01	1.461E-01	1.071E-01	1.536E+01
GCA_015227905.1_JABCQX010000292.1-rna_383	GCA_002234045.1_NJBY01000047.1-rna_162	62	2.692E-01	1.157E-01	1.585E-01	9.102E+00
GCA_015227905.1_JABCQX010000292.1-rna_383	Fusarium_kalimantanense_ex_type-barcode07_contig_10-rna_46	29	3.455E-01	8.171E-02	1.162E-01	6.807E+00
GCA_015227905.1_JABCQX010000292.1-rna_383	Fusarium_phialophorum-barcode15_contig_2-rna_251	86	2.668E-01	1.526E-01	1.354E-01	1.360E+01
GCA_015227905.1_JABCQX010000292.1-rna_383	GCA_000259975.2_KI980217.1-rna_1137	123	1.379E-01	1.315E-01	1.129E-01	2.046E+01
GCA_015227905.1_JABCQX010000292.1-rna_383	GCA_000260495.2_JH659515.1-rna_888	118	1.445E-01	1.041E-01	8.077E-02	1.906E+01
GCA_015227905.1_JABCQX010000292.1-rna_383	Fola1ENZA_Fola1_chr5-gene_775.t1	68	3.116E-01	1.231E-01	3.880E-02	1.022E+01
GCA_015227905.1_JABCQX010000292.1-rna_383	Fola4ENZA_Fola4_chr4-gene_2868.t1	68	3.116E-01	1.231E-01	3.880E-02	1.022E+01
GCA_015227905.1_JABCQX010000292.1-rna_383	GCA_002234015.1_NJCU01000141.1-rna_292	24	2.961E-01	9.058E-02	2.948E-01	4.221E+00
GCA_015227905.1_JABCQX010000292.1-rna_383	GCA_014843555.1_JAAOOQ010000006.1-rna_420	24	2.961E-01	9.058E-02	2.948E-01	4.221E+00
GCA_015227905.1_JABCQX010000292.1-rna_383	GCA_016166325.2_CM040490.1-rna_205	24	2.961E-01	9.058E-02	2.948E-01	4.221E+00
GCA_015227905.1_JABCQX010000292.1-rna_383	GCA_019593505.1_JADWMX010000014.1-rna_1770	24	2.961E-01	9.058E-02	2.948E-01	4.221E+00
GCA_015227905.1_JABCQX010000292.1-rna_383	GCA_025203105.1_JAMSFT010000191.1-rna_388	24	2.961E-01	9.058E-02	2.948E-01	4.221E+00
GCA_015227905.1_JABCQX010000292.1-rna_383	GCA_002233855.1_NJCD01000323.1-rna_676	41	1.846E-01	1.039E-01	1.730E-01	1.407E+01
GCA_001702495.1_MABJ01000297.1-rna_343	GCA_001702495.1_MABJ01000297.1-rna_343	30	1.034E+00	1.000E+00	1.000E+00	5.860E-03
GCA_001702495.1_MABJ01000297.1-rna_343	GCA_020796175.1_JAJGYP010000015.1-rna_1148	16	2.731E-01	2.195E-01	2.536E-01	3.327E+00
GCA_001702495.1_MABJ01000297.1-rna_343	Fusarium_elaeidis_ex_type_NODE_17_length_763132_cov_63.011925-rna_64	30	2.187E-01	2.183E-01	9.657E-02	7.759E+00
GCA_025217005.1_JAMSEZ010000758.1-rna_954	GCA_025217005.1_JAMSEZ010000758.1-rna_954	231	1.004E+00	1.000E+00	1.000E+00	1.179E-02
GCA_025217005.1_JAMSEZ010000758.1-rna_954	AJ865_race1_JBCFYN010000013.1-rna_1114	231	3.013E-01	3.003E-01	3.003E-01	1.533E+01
GCA_025217005.1_JAMSEZ010000758.1-rna_954	Fusarium_duoseptatum_ex_type-barcode03_contig_32-gene_235.t1	237	2.844E-01	2.836E-01	2.785E-01	1.459E+01
GCA_025217005.1_JAMSEZ010000758.1-rna_954	GCA_002233855.1_NJCD01000370.1-rna_836	52	1.953E-01	5.432E-02	1.879E-01	1.202E+01
GCA_025217005.1_JAMSEZ010000758.1-rna_954	GCA_002234105.1_NJCE01000542.1-rna_1014	52	1.953E-01	5.432E-02	1.879E-01	1.202E+01
GCA_025217005.1_JAMSEZ010000758.1-rna_954	GCA_021018635.1_JAIUCW010000046.1-rna_1129	21	2.498E-01	6.163E-02	2.490E-01	5.061E+00
GCA_025217005.1_JAMSEZ010000758.1-rna_954	GCA_025267645.1_JAMSGA010000142.1-rna_393	125	1.998E-01	1.213E-01	1.918E-01	1.838E+01
GCA_025217005.1_JAMSEZ010000758.1-rna_954	GCA_025267645.1_JAMSGA010000401.1-rna_1564	51	2.463E-01	8.636E-02	8.260E-02	1.240E+01
GCA_025217005.1_JAMSEZ010000758.1-rna_954	GCA_013423235.1_CM023998.1-rna_210	100	1.963E-01	9.576E-02	1.947E-01	1.800E+01
GCA_025217005.1_JAMSEZ010000758.1-rna_954	Fola1ENZA_Fola1_chr5-gene_775.t1	43	2.897E-01	7.514E-02	3.966E-02	1.175E+01
GCA_025217005.1_JAMSEZ010000758.1-rna_954	Fola4ENZA_Fola4_chr4-gene_2868.t1	43	2.897E-01	7.514E-02	3.966E-02	1.175E+01
Fusarium_gossypinum_ex_type_NODE_181_length_44178_cov_54.058422-gene_167.t1	Fusarium_gossypinum_ex_type_NODE_181_length_44178_cov_54.058422-gene_167.t1	570	1.002E+00	1.000E+00	1.000E+00	2.376E-02
Fusarium_gossypinum_ex_type_NODE_181_length_44178_cov_54.058422-gene_167.t1	GCA_019671045.1_JAHHCX010000007.1-rna_26	40	7.554E-01	6.267E-02	7.219E-01	3.568E+00
Fusarium_gossypinum_ex_type_NODE_181_length_44178_cov_54.058422-gene_167.t1	Fusarium_phialophorum-barcode15_contig_2-rna_251	36	4.037E-01	3.442E-02	9.670E-02	6.623E+00
Fusarium_gossypinum_ex_type_NODE_181_length_44178_cov_54.058422-gene_167.t1	GCA_025203105.1_JAMSFT010000260.1-rna_440	17	5.633E-01	2.559E-02	1.428E-01	1.590E+00
Fusarium_gossypinum_ex_type_NODE_181_length_44178_cov_54.058422-gene_167.t1	Fusarium_kalimantanense_ex_type-barcode07_contig_10-rna_46	32	4.250E-01	3.392E-02	1.323E-01	7.580E+00
Fusarium_gossypinum_ex_type_NODE_181_length_44178_cov_54.058422-gene_167.t1	GCA_032206225.1_JACSDM010000047.1-rna_3552	72	2.861E-01	5.155E-02	1.523E-01	7.933E+00
Fusarium_gossypinum_ex_type_NODE_181_length_44178_cov_54.058422-gene_167.t1	GCA_023509805.1_JAKELM010000033.1-rna_2854	134	1.598E-01	4.446E-02	6.344E-02	1.507E+01
Fusarium_gossypinum_ex_type_NODE_181_length_44178_cov_54.058422-gene_167.t1	Fusarium_kalimantanense_ex_type-barcode07_contig_10-gene_41.t1	22	4.404E-01	3.182E-02	4.435E-02	3.432E+00
Fusarium_gossypinum_ex_type_NODE_181_length_44178_cov_54.058422-gene_167.t1	GCA_015227905.1_JABCQX010000292.1-rna_383	57	3.615E-01	3.269E-02	8.563E-02	1.317E+01
Fusarium_gossypinum_ex_type_NODE_181_length_44178_cov_54.058422-gene_167.t1	Fusarium_fabacearum_ex_type_NODE_674_length_699650_cov_49.563713-gene_609.t1	48	3.561E-01	3.586E-02	9.300E-02	1.075E+01
Fusarium_gossypinum_ex_type_NODE_181_length_44178_cov_54.058422-gene_167.t1	Fola1ENZA_Fola1_chr5-gene_775.t1	301	1.134E-01	5.144E-02	5.508E-02	2.566E+01
Fusarium_gossypinum_ex_type_NODE_181_length_44178_cov_54.058422-gene_167.t1	Fola4ENZA_Fola4_chr4-gene_2868.t1	301	1.134E-01	5.144E-02	5.508E-02	2.566E+01
GCA_002234105.1_NJCE01000484.1-rna_964	GCA_002234105.1_NJCE01000484.1-rna_964	47	1.022E+00	1.000E+00	1.000E+00	0.000E+00
GCA_002234105.1_NJCE01000484.1-rna_964	GCA_002233855.1_NJCD01000323.1-rna_676	45	3.277E-01	3.143E-01	3.231E-01	6.615E+00
GCA_002234105.1_NJCE01000484.1-rna_964	GCA_021018635.1_JAIUCW010000046.1-rna_1129	27	2.895E-01	2.353E-01	2.934E-01	8.934E+00
GCA_002234105.1_NJCE01000484.1-rna_964	GCA_001702845.1_MALF01000409.1-rna_596	36	2.791E-01	2.148E-01	1.094E-01	1.676E+01
Fola3ENZA_Fola3_chr3-rna_1598	Fola3ENZA_Fola3_chr3-rna_1598	42	1.024E+00	1.000E+00	1.000E+00	4.744E-03
Fola3ENZA_Fola3_chr3-rna_1598	Fusarium_cugenangense_ex_type-barcode01_scaffold_2-rna_358	42	1.024E+00	1.000E+00	1.000E+00	4.744E-03
Fola3ENZA_Fola3_chr3-rna_1598	GCA_014843445.1_JAAOOM010000006.1-rna_284	42	1.024E+00	1.000E+00	1.000E+00	4.744E-03
Fola3ENZA_Fola3_chr3-rna_1598	GCA_038050555.1_JBBJCF010000006.1-rna_1098	42	1.024E+00	1.000E+00	1.000E+00	4.744E-03
Fola3ENZA_Fola3_chr3-rna_1598	Fusarium_elaeidis_ex_type_NODE_17_length_763132_cov_63.011925-gene_43.t1	36	3.957E-01	3.462E-01	9.464E-02	4.369E+00
Fola3ENZA_Fola3_chr3-rna_1598	Fusarium_fabacearum_ex_type_NODE_589_length_46644_cov_48.290264-rna_543	33	3.550E-01	2.771E-01	2.403E-01	8.781E+00
AJ705_race4_JBCFYL010000015.1-rna_2110	AJ705_race4_JBCFYL010000015.1-rna_2110	11	1.100E+00	1.000E+00	1.000E+00	0.000E+00
AJ718_race1_JBCFYM010000015.1-rna_1470	AJ718_race1_JBCFYM010000015.1-rna_1470	99	1.010E+00	1.000E+00	1.000E+00	0.000E+00
AJ718_race1_JBCFYM010000015.1-rna_1470	GCA_001702845.1_MALF01000409.1-rna_596	103	2.618E-01	2.598E-01	2.519E-01	1.927E+01
AJ718_race1_JBCFYM010000015.1-rna_1470	Fusarium_cugenangense_ex_type-barcode01_scaffold_2-rna_392	23	1.653E-01	1.023E-01	1.756E-01	1.098E+01
AJ718_race1_JBCFYM010000015.1-rna_1470	GCA_016170085.2_CM029235.1-rna_642	30	2.938E-01	9.929E-02	5.399E-02	8.759E+00
AJ718_race1_JBCFYM010000015.1-rna_1470	Fusarium_duoseptatum_ex_type-barcode03_contig_32-rna_230	42	1.552E-01	9.280E-02	1.476E-01	1.175E+01
GCA_013423235.1_CM023990.1-rna_41	GCA_013423235.1_CM023990.1-rna_41	17	1.062E+00	1.000E+00	1.000E+00	5.869E-03
GCA_014843455.1_JAAOOO010000010.1-rna_1216	GCA_014843455.1_JAAOOO010000002.1-rna_99	247	1.004E+00	1.000E+00	1.000E+00	0.000E+00
GCA_014843455.1_JAAOOO010000010.1-rna_1216	GCA_014843455.1_JAAOOO010000010.1-rna_1216	247	1.004E+00	1.000E+00	1.000E+00	0.000E+00
GCA_014843455.1_JAAOOO010000010.1-rna_1216	GCA_014843455.1_JAAOOO010000012.1-rna_1246	247	1.004E+00	1.000E+00	1.000E+00	0.000E+00
GCA_014843455.1_JAAOOO010000010.1-rna_1216	GCA_025267645.1_JAMSGA010000401.1-rna_1564	247	4.379E-01	4.328E-01	4.366E-01	1.345E+01
GCA_014843455.1_JAAOOO010000010.1-rna_1216	GCA_016170085.2_CM029235.1-rna_642	232	4.395E-01	3.942E-01	4.117E-01	1.453E+01
GCA_014843455.1_JAAOOO010000010.1-rna_1216	GCA_001703455.1_MABT01000541.1-rna_649	171	2.705E-01	1.501E-01	2.599E-01	1.702E+01
GCA_014843455.1_JAAOOO010000010.1-rna_1216	GCA_019593505.1_JADWMX010000010.1-rna_1197	183	2.347E-01	1.570E-01	2.096E-01	1.720E+01
GCA_014843455.1_JAAOOO010000010.1-rna_1216	GCA_019593505.1_JADWMX010000014.1-rna_1766	183	2.347E-01	1.570E-01	2.096E-01	1.720E+01
GCA_014843455.1_JAAOOO010000010.1-rna_1216	GCA_002234045.1_NJBY01000047.1-rna_162	100	2.855E-01	1.060E-01	2.236E-01	1.309E+01
GCA_014843455.1_JAAOOO010000010.1-rna_1216	GCA_000259975.2_KI980217.1-rna_1137	158	1.739E-01	1.142E-01	1.299E-01	1.582E+01
GCA_014843455.1_JAAOOO010000010.1-rna_1216	GCA_003315725.1_QESU01000282.1-rna_1392	65	2.505E-01	9.259E-02	1.572E-01	7.225E+00
GCA_014843455.1_JAAOOO010000010.1-rna_1216	Fusarium_phialophorum-barcode15_contig_2-rna_251	137	1.812E-01	8.535E-02	1.054E-01	1.254E+01
GCA_014843455.1_JAAOOO010000010.1-rna_1216	GCA_015227905.1_JABCQX010000292.1-rna_383	123	2.427E-01	1.174E-01	1.769E-01	1.541E+01
GCA_014843455.1_JAAOOO010000010.1-rna_1216	Fusarium_duoseptatum_ex_type-barcode03_contig_32-rna_230	48	2.009E-01	5.922E-02	1.930E-01	1.332E+01
GCA_014843455.1_JAAOOO010000010.1-rna_1216	Fusarium_duoseptatum_ex_type-barcode03_contig_32-gene_235.t1	80	2.090E-01	9.153E-02	9.465E-02	1.556E+01
GCA_014843455.1_JAAOOO010000010.1-rna_1216	Fola3ENZA_Fola3_chr3-rna_1598	49	3.004E-01	9.246E-02	2.959E-01	1.006E+01
GCA_014843455.1_JAAOOO010000010.1-rna_1216	Fusarium_cugenangense_ex_type-barcode01_scaffold_2-rna_358	49	3.004E-01	9.246E-02	2.959E-01	1.006E+01
GCA_014843455.1_JAAOOO010000010.1-rna_1216	GCA_014843445.1_JAAOOM010000006.1-rna_284	49	3.004E-01	9.246E-02	2.959E-01	1.006E+01
GCA_014843455.1_JAAOOO010000010.1-rna_1216	GCA_038050555.1_JBBJCF010000006.1-rna_1098	49	3.004E-01	9.246E-02	2.959E-01	1.006E+01
GCA_014843455.1_JAAOOO010000010.1-rna_1216	GCA_013423235.1_CM023998.1-rna_210	45	1.626E-01	5.200E-02	1.045E-01	1.458E+01
GCA_014843455.1_JAAOOO010000010.1-rna_1216	Fusarium_elaeidis_ex_type_NODE_17_length_763132_cov_63.011925-rna_64	47	1.980E-01	7.262E-02	9.563E-02	9.655E+00
GCA_014843455.1_JAAOOO010000010.1-rna_1216	GCA_019670925.1_JAHHDA010000017.1-rna_270	25	2.137E-01	3.942E-02	2.047E-01	1.110E+01
GCA_014843455.1_JAAOOO010000010.1-rna_1216	Fusarium_fabacearum_ex_type_NODE_589_length_46644_cov_48.290264-rna_543	32	2.241E-01	6.166E-02	1.707E-01	7.821E+00
GCA_014843455.1_JAAOOO010000010.1-rna_1216	GCA_015227905.1_JABCQX010000886.1-rna_844	248	1.285E-01	1.063E-01	1.146E-01	2.676E+01
GCA_014843455.1_JAAOOO010000010.1-rna_1216	Fusarium_kalimantanense_ex_type-barcode07_contig_10-gene_41.t1	69	2.131E-01	7.441E-02	5.071E-02	1.406E+01
GCA_014843455.1_JAAOOO010000010.1-rna_1216	Fusarium_gossypinum_ex_type_NODE_181_length_44178_cov_54.058422-gene_167.t1	25	2.282E-01	5.942E-02	2.956E-02	4.833E+00
GCA_014843455.1_JAAOOO010000010.1-rna_1216	GCA_001703455.1_MABT01000415.1-rna_368	53	1.997E-01	4.772E-02	1.793E-01	1.163E+01
Fusarium_elaeidis_ex_type_NODE_17_length_763132_cov_63.011925-gene_43.t1	Fusarium_elaeidis_ex_type_NODE_17_length_763132_cov_63.011925-gene_43.t1	243	1.004E+00	1.000E+00	1.000E+00	0.000E+00
Fusarium_elaeidis_ex_type_NODE_17_length_763132_cov_63.011925-gene_43.t1	GCA_002234045.1_NJBY01000047.1-rna_162	96	3.904E-01	1.648E-01	3.376E-01	9.304E+00
Fusarium_elaeidis_ex_type_NODE_17_length_763132_cov_63.011925-gene_43.t1	GCA_019593505.1_JADWMX010000010.1-rna_1197	87	4.050E-01	1.572E-01	2.175E-01	8.455E+00
Fusarium_elaeidis_ex_type_NODE_17_length_763132_cov_63.011925-gene_43.t1	GCA_019593505.1_JADWMX010000014.1-rna_1766	87	4.050E-01	1.572E-01	2.175E-01	8.455E+00
Fusarium_elaeidis_ex_type_NODE_17_length_763132_cov_63.011925-gene_43.t1	GCA_025267645.1_JAMSGA010000401.1-rna_1564	110	2.648E-01	1.423E-01	1.415E-01	1.164E+01
Fusarium_elaeidis_ex_type_NODE_17_length_763132_cov_63.011925-gene_43.t1	Fola3ENZA_Fola3_chr3-rna_1598	36	3.957E-01	9.464E-02	3.462E-01	4.369E+00
Fusarium_elaeidis_ex_type_NODE_17_length_763132_cov_63.011925-gene_43.t1	Fusarium_cugenangense_ex_type-barcode01_scaffold_2-rna_358	36	3.957E-01	9.464E-02	3.462E-01	4.369E+00
Fusarium_elaeidis_ex_type_NODE_17_length_763132_cov_63.011925-gene_43.t1	GCA_014843445.1_JAAOOM010000006.1-rna_284	36	3.957E-01	9.464E-02	3.462E-01	4.369E+00
Fusarium_elaeidis_ex_type_NODE_17_length_763132_cov_63.011925-gene_43.t1	GCA_038050555.1_JBBJCF010000006.1-rna_1098	36	3.957E-01	9.464E-02	3.462E-01	4.369E+00
Fusarium_elaeidis_ex_type_NODE_17_length_763132_cov_63.011925-gene_43.t1	GCA_001703455.1_MABT01000541.1-rna_649	74	3.667E-01	1.462E-01	2.323E-01	6.960E+00
Fusarium_elaeidis_ex_type_NODE_17_length_763132_cov_63.011925-gene_43.t1	AJ865_race1_JBCFYN010000013.1-rna_1114	45	3.091E-01	7.590E-02	7.906E-02	1.439E+01
Fusarium_elaeidis_ex_type_NODE_17_length_763132_cov_63.011925-gene_43.t1	GCA_001703205.2_MALY02000015.1-rna_889	27	2.810E-01	6.674E-02	2.614E-01	4.854E+00
Fusarium_elaeidis_ex_type_NODE_17_length_763132_cov_63.011925-gene_43.t1	GCA_002233855.1_NJCD01000370.1-rna_836	25	2.910E-01	7.444E-02	2.589E-01	4.642E+00
Fusarium_elaeidis_ex_type_NODE_17_length_763132_cov_63.011925-gene_43.t1	GCA_002234105.1_NJCE01000542.1-rna_1014	25	2.910E-01	7.444E-02	2.589E-01	4.642E+00
Fusarium_elaeidis_ex_type_NODE_17_length_763132_cov_63.011925-gene_43.t1	GCA_015227905.1_JABCQX010000292.1-rna_383	49	4.160E-01	1.215E-01	1.744E-01	5.036E+00
Fusarium_elaeidis_ex_type_NODE_17_length_763132_cov_63.011925-gene_43.t1	Fusarium_kalimantanense_ex_type-barcode07_contig_10-gene_41.t1	58	2.790E-01	9.097E-02	6.113E-02	9.678E+00
Fusarium_elaeidis_ex_type_NODE_17_length_763132_cov_63.011925-gene_43.t1	GCA_025267645.1_JAMSGA010000142.1-rna_393	38	1.777E-01	4.245E-02	6.506E-02	1.750E+01
Fusarium_elaeidis_ex_type_NODE_17_length_763132_cov_63.011925-gene_43.t1	GCA_000259975.2_KI980217.1-rna_1137	60	1.896E-01	5.703E-02	7.007E-02	1.480E+01
Fusarium_elaeidis_ex_type_NODE_17_length_763132_cov_63.011925-gene_43.t1	GCA_049307005.1_CM111209.1-rna_351	110	2.127E-01	9.559E-02	5.575E-02	1.374E+01
Fusarium_elaeidis_ex_type_NODE_17_length_763132_cov_63.011925-gene_43.t1	GCA_001703455.1_MABT01000415.1-rna_368	43	2.580E-01	7.406E-02	2.267E-01	1.122E+01
Fusarium_elaeidis_ex_type_NODE_17_length_763132_cov_63.011925-gene_43.t1	Fusarium_phialophorum-barcode15_contig_2-rna_217	17	2.570E-01	5.326E-02	1.111E-01	4.104E+00
Fusarium_elaeidis_ex_type_NODE_17_length_763132_cov_63.011925-gene_43.t1	Fola1ENZA_Fola1_chr5-gene_775.t1	79	1.379E-01	7.352E-02	4.499E-02	1.589E+01
Fusarium_elaeidis_ex_type_NODE_17_length_763132_cov_63.011925-gene_43.t1	Fola4ENZA_Fola4_chr4-gene_2868.t1	79	1.379E-01	7.352E-02	4.499E-02	1.589E+01
GCA_000260495.2_JH659515.1-rna_888	GCA_000260495.2_JH659515.1-rna_888	199	1.005E+00	1.000E+00	1.000E+00	0.000E+00
GCA_000260495.2_JH659515.1-rna_888	GCA_000259975.2_KI980217.1-rna_1137	199	2.680E-01	2.668E-01	2.668E-01	1.870E+01
GCA_000260495.2_JH659515.1-rna_888	GCA_016170085.2_CM029235.1-rna_642	246	1.760E-01	1.753E-01	1.555E-01	1.740E+01
GCA_000260495.2_JH659515.1-rna_888	GCA_002234015.1_NJCU01000141.1-rna_292	17	6.884E-01	8.310E-02	5.501E-01	1.049E+00
GCA_000260495.2_JH659515.1-rna_888	GCA_014843555.1_JAAOOQ010000006.1-rna_420	17	6.884E-01	8.310E-02	5.501E-01	1.049E+00
GCA_000260495.2_JH659515.1-rna_888	GCA_016166325.2_CM040490.1-rna_205	17	6.884E-01	8.310E-02	5.501E-01	1.049E+00
GCA_000260495.2_JH659515.1-rna_888	GCA_019593505.1_JADWMX010000014.1-rna_1770	17	6.884E-01	8.310E-02	5.501E-01	1.049E+00
GCA_000260495.2_JH659515.1-rna_888	GCA_025203105.1_JAMSFT010000191.1-rna_388	17	6.884E-01	8.310E-02	5.501E-01	1.049E+00
GCA_000260495.2_JH659515.1-rna_888	GCA_014843455.1_JAAOOO010000002.1-rna_99	136	1.845E-01	1.142E-01	1.020E-01	1.662E+01
GCA_000260495.2_JH659515.1-rna_888	GCA_014843455.1_JAAOOO010000010.1-rna_1216	136	1.845E-01	1.142E-01	1.020E-01	1.662E+01
GCA_000260495.2_JH659515.1-rna_888	GCA_014843455.1_JAAOOO010000012.1-rna_1246	136	1.845E-01	1.142E-01	1.020E-01	1.662E+01
GCA_000260495.2_JH659515.1-rna_888	Fusarium_elaeidis_ex_type_NODE_17_length_763132_cov_63.011925-gene_43.t1	172	1.159E-01	8.682E-02	7.369E-02	3.156E+01
GCA_000260495.2_JH659515.1-rna_888	Fusarium_kalimantanense_ex_type-barcode07_contig_10-gene_41.t1	61	1.898E-01	7.674E-02	4.576E-02	1.416E+01
GCA_000260495.2_JH659515.1-rna_888	GCA_025203105.1_JAMSFT010000260.1-rna_440	54	2.635E-01	8.639E-02	1.494E-01	8.152E+00
GCA_000260495.2_JH659515.1-rna_888	Fusarium_phialophorum-barcode15_contig_2-rna_251	39	2.806E-01	9.309E-02	1.015E-01	8.259E+00
GCA_000260495.2_JH659515.1-rna_888	GCA_000260495.2_JH659537.1-rna_1111	47	1.916E-01	7.515E-02	1.834E-01	1.437E+01
GCA_000260495.2_JH659515.1-rna_888	GCA_014839635.1_MU089290.1-rna_3075	61	2.387E-01	9.905E-02	2.147E-01	1.014E+01
GCA_000260495.2_JH659515.1-rna_888	GCA_013423235.1_CM023998.1-rna_210	77	1.756E-01	8.288E-02	1.360E-01	1.574E+01
Fusarium_cugenangense_ex_type-barcode01_scaffold_2-rna_358	Fola3ENZA_Fola3_chr3-rna_1598	42	1.024E+00	1.000E+00	1.000E+00	4.744E-03
Fusarium_cugenangense_ex_type-barcode01_scaffold_2-rna_358	Fusarium_cugenangense_ex_type-barcode01_scaffold_2-rna_358	42	1.024E+00	1.000E+00	1.000E+00	4.744E-03
Fusarium_cugenangense_ex_type-barcode01_scaffold_2-rna_358	GCA_014843445.1_JAAOOM010000006.1-rna_284	42	1.024E+00	1.000E+00	1.000E+00	4.744E-03
Fusarium_cugenangense_ex_type-barcode01_scaffold_2-rna_358	GCA_038050555.1_JBBJCF010000006.1-rna_1098	42	1.024E+00	1.000E+00	1.000E+00	4.744E-03
Fusarium_cugenangense_ex_type-barcode01_scaffold_2-rna_358	Fusarium_elaeidis_ex_type_NODE_17_length_763132_cov_63.011925-gene_43.t1	36	3.957E-01	3.462E-01	9.464E-02	4.369E+00
Fusarium_cugenangense_ex_type-barcode01_scaffold_2-rna_358	Fusarium_fabacearum_ex_type_NODE_589_length_46644_cov_48.290264-rna_543	33	3.550E-01	2.771E-01	2.403E-01	8.781E+00
Fusarium_kalimantanense_ex_type-barcode07_contig_10-rna_46	Fusarium_kalimantanense_ex_type-barcode07_contig_10-rna_46	99	1.010E+00	1.000E+00	1.000E+00	3.752E-03
Fusarium_kalimantanense_ex_type-barcode07_contig_10-rna_46	Fusarium_phialophorum-barcode15_contig_2-rna_217	99	6.852E-01	6.798E-01	6.798E-01	3.933E+00
Fusarium_kalimantanense_ex_type-barcode07_contig_10-rna_46	GCA_002234045.1_NJBY01000047.1-rna_162	68	2.917E-01	1.592E-01	1.644E-01	1.046E+01
Fusarium_kalimantanense_ex_type-barcode07_contig_10-rna_46	Fusarium_gossypinum_ex_type_NODE_181_length_44178_cov_54.058422-gene_167.t1	32	4.250E-01	1.323E-01	3.392E-02	7.580E+00
Fusarium_kalimantanense_ex_type-barcode07_contig_10-rna_46	GCA_015227905.1_JABCQX010000292.1-rna_383	29	3.455E-01	1.162E-01	8.171E-02	6.807E+00
Fusarium_kalimantanense_ex_type-barcode07_contig_10-rna_46	Fola1ENZA_Fola1_chr5-gene_775.t1	81	3.158E-01	2.104E-01	5.065E-02	1.478E+01
Fusarium_kalimantanense_ex_type-barcode07_contig_10-rna_46	Fola4ENZA_Fola4_chr4-gene_2868.t1	81	3.158E-01	2.104E-01	5.065E-02	1.478E+01
Fola2ENZA_Fola2_chr5-rna_637	Fola2ENZA_Fola2_chr5-rna_637	41	1.025E+00	1.000E+00	1.000E+00	4.560E-03
Fola4ENZA_Fola4_chr4-gene_2868.t1	Fola1ENZA_Fola1_chr5-gene_775.t1	514	1.002E+00	1.000E+00	1.000E+00	0.000E+00
Fola4ENZA_Fola4_chr4-gene_2868.t1	Fola4ENZA_Fola4_chr4-gene_2868.t1	514	1.002E+00	1.000E+00	1.000E+00	0.000E+00
Fola4ENZA_Fola4_chr4-gene_2868.t1	Fusarium_phialophorum-barcode15_contig_2-rna_251	211	1.672E-01	7.659E-02	1.576E-01	1.860E+01
Fola4ENZA_Fola4_chr4-gene_2868.t1	GCA_002234015.1_NJCU01000141.1-rna_292	17	6.271E-01	3.263E-02	5.246E-01	1.044E+00
Fola4ENZA_Fola4_chr4-gene_2868.t1	GCA_014843555.1_JAAOOQ010000006.1-rna_420	17	6.271E-01	3.263E-02	5.246E-01	1.044E+00
Fola4ENZA_Fola4_chr4-gene_2868.t1	GCA_016166325.2_CM040490.1-rna_205	17	6.271E-01	3.263E-02	5.246E-01	1.044E+00
Fola4ENZA_Fola4_chr4-gene_2868.t1	GCA_019593505.1_JADWMX010000014.1-rna_1770	17	6.271E-01	3.263E-02	5.246E-01	1.044E+00
Fola4ENZA_Fola4_chr4-gene_2868.t1	GCA_025203105.1_JAMSFT010000191.1-rna_388	17	6.271E-01	3.263E-02	5.246E-01	1.044E+00
Fola4ENZA_Fola4_chr4-gene_2868.t1	Fusarium_kalimantanense_ex_type-barcode07_contig_10-gene_41.t1	199	1.769E-01	7.988E-02	9.516E-02	1.565E+01
Fola4ENZA_Fola4_chr4-gene_2868.t1	GCA_003315725.1_QESU01000292.1-rna_1432	18	4.507E-01	3.298E-02	3.363E-01	2.296E+00
Fola4ENZA_Fola4_chr4-gene_2868.t1	GCA_050947165.1_JBMERV010000046.1-rna_517	18	5.135E-01	3.245E-02	3.350E-01	2.662E+00
Fola4ENZA_Fola4_chr4-gene_2868.t1	GCA_019593505.1_JADWMX010000010.1-rna_1197	186	1.577E-01	6.811E-02	1.294E-01	1.905E+01
Fola4ENZA_Fola4_chr4-gene_2868.t1	GCA_019593505.1_JADWMX010000014.1-rna_1766	186	1.577E-01	6.811E-02	1.294E-01	1.905E+01
Fola4ENZA_Fola4_chr4-gene_2868.t1	Fusarium_fabacearum_ex_type_NODE_589_length_46644_cov_48.290264-rna_543	13	4.303E-01	2.401E-02	1.857E-01	2.064E+00
Fola4ENZA_Fola4_chr4-gene_2868.t1	GCA_025267645.1_JAMSGA010000401.1-rna_1564	180	1.623E-01	5.651E-02	1.033E-01	1.909E+01
Fola4ENZA_Fola4_chr4-gene_2868.t1	GCA_014843455.1_JAAOOO010000002.1-rna_99	214	9.536E-02	4.424E-02	6.660E-02	2.392E+01
Fola4ENZA_Fola4_chr4-gene_2868.t1	GCA_014843455.1_JAAOOO010000010.1-rna_1216	214	9.536E-02	4.424E-02	6.660E-02	2.392E+01
Fola4ENZA_Fola4_chr4-gene_2868.t1	GCA_014843455.1_JAAOOO010000012.1-rna_1246	214	9.536E-02	4.424E-02	6.660E-02	2.392E+01
Fola4ENZA_Fola4_chr4-gene_2868.t1	Fusarium_phialophorum-barcode15_contig_2-rna_249	15	2.561E-01	2.279E-02	1.669E-01	5.090E+00
Fola4ENZA_Fola4_chr4-gene_2868.t1	GCA_001703455.1_MABT01000541.1-rna_649	183	2.050E-01	6.715E-02	1.952E-01	1.850E+01
Fola4ENZA_Fola4_chr4-gene_2868.t1	GCA_015227905.1_JABCQX010000292.1-rna_383	69	3.170E-01	4.234E-02	1.299E-01	1.082E+01
Fola4ENZA_Fola4_chr4-gene_2868.t1	GCA_016170085.2_CM029235.1-rna_642	139	1.187E-01	6.229E-02	1.073E-01	1.689E+01
Fola4ENZA_Fola4_chr4-gene_2868.t1	Fusarium_gossypinum_ex_type_NODE_181_length_44178_cov_54.058422-gene_167.t1	301	1.134E-01	5.508E-02	5.144E-02	2.566E+01
Fola4ENZA_Fola4_chr4-gene_2868.t1	GCA_001703455.1_MABT01000415.1-rna_368	42	2.058E-01	3.575E-02	1.840E-01	8.026E+00
Fola4ENZA_Fola4_chr4-gene_2868.t1	GCA_002234045.1_NJBY01000047.1-rna_162	107	1.519E-01	4.412E-02	1.269E-01	1.311E+01
Fola2ENZA_Fola2_chr4-rna_603	Fola2ENZA_Fola2_chr4-rna_603	77	1.013E+00	1.000E+00	1.000E+00	0.000E+00
Fola2ENZA_Fola2_chr4-rna_603	GCA_013347535.2_CM056009.1-rna_438	13	6.452E-01	1.600E-01	2.527E-01	9.376E-01
Fola2ENZA_Fola2_chr4-rna_603	GCA_014843415.1_JAAOON010000010.1-rna_781	13	6.452E-01	1.600E-01	2.527E-01	9.376E-01
Fola2ENZA_Fola2_chr4-rna_603	GCA_001703455.1_MABT01000541.1-rna_649	31	4.093E-01	1.419E-01	9.529E-02	5.757E+00
GCA_015227905.1_JABCQX010001032.1-rna_1000	GCA_015227905.1_JABCQX010001032.1-rna_1000	43	1.024E+00	1.000E+00	1.000E+00	0.000E+00
GCA_001703205.2_MALY02000015.1-rna_826	GCA_001703205.2_MALY02000015.1-rna_826	16	1.067E+00	1.000E+00	1.000E+00	1.106E-02
AJ718_race1_JBCFYM010000015.1-rna_1617	AJ718_race1_JBCFYM010000015.1-rna_1617	97	1.010E+00	1.000E+00	1.000E+00	0.000E+00
AJ718_race1_JBCFYM010000015.1-rna_1617	GCA_025216365.1_JAMSDW010000194.1-rna_854	97	9.601E-01	9.505E-01	9.505E-01	1.191E+00
AJ718_race1_JBCFYM010000015.1-rna_1617	GCA_016170085.2_CM029235.1-rna_724	97	9.468E-01	9.375E-01	9.375E-01	1.292E+00
AJ718_race1_JBCFYM010000015.1-rna_1617	AJ516_race4_JBCFYI010000019.1-rna_2467	102	1.678E-01	1.417E-01	1.480E-01	1.330E+01
GCA_000260495.2_JH659537.1-rna_1111	GCA_000260495.2_JH659537.1-rna_1111	47	1.022E+00	1.000E+00	1.000E+00	1.067E-02
GCA_000260495.2_JH659537.1-rna_1111	GCA_021018635.1_JAIUCW010000065.1-rna_1576	13	2.768E-01	1.671E-01	1.252E-01	2.801E+00
GCA_001702695.2_CM008298.1-rna_273	GCA_001702695.2_CM008298.1-rna_273	33	1.031E+00	1.000E+00	1.000E+00	0.000E+00
GCA_001702695.2_CM008298.1-rna_273	GCA_019670925.1_JAHHDA010000017.1-rna_270	19	2.158E-01	1.984E-01	2.094E-01	6.317E+00
GCA_001702695.2_CM008298.1-rna_273	GCA_013423235.1_CM023998.1-rna_210	29	1.750E-01	1.620E-01	9.978E-02	9.065E+00
GCA_001702695.2_CM008298.1-rna_273	GCA_013347535.2_CM056009.1-rna_438	17	2.875E-01	2.061E-01	1.567E-01	5.110E+00
GCA_001702695.2_CM008298.1-rna_273	GCA_014843415.1_JAAOON010000010.1-rna_781	17	2.875E-01	2.061E-01	1.567E-01	5.110E+00
GCA_001702695.2_CM008298.1-rna_273	Fusarium_elaeidis_ex_type_NODE_17_length_763132_cov_63.011925-rna_64	28	2.886E-01	2.551E-01	1.168E-01	5.518E+00
GCA_001702695.2_CM008298.1-rna_273	GCA_023509805.1_JAKELM010000033.1-rna_2882	22	2.367E-01	2.206E-01	2.183E-01	6.363E+00
GCA_001703205.2_MALY02000015.1-rna_889	GCA_001703205.2_MALY02000015.1-rna_889	32	1.032E+00	1.000E+00	1.000E+00	4.366E-03
GCA_001703205.2_MALY02000015.1-rna_889	GCA_018894095.1_RSAI01000008.1-rna_1759	25	3.184E-01	2.907E-01	1.424E-01	1.138E+01
GCA_001703205.2_MALY02000015.1-rna_889	Fusarium_sp_128.81_NODE_787_length_21399_cov_58.281464-rna_762	32	2.279E-01	2.223E-01	2.072E-01	7.891E+00
GCA_001703205.2_MALY02000015.1-rna_889	Fusarium_duoseptatum_ex_type-barcode03_contig_32-rna_230	27	2.241E-01	1.922E-01	1.531E-01	7.323E+00
GCA_002234015.1_NJCU01000184.1-rna_313	GCA_002234015.1_NJCU01000184.1-rna_313	68	1.015E+00	1.000E+00	1.000E+00	7.128E-03
GCA_002234015.1_NJCU01000184.1-rna_313	GCA_000259975.2_KI980217.1-rna_1137	30	4.389E-01	2.437E-01	1.036E-01	4.539E+00
GCA_002234015.1_NJCU01000184.1-rna_313	GCA_019593505.1_JADWMX010000010.1-rna_1197	17	7.947E-01	2.361E-01	1.004E-01	1.086E+00
GCA_002234015.1_NJCU01000184.1-rna_313	GCA_019593505.1_JADWMX010000014.1-rna_1766	17	7.947E-01	2.361E-01	1.004E-01	1.086E+00
GCA_002234015.1_NJCU01000184.1-rna_313	GCA_002234015.1_NJCU01000141.1-rna_292	22	3.971E-01	1.976E-01	4.066E-01	3.490E+00
GCA_002234015.1_NJCU01000184.1-rna_313	GCA_014843555.1_JAAOOQ010000006.1-rna_420	22	3.971E-01	1.976E-01	4.066E-01	3.490E+00
GCA_002234015.1_NJCU01000184.1-rna_313	GCA_016166325.2_CM040490.1-rna_205	22	3.971E-01	1.976E-01	4.066E-01	3.490E+00
GCA_002234015.1_NJCU01000184.1-rna_313	GCA_019593505.1_JADWMX010000014.1-rna_1770	22	3.971E-01	1.976E-01	4.066E-01	3.490E+00
GCA_002234015.1_NJCU01000184.1-rna_313	GCA_025203105.1_JAMSFT010000191.1-rna_388	22	3.971E-01	1.976E-01	4.066E-01	3.490E+00
GCA_002234015.1_NJCU01000184.1-rna_313	GCA_015227905.1_JABCQX010000886.1-rna_844	16	3.822E-01	1.362E-01	5.442E-02	3.163E+00
GCA_002234015.1_NJCU01000184.1-rna_313	GCA_025267645.1_JAMSGA010000401.1-rna_1564	62	2.562E-01	2.360E-01	1.104E-01	7.520E+00
GCA_002234105.1_NJCE01000449.1-rna_806	GCA_002234105.1_NJCE01000449.1-rna_806	42	1.024E+00	1.000E+00	1.000E+00	0.000E+00
GCA_002234105.1_NJCE01000449.1-rna_806	GCA_019670925.1_JAHHDA010000017.1-rna_270	29	2.325E-01	1.874E-01	2.296E-01	8.513E+00
GCA_003315725.1_QESU01000282.1-rna_1392	GCA_003315725.1_QESU01000282.1-rna_1392	108	1.009E+00	1.000E+00	1.000E+00	1.129E-02
GCA_003315725.1_QESU01000282.1-rna_1392	GCA_001703455.1_MABT01000541.1-rna_649	64	3.412E-01	2.073E-01	1.829E-01	9.866E+00
GCA_003315725.1_QESU01000282.1-rna_1392	GCA_014843455.1_JAAOOO010000002.1-rna_99	94	1.726E-01	1.288E-01	7.518E-02	1.218E+01
GCA_003315725.1_QESU01000282.1-rna_1392	GCA_014843455.1_JAAOOO010000010.1-rna_1216	94	1.726E-01	1.288E-01	7.518E-02	1.218E+01
GCA_003315725.1_QESU01000282.1-rna_1392	GCA_014843455.1_JAAOOO010000012.1-rna_1246	94	1.726E-01	1.288E-01	7.518E-02	1.218E+01
GCA_003315725.1_QESU01000282.1-rna_1392	GCA_001703455.1_MABT01000415.1-rna_368	48	2.283E-01	1.431E-01	2.216E-01	7.863E+00
GCA_003315725.1_QESU01000282.1-rna_1392	GCA_002234045.1_NJBY01000047.1-rna_162	103	1.848E-01	1.143E-01	1.266E-01	1.177E+01
GCA_003315725.1_QESU01000282.1-rna_1392	GCA_025267645.1_JAMSGA010000401.1-rna_1564	73	1.590E-01	1.066E-01	6.215E-02	1.527E+01
GCA_001703455.1_MABT01000541.1-rna_649	GCA_001703455.1_MABT01000541.1-rna_649	130	1.008E+00	1.000E+00	1.000E+00	8.394E-03
GCA_001703455.1_MABT01000541.1-rna_649	GCA_019593505.1_JADWMX010000010.1-rna_1197	128	4.217E-01	3.716E-01	3.138E-01	9.980E+00
GCA_001703455.1_MABT01000541.1-rna_649	GCA_019593505.1_JADWMX010000014.1-rna_1766	128	4.217E-01	3.716E-01	3.138E-01	9.980E+00
GCA_001703455.1_MABT01000541.1-rna_649	GCA_015227905.1_JABCQX010000292.1-rna_383	125	4.286E-01	3.656E-01	3.262E-01	1.223E+01
GCA_001703455.1_MABT01000541.1-rna_649	GCA_003315725.1_QESU01000282.1-rna_1392	66	3.354E-01	1.758E-01	1.991E-01	9.599E+00
GCA_001703455.1_MABT01000541.1-rna_649	GCA_014843455.1_JAAOOO010000002.1-rna_99	164	2.473E-01	2.374E-01	1.373E-01	1.982E+01
GCA_001703455.1_MABT01000541.1-rna_649	GCA_014843455.1_JAAOOO010000010.1-rna_1216	164	2.473E-01	2.374E-01	1.373E-01	1.982E+01
GCA_001703455.1_MABT01000541.1-rna_649	GCA_014843455.1_JAAOOO010000012.1-rna_1246	164	2.473E-01	2.374E-01	1.373E-01	1.982E+01
GCA_001703455.1_MABT01000541.1-rna_649	GCA_025267645.1_JAMSGA010000401.1-rna_1564	71	2.039E-01	1.187E-01	7.195E-02	1.581E+01
GCA_001703455.1_MABT01000541.1-rna_649	Fola3ENZA_Fola3_chr3-rna_1598	57	2.279E-01	1.132E-01	2.107E-01	1.089E+01
GCA_001703455.1_MABT01000541.1-rna_649	Fusarium_cugenangense_ex_type-barcode01_scaffold_2-rna_358	57	2.279E-01	1.132E-01	2.107E-01	1.089E+01
GCA_001703455.1_MABT01000541.1-rna_649	GCA_014843445.1_JAAOOM010000006.1-rna_284	57	2.279E-01	1.132E-01	2.107E-01	1.089E+01
GCA_001703455.1_MABT01000541.1-rna_649	GCA_038050555.1_JBBJCF010000006.1-rna_1098	57	2.279E-01	1.132E-01	2.107E-01	1.089E+01
GCA_001703455.1_MABT01000541.1-rna_649	GCA_001703455.1_MABT01000415.1-rna_368	60	3.124E-01	1.414E-01	3.031E-01	8.572E+00
GCA_001703455.1_MABT01000541.1-rna_649	Fola2ENZA_Fola2_chr4-rna_603	12	6.928E-01	8.598E-02	1.419E-01	1.648E+00
GCA_001703455.1_MABT01000541.1-rna_649	GCA_014839635.1_MU089290.1-rna_3075	45	2.083E-01	1.003E-01	1.646E-01	1.617E+01
GCA_001703455.1_MABT01000541.1-rna_649	Fusarium_elaeidis_ex_type_NODE_17_length_763132_cov_63.011925-gene_43.t1	38	3.434E-01	1.390E-01	8.451E-02	4.704E+00
GCA_001703455.1_MABT01000541.1-rna_649	GCA_000259975.2_KI980217.1-rna_1137	46	2.672E-01	7.374E-02	5.468E-02	9.724E+00
GCA_001703455.1_MABT01000541.1-rna_649	GCA_000260495.2_JH659515.1-rna_888	158	1.431E-01	1.205E-01	8.376E-02	2.149E+01
GCA_001703455.1_MABT01000541.1-rna_649	GCA_025217005.1_JAMSEZ010000758.1-rna_954	42	1.908E-01	9.247E-02	6.178E-02	1.683E+01
GCA_014843455.1_JAAOOO010000012.1-rna_1246	GCA_014843455.1_JAAOOO010000002.1-rna_99	247	1.004E+00	1.000E+00	1.000E+00	0.000E+00
GCA_014843455.1_JAAOOO010000012.1-rna_1246	GCA_014843455.1_JAAOOO010000010.1-rna_1216	247	1.004E+00	1.000E+00	1.000E+00	0.000E+00
GCA_014843455.1_JAAOOO010000012.1-rna_1246	GCA_014843455.1_JAAOOO010000012.1-rna_1246	247	1.004E+00	1.000E+00	1.000E+00	0.000E+00
GCA_014843455.1_JAAOOO010000012.1-rna_1246	GCA_025267645.1_JAMSGA010000401.1-rna_1564	247	4.379E-01	4.328E-01	4.366E-01	1.345E+01
GCA_014843455.1_JAAOOO010000012.1-rna_1246	GCA_016170085.2_CM029235.1-rna_642	232	4.395E-01	3.942E-01	4.117E-01	1.453E+01
GCA_014843455.1_JAAOOO010000012.1-rna_1246	GCA_001703455.1_MABT01000541.1-rna_649	171	2.705E-01	1.501E-01	2.599E-01	1.702E+01
GCA_014843455.1_JAAOOO010000012.1-rna_1246	GCA_019593505.1_JADWMX010000010.1-rna_1197	183	2.347E-01	1.570E-01	2.096E-01	1.720E+01
GCA_014843455.1_JAAOOO010000012.1-rna_1246	GCA_019593505.1_JADWMX010000014.1-rna_1766	183	2.347E-01	1.570E-01	2.096E-01	1.720E+01
GCA_014843455.1_JAAOOO010000012.1-rna_1246	GCA_002234045.1_NJBY01000047.1-rna_162	100	2.855E-01	1.060E-01	2.236E-01	1.309E+01
GCA_014843455.1_JAAOOO010000012.1-rna_1246	GCA_000259975.2_KI980217.1-rna_1137	158	1.739E-01	1.142E-01	1.299E-01	1.582E+01
GCA_014843455.1_JAAOOO010000012.1-rna_1246	GCA_003315725.1_QESU01000282.1-rna_1392	65	2.505E-01	9.259E-02	1.572E-01	7.225E+00
GCA_014843455.1_JAAOOO010000012.1-rna_1246	Fusarium_phialophorum-barcode15_contig_2-rna_251	137	1.812E-01	8.535E-02	1.054E-01	1.254E+01
GCA_014843455.1_JAAOOO010000012.1-rna_1246	GCA_015227905.1_JABCQX010000292.1-rna_383	123	2.427E-01	1.174E-01	1.769E-01	1.541E+01
GCA_014843455.1_JAAOOO010000012.1-rna_1246	Fusarium_duoseptatum_ex_type-barcode03_contig_32-rna_230	48	2.009E-01	5.922E-02	1.930E-01	1.332E+01
GCA_014843455.1_JAAOOO010000012.1-rna_1246	Fusarium_duoseptatum_ex_type-barcode03_contig_32-gene_235.t1	80	2.090E-01	9.153E-02	9.465E-02	1.556E+01
GCA_014843455.1_JAAOOO010000012.1-rna_1246	Fola3ENZA_Fola3_chr3-rna_1598	49	3.004E-01	9.246E-02	2.959E-01	1.006E+01
GCA_014843455.1_JAAOOO010000012.1-rna_1246	Fusarium_cugenangense_ex_type-barcode01_scaffold_2-rna_358	49	3.004E-01	9.246E-02	2.959E-01	1.006E+01
GCA_014843455.1_JAAOOO010000012.1-rna_1246	GCA_014843445.1_JAAOOM010000006.1-rna_284	49	3.004E-01	9.246E-02	2.959E-01	1.006E+01
GCA_014843455.1_JAAOOO010000012.1-rna_1246	GCA_038050555.1_JBBJCF010000006.1-rna_1098	49	3.004E-01	9.246E-02	2.959E-01	1.006E+01
GCA_014843455.1_JAAOOO010000012.1-rna_1246	GCA_013423235.1_CM023998.1-rna_210	45	1.626E-01	5.200E-02	1.045E-01	1.458E+01
GCA_014843455.1_JAAOOO010000012.1-rna_1246	Fusarium_elaeidis_ex_type_NODE_17_length_763132_cov_63.011925-rna_64	47	1.980E-01	7.262E-02	9.563E-02	9.655E+00
GCA_014843455.1_JAAOOO010000012.1-rna_1246	GCA_019670925.1_JAHHDA010000017.1-rna_270	25	2.137E-01	3.942E-02	2.047E-01	1.110E+01
GCA_014843455.1_JAAOOO010000012.1-rna_1246	Fusarium_fabacearum_ex_type_NODE_589_length_46644_cov_48.290264-rna_543	32	2.241E-01	6.166E-02	1.707E-01	7.821E+00
GCA_014843455.1_JAAOOO010000012.1-rna_1246	GCA_015227905.1_JABCQX010000886.1-rna_844	248	1.285E-01	1.063E-01	1.146E-01	2.676E+01
GCA_014843455.1_JAAOOO010000012.1-rna_1246	Fusarium_kalimantanense_ex_type-barcode07_contig_10-gene_41.t1	69	2.131E-01	7.441E-02	5.071E-02	1.406E+01
GCA_014843455.1_JAAOOO010000012.1-rna_1246	Fusarium_gossypinum_ex_type_NODE_181_length_44178_cov_54.058422-gene_167.t1	25	2.282E-01	5.942E-02	2.956E-02	4.833E+00
GCA_014843455.1_JAAOOO010000012.1-rna_1246	GCA_001703455.1_MABT01000415.1-rna_368	53	1.997E-01	4.772E-02	1.793E-01	1.163E+01
Fusarium_gossypinum_ex_type_NODE_20_length_532063_cov_52.111370-rna_172	Fusarium_gossypinum_ex_type_NODE_20_length_532063_cov_52.111370-rna_172	66	1.015E+00	1.000E+00	1.000E+00	5.703E-03
Fusarium_gossypinum_ex_type_NODE_20_length_532063_cov_52.111370-rna_172	GCA_001703455.1_MABT01000541.1-rna_649	12	6.935E-01	1.697E-01	8.896E-02	9.952E-01
Fusarium_gossypinum_ex_type_NODE_20_length_532063_cov_52.111370-rna_172	GCA_050947165.1_JBMERV010000046.1-rna_517	15	4.192E-01	1.625E-01	2.480E-01	3.267E+00
Fusarium_gossypinum_ex_type_NODE_20_length_532063_cov_52.111370-rna_172	GCA_013423235.1_CM023998.1-rna_210	67	1.968E-01	1.929E-01	1.560E-01	1.382E+01
Fusarium_gossypinum_ex_type_NODE_20_length_532063_cov_52.111370-rna_172	Fola1ENZA_Fola1_chr5-gene_775.t1	34	3.112E-01	1.751E-01	3.070E-02	8.866E+00
Fusarium_gossypinum_ex_type_NODE_20_length_532063_cov_52.111370-rna_172	Fola4ENZA_Fola4_chr4-gene_2868.t1	34	3.112E-01	1.751E-01	3.070E-02	8.866E+00
Fusarium_phialophorum-barcode15_contig_2-rna_217	Fusarium_phialophorum-barcode15_contig_2-rna_217	99	1.010E+00	1.000E+00	1.000E+00	3.236E-03
Fusarium_phialophorum-barcode15_contig_2-rna_217	Fusarium_kalimantanense_ex_type-barcode07_contig_10-rna_46	99	6.852E-01	6.798E-01	6.798E-01	3.933E+00
Fusarium_phialophorum-barcode15_contig_2-rna_217	AJ865_race1_JBCFYN010000013.1-rna_1114	80	2.332E-01	1.851E-01	9.991E-02	1.258E+01
Fusarium_phialophorum-barcode15_contig_2-rna_217	Fusarium_duoseptatum_ex_type-barcode03_contig_32-gene_235.t1	52	1.735E-01	1.058E-01	6.593E-02	1.253E+01
Fusarium_phialophorum-barcode15_contig_2-rna_217	GCA_049307005.1_CM111209.1-rna_351	11	7.847E-01	1.073E-01	2.124E-02	8.814E-01
Fusarium_phialophorum-barcode15_contig_2-rna_217	GCA_014843455.1_JAAOOO010000002.1-rna_99	45	2.203E-01	1.357E-01	7.254E-02	8.607E+00
Fusarium_phialophorum-barcode15_contig_2-rna_217	GCA_014843455.1_JAAOOO010000010.1-rna_1216	45	2.203E-01	1.357E-01	7.254E-02	8.607E+00
Fusarium_phialophorum-barcode15_contig_2-rna_217	GCA_014843455.1_JAAOOO010000012.1-rna_1246	45	2.203E-01	1.357E-01	7.254E-02	8.607E+00
Fusarium_phialophorum-barcode15_contig_2-rna_217	Fusarium_gossypinum_ex_type_NODE_181_length_44178_cov_54.058422-gene_167.t1	14	5.470E-01	1.270E-01	2.389E-02	1.553E+00
Fusarium_phialophorum-barcode15_contig_2-rna_217	GCA_014843445.1_JAAOOM010000006.1-rna_279	41	2.068E-01	1.235E-01	1.073E-01	9.929E+00
Fusarium_phialophorum-barcode15_contig_2-rna_217	GCA_000259975.2_KI980217.1-rna_1137	109	1.889E-01	1.350E-01	7.778E-02	1.834E+01
Fusarium_fabacearum_ex_type_NODE_589_length_46644_cov_48.290264-rna_543	Fusarium_fabacearum_ex_type_NODE_589_length_46644_cov_48.290264-rna_543	50	1.020E+00	1.000E+00	1.000E+00	0.000E+00
Fusarium_fabacearum_ex_type_NODE_589_length_46644_cov_48.290264-rna_543	GCA_002234015.1_NJCU01000141.1-rna_292	23	4.249E-01	2.840E-01	4.333E-01	5.240E+00
Fusarium_fabacearum_ex_type_NODE_589_length_46644_cov_48.290264-rna_543	GCA_014843555.1_JAAOOQ010000006.1-rna_420	23	4.249E-01	2.840E-01	4.333E-01	5.240E+00
Fusarium_fabacearum_ex_type_NODE_589_length_46644_cov_48.290264-rna_543	GCA_016166325.2_CM040490.1-rna_205	23	4.249E-01	2.840E-01	4.333E-01	5.240E+00
Fusarium_fabacearum_ex_type_NODE_589_length_46644_cov_48.290264-rna_543	GCA_019593505.1_JADWMX010000014.1-rna_1770	23	4.249E-01	2.840E-01	4.333E-01	5.240E+00
Fusarium_fabacearum_ex_type_NODE_589_length_46644_cov_48.290264-rna_543	GCA_025203105.1_JAMSFT010000191.1-rna_388	23	4.249E-01	2.840E-01	4.333E-01	5.240E+00
Fusarium_fabacearum_ex_type_NODE_589_length_46644_cov_48.290264-rna_543	Fusarium_phialophorum-barcode15_contig_2-rna_251	25	5.838E-01	3.604E-01	1.216E-01	2.813E+00
Fusarium_fabacearum_ex_type_NODE_589_length_46644_cov_48.290264-rna_543	GCA_014839635.1_MU089290.1-rna_3075	49	2.795E-01	2.456E-01	1.990E-01	1.111E+01
Fusarium_fabacearum_ex_type_NODE_589_length_46644_cov_48.290264-rna_543	Fola1ENZA_Fola1_chr5-gene_775.t1	29	5.215E-01	2.996E-01	3.270E-02	8.034E+00
Fusarium_fabacearum_ex_type_NODE_589_length_46644_cov_48.290264-rna_543	Fola4ENZA_Fola4_chr4-gene_2868.t1	29	5.215E-01	2.996E-01	3.270E-02	8.034E+00
Fusarium_fabacearum_ex_type_NODE_589_length_46644_cov_48.290264-rna_543	GCA_013423235.1_CM023998.1-rna_210	33	1.963E-01	1.727E-01	1.220E-01	7.873E+00
GCA_025267645.1_JAMSGA010000142.1-rna_393	GCA_025267645.1_JAMSGA010000142.1-rna_393	124	1.008E+00	1.000E+00	1.000E+00	0.000E+00
GCA_025267645.1_JAMSGA010000142.1-rna_393	Fola2ENZA_Fola2_chr5-rna_637	46	3.140E-01	1.054E-01	2.451E-01	7.697E+00
GCA_025267645.1_JAMSGA010000142.1-rna_393	GCA_000259975.2_KI980217.1-rna_1137	47	2.084E-01	1.052E-01	7.165E-02	1.963E+01
GCA_025267645.1_JAMSGA010000142.1-rna_393	GCA_019670925.1_JAHHDA010000017.1-rna_270	25	2.488E-01	1.023E-01	2.477E-01	9.711E+00
GCA_025267645.1_JAMSGA010000142.1-rna_393	GCA_025217005.1_JAMSEZ010000758.1-rna_954	128	1.515E-01	1.347E-01	9.326E-02	2.093E+01
GCA_025267645.1_JAMSGA010000142.1-rna_393	GCA_002234105.1_NJCE01000484.1-rna_964	27	2.085E-01	7.833E-02	1.658E-01	7.958E+00
GCA_025267645.1_JAMSGA010000142.1-rna_393	GCA_013423235.1_CM023998.1-rna_210	82	1.722E-01	1.207E-01	1.428E-01	1.368E+01
GCA_002234015.1_NJCU01000141.1-rna_292	GCA_002234015.1_NJCU01000141.1-rna_292	25	1.042E+00	1.000E+00	1.000E+00	6.145E-03
GCA_002234015.1_NJCU01000141.1-rna_292	GCA_014843555.1_JAAOOQ010000006.1-rna_420	25	1.042E+00	1.000E+00	1.000E+00	6.145E-03
GCA_002234015.1_NJCU01000141.1-rna_292	GCA_016166325.2_CM040490.1-rna_205	25	1.042E+00	1.000E+00	1.000E+00	6.145E-03
GCA_002234015.1_NJCU01000141.1-rna_292	GCA_019593505.1_JADWMX010000014.1-rna_1770	25	1.042E+00	1.000E+00	1.000E+00	6.145E-03
GCA_002234015.1_NJCU01000141.1-rna_292	GCA_025203105.1_JAMSFT010000191.1-rna_388	25	1.042E+00	1.000E+00	1.000E+00	6.145E-03
GCA_002234015.1_NJCU01000141.1-rna_292	GCA_000260495.2_JH659515.1-rna_888	17	6.884E-01	5.501E-01	8.310E-02	1.049E+00
GCA_002234015.1_NJCU01000141.1-rna_292	GCA_000259975.2_KI980217.1-rna_1137	17	6.890E-01	5.451E-01	8.220E-02	1.274E+00
GCA_002234015.1_NJCU01000141.1-rna_292	GCA_002234015.1_NJCU01000184.1-rna_313	16	6.239E-01	4.862E-01	2.171E-01	1.116E+00
GCA_002234015.1_NJCU01000141.1-rna_292	Fusarium_fabacearum_ex_type_NODE_589_length_46644_cov_48.290264-rna_543	23	4.249E-01	4.333E-01	2.840E-01	5.240E+00
GCA_002234015.1_NJCU01000141.1-rna_292	Fola1ENZA_Fola1_chr5-gene_775.t1	17	6.271E-01	5.246E-01	3.263E-02	1.044E+00
GCA_002234015.1_NJCU01000141.1-rna_292	Fola4ENZA_Fola4_chr4-gene_2868.t1	17	6.271E-01	5.246E-01	3.263E-02	1.044E+00
GCA_001702845.1_MALF01000409.1-rna_596	GCA_001702845.1_MALF01000409.1-rna_596	103	1.010E+00	1.000E+00	1.000E+00	0.000E+00
GCA_001702845.1_MALF01000409.1-rna_596	AJ718_race1_JBCFYM010000015.1-rna_1470	103	2.618E-01	2.519E-01	2.598E-01	1.927E+01
GCA_001702845.1_MALF01000409.1-rna_596	Fusarium_elaeidis_ex_type_NODE_17_length_763132_cov_63.011925-gene_43.t1	130	1.282E-01	1.256E-01	6.558E-02	3.536E+01
GCA_001702845.1_MALF01000409.1-rna_596	Fusarium_sp_128.81_NODE_787_length_21399_cov_58.281464-rna_762	29	2.415E-01	1.241E-01	2.287E-01	7.683E+00
GCA_001702845.1_MALF01000409.1-rna_596	Fusarium_duoseptatum_ex_type-barcode03_contig_32-rna_230	29	3.104E-01	1.157E-01	2.331E-01	8.855E+00
GCA_002234045.1_NJBY01000047.1-rna_162	GCA_002234045.1_NJBY01000047.1-rna_162	95	1.011E+00	1.000E+00	1.000E+00	0.000E+00
GCA_002234045.1_NJBY01000047.1-rna_162	Fusarium_elaeidis_ex_type_NODE_17_length_763132_cov_63.011925-gene_43.t1	83	3.220E-01	2.227E-01	1.108E-01	9.535E+00
GCA_002234045.1_NJBY01000047.1-rna_162	Fusarium_kalimantanense_ex_type-barcode07_contig_10-rna_46	68	2.917E-01	1.644E-01	1.592E-01	1.046E+01
GCA_002234045.1_NJBY01000047.1-rna_162	GCA_025267645.1_JAMSGA010000401.1-rna_1564	96	2.016E-01	1.603E-01	7.964E-02	1.237E+01
GCA_002234045.1_NJBY01000047.1-rna_162	GCA_015227905.1_JABCQX010000292.1-rna_383	28	3.631E-01	1.206E-01	8.365E-02	5.860E+00
GCA_002234045.1_NJBY01000047.1-rna_162	Fusarium_phialophorum-barcode15_contig_2-rna_251	125	1.506E-01	1.489E-01	1.065E-01	1.393E+01
GCA_002234045.1_NJBY01000047.1-rna_162	Fusarium_kalimantanense_ex_type-barcode07_contig_10-gene_41.t1	33	2.090E-01	1.071E-01	3.838E-02	5.932E+00
Fusarium_elaeidis_ex_type_NODE_255_length_1183171_cov_64.021584-rna_160	Fola3ENZA_Fola3_chr3-rna_1593	120	1.008E+00	1.000E+00	1.000E+00	6.153E-03
Fusarium_elaeidis_ex_type_NODE_255_length_1183171_cov_64.021584-rna_160	Fusarium_cugenangense_ex_type-barcode01_scaffold_2-rna_353	120	1.008E+00	1.000E+00	1.000E+00	6.153E-03
Fusarium_elaeidis_ex_type_NODE_255_length_1183171_cov_64.021584-rna_160	Fusarium_elaeidis_ex_type_NODE_255_length_1183171_cov_64.021584-rna_160	120	1.008E+00	1.000E+00	1.000E+00	6.153E-03
Fusarium_elaeidis_ex_type_NODE_255_length_1183171_cov_64.021584-rna_160	GCA_038050555.1_JBBJCF010000006.1-rna_1093	120	1.008E+00	1.000E+00	1.000E+00	6.153E-03
Fusarium_elaeidis_ex_type_NODE_255_length_1183171_cov_64.021584-rna_160	GCA_014843445.1_JAAOOM010000006.1-rna_279	120	5.857E-01	5.884E-01	5.884E-01	6.805E+00
GCA_001702845.1_MALF01001047.1-rna_1073	GCA_001702845.1_MALF01001047.1-rna_1073	33	1.031E+00	1.000E+00	1.000E+00	1.057E-02
GCA_001702845.1_MALF01001047.1-rna_1073	GCA_014843455.1_JAAOOO010000002.1-rna_99	31	2.635E-01	2.547E-01	6.259E-02	1.488E+01
GCA_001702845.1_MALF01001047.1-rna_1073	GCA_014843455.1_JAAOOO010000010.1-rna_1216	31	2.635E-01	2.547E-01	6.259E-02	1.488E+01
GCA_001702845.1_MALF01001047.1-rna_1073	GCA_014843455.1_JAAOOO010000012.1-rna_1246	31	2.635E-01	2.547E-01	6.259E-02	1.488E+01
GCA_001702845.1_MALF01001047.1-rna_1073	GCA_013423235.1_CM023998.1-rna_210	17	1.830E-01	1.389E-01	6.948E-02	8.440E+00
GCA_001702845.1_MALF01001047.1-rna_1073	GCA_048164945.1_CM106970.1-rna_1513	15	2.037E-01	1.880E-01	1.663E-01	3.596E+00
GCA_001703455.1_MABT01000415.1-rna_368	GCA_001703455.1_MABT01000415.1-rna_368	47	1.022E+00	1.000E+00	1.000E+00	0.000E+00
GCA_001703455.1_MABT01000415.1-rna_368	GCA_003315725.1_QESU01000282.1-rna_1392	53	2.186E-01	2.121E-01	1.275E-01	9.108E+00
GCA_001703455.1_MABT01000415.1-rna_368	GCA_001703455.1_MABT01000541.1-rna_649	63	2.806E-01	2.750E-01	1.548E-01	8.267E+00
GCA_001703455.1_MABT01000415.1-rna_368	Fusarium_kalimantanense_ex_type-barcode07_contig_10-gene_41.t1	38	2.483E-01	1.719E-01	3.911E-02	1.097E+01
GCA_023509805.1_JAKELM010000033.1-rna_2882	GCA_023509805.1_JAKELM010000033.1-rna_2882	35	1.029E+00	1.000E+00	1.000E+00	0.000E+00
GCA_023509805.1_JAKELM010000033.1-rna_2882	GCA_016170085.2_CM029235.1-rna_652	14	5.777E-01	2.918E-01	3.120E-01	1.978E+00
GCA_023509805.1_JAKELM010000033.1-rna_2903	GCA_023509805.1_JAKELM010000033.1-rna_2903	23	1.045E+00	1.000E+00	1.000E+00	0.000E+00
GCA_025203105.1_JAMSFT010000191.1-rna_388	GCA_002234015.1_NJCU01000141.1-rna_292	25	1.042E+00	1.000E+00	1.000E+00	6.145E-03
GCA_025203105.1_JAMSFT010000191.1-rna_388	GCA_014843555.1_JAAOOQ010000006.1-rna_420	25	1.042E+00	1.000E+00	1.000E+00	6.145E-03
GCA_025203105.1_JAMSFT010000191.1-rna_388	GCA_016166325.2_CM040490.1-rna_205	25	1.042E+00	1.000E+00	1.000E+00	6.145E-03
GCA_025203105.1_JAMSFT010000191.1-rna_388	GCA_019593505.1_JADWMX010000014.1-rna_1770	25	1.042E+00	1.000E+00	1.000E+00	6.145E-03
GCA_025203105.1_JAMSFT010000191.1-rna_388	GCA_025203105.1_JAMSFT010000191.1-rna_388	25	1.042E+00	1.000E+00	1.000E+00	6.145E-03
GCA_025203105.1_JAMSFT010000191.1-rna_388	GCA_000260495.2_JH659515.1-rna_888	17	6.884E-01	5.501E-01	8.310E-02	1.049E+00
GCA_025203105.1_JAMSFT010000191.1-rna_388	GCA_000259975.2_KI980217.1-rna_1137	17	6.890E-01	5.451E-01	8.220E-02	1.274E+00
GCA_025203105.1_JAMSFT010000191.1-rna_388	GCA_002234015.1_NJCU01000184.1-rna_313	16	6.239E-01	4.862E-01	2.171E-01	1.116E+00
GCA_025203105.1_JAMSFT010000191.1-rna_388	Fusarium_fabacearum_ex_type_NODE_589_length_46644_cov_48.290264-rna_543	23	4.249E-01	4.333E-01	2.840E-01	5.240E+00
GCA_025203105.1_JAMSFT010000191.1-rna_388	Fola1ENZA_Fola1_chr5-gene_775.t1	17	6.271E-01	5.246E-01	3.263E-02	1.044E+00
GCA_025203105.1_JAMSFT010000191.1-rna_388	Fola4ENZA_Fola4_chr4-gene_2868.t1	17	6.271E-01	5.246E-01	3.263E-02	1.044E+00
GCA_001702695.2_CM008298.1-rna_322	GCA_001702695.2_CM008298.1-rna_322	51	1.020E+00	1.000E+00	1.000E+00	0.000E+00
GCA_001702695.2_CM008298.1-rna_322	GCA_002233855.1_NJCD01000323.1-rna_676	44	4.278E-01	3.786E-01	4.145E-01	8.037E+00
GCA_001702695.2_CM008298.1-rna_322	GCA_002234105.1_NJCE01000449.1-rna_806	39	2.817E-01	2.457E-01	2.706E-01	9.851E+00
GCA_001702695.2_CM008298.1-rna_322	GCA_019670925.1_JAHHDA010000018.1-rna_294	25	2.069E-01	1.693E-01	6.975E-02	7.111E+00
GCA_001702695.2_CM008298.1-rna_322	GCA_048164945.1_CM106970.1-rna_1513	32	2.133E-01	1.895E-01	2.001E-01	5.726E+00
GCA_002234015.1_NJCU01000213.1-rna_441	GCA_002234015.1_NJCU01000213.1-rna_441	18	1.059E+00	1.000E+00	1.000E+00	4.407E-03
GCA_002234045.1_NJBY01000323.1-rna_437	GCA_002234045.1_NJBY01000323.1-rna_437	31	1.033E+00	1.000E+00	1.000E+00	3.509E-03
GCA_002234045.1_NJBY01000323.1-rna_437	Fusarium_phialophorum-barcode15_contig_2-rna_217	14	2.779E-01	1.851E-01	7.663E-02	7.701E+00
GCA_013347535.2_CM056009.1-rna_444	GCA_013347535.2_CM056009.1-rna_444	141	1.007E+00	1.000E+00	1.000E+00	0.000E+00
GCA_013347535.2_CM056009.1-rna_444	GCA_014843415.1_JAAOON010000010.1-rna_787	141	9.487E-01	9.423E-01	9.423E-01	1.334E+00
GCA_013347535.2_CM056009.1-rna_444	GCA_049306905.1_CM111177.1-rna_965	26	2.989E-01	9.534E-02	1.961E-01	9.528E+00
GCA_014843415.1_JAAOON010000010.1-rna_787	GCA_014843415.1_JAAOON010000010.1-rna_787	141	1.007E+00	1.000E+00	1.000E+00	0.000E+00
GCA_014843415.1_JAAOON010000010.1-rna_787	GCA_013347535.2_CM056009.1-rna_444	141	9.487E-01	9.423E-01	9.423E-01	1.334E+00
GCA_014843415.1_JAAOON010000010.1-rna_787	GCA_016170085.2_CM029235.1-rna_642	27	3.123E-01	1.272E-01	8.491E-02	4.658E+00
GCA_019671045.1_JAHHCX010000007.1-rna_26	GCA_019671045.1_JAHHCX010000007.1-rna_26	41	1.025E+00	1.000E+00	1.000E+00	0.000E+00
GCA_019671045.1_JAHHCX010000007.1-rna_26	Fusarium_gossypinum_ex_type_NODE_181_length_44178_cov_54.058422-gene_167.t1	40	7.554E-01	7.219E-01	6.267E-02	3.568E+00
GCA_019671045.1_JAHHCX010000007.1-rna_26	GCA_049307005.1_CM111209.1-rna_351	20	5.641E-01	3.128E-01	3.503E-02	3.045E+00
GCA_019671045.1_JAHHCX010000007.1-rna_26	GCA_019671045.1_JAHHCX010000051.1-rna_1638	11	4.408E-01	1.644E-01	4.008E-01	2.439E+00
GCA_019671045.1_JAHHCX010000007.1-rna_26	GCA_014839635.1_MU089290.1-rna_3075	11	4.620E-01	1.468E-01	1.051E-01	3.114E+00
GCA_016170085.2_CM029235.1-rna_652	GCA_016170085.2_CM029235.1-rna_652	32	1.032E+00	1.000E+00	1.000E+00	1.777E-02
GCA_016170085.2_CM029235.1-rna_652	Fola2ENZA_Fola2_chr5-rna_637	26	2.634E-01	2.317E-01	1.927E-01	8.709E+00
GCA_016170085.2_CM029235.1-rna_652	GCA_023509805.1_JAKELM010000033.1-rna_2882	14	5.095E-01	2.909E-01	2.733E-01	2.285E+00
GCA_016170085.2_CM029235.1-rna_652	GCA_021018635.1_JAIUCW010000046.1-rna_1129	24	3.072E-01	2.967E-01	3.110E-01	5.340E+00
AJ705_race4_JBCFYL010000015.1-rna_2124	AJ705_race4_JBCFYL010000015.1-rna_2124	41	1.025E+00	1.000E+00	1.000E+00	0.000E+00
GCA_014843455.1_JAAOOO010000002.1-rna_99	GCA_014843455.1_JAAOOO010000002.1-rna_99	247	1.004E+00	1.000E+00	1.000E+00	0.000E+00
GCA_014843455.1_JAAOOO010000002.1-rna_99	GCA_014843455.1_JAAOOO010000010.1-rna_1216	247	1.004E+00	1.000E+00	1.000E+00	0.000E+00
GCA_014843455.1_JAAOOO010000002.1-rna_99	GCA_014843455.1_JAAOOO010000012.1-rna_1246	247	1.004E+00	1.000E+00	1.000E+00	0.000E+00
GCA_014843455.1_JAAOOO010000002.1-rna_99	GCA_025267645.1_JAMSGA010000401.1-rna_1564	247	4.379E-01	4.328E-01	4.366E-01	1.345E+01
GCA_014843455.1_JAAOOO010000002.1-rna_99	GCA_016170085.2_CM029235.1-rna_642	232	4.395E-01	3.942E-01	4.117E-01	1.453E+01
GCA_014843455.1_JAAOOO010000002.1-rna_99	GCA_001703455.1_MABT01000541.1-rna_649	171	2.705E-01	1.501E-01	2.599E-01	1.702E+01
GCA_014843455.1_JAAOOO010000002.1-rna_99	GCA_019593505.1_JADWMX010000010.1-rna_1197	183	2.347E-01	1.570E-01	2.096E-01	1.720E+01
GCA_014843455.1_JAAOOO010000002.1-rna_99	GCA_019593505.1_JADWMX010000014.1-rna_1766	183	2.347E-01	1.570E-01	2.096E-01	1.720E+01
GCA_014843455.1_JAAOOO010000002.1-rna_99	GCA_002234045.1_NJBY01000047.1-rna_162	100	2.855E-01	1.060E-01	2.236E-01	1.309E+01
GCA_014843455.1_JAAOOO010000002.1-rna_99	GCA_000259975.2_KI980217.1-rna_1137	158	1.739E-01	1.142E-01	1.299E-01	1.582E+01
GCA_014843455.1_JAAOOO010000002.1-rna_99	GCA_003315725.1_QESU01000282.1-rna_1392	65	2.505E-01	9.259E-02	1.572E-01	7.225E+00
GCA_014843455.1_JAAOOO010000002.1-rna_99	Fusarium_phialophorum-barcode15_contig_2-rna_251	137	1.812E-01	8.535E-02	1.054E-01	1.254E+01
GCA_014843455.1_JAAOOO010000002.1-rna_99	GCA_015227905.1_JABCQX010000292.1-rna_383	123	2.427E-01	1.174E-01	1.769E-01	1.541E+01
GCA_014843455.1_JAAOOO010000002.1-rna_99	Fusarium_duoseptatum_ex_type-barcode03_contig_32-rna_230	48	2.009E-01	5.922E-02	1.930E-01	1.332E+01
GCA_014843455.1_JAAOOO010000002.1-rna_99	Fusarium_duoseptatum_ex_type-barcode03_contig_32-gene_235.t1	80	2.090E-01	9.153E-02	9.465E-02	1.556E+01
GCA_014843455.1_JAAOOO010000002.1-rna_99	Fola3ENZA_Fola3_chr3-rna_1598	49	3.004E-01	9.246E-02	2.959E-01	1.006E+01
GCA_014843455.1_JAAOOO010000002.1-rna_99	Fusarium_cugenangense_ex_type-barcode01_scaffold_2-rna_358	49	3.004E-01	9.246E-02	2.959E-01	1.006E+01
GCA_014843455.1_JAAOOO010000002.1-rna_99	GCA_014843445.1_JAAOOM010000006.1-rna_284	49	3.004E-01	9.246E-02	2.959E-01	1.006E+01
GCA_014843455.1_JAAOOO010000002.1-rna_99	GCA_038050555.1_JBBJCF010000006.1-rna_1098	49	3.004E-01	9.246E-02	2.959E-01	1.006E+01
GCA_014843455.1_JAAOOO010000002.1-rna_99	GCA_013423235.1_CM023998.1-rna_210	45	1.626E-01	5.200E-02	1.045E-01	1.458E+01
GCA_014843455.1_JAAOOO010000002.1-rna_99	Fusarium_elaeidis_ex_type_NODE_17_length_763132_cov_63.011925-rna_64	47	1.980E-01	7.262E-02	9.563E-02	9.655E+00
GCA_014843455.1_JAAOOO010000002.1-rna_99	GCA_019670925.1_JAHHDA010000017.1-rna_270	25	2.137E-01	3.942E-02	2.047E-01	1.110E+01
GCA_014843455.1_JAAOOO010000002.1-rna_99	Fusarium_fabacearum_ex_type_NODE_589_length_46644_cov_48.290264-rna_543	32	2.241E-01	6.166E-02	1.707E-01	7.821E+00
GCA_014843455.1_JAAOOO010000002.1-rna_99	GCA_015227905.1_JABCQX010000886.1-rna_844	248	1.285E-01	1.063E-01	1.146E-01	2.676E+01
GCA_014843455.1_JAAOOO010000002.1-rna_99	Fusarium_kalimantanense_ex_type-barcode07_contig_10-gene_41.t1	69	2.131E-01	7.441E-02	5.071E-02	1.406E+01
GCA_014843455.1_JAAOOO010000002.1-rna_99	Fusarium_gossypinum_ex_type_NODE_181_length_44178_cov_54.058422-gene_167.t1	25	2.282E-01	5.942E-02	2.956E-02	4.833E+00
GCA_014843455.1_JAAOOO010000002.1-rna_99	GCA_001703455.1_MABT01000415.1-rna_368	53	1.997E-01	4.772E-02	1.793E-01	1.163E+01
GCA_003315725.1_QESU01000292.1-rna_1432	GCA_003315725.1_QESU01000292.1-rna_1432	38	1.027E+00	1.000E+00	1.000E+00	0.000E+00
GCA_003315725.1_QESU01000292.1-rna_1432	GCA_050947165.1_JBMERV010000046.1-rna_517	38	7.541E-01	7.375E-01	7.375E-01	2.660E+00
GCA_003315725.1_QESU01000292.1-rna_1432	GCA_002234015.1_NJCU01000141.1-rna_292	14	4.278E-01	1.723E-01	2.276E-01	2.829E+00
GCA_003315725.1_QESU01000292.1-rna_1432	GCA_014843555.1_JAAOOQ010000006.1-rna_420	14	4.278E-01	1.723E-01	2.276E-01	2.829E+00
GCA_003315725.1_QESU01000292.1-rna_1432	GCA_016166325.2_CM040490.1-rna_205	14	4.278E-01	1.723E-01	2.276E-01	2.829E+00
GCA_003315725.1_QESU01000292.1-rna_1432	GCA_019593505.1_JADWMX010000014.1-rna_1770	14	4.278E-01	1.723E-01	2.276E-01	2.829E+00
GCA_003315725.1_QESU01000292.1-rna_1432	GCA_025203105.1_JAMSFT010000191.1-rna_388	14	4.278E-01	1.723E-01	2.276E-01	2.829E+00
GCA_003315725.1_QESU01000292.1-rna_1432	Fusarium_elaeidis_ex_type_NODE_17_length_763132_cov_63.011925-rna_64	51	1.892E-01	1.859E-01	9.140E-02	8.077E+00
GCA_020796175.1_JAJGYP010000015.1-rna_1148	GCA_020796175.1_JAJGYP010000015.1-rna_1148	14	1.077E+00	1.000E+00	1.000E+00	0.000E+00
GCA_020796175.1_JAJGYP010000015.1-rna_1185	GCA_009755825.1_WJXY01000096.1-rna_328	29	1.036E+00	1.000E+00	1.000E+00	9.598E-04
GCA_020796175.1_JAJGYP010000015.1-rna_1185	GCA_020796175.1_JAJGYP010000015.1-rna_1185	29	1.036E+00	1.000E+00	1.000E+00	9.598E-04
GCA_021018635.1_JAIUCW010000046.1-rna_1129	GCA_021018635.1_JAIUCW010000046.1-rna_1129	27	1.038E+00	1.000E+00	1.000E+00	2.385E-02
GCA_021018635.1_JAIUCW010000046.1-rna_1129	GCA_016170085.2_CM029235.1-rna_652	20	2.517E-01	3.110E-01	2.967E-01	3.796E+00
GCA_023509805.1_JAKELM010000033.1-rna_2854	GCA_023509805.1_JAKELM010000033.1-rna_2854	338	1.003E+00	1.000E+00	1.000E+00	0.000E+00
GCA_023509805.1_JAKELM010000033.1-rna_2854	GCA_049307005.1_CM111209.1-rna_351	110	2.706E-01	9.912E-02	6.923E-02	1.568E+01
GCA_023509805.1_JAKELM010000033.1-rna_2854	GCA_025203755.1_JAMSFW010000648.1-rna_950	39	4.342E-01	5.433E-02	2.175E-01	8.110E+00
GCA_023509805.1_JAKELM010000033.1-rna_2854	Fusarium_gossypinum_ex_type_NODE_181_length_44178_cov_54.058422-gene_167.t1	138	1.583E-01	6.368E-02	4.406E-02	1.540E+01
GCA_023509805.1_JAKELM010000033.1-rna_2854	Fusarium_sp_128.81_NODE_787_length_21399_cov_58.281464-rna_762	29	1.922E-01	5.157E-02	1.913E-01	5.537E+00
GCA_023509805.1_JAKELM010000033.1-rna_2854	AJ516_race4_JBCFYI010000019.1-rna_2467	27	2.634E-01	3.983E-02	1.012E-01	7.945E+00
GCA_050947165.1_JBMERV010000007.1-rna_83	GCA_050947165.1_JBMERV010000007.1-rna_83	78	1.013E+00	1.000E+00	1.000E+00	0.000E+00
GCA_050947165.1_JBMERV010000007.1-rna_83	GCA_050947235.1_JBMERW010000007.1-rna_83	78	1.013E+00	1.000E+00	1.000E+00	0.000E+00
Fola1ENZA_Fola1_chr5-rna_756	AJ520_race1_JBCFYJ010000003.1-rna_97	108	1.009E+00	1.000E+00	1.000E+00	7.788E-03
Fola1ENZA_Fola1_chr5-rna_756	AJ592_race4_JBCFYK010000003.1-rna_50	108	1.009E+00	1.000E+00	1.000E+00	7.788E-03
Fola1ENZA_Fola1_chr5-rna_756	Fola1ENZA_Fola1_chr5-rna_756	108	1.009E+00	1.000E+00	1.000E+00	7.788E-03
Fola1ENZA_Fola1_chr5-rna_756	Fola4ENZA_Fola4_chr4-rna_2849	108	1.009E+00	1.000E+00	1.000E+00	7.788E-03
Fola3ENZA_Fola3_chr4-rna_1624	GCA_016170085.2_CM029235.1-rna_642	20	2.167E-01	2.212E-01	5.989E-02	5.042E+00
