effector_p_cluster_635_GCA_014839635.FUN_015795-T1	effector_p_cluster_635_GCA_014839635.FUN_015795-T1
effector_p_cluster_635_GCA_014839635.FUN_015795-T1	effector_p_cluster_635_GCA_002234045.FUN_014176-T1
effector_p_cluster_635_GCA_014839635.FUN_015795-T1	effector_p_cluster_740_GCA_014843455.FUN_015254-T1
effector_p_cluster_635_GCA_014839635.FUN_015795-T1	effector_p_cluster_740_GCA_038050555.FUN_008057-T1
effector_p_cluster_638_Fola3ENZA.FUN_004075-T1	effector_p_cluster_638_Fola3ENZA.FUN_004075-T1
effector_p_cluster_638_Fusarium_fabacearum_ex_type.FUN_004734-T1	effector_p_cluster_638_Fusarium_fabacearum_ex_type.FUN_004734-T1
effector_p_cluster_63_GCA_016166325.FUN_002332-T1	effector_p_cluster_63_GCA_016166325.FUN_002332-T1
effector_p_cluster_63_GCA_016166325.FUN_002332-T1	effector_p_cluster_63_GCA_015227905.FUN_009637-T1
effector_p_cluster_640_Fola2ENZA.FUN_008867-T1	effector_p_cluster_640_Fola2ENZA.FUN_008867-T1
effector_p_cluster_640_GCA_000259975.FUN_006946-T1	effector_p_cluster_640_GCA_000259975.FUN_006946-T1
effector_p_cluster_641_GCA_013347535.FUN_014634-T1	effector_p_cluster_641_GCA_013347535.FUN_014634-T1
effector_p_cluster_641_GCA_050947235.FUN_014348-T1	effector_p_cluster_641_GCA_050947235.FUN_014348-T1
effector_p_cluster_642_GCA_014839635.FUN_002786-T1	effector_p_cluster_642_GCA_014839635.FUN_002786-T1
effector_p_cluster_642_GCA_014839635.FUN_002786-T1	effector_p_cluster_642_GCA_025217005.FUN_001374-T1
effector_p_cluster_644_GCA_001702495.FUN_002505-T1	effector_p_cluster_644_GCA_001702495.FUN_002505-T1
effector_p_cluster_644_GCA_014843445.FUN_005562-T1	effector_p_cluster_644_GCA_014843445.FUN_005562-T1
effector_p_cluster_645_GCA_018894095.FUN_006847-T1	effector_p_cluster_645_GCA_018894095.FUN_006847-T1
effector_p_cluster_645_GCA_018894095.FUN_006847-T1	effector_p_cluster_645_GCA_025217005.FUN_014718-T1
effector_p_cluster_648_AJ520_race1.FUN_005921-T1	effector_p_cluster_648_AJ520_race1.FUN_005921-T1
effector_p_cluster_648_AJ520_race1.FUN_005921-T1	effector_p_cluster_648_GCA_038050555.FUN_006352-T1
effector_p_cluster_649_AJ865_race1.FUN_008091-T1	effector_p_cluster_649_AJ865_race1.FUN_008091-T1
effector_p_cluster_649_GCA_025203755.FUN_014894-T1	effector_p_cluster_649_GCA_025203755.FUN_014894-T1
effector_p_cluster_650_Fola2ENZA.FUN_009059-T1	effector_p_cluster_650_Fola2ENZA.FUN_009059-T1
effector_p_cluster_650_Fola2ENZA.FUN_009059-T1	effector_p_cluster_650_Fusarium_elaeidis.FUN_005960-T1
effector_p_cluster_651_GCA_015227905.FUN_010584-T1	effector_p_cluster_651_GCA_015227905.FUN_010584-T1
effector_p_cluster_651_GCA_015227905.FUN_010584-T1	effector_p_cluster_651_GCA_014843445.FUN_015156-T1
effector_p_cluster_651_GCA_015227905.FUN_010584-T1	effector_p_cluster_106_GCA_025216365.FUN_010169-T1
effector_p_cluster_651_GCA_015227905.FUN_010584-T1	effector_p_cluster_106_GCA_000259975.FUN_012716-T1
effector_p_cluster_651_GCA_015227905.FUN_010584-T1	effector_p_cluster_330_GCA_016170085.FUN_012009-T1
effector_p_cluster_651_GCA_015227905.FUN_010584-T1	effector_p_cluster_330_Fola3ENZA.FUN_011656-T1
effector_p_cluster_651_GCA_015227905.FUN_010584-T1	effector_p_cluster_393_GCA_050947235.FUN_010754-T1
effector_p_cluster_651_GCA_015227905.FUN_010584-T1	effector_p_cluster_393_GCA_001702695.FUN_011990-T1
effector_p_cluster_651_GCA_015227905.FUN_010584-T1	effector_p_cluster_487_Fusarium_gossypinum_ex_type.FUN_008148-T1
effector_p_cluster_651_GCA_015227905.FUN_010584-T1	effector_p_cluster_487_GCA_025203755.FUN_014691-T1
effector_p_cluster_653_GCA_048164945.FUN_015067-T1	effector_p_cluster_653_GCA_048164945.FUN_015067-T1
effector_p_cluster_653_GCA_048164945.FUN_015067-T1	effector_p_cluster_653_GCA_000260495.FUN_015699-T1
effector_p_cluster_654_GCA_002234105.FUN_015338-T1	effector_p_cluster_654_GCA_002234105.FUN_015338-T1
effector_p_cluster_654_GCA_002234105.FUN_015338-T1	effector_p_cluster_654_GCA_049306905.FUN_012715-T1
effector_p_cluster_655_AJ705_race4.FUN_002440-T1	effector_p_cluster_655_AJ705_race4.FUN_002440-T1
effector_p_cluster_655_AJ705_race4.FUN_002440-T1	effector_p_cluster_655_AJ516_race4.FUN_000013-T1
effector_p_cluster_658_GCA_038050555.FUN_008091-T1	effector_p_cluster_658_GCA_038050555.FUN_008091-T1
effector_p_cluster_658_GCA_038050555.FUN_008091-T1	effector_p_cluster_658_GCA_001702845.FUN_010641-T1
effector_p_cluster_659_GCA_038050555.FUN_005876-T1	effector_p_cluster_659_GCA_038050555.FUN_005876-T1
effector_p_cluster_659_GCA_038050555.FUN_005876-T1	effector_p_cluster_659_GCA_003315725.FUN_013189-T1
effector_p_cluster_661_GCA_019671045.FUN_001548-T1	effector_p_cluster_661_GCA_019671045.FUN_001548-T1
effector_p_cluster_661_GCA_019671045.FUN_001548-T1	effector_p_cluster_661_GCA_016170085.FUN_005343-T1
effector_p_cluster_663_GCA_048164945.FUN_012604-T1	effector_p_cluster_663_GCA_048164945.FUN_012604-T1
effector_p_cluster_663_GCA_048164945.FUN_012604-T1	effector_p_cluster_663_AJ865_race1.FUN_011264-T1
effector_p_cluster_664_GCA_032206225.FUN_013244-T1	effector_p_cluster_664_GCA_032206225.FUN_013244-T1
effector_p_cluster_664_GCA_032206225.FUN_013244-T1	effector_p_cluster_664_AJ705_race4.FUN_008392-T1
effector_p_cluster_665_GCA_032206225.FUN_017123-T1	effector_p_cluster_665_GCA_032206225.FUN_017123-T1
effector_p_cluster_665_GCA_032206225.FUN_017123-T1	effector_p_cluster_665_GCA_020796175.FUN_015054-T1
effector_p_cluster_667_Fusarium_glycines_ex_type.FUN_005692-T1	effector_p_cluster_667_Fusarium_glycines_ex_type.FUN_005692-T1
effector_p_cluster_667_GCA_049307005.FUN_010702-T1	effector_p_cluster_667_GCA_049307005.FUN_010702-T1
effector_p_cluster_668_GCA_025203755.FUN_015414-T1	effector_p_cluster_668_GCA_025203755.FUN_015414-T1
effector_p_cluster_668_GCA_050947235.FUN_015272-T1	effector_p_cluster_668_GCA_050947235.FUN_015272-T1
effector_p_cluster_66_GCA_013347535.FUN_014815-T1	effector_p_cluster_66_GCA_013347535.FUN_014815-T1
effector_p_cluster_66_GCA_013347535.FUN_014815-T1	effector_p_cluster_66_Fola4ENZA.FUN_015909-T1
effector_p_cluster_66_GCA_013347535.FUN_014815-T1	effector_p_cluster_405_GCA_014843555.FUN_014233-T1
effector_p_cluster_66_GCA_013347535.FUN_014815-T1	effector_p_cluster_405_Fusarium_sp_128.FUN_005753-T1
effector_p_cluster_670_Fusarium_duoseptatum_ex_type-barcode03.FUN_011077-T1	effector_p_cluster_670_Fusarium_duoseptatum_ex_type-barcode03.FUN_011077-T1
effector_p_cluster_670_GCA_001702495.FUN_005872-T1	effector_p_cluster_670_GCA_001702495.FUN_005872-T1
effector_p_cluster_672_GCA_048164945.FUN_003829-T1	effector_p_cluster_672_GCA_048164945.FUN_003829-T1
effector_p_cluster_672_GCA_050947165.FUN_013123-T1	effector_p_cluster_672_GCA_050947165.FUN_013123-T1
effector_p_cluster_673_Fusarium_cugenangense_ex_type-barcode01.FUN_012301-T1	effector_p_cluster_673_Fusarium_cugenangense_ex_type-barcode01.FUN_012301-T1
effector_p_cluster_673_Fusarium_cugenangense_ex_type-barcode01.FUN_012301-T1	effector_p_cluster_673_GCA_002234105.FUN_014866-T1
effector_p_cluster_675_Fola2ENZA.FUN_008245-T1	effector_p_cluster_675_Fola2ENZA.FUN_008245-T1
effector_p_cluster_675_Fola2ENZA.FUN_008245-T1	effector_p_cluster_675_Fusarium_fabacearum_ex_type.FUN_001132-T1
effector_p_cluster_678_Fusarium_gossypinum_ex_type.FUN_009145-T1	effector_p_cluster_678_Fusarium_gossypinum_ex_type.FUN_009145-T1
effector_p_cluster_678_Fusarium_gossypinum_ex_type.FUN_009145-T1	effector_p_cluster_678_AJ865_race1.FUN_001676-T1
effector_p_cluster_679_GCA_019593505.FUN_001726-T1	effector_p_cluster_679_GCA_019593505.FUN_001726-T1
effector_p_cluster_679_GCA_019593505.FUN_001726-T1	effector_p_cluster_679_Fola2ENZA.FUN_000226-T1
effector_p_cluster_680_GCA_019671045.FUN_010732-T1	effector_p_cluster_680_GCA_019671045.FUN_010732-T1
effector_p_cluster_680_GCA_019671045.FUN_010732-T1	effector_p_cluster_680_GCA_002234015.FUN_000231-T1
effector_p_cluster_681_GCA_025203105.FUN_015134-T1	effector_p_cluster_681_GCA_025203105.FUN_015134-T1
effector_p_cluster_588_GCA_019670925.FUN_012720-T1	effector_p_cluster_588_GCA_019670925.FUN_012720-T1
effector_p_cluster_588_GCA_019670925.FUN_012720-T1	effector_p_cluster_185_AJ705_race4.FUN_015261-T1
effector_p_cluster_588_GCA_019670925.FUN_012720-T1	effector_p_cluster_185_Fusarium_duoseptatum_ex_type-barcode03.FUN_013904-T1
effector_p_cluster_588_GCA_019670925.FUN_012720-T1	effector_p_cluster_588_GCA_001702695.FUN_009901-T1
effector_p_cluster_588_GCA_019670925.FUN_012720-T1	effector_p_cluster_1087_GCA_013423235.FUN_011887-T1
effector_p_cluster_588_GCA_019670925.FUN_012720-T1	effector_p_cluster_114_GCA_025267645.FUN_010666-T1
effector_p_cluster_588_GCA_019670925.FUN_012720-T1	effector_p_cluster_114_AJ592_race4.FUN_003452-T1
effector_p_cluster_588_GCA_019670925.FUN_012720-T1	effector_p_cluster_328_GCA_049307005.FUN_009661-T1
effector_p_cluster_588_GCA_019670925.FUN_012720-T1	effector_p_cluster_328_Fola1ENZA.FUN_010743-T1
effector_p_cluster_588_GCA_019670925.FUN_012720-T1	effector_p_cluster_542_AJ520_race1.FUN_014468-T1
effector_p_cluster_588_GCA_019670925.FUN_012720-T1	effector_p_cluster_542_Fusarium_kalimantanense_ex_type-barcode07.FUN_013543-T1
effector_p_cluster_588_GCA_019670925.FUN_012720-T1	effector_p_cluster_572_GCA_014839635.FUN_009548-T1
effector_p_cluster_588_GCA_019670925.FUN_012720-T1	effector_p_cluster_572_GCA_014843415.FUN_014472-T1
effector_p_cluster_588_GCA_019670925.FUN_012720-T1	effector_p_cluster_438_GCA_025216365.FUN_010122-T1
effector_p_cluster_588_GCA_019670925.FUN_012720-T1	effector_p_cluster_825_Fusarium_fabacearum_ex_type.FUN_015119-T1
effector_p_cluster_588_GCA_019670925.FUN_012720-T1	effector_p_cluster_825_GCA_025203105.FUN_011900-T1
effector_p_cluster_592_GCA_050947235.FUN_004026-T1	effector_p_cluster_592_GCA_050947235.FUN_004026-T1
effector_p_cluster_592_GCA_050947235.FUN_004026-T1	effector_p_cluster_592_GCA_025217005.FUN_013444-T1
effector_p_cluster_592_GCA_050947235.FUN_004026-T1	effector_p_cluster_1157_GCA_032206225.FUN_007306-T1
effector_p_cluster_594_GCA_002234105.FUN_012172-T1	effector_p_cluster_594_GCA_002234105.FUN_012172-T1
effector_p_cluster_594_GCA_002234105.FUN_012172-T1	effector_p_cluster_594_Fusarium_elaeidis.FUN_012281-T1
effector_p_cluster_594_GCA_002234105.FUN_012172-T1	effector_p_cluster_637_AJ705_race4.FUN_008772-T1
effector_p_cluster_594_GCA_002234105.FUN_012172-T1	effector_p_cluster_637_GCA_018894095.FUN_002092-T1
effector_p_cluster_594_GCA_002234105.FUN_012172-T1	effector_p_cluster_515_GCA_014843415.FUN_008792-T1
effector_p_cluster_594_GCA_002234105.FUN_012172-T1	effector_p_cluster_515_Fusarium_phialophorum-barcode15.FUN_004278-T1
effector_p_cluster_594_GCA_002234105.FUN_012172-T1	effector_p_cluster_541_GCA_001702695.FUN_015250-T1
effector_p_cluster_594_GCA_002234105.FUN_012172-T1	effector_p_cluster_541_GCA_000259975.FUN_013457-T1
effector_p_cluster_595_GCA_019671045.FUN_003642-T1	effector_p_cluster_595_GCA_019671045.FUN_003642-T1
effector_p_cluster_598_GCA_048164945.FUN_011779-T1	effector_p_cluster_598_GCA_048164945.FUN_011779-T1
effector_p_cluster_598_GCA_048164945.FUN_011779-T1	effector_p_cluster_598_GCA_019670925.FUN_012795-T1
effector_p_cluster_59_GCA_002234015.FUN_003519-T1	effector_p_cluster_59_GCA_002234015.FUN_003519-T1
effector_p_cluster_59_GCA_002234015.FUN_003519-T1	effector_p_cluster_59_GCA_001702495.FUN_007731-T1
effector_p_cluster_59_GCA_002234015.FUN_003519-T1	effector_p_cluster_348_GCA_049307005.FUN_014719-T1
effector_p_cluster_59_GCA_002234015.FUN_003519-T1	effector_p_cluster_348_GCA_019670925.FUN_014289-T1
effector_p_cluster_5_GCA_013423235.FUN_008870-T1	effector_p_cluster_5_GCA_013423235.FUN_008870-T1
effector_p_cluster_5_GCA_013423235.FUN_008870-T1	effector_p_cluster_5_GCA_000260495.FUN_006957-T1
effector_p_cluster_601_GCA_001702695.FUN_014226-T1	effector_p_cluster_601_GCA_001702695.FUN_014226-T1
effector_p_cluster_601_GCA_001702695.FUN_014226-T1	effector_p_cluster_601_GCA_001703205.FUN_017192-T1
effector_p_cluster_601_GCA_001702695.FUN_014226-T1	effector_p_cluster_1015_Fusarium_elaeidis.FUN_013840-T1
effector_p_cluster_603_Fusarium_elaeidis_ex_type.FUN_012658-T1	effector_p_cluster_603_Fusarium_elaeidis_ex_type.FUN_012658-T1
effector_p_cluster_603_Fusarium_elaeidis_ex_type.FUN_012658-T1	effector_p_cluster_327_AJ865_race1.FUN_004093-T1
effector_p_cluster_603_Fusarium_elaeidis_ex_type.FUN_012658-T1	effector_p_cluster_327_GCA_001702845.FUN_013618-T1
effector_p_cluster_603_Fusarium_elaeidis_ex_type.FUN_012658-T1	effector_p_cluster_603_GCA_013423235.FUN_013196-T1
effector_p_cluster_606_GCA_001703205.FUN_013109-T1	effector_p_cluster_606_GCA_001703205.FUN_013109-T1
effector_p_cluster_606_GCA_001703205.FUN_013109-T1	effector_p_cluster_591_GCA_001703455.FUN_009599-T1
effector_p_cluster_606_GCA_001703205.FUN_013109-T1	effector_p_cluster_591_GCA_018894095.FUN_007268-T1
effector_p_cluster_606_GCA_001703205.FUN_013109-T1	effector_p_cluster_606_GCA_016170085.FUN_014315-T1
effector_p_cluster_606_GCA_001703205.FUN_013109-T1	effector_p_cluster_358_Fusarium_fabacearum_ex_type.FUN_013457-T1
effector_p_cluster_606_GCA_001703205.FUN_013109-T1	effector_p_cluster_388_GCA_025203105.FUN_010480-T1
effector_p_cluster_606_GCA_001703205.FUN_013109-T1	effector_p_cluster_388_GCA_016166325.FUN_011594-T1
effector_p_cluster_606_GCA_001703205.FUN_013109-T1	effector_p_cluster_620_Fola1ENZA.FUN_016342-T1
effector_p_cluster_606_GCA_001703205.FUN_013109-T1	effector_p_cluster_480_GCA_014839635.FUN_009181-T1
effector_p_cluster_606_GCA_001703205.FUN_013109-T1	effector_p_cluster_480_GCA_049306905.FUN_016080-T1
effector_p_cluster_606_GCA_001703205.FUN_013109-T1	effector_p_cluster_620_GCA_048164945.FUN_013436-T1
effector_p_cluster_606_GCA_001703205.FUN_013109-T1	effector_p_cluster_626_GCA_001703455.FUN_006815-T1
effector_p_cluster_606_GCA_001703205.FUN_013109-T1	effector_p_cluster_626_GCA_001702495.FUN_006977-T1
effector_p_cluster_607_GCA_013423235.FUN_014794-T1	effector_p_cluster_607_GCA_013423235.FUN_014794-T1
effector_p_cluster_607_GCA_050947235.FUN_012687-T1	effector_p_cluster_607_GCA_050947235.FUN_012687-T1
effector_p_cluster_608_GCA_021018635.FUN_014254-T1	effector_p_cluster_608_GCA_021018635.FUN_014254-T1
effector_p_cluster_608_GCA_021018635.FUN_014254-T1	effector_p_cluster_608_GCA_003315725.FUN_013245-T1
effector_p_cluster_608_GCA_021018635.FUN_014254-T1	effector_p_cluster_73_GCA_025267645.FUN_013018-T1
effector_p_cluster_608_GCA_021018635.FUN_014254-T1	effector_p_cluster_73_Fola1ENZA.FUN_015979-T1
effector_p_cluster_610_GCA_049306905.FUN_000131-T1	effector_p_cluster_610_GCA_049306905.FUN_000131-T1
effector_p_cluster_610_GCA_050947235.FUN_000129-T1	effector_p_cluster_610_GCA_050947235.FUN_000129-T1
effector_p_cluster_611_GCA_002234105.FUN_007669-T1	effector_p_cluster_611_GCA_002234105.FUN_007669-T1
effector_p_cluster_611_GCA_002234105.FUN_007669-T1	effector_p_cluster_611_Fusarium_duoseptatum_ex_type-barcode03.FUN_011628-T1
effector_p_cluster_612_GCA_016166325.FUN_014866-T1	effector_p_cluster_612_GCA_016166325.FUN_014866-T1
effector_p_cluster_612_GCA_016166325.FUN_014866-T1	effector_p_cluster_612_GCA_018894095.FUN_009302-T1
effector_p_cluster_613_GCA_001703205.FUN_006354-T1	effector_p_cluster_613_GCA_001703205.FUN_006354-T1
effector_p_cluster_613_GCA_001703205.FUN_006354-T1	effector_p_cluster_613_GCA_014843445.FUN_008159-T1
effector_p_cluster_614_GCA_002234105.FUN_005247-T1	effector_p_cluster_614_GCA_002234105.FUN_005247-T1
effector_p_cluster_614_GCA_002234105.FUN_005247-T1	effector_p_cluster_614_GCA_002233855.FUN_005228-T1
effector_p_cluster_614_GCA_002234105.FUN_005247-T1	effector_p_cluster_506_GCA_025217005.FUN_013975-T1
effector_p_cluster_614_GCA_002234105.FUN_005247-T1	effector_p_cluster_506_GCA_000259975.FUN_009162-T1
effector_p_cluster_615_GCA_050947165.FUN_015462-T1	effector_p_cluster_615_GCA_050947165.FUN_015462-T1
effector_p_cluster_615_GCA_050947165.FUN_015462-T1	effector_p_cluster_615_GCA_014839635.FUN_007868-T1
effector_p_cluster_616_GCA_020796175.FUN_000039-T1	effector_p_cluster_616_GCA_020796175.FUN_000039-T1
effector_p_cluster_616_GCA_020796175.FUN_000039-T1	effector_p_cluster_616_Fola2ENZA.FUN_000067-T1
effector_p_cluster_617_GCA_019670925.FUN_006365-T1	effector_p_cluster_617_GCA_019670925.FUN_006365-T1
effector_p_cluster_617_GCA_019670925.FUN_006365-T1	effector_p_cluster_617_AJ592_race4.FUN_004723-T1
effector_p_cluster_618_GCA_014843455.FUN_003643-T1	effector_p_cluster_618_GCA_014843455.FUN_003643-T1
effector_p_cluster_618_GCA_014843455.FUN_003643-T1	effector_p_cluster_618_GCA_001703205.FUN_003618-T1
effector_p_cluster_618_GCA_014843455.FUN_003643-T1	effector_p_cluster_791_GCA_016166325.FUN_001960-T1
effector_p_cluster_618_GCA_014843455.FUN_003643-T1	effector_p_cluster_791_GCA_025216365.FUN_012741-T1
effector_p_cluster_619_Fola2ENZA.FUN_014850-T1	effector_p_cluster_619_Fola2ENZA.FUN_014850-T1
effector_p_cluster_619_Fola2ENZA.FUN_014850-T1	effector_p_cluster_619_AJ516_race4.FUN_013224-T1
effector_p_cluster_621_Fusarium_kalimantanense_ex_type-barcode07.FUN_009881-T1	effector_p_cluster_621_Fusarium_kalimantanense_ex_type-barcode07.FUN_009881-T1
effector_p_cluster_621_Fusarium_kalimantanense_ex_type-barcode07.FUN_009881-T1	effector_p_cluster_621_AJ592_race4.FUN_014851-T1
effector_p_cluster_622_GCA_013423235.FUN_008361-T1	effector_p_cluster_622_GCA_013423235.FUN_008361-T1
effector_p_cluster_622_GCA_013423235.FUN_008361-T1	effector_p_cluster_622_GCA_021018635.FUN_008072-T1
effector_p_cluster_623_GCA_014839635.FUN_011746-T1	effector_p_cluster_623_GCA_014839635.FUN_011746-T1
effector_p_cluster_623_GCA_014839635.FUN_011746-T1	effector_p_cluster_623_AJ865_race1.FUN_012033-T1
effector_p_cluster_623_GCA_014839635.FUN_011746-T1	effector_p_cluster_329_GCA_019593505.FUN_008879-T1
effector_p_cluster_623_GCA_014839635.FUN_011746-T1	effector_p_cluster_329_GCA_001702695.FUN_011010-T1
effector_p_cluster_623_GCA_014839635.FUN_011746-T1	effector_p_cluster_445_GCA_002234105.FUN_004979-T1
effector_p_cluster_623_GCA_014839635.FUN_011746-T1	effector_p_cluster_445_Fusarium_sp_128.FUN_005277-T1
effector_p_cluster_624_GCA_020796175.FUN_014691-T1	effector_p_cluster_624_GCA_020796175.FUN_014691-T1
effector_p_cluster_624_GCA_020796175.FUN_014691-T1	effector_p_cluster_624_Fusarium_fabacearum_ex_type.FUN_001925-T1
effector_p_cluster_625_GCA_049307005.FUN_008459-T1	effector_p_cluster_625_GCA_049307005.FUN_008459-T1
effector_p_cluster_629_GCA_020796175.FUN_001160-T1	effector_p_cluster_629_GCA_020796175.FUN_001160-T1
effector_p_cluster_629_GCA_020796175.FUN_001160-T1	effector_p_cluster_629_GCA_003315725.FUN_001180-T1
effector_p_cluster_630_GCA_002234045.FUN_014353-T1	effector_p_cluster_630_GCA_002234045.FUN_014353-T1
effector_p_cluster_631_AJ516_race4.FUN_007853-T1	effector_p_cluster_631_AJ516_race4.FUN_007853-T1
effector_p_cluster_631_AJ516_race4.FUN_007853-T1	effector_p_cluster_631_GCA_018894095.FUN_006865-T1
effector_p_cluster_632_AJ718_race1.FUN_000651-T1	effector_p_cluster_632_AJ718_race1.FUN_000651-T1
effector_p_cluster_632_GCA_025217005.FUN_011958-T1	effector_p_cluster_632_GCA_025217005.FUN_011958-T1
effector_p_cluster_633_GCA_038050555.FUN_008767-T1	effector_p_cluster_633_GCA_038050555.FUN_008767-T1
effector_p_cluster_633_GCA_038050555.FUN_008767-T1	effector_p_cluster_633_AJ865_race1.FUN_010329-T1
effector_p_cluster_634_GCA_000259975.FUN_012273-T1	effector_p_cluster_634_GCA_000259975.FUN_012273-T1
effector_p_cluster_634_GCA_000259975.FUN_012273-T1	effector_p_cluster_634_GCA_019671045.FUN_017533-T1
effector_p_cluster_683_AJ516_race4.FUN_002044-T1	effector_p_cluster_683_AJ516_race4.FUN_002044-T1
effector_p_cluster_683_AJ516_race4.FUN_002044-T1	effector_p_cluster_683_Fola4ENZA.FUN_000003-T1
effector_p_cluster_684_GCA_032206225.FUN_004161-T1	effector_p_cluster_684_GCA_032206225.FUN_004161-T1
effector_p_cluster_684_GCA_032206225.FUN_004161-T1	effector_p_cluster_684_AJ718_race1.FUN_015892-T1
effector_p_cluster_685_GCA_018894095.FUN_016101-T1	effector_p_cluster_685_GCA_018894095.FUN_016101-T1
effector_p_cluster_685_GCA_020796175.FUN_012006-T1	effector_p_cluster_685_GCA_020796175.FUN_012006-T1
effector_p_cluster_686_GCA_001703205.FUN_003868-T1	effector_p_cluster_686_GCA_001703205.FUN_003868-T1
effector_p_cluster_686_GCA_001703205.FUN_003868-T1	effector_p_cluster_686_GCA_049307005.FUN_011203-T1
effector_p_cluster_686_GCA_001703205.FUN_003868-T1	effector_p_cluster_703_GCA_001703455.FUN_014178-T1
effector_p_cluster_686_GCA_001703205.FUN_003868-T1	effector_p_cluster_703_Fusarium_phialophorum-barcode15.FUN_000014-T1
effector_p_cluster_687_Fusarium_sp_128.FUN_004001-T1	effector_p_cluster_687_Fusarium_sp_128.FUN_004001-T1
effector_p_cluster_687_GCA_025203755.FUN_015145-T1	effector_p_cluster_687_GCA_025203755.FUN_015145-T1
effector_p_cluster_688_AJ718_race1.FUN_010773-T1	effector_p_cluster_688_AJ718_race1.FUN_010773-T1
effector_p_cluster_688_Fola3ENZA.FUN_007218-T1	effector_p_cluster_688_Fola3ENZA.FUN_007218-T1
effector_p_cluster_689_GCA_001702845.FUN_006494-T1	effector_p_cluster_689_GCA_001702845.FUN_006494-T1
effector_p_cluster_689_GCA_001702845.FUN_006494-T1	effector_p_cluster_689_GCA_032206225.FUN_006728-T1
effector_p_cluster_68_GCA_014843415.FUN_013305-T1	effector_p_cluster_68_GCA_014843415.FUN_013305-T1
effector_p_cluster_68_GCA_014843415.FUN_013305-T1	effector_p_cluster_68_GCA_001703205.FUN_016526-T1
effector_p_cluster_690_GCA_050947165.FUN_012205-T1	effector_p_cluster_690_GCA_050947165.FUN_012205-T1
effector_p_cluster_690_GCA_050947165.FUN_012205-T1	effector_p_cluster_690_Fola2ENZA.FUN_012686-T1
effector_p_cluster_691_GCA_016166325.FUN_009965-T1	effector_p_cluster_691_GCA_016166325.FUN_009965-T1
effector_p_cluster_691_GCA_016166325.FUN_009965-T1	effector_p_cluster_691_GCA_013423235.FUN_010375-T1
effector_p_cluster_692_GCA_018894095.FUN_005380-T1	effector_p_cluster_692_GCA_018894095.FUN_005380-T1
effector_p_cluster_692_GCA_018894095.FUN_005380-T1	effector_p_cluster_692_GCA_014839635.FUN_011861-T1
effector_p_cluster_694_AJ718_race1.FUN_012519-T1	effector_p_cluster_694_AJ718_race1.FUN_012519-T1
effector_p_cluster_694_AJ718_race1.FUN_012519-T1	effector_p_cluster_694_AJ520_race1.FUN_014575-T1
effector_p_cluster_695_GCA_003315725.FUN_001831-T1	effector_p_cluster_695_GCA_003315725.FUN_001831-T1
effector_p_cluster_695_GCA_003315725.FUN_001831-T1	effector_p_cluster_695_GCA_019671045.FUN_002990-T1
effector_p_cluster_696_AJ520_race1.FUN_009033-T1	effector_p_cluster_696_AJ520_race1.FUN_009033-T1
effector_p_cluster_696_Fusarium_phialophorum-barcode15.FUN_003636-T1	effector_p_cluster_696_Fusarium_phialophorum-barcode15.FUN_003636-T1
effector_p_cluster_697_Fusarium_cugenangense_ex_type-barcode01.FUN_007563-T1	effector_p_cluster_697_Fusarium_cugenangense_ex_type-barcode01.FUN_007563-T1
effector_p_cluster_697_Fusarium_cugenangense_ex_type-barcode01.FUN_007563-T1	effector_p_cluster_697_Fola1ENZA.FUN_008485-T1
effector_p_cluster_698_GCA_014843455.FUN_011442-T1	effector_p_cluster_698_GCA_014843455.FUN_011442-T1
effector_p_cluster_698_GCA_014843455.FUN_011442-T1	effector_p_cluster_698_Fusarium_sp_128.FUN_002613-T1
effector_p_cluster_699_GCA_019593505.FUN_003006-T1	effector_p_cluster_699_GCA_019593505.FUN_003006-T1
effector_p_cluster_699_GCA_019593505.FUN_003006-T1	effector_p_cluster_699_GCA_014843445.FUN_004883-T1
effector_p_cluster_69_GCA_025203105.FUN_015062-T1	effector_p_cluster_69_GCA_025203105.FUN_015062-T1
effector_p_cluster_69_GCA_025203105.FUN_015062-T1	effector_p_cluster_69_GCA_023509805.FUN_016881-T1
effector_p_cluster_700_GCA_015227905.FUN_012889-T1	effector_p_cluster_700_GCA_015227905.FUN_012889-T1
effector_p_cluster_700_GCA_015227905.FUN_012889-T1	effector_p_cluster_700_Fusarium_phialophorum-barcode15.FUN_014742-T1
effector_p_cluster_701_GCA_025217005.FUN_014948-T1	effector_p_cluster_701_GCA_025217005.FUN_014948-T1
effector_p_cluster_701_GCA_025217005.FUN_014948-T1	effector_p_cluster_701_GCA_018894095.FUN_011602-T1
effector_p_cluster_702_Fola1ENZA.FUN_011217-T1	effector_p_cluster_702_Fola1ENZA.FUN_011217-T1
effector_p_cluster_702_Fola1ENZA.FUN_011217-T1	effector_p_cluster_702_AJ520_race1.FUN_006260-T1
effector_p_cluster_705_GCA_050947165.FUN_007551-T1	effector_p_cluster_705_GCA_050947165.FUN_007551-T1
effector_p_cluster_705_GCA_050947165.FUN_007551-T1	effector_p_cluster_705_Fusarium_phialophorum-barcode15.FUN_004599-T1
effector_p_cluster_706_GCA_050947235.FUN_012453-T1	effector_p_cluster_706_GCA_050947235.FUN_012453-T1
effector_p_cluster_706_GCA_050947235.FUN_012453-T1	effector_p_cluster_706_GCA_001702495.FUN_013540-T1
effector_p_cluster_706_GCA_050947235.FUN_012453-T1	effector_p_cluster_1024_Fusarium_glycines_ex_type.FUN_015343-T1
effector_p_cluster_706_GCA_050947235.FUN_012453-T1	effector_p_cluster_426_Fusarium_elaeidis_ex_type.FUN_008268-T1
effector_p_cluster_706_GCA_050947235.FUN_012453-T1	effector_p_cluster_426_AJ520_race1.FUN_009045-T1
effector_p_cluster_706_GCA_050947235.FUN_012453-T1	effector_p_cluster_432_GCA_023509805.FUN_014365-T1
effector_p_cluster_706_GCA_050947235.FUN_012453-T1	effector_p_cluster_432_GCA_014839635.FUN_004288-T1
effector_p_cluster_706_GCA_050947235.FUN_012453-T1	effector_p_cluster_97_GCA_009755825.FUN_001887-T1
effector_p_cluster_707_GCA_038050555.FUN_016649-T1	effector_p_cluster_707_GCA_038050555.FUN_016649-T1
effector_p_cluster_707_GCA_038050555.FUN_016649-T1	effector_p_cluster_707_GCA_014843555.FUN_016268-T1
effector_p_cluster_709_GCA_025217005.FUN_007085-T1	effector_p_cluster_709_GCA_025217005.FUN_007085-T1
effector_p_cluster_709_GCA_025217005.FUN_007085-T1	effector_p_cluster_709_Fusarium_glycines_ex_type.FUN_003354-T1
effector_p_cluster_710_GCA_015227905.FUN_015589-T1	effector_p_cluster_710_GCA_015227905.FUN_015589-T1
effector_p_cluster_710_GCA_015227905.FUN_015589-T1	effector_p_cluster_710_GCA_013347535.FUN_016458-T1
effector_p_cluster_711_Fusarium_cugenangense_ex_type-barcode01.FUN_014457-T1	effector_p_cluster_711_Fusarium_cugenangense_ex_type-barcode01.FUN_014457-T1
effector_p_cluster_711_Fusarium_cugenangense_ex_type-barcode01.FUN_014457-T1	effector_p_cluster_711_GCA_032206225.FUN_011737-T1
effector_p_cluster_712_Fusarium_gossypinum_ex_type.FUN_002303-T1	effector_p_cluster_712_Fusarium_gossypinum_ex_type.FUN_002303-T1
effector_p_cluster_712_GCA_021018635.FUN_005092-T1	effector_p_cluster_712_GCA_021018635.FUN_005092-T1
effector_p_cluster_715_GCA_050947235.FUN_010417-T1	effector_p_cluster_715_GCA_050947235.FUN_010417-T1
effector_p_cluster_715_GCA_050947235.FUN_010417-T1	effector_p_cluster_715_GCA_001703455.FUN_013199-T1
effector_p_cluster_715_GCA_050947235.FUN_010417-T1	effector_p_cluster_362_GCA_014843445.FUN_013214-T1
effector_p_cluster_715_GCA_050947235.FUN_010417-T1	effector_p_cluster_362_GCA_009755825.FUN_011960-T1
effector_p_cluster_715_GCA_050947235.FUN_010417-T1	effector_p_cluster_47_GCA_016170085.FUN_010737-T1
effector_p_cluster_715_GCA_050947235.FUN_010417-T1	effector_p_cluster_47_GCA_014843415.FUN_002904-T1
effector_p_cluster_717_GCA_019671045.FUN_014741-T1	effector_p_cluster_717_GCA_019671045.FUN_014741-T1
effector_p_cluster_717_GCA_019671045.FUN_014741-T1	effector_p_cluster_717_GCA_050947235.FUN_015273-T1
effector_p_cluster_718_GCA_038050555.FUN_011615-T1	effector_p_cluster_718_GCA_038050555.FUN_011615-T1
effector_p_cluster_718_GCA_038050555.FUN_011615-T1	effector_p_cluster_718_GCA_016166325.FUN_008794-T1
effector_p_cluster_718_GCA_038050555.FUN_011615-T1	effector_p_cluster_263_GCA_001703455.FUN_009528-T1
effector_p_cluster_718_GCA_038050555.FUN_011615-T1	effector_p_cluster_263_AJ705_race4.FUN_007931-T1
effector_p_cluster_719_GCA_014843555.FUN_016048-T1	effector_p_cluster_719_GCA_014843555.FUN_016048-T1
effector_p_cluster_719_GCA_014843555.FUN_016048-T1	effector_p_cluster_719_GCA_001703205.FUN_016957-T1
effector_p_cluster_720_GCA_019671045.FUN_011037-T1	effector_p_cluster_720_GCA_019671045.FUN_011037-T1
effector_p_cluster_720_GCA_019671045.FUN_011037-T1	effector_p_cluster_720_GCA_013423235.FUN_014333-T1
effector_p_cluster_721_AJ865_race1.FUN_016684-T1	effector_p_cluster_721_AJ865_race1.FUN_016684-T1
effector_p_cluster_721_AJ865_race1.FUN_016684-T1	effector_p_cluster_121_GCA_018894095.FUN_011102-T1
effector_p_cluster_721_AJ865_race1.FUN_016684-T1	effector_p_cluster_121_GCA_014843555.FUN_009055-T1
effector_p_cluster_721_AJ865_race1.FUN_016684-T1	effector_p_cluster_33_GCA_050947165.FUN_008971-T1
effector_p_cluster_721_AJ865_race1.FUN_016684-T1	effector_p_cluster_33_GCA_019670925.FUN_004162-T1
effector_p_cluster_722_GCA_001702495.FUN_008843-T1	effector_p_cluster_722_GCA_001702495.FUN_008843-T1
effector_p_cluster_722_GCA_001702495.FUN_008843-T1	effector_p_cluster_722_GCA_049306905.FUN_013112-T1
effector_p_cluster_723_Fola1ENZA.FUN_015055-T1	effector_p_cluster_723_Fola1ENZA.FUN_015055-T1
effector_p_cluster_723_Fola1ENZA.FUN_015055-T1	effector_p_cluster_723_Fola4ENZA.FUN_015959-T1
effector_p_cluster_724_GCA_014843455.FUN_016515-T1	effector_p_cluster_724_GCA_014843455.FUN_016515-T1
effector_p_cluster_724_GCA_025267645.FUN_015366-T1	effector_p_cluster_724_GCA_025267645.FUN_015366-T1
effector_p_cluster_726_Fusarium_phialophorum-barcode15.FUN_003229-T1	effector_p_cluster_726_Fusarium_phialophorum-barcode15.FUN_003229-T1
effector_p_cluster_1170_GCA_050947235.FUN_015530-T1	effector_p_cluster_1170_GCA_050947235.FUN_015530-T1
effector_p_cluster_119_GCA_014843415.FUN_008339-T1	effector_p_cluster_119_GCA_014843415.FUN_008339-T1
effector_p_cluster_119_GCA_014843415.FUN_008339-T1	effector_p_cluster_119_GCA_001703455.FUN_003552-T1
effector_p_cluster_120_GCA_019671045.FUN_005885-T1	effector_p_cluster_120_GCA_019671045.FUN_005885-T1
effector_p_cluster_120_GCA_019671045.FUN_005885-T1	effector_p_cluster_120_Fusarium_duoseptatum_ex_type-barcode03.FUN_005996-T1
effector_p_cluster_123_GCA_001702695.FUN_007989-T1	effector_p_cluster_123_GCA_001702695.FUN_007989-T1
effector_p_cluster_123_GCA_001702695.FUN_007989-T1	effector_p_cluster_123_GCA_025217005.FUN_006259-T1
effector_p_cluster_123_GCA_001702695.FUN_007989-T1	effector_p_cluster_285_Fusarium_kalimantanense_ex_type-barcode07.FUN_014049-T1
effector_p_cluster_123_GCA_001702695.FUN_007989-T1	effector_p_cluster_285_GCA_013423235.FUN_014098-T1
effector_p_cluster_124_GCA_001702695.FUN_007990-T1	effector_p_cluster_124_GCA_001702695.FUN_007990-T1
effector_p_cluster_124_GCA_001702695.FUN_007990-T1	effector_p_cluster_124_GCA_000260495.FUN_006003-T1
effector_p_cluster_125_GCA_023509805.FUN_003632-T1	effector_p_cluster_125_GCA_023509805.FUN_003632-T1
effector_p_cluster_125_GCA_023509805.FUN_003632-T1	effector_p_cluster_125_GCA_009755825.FUN_004127-T1
effector_p_cluster_127_GCA_001702495.FUN_012555-T1	effector_p_cluster_127_GCA_001702495.FUN_012555-T1
effector_p_cluster_127_GCA_001702495.FUN_012555-T1	effector_p_cluster_127_GCA_002234105.FUN_007170-T1
effector_p_cluster_128_GCA_002233855.FUN_006221-T1	effector_p_cluster_128_GCA_002233855.FUN_006221-T1
effector_p_cluster_128_GCA_002233855.FUN_006221-T1	effector_p_cluster_128_Fusarium_elaeidis_ex_type.FUN_005466-T1
effector_p_cluster_129_GCA_048164945.FUN_009575-T1	effector_p_cluster_129_GCA_048164945.FUN_009575-T1
effector_p_cluster_129_GCA_048164945.FUN_009575-T1	effector_p_cluster_129_Fusarium_sp_128.FUN_014026-T1
effector_p_cluster_131_GCA_049307005.FUN_009241-T1	effector_p_cluster_131_GCA_049307005.FUN_009241-T1
effector_p_cluster_131_GCA_049307005.FUN_009241-T1	effector_p_cluster_131_GCA_025203105.FUN_007298-T1
effector_p_cluster_132_GCA_014843455.FUN_008758-T1	effector_p_cluster_132_GCA_014843455.FUN_008758-T1
effector_p_cluster_132_GCA_014843455.FUN_008758-T1	effector_p_cluster_132_Fola4ENZA.FUN_009616-T1
effector_p_cluster_135_GCA_014843455.FUN_008512-T1	effector_p_cluster_135_GCA_014843455.FUN_008512-T1
effector_p_cluster_135_GCA_014843455.FUN_008512-T1	effector_p_cluster_135_AJ520_race1.FUN_007211-T1
effector_p_cluster_138_GCA_025217005.FUN_010972-T1	effector_p_cluster_138_GCA_025217005.FUN_010972-T1
effector_p_cluster_138_GCA_025217005.FUN_010972-T1	effector_p_cluster_138_Fusarium_cugenangense_ex_type-barcode01.FUN_011137-T1
effector_p_cluster_138_GCA_025217005.FUN_010972-T1	effector_p_cluster_17_GCA_001702845.FUN_010686-T1
effector_p_cluster_138_GCA_025217005.FUN_010972-T1	effector_p_cluster_17_GCA_019670925.FUN_002029-T1
effector_p_cluster_139_GCA_025267645.FUN_011764-T1	effector_p_cluster_139_GCA_025267645.FUN_011764-T1
effector_p_cluster_139_GCA_025267645.FUN_011764-T1	effector_p_cluster_139_GCA_014843445.FUN_012482-T1
effector_p_cluster_13_GCA_023509805.FUN_010790-T1	effector_p_cluster_13_GCA_023509805.FUN_010790-T1
effector_p_cluster_13_GCA_023509805.FUN_010790-T1	effector_p_cluster_498_Fola4ENZA.FUN_005872-T1
effector_p_cluster_13_GCA_023509805.FUN_010790-T1	effector_p_cluster_498_AJ520_race1.FUN_003972-T1
effector_p_cluster_140_GCA_032206225.FUN_011046-T1	effector_p_cluster_140_GCA_032206225.FUN_011046-T1
effector_p_cluster_140_GCA_032206225.FUN_011046-T1	effector_p_cluster_140_GCA_023509805.FUN_007757-T1
effector_p_cluster_141_GCA_019670925.FUN_014148-T1	effector_p_cluster_141_GCA_019670925.FUN_014148-T1
effector_p_cluster_141_GCA_019670925.FUN_014148-T1	effector_p_cluster_141_GCA_016170085.FUN_011755-T1
effector_p_cluster_141_GCA_019670925.FUN_014148-T1	effector_p_cluster_149_GCA_025217005.FUN_014369-T1
effector_p_cluster_141_GCA_019670925.FUN_014148-T1	effector_p_cluster_149_GCA_014839635.FUN_016136-T1
effector_p_cluster_141_GCA_019670925.FUN_014148-T1	effector_p_cluster_411_Fola4ENZA.FUN_010973-T1
effector_p_cluster_141_GCA_019670925.FUN_014148-T1	effector_p_cluster_411_AJ516_race4.FUN_006862-T1
effector_p_cluster_142_AJ865_race1.FUN_005535-T1	effector_p_cluster_142_AJ865_race1.FUN_005535-T1
effector_p_cluster_142_AJ865_race1.FUN_005535-T1	effector_p_cluster_142_AJ516_race4.FUN_007259-T1
effector_p_cluster_143_GCA_002234045.FUN_011783-T1	effector_p_cluster_143_GCA_002234045.FUN_011783-T1
effector_p_cluster_143_GCA_002234045.FUN_011783-T1	effector_p_cluster_143_AJ705_race4.FUN_016742-T1
effector_p_cluster_143_GCA_002234045.FUN_011783-T1	effector_p_cluster_192_GCA_001702845.FUN_010321-T1
effector_p_cluster_143_GCA_002234045.FUN_011783-T1	effector_p_cluster_192_Fusarium_gossypinum_ex_type.FUN_007273-T1
effector_p_cluster_143_GCA_002234045.FUN_011783-T1	effector_p_cluster_409_GCA_001702845.FUN_010698-T1
effector_p_cluster_143_GCA_002234045.FUN_011783-T1	effector_p_cluster_409_GCA_003315725.FUN_015173-T1
effector_p_cluster_143_GCA_002234045.FUN_011783-T1	effector_p_cluster_293_GCA_001703455.FUN_003757-T1
effector_p_cluster_143_GCA_002234045.FUN_011783-T1	effector_p_cluster_293_Fusarium_elaeidis_ex_type.FUN_014875-T1
effector_p_cluster_143_GCA_002234045.FUN_011783-T1	effector_p_cluster_65_GCA_049306905.FUN_014552-T1
effector_p_cluster_143_GCA_002234045.FUN_011783-T1	effector_p_cluster_65_GCA_002234015.FUN_013310-T1
effector_p_cluster_146_GCA_050947235.FUN_012579-T1	effector_p_cluster_146_GCA_050947235.FUN_012579-T1
effector_p_cluster_146_GCA_050947235.FUN_012579-T1	effector_p_cluster_134_Fola1ENZA.FUN_009773-T1
effector_p_cluster_146_GCA_050947235.FUN_012579-T1	effector_p_cluster_134_GCA_049306905.FUN_008751-T1
effector_p_cluster_146_GCA_050947235.FUN_012579-T1	effector_p_cluster_146_AJ520_race1.FUN_009423-T1
effector_p_cluster_146_GCA_050947235.FUN_012579-T1	effector_p_cluster_431_GCA_025203755.FUN_008806-T1
effector_p_cluster_146_GCA_050947235.FUN_012579-T1	effector_p_cluster_431_GCA_021018635.FUN_006317-T1
effector_p_cluster_147_GCA_019670925.FUN_007576-T1	effector_p_cluster_147_GCA_019670925.FUN_007576-T1
effector_p_cluster_147_GCA_019670925.FUN_007576-T1	effector_p_cluster_147_GCA_002234015.FUN_011051-T1
effector_p_cluster_148_GCA_019671045.FUN_011343-T1	effector_p_cluster_148_GCA_019671045.FUN_011343-T1
effector_p_cluster_148_GCA_019671045.FUN_011343-T1	effector_p_cluster_148_GCA_016166325.FUN_013950-T1
effector_p_cluster_148_GCA_019671045.FUN_011343-T1	effector_p_cluster_1094_GCA_014839635.FUN_008732-T1
effector_p_cluster_148_GCA_019671045.FUN_011343-T1	effector_p_cluster_478_GCA_002234105.FUN_008229-T1
effector_p_cluster_148_GCA_019671045.FUN_011343-T1	effector_p_cluster_478_GCA_001702695.FUN_013755-T1
effector_p_cluster_148_GCA_019671045.FUN_011343-T1	effector_p_cluster_152_GCA_025216365.FUN_012224-T1
effector_p_cluster_148_GCA_019671045.FUN_011343-T1	effector_p_cluster_152_GCA_001702495.FUN_007403-T1
effector_p_cluster_148_GCA_019671045.FUN_011343-T1	effector_p_cluster_751_AJ718_race1.FUN_015273-T1
effector_p_cluster_148_GCA_019671045.FUN_011343-T1	effector_p_cluster_889_GCA_014843455.FUN_016421-T1
effector_p_cluster_148_GCA_019671045.FUN_011343-T1	effector_p_cluster_889_Fusarium_glycines_ex_type.FUN_015660-T1
effector_p_cluster_148_GCA_019671045.FUN_011343-T1	effector_p_cluster_636_GCA_038050555.FUN_011248-T1
effector_p_cluster_148_GCA_019671045.FUN_011343-T1	effector_p_cluster_636_Fusarium_gossypinum_ex_type.FUN_014184-T1
effector_p_cluster_148_GCA_019671045.FUN_011343-T1	effector_p_cluster_579_GCA_014843555.FUN_001728-T1
effector_p_cluster_148_GCA_019671045.FUN_011343-T1	effector_p_cluster_481_Fusarium_cugenangense_ex_type-barcode01.FUN_015417-T1
effector_p_cluster_148_GCA_019671045.FUN_011343-T1	effector_p_cluster_519_Fusarium_glycines_ex_type.FUN_009393-T1
effector_p_cluster_148_GCA_019671045.FUN_011343-T1	effector_p_cluster_519_Fusarium_kalimantanense_ex_type-barcode07.FUN_000313-T1
effector_p_cluster_148_GCA_019671045.FUN_011343-T1	effector_p_cluster_579_GCA_019671045.FUN_002864-T1
effector_p_cluster_148_GCA_019671045.FUN_011343-T1	effector_p_cluster_784_AJ705_race4.FUN_013941-T1
effector_p_cluster_148_GCA_019671045.FUN_011343-T1	effector_p_cluster_784_AJ592_race4.FUN_017201-T1
effector_p_cluster_148_GCA_019671045.FUN_011343-T1	effector_p_cluster_71_GCA_002234105.FUN_005305-T1
effector_p_cluster_148_GCA_019671045.FUN_011343-T1	effector_p_cluster_71_AJ520_race1.FUN_010160-T1
effector_p_cluster_148_GCA_019671045.FUN_011343-T1	effector_p_cluster_18_Fusarium_glycines_ex_type.FUN_013735-T1
effector_p_cluster_150_GCA_014839635.FUN_016183-T1	effector_p_cluster_150_GCA_014839635.FUN_016183-T1
effector_p_cluster_150_GCA_014839635.FUN_016183-T1	effector_p_cluster_150_Fusarium_glycines_ex_type.FUN_010891-T1
effector_p_cluster_153_Fusarium_duoseptatum_ex_type-barcode03.FUN_013250-T1	effector_p_cluster_153_Fusarium_duoseptatum_ex_type-barcode03.FUN_013250-T1
effector_p_cluster_153_Fusarium_duoseptatum_ex_type-barcode03.FUN_013250-T1	effector_p_cluster_153_GCA_049307005.FUN_013016-T1
effector_p_cluster_157_GCA_050947235.FUN_012205-T1	effector_p_cluster_157_GCA_050947235.FUN_012205-T1
effector_p_cluster_157_GCA_050947235.FUN_012205-T1	effector_p_cluster_157_Fola3ENZA.FUN_012288-T1
effector_p_cluster_15_GCA_001703205.FUN_008257-T1	effector_p_cluster_15_GCA_001703205.FUN_008257-T1
effector_p_cluster_15_GCA_001703205.FUN_008257-T1	effector_p_cluster_15_GCA_013347535.FUN_000289-T1
effector_p_cluster_160_GCA_038050555.FUN_014568-T1	effector_p_cluster_160_GCA_038050555.FUN_014568-T1
effector_p_cluster_160_GCA_038050555.FUN_014568-T1	effector_p_cluster_160_GCA_013347535.FUN_013578-T1
effector_p_cluster_162_GCA_014843445.FUN_005073-T1	effector_p_cluster_162_GCA_014843445.FUN_005073-T1
effector_p_cluster_162_GCA_014843445.FUN_005073-T1	effector_p_cluster_162_GCA_009755825.FUN_010832-T1
effector_p_cluster_163_GCA_019593505.FUN_003103-T1	effector_p_cluster_163_GCA_019593505.FUN_003103-T1
effector_p_cluster_163_GCA_019593505.FUN_003103-T1	effector_p_cluster_163_Fusarium_elaeidis_ex_type.FUN_014837-T1
effector_p_cluster_164_GCA_049307005.FUN_002706-T1	effector_p_cluster_164_GCA_049307005.FUN_002706-T1
effector_p_cluster_164_GCA_049307005.FUN_002706-T1	effector_p_cluster_164_AJ718_race1.FUN_006487-T1
effector_p_cluster_165_AJ516_race4.FUN_009531-T1	effector_p_cluster_165_AJ516_race4.FUN_009531-T1
effector_p_cluster_165_AJ516_race4.FUN_009531-T1	effector_p_cluster_165_GCA_048164945.FUN_002570-T1
effector_p_cluster_165_AJ516_race4.FUN_009531-T1	effector_p_cluster_354_GCA_000259975.FUN_002447-T1
effector_p_cluster_165_AJ516_race4.FUN_009531-T1	effector_p_cluster_354_AJ516_race4.FUN_002629-T1
effector_p_cluster_165_AJ516_race4.FUN_009531-T1	effector_p_cluster_682_GCA_049306905.FUN_016292-T1
effector_p_cluster_165_AJ516_race4.FUN_009531-T1	effector_p_cluster_682_GCA_019593505.FUN_009710-T1
effector_p_cluster_165_AJ516_race4.FUN_009531-T1	effector_p_cluster_721_GCA_025203755.FUN_013903-T1
effector_p_cluster_165_AJ516_race4.FUN_009531-T1	effector_p_cluster_1126_GCA_019593505.FUN_015962-T1
effector_p_cluster_165_AJ516_race4.FUN_009531-T1	effector_p_cluster_1129_GCA_019670925.FUN_006605-T1
effector_p_cluster_3_GCA_019671045.FUN_011125-T1	effector_p_cluster_3_GCA_019671045.FUN_011125-T1
effector_p_cluster_400_GCA_015227905.FUN_010838-T1	effector_p_cluster_400_GCA_015227905.FUN_010838-T1
effector_p_cluster_400_GCA_015227905.FUN_010838-T1	effector_p_cluster_400_AJ592_race4.FUN_006514-T1
effector_p_cluster_401_GCA_020796175.FUN_013065-T1	effector_p_cluster_401_GCA_020796175.FUN_013065-T1
effector_p_cluster_401_GCA_020796175.FUN_013065-T1	effector_p_cluster_401_Fola1ENZA.FUN_014274-T1
effector_p_cluster_402_GCA_019670925.FUN_005280-T1	effector_p_cluster_402_GCA_019670925.FUN_005280-T1
effector_p_cluster_402_GCA_019670925.FUN_005280-T1	effector_p_cluster_402_Fusarium_glycines_ex_type.FUN_001853-T1
effector_p_cluster_402_GCA_019670925.FUN_005280-T1	effector_p_cluster_488_GCA_025216365.FUN_014384-T1
effector_p_cluster_402_GCA_019670925.FUN_005280-T1	effector_p_cluster_488_GCA_018894095.FUN_008803-T1
effector_p_cluster_403_GCA_014843415.FUN_004498-T1	effector_p_cluster_403_GCA_014843415.FUN_004498-T1
effector_p_cluster_403_GCA_014843415.FUN_004498-T1	effector_p_cluster_403_Fusarium_glycines_ex_type.FUN_001164-T1
effector_p_cluster_404_Fusarium_gossypinum_ex_type.FUN_006997-T1	effector_p_cluster_404_Fusarium_gossypinum_ex_type.FUN_006997-T1
effector_p_cluster_404_Fusarium_gossypinum_ex_type.FUN_006997-T1	effector_p_cluster_404_GCA_019670925.FUN_005585-T1
effector_p_cluster_406_GCA_019593505.FUN_009791-T1	effector_p_cluster_406_GCA_019593505.FUN_009791-T1
effector_p_cluster_406_GCA_019593505.FUN_009791-T1	effector_p_cluster_406_GCA_013347535.FUN_015016-T1
effector_p_cluster_406_GCA_019593505.FUN_009791-T1	effector_p_cluster_510_GCA_025203755.FUN_014476-T1
effector_p_cluster_406_GCA_019593505.FUN_009791-T1	effector_p_cluster_21_GCA_049306905.FUN_000439-T1
effector_p_cluster_406_GCA_019593505.FUN_009791-T1	effector_p_cluster_21_GCA_019671045.FUN_002748-T1
effector_p_cluster_406_GCA_019593505.FUN_009791-T1	effector_p_cluster_510_Fusarium_cugenangense_ex_type-barcode01.FUN_010035-T1
effector_p_cluster_406_GCA_019593505.FUN_009791-T1	effector_p_cluster_514_GCA_048164945.FUN_008242-T1
effector_p_cluster_406_GCA_019593505.FUN_009791-T1	effector_p_cluster_514_GCA_023509805.FUN_004711-T1
effector_p_cluster_406_GCA_019593505.FUN_009791-T1	effector_p_cluster_70_GCA_001702495.FUN_011706-T1
effector_p_cluster_406_GCA_019593505.FUN_009791-T1	effector_p_cluster_46_GCA_050947165.FUN_006976-T1
effector_p_cluster_406_GCA_019593505.FUN_009791-T1	effector_p_cluster_70_GCA_038050555.FUN_013995-T1
effector_p_cluster_406_GCA_019593505.FUN_009791-T1	effector_p_cluster_13_GCA_016166325.FUN_006860-T1
effector_p_cluster_406_GCA_019593505.FUN_009791-T1	effector_p_cluster_369_GCA_021018635.FUN_012880-T1
effector_p_cluster_406_GCA_019593505.FUN_009791-T1	effector_p_cluster_369_GCA_018894095.FUN_009337-T1
effector_p_cluster_406_GCA_019593505.FUN_009791-T1	effector_p_cluster_46_GCA_016166325.FUN_012008-T1
effector_p_cluster_407_GCA_019671045.FUN_002220-T1	effector_p_cluster_407_GCA_019671045.FUN_002220-T1
effector_p_cluster_407_GCA_019671045.FUN_002220-T1	effector_p_cluster_407_Fola1ENZA.FUN_001130-T1
effector_p_cluster_40_GCA_025217005.FUN_008800-T1	effector_p_cluster_40_GCA_025217005.FUN_008800-T1
effector_p_cluster_40_GCA_025217005.FUN_008800-T1	effector_p_cluster_377_Fusarium_kalimantanense_ex_type-barcode07.FUN_008569-T1
effector_p_cluster_40_GCA_025217005.FUN_008800-T1	effector_p_cluster_377_Fusarium_duoseptatum_ex_type-barcode03.FUN_007022-T1
effector_p_cluster_40_GCA_025217005.FUN_008800-T1	effector_p_cluster_40_Fola1ENZA.FUN_015833-T1
effector_p_cluster_410_GCA_025217005.FUN_011524-T1	effector_p_cluster_410_GCA_025217005.FUN_011524-T1
effector_p_cluster_410_GCA_025217005.FUN_011524-T1	effector_p_cluster_410_GCA_015227905.FUN_007575-T1
effector_p_cluster_410_GCA_025217005.FUN_011524-T1	effector_p_cluster_374_GCA_023509805.FUN_006391-T1
effector_p_cluster_410_GCA_025217005.FUN_011524-T1	effector_p_cluster_374_AJ705_race4.FUN_011058-T1
effector_p_cluster_410_GCA_025217005.FUN_011524-T1	effector_p_cluster_808_AJ592_race4.FUN_012401-T1
effector_p_cluster_410_GCA_025217005.FUN_011524-T1	effector_p_cluster_808_AJ516_race4.FUN_016504-T1
effector_p_cluster_413_GCA_032206225.FUN_011367-T1	effector_p_cluster_413_GCA_032206225.FUN_011367-T1
effector_p_cluster_414_GCA_001703205.FUN_012840-T1	effector_p_cluster_414_GCA_001703205.FUN_012840-T1
effector_p_cluster_414_GCA_001703205.FUN_012840-T1	effector_p_cluster_414_GCA_049306905.FUN_013625-T1
effector_p_cluster_415_GCA_016170085.FUN_002969-T1	effector_p_cluster_415_GCA_016170085.FUN_002969-T1
effector_p_cluster_415_GCA_016170085.FUN_002969-T1	effector_p_cluster_415_GCA_014839635.FUN_006902-T1
effector_p_cluster_417_AJ865_race1.FUN_010468-T1	effector_p_cluster_417_AJ865_race1.FUN_010468-T1
effector_p_cluster_417_Fusarium_elaeidis_ex_type.FUN_012338-T1	effector_p_cluster_417_Fusarium_elaeidis_ex_type.FUN_012338-T1
effector_p_cluster_417_Fusarium_elaeidis_ex_type.FUN_012338-T1	effector_p_cluster_38_GCA_002234045.FUN_001621-T1
effector_p_cluster_417_Fusarium_elaeidis_ex_type.FUN_012338-T1	effector_p_cluster_38_AJ705_race4.FUN_012968-T1
effector_p_cluster_418_GCA_015227905.FUN_008671-T1	effector_p_cluster_418_GCA_015227905.FUN_008671-T1
effector_p_cluster_418_GCA_015227905.FUN_008671-T1	effector_p_cluster_418_GCA_001703205.FUN_006997-T1
effector_p_cluster_420_GCA_049307005.FUN_000746-T1	effector_p_cluster_420_GCA_049307005.FUN_000746-T1
effector_p_cluster_420_GCA_049307005.FUN_000746-T1	effector_p_cluster_420_GCA_038050555.FUN_000726-T1
effector_p_cluster_421_GCA_032206225.FUN_007166-T1	effector_p_cluster_421_GCA_032206225.FUN_007166-T1
effector_p_cluster_421_GCA_032206225.FUN_007166-T1	effector_p_cluster_421_GCA_001703205.FUN_012127-T1
effector_p_cluster_422_GCA_025217005.FUN_001900-T1	effector_p_cluster_422_GCA_025217005.FUN_001900-T1
effector_p_cluster_422_GCA_025217005.FUN_001900-T1	effector_p_cluster_422_GCA_014843415.FUN_001463-T1
effector_p_cluster_422_GCA_025217005.FUN_001900-T1	effector_p_cluster_181_GCA_014843445.FUN_005481-T1
effector_p_cluster_422_GCA_025217005.FUN_001900-T1	effector_p_cluster_181_GCA_003315725.FUN_002289-T1
effector_p_cluster_422_GCA_025217005.FUN_001900-T1	effector_p_cluster_197_GCA_032206225.FUN_006552-T1
effector_p_cluster_422_GCA_025217005.FUN_001900-T1	effector_p_cluster_197_GCA_018894095.FUN_004913-T1
effector_p_cluster_422_GCA_025217005.FUN_001900-T1	effector_p_cluster_339_GCA_019593505.FUN_005126-T1
effector_p_cluster_422_GCA_025217005.FUN_001900-T1	effector_p_cluster_339_GCA_025216365.FUN_008037-T1
effector_p_cluster_425_GCA_025203755.FUN_004838-T1	effector_p_cluster_425_GCA_025203755.FUN_004838-T1
effector_p_cluster_425_GCA_025203755.FUN_004838-T1	effector_p_cluster_425_GCA_014843455.FUN_003568-T1
effector_p_cluster_427_GCA_021018635.FUN_005822-T1	effector_p_cluster_427_GCA_021018635.FUN_005822-T1
effector_p_cluster_427_GCA_021018635.FUN_005822-T1	effector_p_cluster_427_Fola3ENZA.FUN_003621-T1
effector_p_cluster_427_GCA_021018635.FUN_005822-T1	effector_p_cluster_474_GCA_001702495.FUN_014769-T1
effector_p_cluster_427_GCA_021018635.FUN_005822-T1	effector_p_cluster_474_AJ705_race4.FUN_012210-T1
effector_p_cluster_428_GCA_025216365.FUN_014629-T1	effector_p_cluster_428_GCA_025216365.FUN_014629-T1
effector_p_cluster_428_GCA_025216365.FUN_014629-T1	effector_p_cluster_428_Fusarium_elaeidis_ex_type.FUN_011800-T1
effector_p_cluster_429_Fusarium_fabacearum_ex_type.FUN_011046-T1	effector_p_cluster_429_Fusarium_fabacearum_ex_type.FUN_011046-T1
effector_p_cluster_429_Fusarium_fabacearum_ex_type.FUN_011046-T1	effector_p_cluster_429_Fola1ENZA.FUN_005669-T1
effector_p_cluster_42_GCA_001703205.FUN_001907-T1	effector_p_cluster_42_GCA_001703205.FUN_001907-T1
effector_p_cluster_42_GCA_015227905.FUN_011431-T1	effector_p_cluster_42_GCA_015227905.FUN_011431-T1
effector_p_cluster_430_AJ718_race1.FUN_013068-T1	effector_p_cluster_430_AJ718_race1.FUN_013068-T1
effector_p_cluster_430_AJ718_race1.FUN_013068-T1	effector_p_cluster_430_GCA_020796175.FUN_013752-T1
effector_p_cluster_436_GCA_025216365.FUN_004310-T1	effector_p_cluster_436_GCA_025216365.FUN_004310-T1
effector_p_cluster_436_GCA_025216365.FUN_004310-T1	effector_p_cluster_436_GCA_025203755.FUN_002815-T1
effector_p_cluster_437_GCA_001702495.FUN_012913-T1	effector_p_cluster_437_GCA_001702495.FUN_012913-T1
effector_p_cluster_437_GCA_001702495.FUN_012913-T1	effector_p_cluster_437_AJ520_race1.FUN_001479-T1
effector_p_cluster_439_Fusarium_kalimantanense_ex_type-barcode07.FUN_008697-T1	effector_p_cluster_439_Fusarium_kalimantanense_ex_type-barcode07.FUN_008697-T1
effector_p_cluster_439_GCA_015227905.FUN_013238-T1	effector_p_cluster_439_GCA_015227905.FUN_013238-T1
effector_p_cluster_43_GCA_023509805.FUN_005927-T1	effector_p_cluster_43_GCA_023509805.FUN_005927-T1
effector_p_cluster_43_GCA_023509805.FUN_005927-T1	effector_p_cluster_43_Fusarium_glycines_ex_type.FUN_002757-T1
effector_p_cluster_43_GCA_023509805.FUN_005927-T1	effector_p_cluster_390_GCA_019670925.FUN_013012-T1
effector_p_cluster_43_GCA_023509805.FUN_005927-T1	effector_p_cluster_390_Fusarium_elaeidis_ex_type.FUN_007144-T1
effector_p_cluster_43_GCA_023509805.FUN_005927-T1	effector_p_cluster_491_GCA_014843415.FUN_014723-T1
effector_p_cluster_43_GCA_023509805.FUN_005927-T1	effector_p_cluster_491_GCA_002234105.FUN_008081-T1
effector_p_cluster_43_GCA_023509805.FUN_005927-T1	effector_p_cluster_217_GCA_002234015.FUN_010652-T1
effector_p_cluster_43_GCA_023509805.FUN_005927-T1	effector_p_cluster_217_AJ705_race4.FUN_015480-T1
effector_p_cluster_43_GCA_023509805.FUN_005927-T1	effector_p_cluster_310_AJ705_race4.FUN_011711-T1
effector_p_cluster_43_GCA_023509805.FUN_005927-T1	effector_p_cluster_310_AJ516_race4.FUN_011903-T1
effector_p_cluster_43_GCA_023509805.FUN_005927-T1	effector_p_cluster_41_GCA_019593505.FUN_001718-T1
effector_p_cluster_43_GCA_023509805.FUN_005927-T1	effector_p_cluster_41_Fusarium_gossypinum_ex_type.FUN_008959-T1
effector_p_cluster_441_Fusarium_elaeidis_ex_type.FUN_014326-T1	effector_p_cluster_441_Fusarium_elaeidis_ex_type.FUN_014326-T1
effector_p_cluster_441_Fusarium_elaeidis_ex_type.FUN_014326-T1	effector_p_cluster_1165_GCA_049307005.FUN_005510-T1
effector_p_cluster_441_Fusarium_elaeidis_ex_type.FUN_014326-T1	effector_p_cluster_441_Fusarium_fabacearum_ex_type.FUN_014969-T1
effector_p_cluster_442_GCA_000260495.FUN_013038-T1	effector_p_cluster_442_GCA_000260495.FUN_013038-T1
effector_p_cluster_442_GCA_000260495.FUN_013038-T1	effector_p_cluster_442_Fola1ENZA.FUN_010578-T1
effector_p_cluster_443_Fusarium_fabacearum_ex_type.FUN_013695-T1	effector_p_cluster_443_Fusarium_fabacearum_ex_type.FUN_013695-T1
effector_p_cluster_443_Fusarium_fabacearum_ex_type.FUN_013695-T1	effector_p_cluster_443_Fusarium_duoseptatum_ex_type-barcode03.FUN_013876-T1
effector_p_cluster_444_GCA_001702845.FUN_000181-T1	effector_p_cluster_444_GCA_001702845.FUN_000181-T1
effector_p_cluster_444_GCA_001702845.FUN_000181-T1	effector_p_cluster_444_GCA_000259975.FUN_001799-T1
effector_p_cluster_166_GCA_025203105.FUN_014573-T1	effector_p_cluster_166_GCA_025203105.FUN_014573-T1
effector_p_cluster_166_GCA_025203105.FUN_014573-T1	effector_p_cluster_166_GCA_002234015.FUN_001465-T1
effector_p_cluster_166_GCA_025203105.FUN_014573-T1	effector_p_cluster_137_Fola3ENZA.FUN_010533-T1
effector_p_cluster_166_GCA_025203105.FUN_014573-T1	effector_p_cluster_137_AJ718_race1.FUN_005997-T1
effector_p_cluster_168_GCA_002234045.FUN_012160-T1	effector_p_cluster_168_GCA_002234045.FUN_012160-T1
effector_p_cluster_168_GCA_002234045.FUN_012160-T1	effector_p_cluster_168_GCA_002233855.FUN_009962-T1
effector_p_cluster_168_GCA_002234045.FUN_012160-T1	effector_p_cluster_325_Fusarium_fabacearum_ex_type.FUN_004672-T1
effector_p_cluster_168_GCA_002234045.FUN_012160-T1	effector_p_cluster_325_GCA_019670925.FUN_006503-T1
effector_p_cluster_16_Fusarium_glycines_ex_type.FUN_010670-T1	effector_p_cluster_16_Fusarium_glycines_ex_type.FUN_010670-T1
effector_p_cluster_16_Fusarium_glycines_ex_type.FUN_010670-T1	effector_p_cluster_16_Fola2ENZA.FUN_012643-T1
effector_p_cluster_16_Fusarium_glycines_ex_type.FUN_010670-T1	effector_p_cluster_895_GCA_049307005.FUN_012337-T1
effector_p_cluster_16_Fusarium_glycines_ex_type.FUN_010670-T1	effector_p_cluster_1034_Fusarium_kalimantanense_ex_type-barcode07.FUN_009752-T1
effector_p_cluster_16_Fusarium_glycines_ex_type.FUN_010670-T1	effector_p_cluster_895_Fusarium_phialophorum-barcode15.FUN_011671-T1
effector_p_cluster_16_Fusarium_glycines_ex_type.FUN_010670-T1	effector_p_cluster_1064_GCA_001703205.FUN_011845-T1
effector_p_cluster_16_Fusarium_glycines_ex_type.FUN_010670-T1	effector_p_cluster_126_GCA_049307005.FUN_007173-T1
effector_p_cluster_16_Fusarium_glycines_ex_type.FUN_010670-T1	effector_p_cluster_126_Fusarium_elaeidis.FUN_004213-T1
effector_p_cluster_170_GCA_049306905.FUN_006195-T1	effector_p_cluster_170_GCA_049306905.FUN_006195-T1
effector_p_cluster_170_GCA_049306905.FUN_006195-T1	effector_p_cluster_170_GCA_019593505.FUN_011010-T1
effector_p_cluster_170_GCA_049306905.FUN_006195-T1	effector_p_cluster_576_GCA_025217005.FUN_006315-T1
effector_p_cluster_170_GCA_049306905.FUN_006195-T1	effector_p_cluster_576_GCA_001702495.FUN_000526-T1
effector_p_cluster_171_GCA_025203755.FUN_004735-T1	effector_p_cluster_171_GCA_025203755.FUN_004735-T1
effector_p_cluster_171_GCA_025203755.FUN_004735-T1	effector_p_cluster_171_Fola1ENZA.FUN_006537-T1
effector_p_cluster_172_GCA_002233855.FUN_011097-T1	effector_p_cluster_172_GCA_002233855.FUN_011097-T1
effector_p_cluster_172_GCA_002233855.FUN_011097-T1	effector_p_cluster_172_GCA_014843445.FUN_010039-T1
effector_p_cluster_173_Fusarium_duoseptatum_ex_type-barcode03.FUN_007394-T1	effector_p_cluster_173_Fusarium_duoseptatum_ex_type-barcode03.FUN_007394-T1
effector_p_cluster_173_Fusarium_duoseptatum_ex_type-barcode03.FUN_007394-T1	effector_p_cluster_173_AJ516_race4.FUN_010903-T1
effector_p_cluster_173_Fusarium_duoseptatum_ex_type-barcode03.FUN_007394-T1	effector_p_cluster_211_Fola1ENZA.FUN_000789-T1
effector_p_cluster_173_Fusarium_duoseptatum_ex_type-barcode03.FUN_007394-T1	effector_p_cluster_211_Fola2ENZA.FUN_000766-T1
effector_p_cluster_174_GCA_025267645.FUN_007318-T1	effector_p_cluster_174_GCA_025267645.FUN_007318-T1
effector_p_cluster_174_GCA_025267645.FUN_007318-T1	effector_p_cluster_174_GCA_023509805.FUN_006383-T1
effector_p_cluster_175_Fusarium_sp_128.FUN_013675-T1	effector_p_cluster_175_Fusarium_sp_128.FUN_013675-T1
effector_p_cluster_175_Fusarium_sp_128.FUN_013675-T1	effector_p_cluster_175_GCA_019671045.FUN_007824-T1
effector_p_cluster_177_GCA_038050555.FUN_009414-T1	effector_p_cluster_177_GCA_038050555.FUN_009414-T1
effector_p_cluster_177_GCA_038050555.FUN_009414-T1	effector_p_cluster_177_Fusarium_elaeidis.FUN_006593-T1
effector_p_cluster_179_GCA_025216365.FUN_007685-T1	effector_p_cluster_179_GCA_025216365.FUN_007685-T1
effector_p_cluster_179_GCA_025216365.FUN_007685-T1	effector_p_cluster_179_AJ516_race4.FUN_011317-T1
effector_p_cluster_179_GCA_025216365.FUN_007685-T1	effector_p_cluster_251_GCA_001703205.FUN_013874-T1
effector_p_cluster_179_GCA_025216365.FUN_007685-T1	effector_p_cluster_251_AJ516_race4.FUN_013182-T1
effector_p_cluster_179_GCA_025216365.FUN_007685-T1	effector_p_cluster_326_Fusarium_phialophorum-barcode15.FUN_005298-T1
effector_p_cluster_179_GCA_025216365.FUN_007685-T1	effector_p_cluster_326_AJ592_race4.FUN_003702-T1
effector_p_cluster_179_GCA_025216365.FUN_007685-T1	effector_p_cluster_188_GCA_049307005.FUN_015514-T1
effector_p_cluster_179_GCA_025216365.FUN_007685-T1	effector_p_cluster_188_Fusarium_duoseptatum_ex_type-barcode03.FUN_014159-T1
effector_p_cluster_182_GCA_020796175.FUN_004000-T1	effector_p_cluster_182_GCA_020796175.FUN_004000-T1
effector_p_cluster_182_GCA_020796175.FUN_004000-T1	effector_p_cluster_182_GCA_025216365.FUN_002626-T1
effector_p_cluster_182_GCA_020796175.FUN_004000-T1	effector_p_cluster_76_GCA_025216365.FUN_008239-T1
effector_p_cluster_182_GCA_020796175.FUN_004000-T1	effector_p_cluster_76_GCA_032206225.FUN_000889-T1
effector_p_cluster_182_GCA_020796175.FUN_004000-T1	effector_p_cluster_118_GCA_001702695.FUN_007718-T1
effector_p_cluster_182_GCA_020796175.FUN_004000-T1	effector_p_cluster_118_AJ592_race4.FUN_004291-T1
effector_p_cluster_183_GCA_013347535.FUN_003085-T1	effector_p_cluster_183_GCA_013347535.FUN_003085-T1
effector_p_cluster_183_GCA_013347535.FUN_003085-T1	effector_p_cluster_183_Fola1ENZA.FUN_003170-T1
effector_p_cluster_184_GCA_002234105.FUN_001120-T1	effector_p_cluster_184_GCA_002234105.FUN_001120-T1
effector_p_cluster_184_GCA_002234105.FUN_001120-T1	effector_p_cluster_184_GCA_019593505.FUN_010739-T1
effector_p_cluster_184_GCA_002234105.FUN_001120-T1	effector_p_cluster_770_GCA_001702495.FUN_012752-T1
effector_p_cluster_184_GCA_002234105.FUN_001120-T1	effector_p_cluster_770_GCA_001703205.FUN_011693-T1
effector_p_cluster_184_GCA_002234105.FUN_001120-T1	effector_p_cluster_383_GCA_014843445.FUN_002244-T1
effector_p_cluster_184_GCA_002234105.FUN_001120-T1	effector_p_cluster_383_GCA_002234015.FUN_011095-T1
effector_p_cluster_184_GCA_002234105.FUN_001120-T1	effector_p_cluster_380_GCA_048164945.FUN_008358-T1
effector_p_cluster_184_GCA_002234105.FUN_001120-T1	effector_p_cluster_380_Fusarium_phialophorum-barcode15.FUN_009758-T1
effector_p_cluster_187_GCA_050947235.FUN_014579-T1	effector_p_cluster_187_GCA_050947235.FUN_014579-T1
effector_p_cluster_187_GCA_050947235.FUN_014579-T1	effector_p_cluster_187_GCA_015227905.FUN_013893-T1
effector_p_cluster_189_Fola4ENZA.FUN_015510-T1	effector_p_cluster_189_Fola4ENZA.FUN_015510-T1
effector_p_cluster_189_Fola4ENZA.FUN_015510-T1	effector_p_cluster_189_Fola3ENZA.FUN_014558-T1
effector_p_cluster_18_GCA_014843445.FUN_017414-T1	effector_p_cluster_18_GCA_014843445.FUN_017414-T1
effector_p_cluster_190_GCA_002234045.FUN_006213-T1	effector_p_cluster_190_GCA_002234045.FUN_006213-T1
effector_p_cluster_190_GCA_002234045.FUN_006213-T1	effector_p_cluster_190_Fusarium_cugenangense_ex_type-barcode01.FUN_014921-T1
effector_p_cluster_191_GCA_038050555.FUN_016049-T1	effector_p_cluster_191_GCA_038050555.FUN_016049-T1
effector_p_cluster_191_GCA_038050555.FUN_016049-T1	effector_p_cluster_191_GCA_020796175.FUN_013713-T1
effector_p_cluster_193_GCA_049307005.FUN_015348-T1	effector_p_cluster_193_GCA_049307005.FUN_015348-T1
effector_p_cluster_193_GCA_049307005.FUN_015348-T1	effector_p_cluster_193_GCA_025216365.FUN_010585-T1
effector_p_cluster_196_GCA_013347535.FUN_006981-T1	effector_p_cluster_196_GCA_013347535.FUN_006981-T1
effector_p_cluster_196_GCA_013347535.FUN_006981-T1	effector_p_cluster_196_Fola4ENZA.FUN_008638-T1
effector_p_cluster_196_GCA_013347535.FUN_006981-T1	effector_p_cluster_419_GCA_019593505.FUN_015135-T1
effector_p_cluster_196_GCA_013347535.FUN_006981-T1	effector_p_cluster_154_GCA_001703205.FUN_012980-T1
effector_p_cluster_196_GCA_013347535.FUN_006981-T1	effector_p_cluster_154_Fusarium_sp_128.FUN_007885-T1
effector_p_cluster_196_GCA_013347535.FUN_006981-T1	effector_p_cluster_273_GCA_013423235.FUN_008120-T1
effector_p_cluster_196_GCA_013347535.FUN_006981-T1	effector_p_cluster_273_GCA_025203755.FUN_012447-T1
effector_p_cluster_196_GCA_013347535.FUN_006981-T1	effector_p_cluster_460_GCA_018894095.FUN_012837-T1
effector_p_cluster_196_GCA_013347535.FUN_006981-T1	effector_p_cluster_419_Fusarium_duoseptatum_ex_type-barcode03.FUN_015086-T1
effector_p_cluster_196_GCA_013347535.FUN_006981-T1	effector_p_cluster_460_AJ718_race1.FUN_010820-T1
effector_p_cluster_196_GCA_013347535.FUN_006981-T1	effector_p_cluster_434_GCA_023509805.FUN_005098-T1
effector_p_cluster_196_GCA_013347535.FUN_006981-T1	effector_p_cluster_434_AJ705_race4.FUN_005592-T1
effector_p_cluster_198_GCA_025203105.FUN_005027-T1	effector_p_cluster_198_GCA_025203105.FUN_005027-T1
effector_p_cluster_198_GCA_025203105.FUN_005027-T1	effector_p_cluster_198_GCA_002234045.FUN_004361-T1
effector_p_cluster_19_AJ865_race1.FUN_015876-T1	effector_p_cluster_19_AJ865_race1.FUN_015876-T1
effector_p_cluster_19_GCA_001703205.FUN_012039-T1	effector_p_cluster_19_GCA_001703205.FUN_012039-T1
effector_p_cluster_200_GCA_009755825.FUN_009094-T1	effector_p_cluster_200_GCA_009755825.FUN_009094-T1
effector_p_cluster_200_GCA_025217005.FUN_003568-T1	effector_p_cluster_200_GCA_025217005.FUN_003568-T1
effector_p_cluster_201_GCA_020796175.FUN_011125-T1	effector_p_cluster_201_GCA_020796175.FUN_011125-T1
effector_p_cluster_201_GCA_020796175.FUN_011125-T1	effector_p_cluster_201_GCA_014843455.FUN_011102-T1
effector_p_cluster_201_GCA_020796175.FUN_011125-T1	effector_p_cluster_336_AJ718_race1.FUN_004757-T1
effector_p_cluster_201_GCA_020796175.FUN_011125-T1	effector_p_cluster_336_GCA_020796175.FUN_002230-T1
effector_p_cluster_202_GCA_025217005.FUN_005150-T1	effector_p_cluster_202_GCA_025217005.FUN_005150-T1
effector_p_cluster_202_GCA_025217005.FUN_005150-T1	effector_p_cluster_202_GCA_002234105.FUN_007029-T1
effector_p_cluster_203_GCA_014843555.FUN_013020-T1	effector_p_cluster_203_GCA_014843555.FUN_013020-T1
effector_p_cluster_203_GCA_014843555.FUN_013020-T1	effector_p_cluster_203_Fusarium_fabacearum_ex_type.FUN_006439-T1
effector_p_cluster_203_GCA_014843555.FUN_013020-T1	effector_p_cluster_277_AJ705_race4.FUN_006796-T1
effector_p_cluster_203_GCA_014843555.FUN_013020-T1	effector_p_cluster_277_AJ592_race4.FUN_013651-T1
effector_p_cluster_204_AJ592_race4.FUN_015268-T1	effector_p_cluster_204_AJ592_race4.FUN_015268-T1
effector_p_cluster_204_AJ592_race4.FUN_015268-T1	effector_p_cluster_204_AJ520_race1.FUN_013791-T1
effector_p_cluster_204_AJ592_race4.FUN_015268-T1	effector_p_cluster_857_GCA_021018635.FUN_014142-T1
effector_p_cluster_204_AJ592_race4.FUN_015268-T1	effector_p_cluster_857_GCA_003315725.FUN_015953-T1
effector_p_cluster_204_AJ592_race4.FUN_015268-T1	effector_p_cluster_98_GCA_025267645.FUN_005750-T1
effector_p_cluster_204_AJ592_race4.FUN_015268-T1	effector_p_cluster_98_GCA_014843415.FUN_000677-T1
effector_p_cluster_206_GCA_018894095.FUN_014018-T1	effector_p_cluster_206_GCA_018894095.FUN_014018-T1
effector_p_cluster_206_GCA_018894095.FUN_014018-T1	effector_p_cluster_206_Fola3ENZA.FUN_013786-T1
effector_p_cluster_207_GCA_049307005.FUN_012232-T1	effector_p_cluster_207_GCA_049307005.FUN_012232-T1
effector_p_cluster_207_GCA_049307005.FUN_012232-T1	effector_p_cluster_207_GCA_025217005.FUN_007984-T1
effector_p_cluster_208_GCA_049306905.FUN_011674-T1	effector_p_cluster_208_GCA_049306905.FUN_011674-T1
effector_p_cluster_208_GCA_049306905.FUN_011674-T1	effector_p_cluster_208_Fusarium_fabacearum_ex_type.FUN_006885-T1
effector_p_cluster_209_GCA_050947165.FUN_010832-T1	effector_p_cluster_209_GCA_050947165.FUN_010832-T1
effector_p_cluster_209_GCA_050947165.FUN_010832-T1	effector_p_cluster_209_GCA_032206225.FUN_012682-T1
effector_p_cluster_727_GCA_015227905.FUN_007057-T1	effector_p_cluster_727_GCA_015227905.FUN_007057-T1
effector_p_cluster_727_GCA_015227905.FUN_007057-T1	effector_p_cluster_727_GCA_014843415.FUN_005913-T1
effector_p_cluster_728_Fusarium_elaeidis_ex_type.FUN_013590-T1	effector_p_cluster_728_Fusarium_elaeidis_ex_type.FUN_013590-T1
effector_p_cluster_728_Fusarium_elaeidis_ex_type.FUN_013590-T1	effector_p_cluster_728_Fusarium_cugenangense_ex_type-barcode01.FUN_014509-T1
effector_p_cluster_729_Fusarium_sp_128.FUN_004013-T1	effector_p_cluster_729_Fusarium_sp_128.FUN_004013-T1
effector_p_cluster_729_Fusarium_sp_128.FUN_004013-T1	effector_p_cluster_729_Fusarium_elaeidis.FUN_001727-T1
effector_p_cluster_730_Fusarium_glycines_ex_type.FUN_011749-T1	effector_p_cluster_730_Fusarium_glycines_ex_type.FUN_011749-T1
effector_p_cluster_730_GCA_001702695.FUN_000056-T1	effector_p_cluster_730_GCA_001702695.FUN_000056-T1
effector_p_cluster_731_Fusarium_kalimantanense_ex_type-barcode07.FUN_001917-T1	effector_p_cluster_731_Fusarium_kalimantanense_ex_type-barcode07.FUN_001917-T1
effector_p_cluster_731_Fusarium_kalimantanense_ex_type-barcode07.FUN_001917-T1	effector_p_cluster_731_GCA_014839635.FUN_002479-T1
effector_p_cluster_732_GCA_003315725.FUN_012877-T1	effector_p_cluster_732_GCA_003315725.FUN_012877-T1
effector_p_cluster_732_GCA_003315725.FUN_012877-T1	effector_p_cluster_732_GCA_002234045.FUN_009675-T1
effector_p_cluster_733_GCA_018894095.FUN_016551-T1	effector_p_cluster_733_GCA_018894095.FUN_016551-T1
effector_p_cluster_733_GCA_018894095.FUN_016551-T1	effector_p_cluster_733_GCA_014839635.FUN_017172-T1
effector_p_cluster_733_GCA_018894095.FUN_016551-T1	effector_p_cluster_496_GCA_002234045.FUN_014683-T1
effector_p_cluster_734_GCA_018894095.FUN_015908-T1	effector_p_cluster_734_GCA_018894095.FUN_015908-T1
effector_p_cluster_734_GCA_018894095.FUN_015908-T1	effector_p_cluster_734_GCA_014839635.FUN_008328-T1
effector_p_cluster_735_AJ865_race1.FUN_001763-T1	effector_p_cluster_735_AJ865_race1.FUN_001763-T1
effector_p_cluster_735_AJ865_race1.FUN_001763-T1	effector_p_cluster_735_AJ520_race1.FUN_002317-T1
effector_p_cluster_736_GCA_009755825.FUN_003883-T1	effector_p_cluster_736_GCA_009755825.FUN_003883-T1
effector_p_cluster_736_GCA_009755825.FUN_003883-T1	effector_p_cluster_736_AJ705_race4.FUN_008855-T1
effector_p_cluster_737_GCA_009755825.FUN_008523-T1	effector_p_cluster_737_GCA_009755825.FUN_008523-T1
effector_p_cluster_737_GCA_009755825.FUN_008523-T1	effector_p_cluster_737_AJ520_race1.FUN_010576-T1
effector_p_cluster_738_AJ865_race1.FUN_011051-T1	effector_p_cluster_738_AJ865_race1.FUN_011051-T1
effector_p_cluster_738_AJ865_race1.FUN_011051-T1	effector_p_cluster_738_AJ520_race1.FUN_011784-T1
effector_p_cluster_738_AJ865_race1.FUN_011051-T1	effector_p_cluster_647_GCA_014843555.FUN_001999-T1
effector_p_cluster_738_AJ865_race1.FUN_011051-T1	effector_p_cluster_647_GCA_000259975.FUN_003892-T1
effector_p_cluster_738_AJ865_race1.FUN_011051-T1	effector_p_cluster_571_GCA_050947235.FUN_014998-T1
effector_p_cluster_738_AJ865_race1.FUN_011051-T1	effector_p_cluster_571_GCA_023509805.FUN_009007-T1
effector_p_cluster_738_AJ865_race1.FUN_011051-T1	effector_p_cluster_630_GCA_025216365.FUN_014410-T1
effector_p_cluster_738_AJ865_race1.FUN_011051-T1	effector_p_cluster_858_GCA_025267645.FUN_013848-T1
effector_p_cluster_738_AJ865_race1.FUN_011051-T1	effector_p_cluster_858_GCA_025216365.FUN_012839-T1
effector_p_cluster_739_Fola2ENZA.FUN_007079-T1	effector_p_cluster_739_Fola2ENZA.FUN_007079-T1
effector_p_cluster_739_Fola2ENZA.FUN_007079-T1	effector_p_cluster_739_GCA_049307005.FUN_007015-T1
effector_p_cluster_741_GCA_019593505.FUN_001881-T1	effector_p_cluster_741_GCA_019593505.FUN_001881-T1
effector_p_cluster_741_GCA_019593505.FUN_001881-T1	effector_p_cluster_741_Fusarium_cugenangense_ex_type-barcode01.FUN_000047-T1
effector_p_cluster_742_GCA_025203105.FUN_011239-T1	effector_p_cluster_742_GCA_025203105.FUN_011239-T1
effector_p_cluster_742_GCA_025203105.FUN_011239-T1	effector_p_cluster_742_Fusarium_sp_128.FUN_004130-T1
effector_p_cluster_743_GCA_002233855.FUN_014130-T1	effector_p_cluster_743_GCA_002233855.FUN_014130-T1
effector_p_cluster_743_GCA_002233855.FUN_014130-T1	effector_p_cluster_743_Fusarium_elaeidis_ex_type.FUN_008474-T1
effector_p_cluster_744_GCA_003315725.FUN_012911-T1	effector_p_cluster_744_GCA_003315725.FUN_012911-T1
effector_p_cluster_744_GCA_003315725.FUN_012911-T1	effector_p_cluster_744_GCA_025217005.FUN_014122-T1
effector_p_cluster_746_GCA_019671045.FUN_017236-T1	effector_p_cluster_746_GCA_019671045.FUN_017236-T1
effector_p_cluster_746_GCA_019671045.FUN_017236-T1	effector_p_cluster_746_GCA_019671045.FUN_011036-T1
effector_p_cluster_747_GCA_000259975.FUN_014846-T1	effector_p_cluster_747_GCA_000259975.FUN_014846-T1
effector_p_cluster_747_GCA_009755825.FUN_016537-T1	effector_p_cluster_747_GCA_009755825.FUN_016537-T1
effector_p_cluster_748_GCA_019671045.FUN_015413-T1	effector_p_cluster_748_GCA_019671045.FUN_015413-T1
effector_p_cluster_748_GCA_020796175.FUN_015448-T1	effector_p_cluster_748_GCA_020796175.FUN_015448-T1
effector_p_cluster_749_AJ592_race4.FUN_015549-T1	effector_p_cluster_749_AJ592_race4.FUN_015549-T1
effector_p_cluster_749_GCA_009755825.FUN_013294-T1	effector_p_cluster_749_GCA_009755825.FUN_013294-T1
effector_p_cluster_74_GCA_025203755.FUN_010142-T1	effector_p_cluster_74_GCA_025203755.FUN_010142-T1
effector_p_cluster_74_GCA_025203755.FUN_011958-T1	effector_p_cluster_74_GCA_025203755.FUN_011958-T1
effector_p_cluster_750_Fola4ENZA.FUN_016812-T1	effector_p_cluster_750_Fola4ENZA.FUN_016812-T1
effector_p_cluster_750_Fola4ENZA.FUN_016812-T1	effector_p_cluster_750_AJ516_race4.FUN_014739-T1
effector_p_cluster_751_AJ705_race4.FUN_014221-T1	effector_p_cluster_751_AJ705_race4.FUN_014221-T1
effector_p_cluster_752_GCA_050947165.FUN_015530-T1	effector_p_cluster_752_GCA_050947165.FUN_015530-T1
effector_p_cluster_752_GCA_050947165.FUN_015530-T1	effector_p_cluster_752_AJ520_race1.FUN_016344-T1
effector_p_cluster_752_GCA_050947165.FUN_015530-T1	effector_p_cluster_563_GCA_025203105.FUN_006256-T1
effector_p_cluster_753_GCA_001702495.FUN_003483-T1	effector_p_cluster_753_GCA_001702495.FUN_003483-T1
effector_p_cluster_753_GCA_001702495.FUN_003483-T1	effector_p_cluster_753_GCA_049306905.FUN_001277-T1
effector_p_cluster_754_GCA_050947235.FUN_009860-T1	effector_p_cluster_754_GCA_050947235.FUN_009860-T1
effector_p_cluster_754_GCA_050947235.FUN_009860-T1	effector_p_cluster_754_GCA_001703455.FUN_007973-T1
effector_p_cluster_755_GCA_050947165.FUN_010676-T1	effector_p_cluster_755_GCA_050947165.FUN_010676-T1
effector_p_cluster_755_GCA_050947165.FUN_010676-T1	effector_p_cluster_755_GCA_001703455.FUN_013563-T1
effector_p_cluster_756_GCA_049307005.FUN_012330-T1	effector_p_cluster_756_GCA_049307005.FUN_012330-T1
effector_p_cluster_756_GCA_049307005.FUN_012330-T1	effector_p_cluster_756_Fola2ENZA.FUN_013959-T1
effector_p_cluster_757_GCA_019671045.FUN_016351-T1	effector_p_cluster_757_GCA_019671045.FUN_016351-T1
effector_p_cluster_757_GCA_019671045.FUN_016351-T1	effector_p_cluster_757_Fusarium_kalimantanense_ex_type-barcode07.FUN_010834-T1
effector_p_cluster_758_GCA_014843445.FUN_015962-T1	effector_p_cluster_758_GCA_014843445.FUN_015962-T1
effector_p_cluster_758_GCA_014843445.FUN_015962-T1	effector_p_cluster_758_GCA_014843415.FUN_016389-T1
effector_p_cluster_759_GCA_038050555.FUN_011193-T1	effector_p_cluster_759_GCA_038050555.FUN_011193-T1
effector_p_cluster_759_GCA_038050555.FUN_011193-T1	effector_p_cluster_759_GCA_003315725.FUN_015701-T1
effector_p_cluster_75_GCA_025217005.FUN_005404-T1	effector_p_cluster_75_GCA_025217005.FUN_005404-T1
effector_p_cluster_75_GCA_025217005.FUN_005404-T1	effector_p_cluster_75_GCA_019671045.FUN_002904-T1
effector_p_cluster_760_GCA_049306905.FUN_008369-T1	effector_p_cluster_760_GCA_049306905.FUN_008369-T1
effector_p_cluster_760_GCA_049306905.FUN_008369-T1	effector_p_cluster_760_Fusarium_glycines_ex_type.FUN_004444-T1
effector_p_cluster_761_GCA_014843455.FUN_003695-T1	effector_p_cluster_761_GCA_014843455.FUN_003695-T1
effector_p_cluster_761_GCA_014843455.FUN_003695-T1	effector_p_cluster_761_Fola4ENZA.FUN_005402-T1
effector_p_cluster_762_GCA_009755825.FUN_003976-T1	effector_p_cluster_762_GCA_009755825.FUN_003976-T1
effector_p_cluster_762_GCA_009755825.FUN_003976-T1	effector_p_cluster_762_AJ516_race4.FUN_010091-T1
effector_p_cluster_763_GCA_003315725.FUN_010636-T1	effector_p_cluster_763_GCA_003315725.FUN_010636-T1
effector_p_cluster_763_GCA_003315725.FUN_010636-T1	effector_p_cluster_763_AJ718_race1.FUN_014294-T1
effector_p_cluster_764_AJ718_race1.FUN_015993-T1	effector_p_cluster_764_AJ718_race1.FUN_015993-T1
effector_p_cluster_764_GCA_002233855.FUN_014169-T1	effector_p_cluster_764_GCA_002233855.FUN_014169-T1
effector_p_cluster_765_GCA_020796175.FUN_016375-T1	effector_p_cluster_765_GCA_020796175.FUN_016375-T1
effector_p_cluster_765_GCA_020796175.FUN_016375-T1	effector_p_cluster_765_AJ516_race4.FUN_017108-T1
effector_p_cluster_766_AJ865_race1.FUN_016754-T1	effector_p_cluster_766_AJ865_race1.FUN_016754-T1
effector_p_cluster_766_AJ865_race1.FUN_016754-T1	effector_p_cluster_766_AJ718_race1.FUN_016629-T1
effector_p_cluster_767_GCA_050947235.FUN_000045-T1	effector_p_cluster_767_GCA_050947235.FUN_000045-T1
effector_p_cluster_767_GCA_050947235.FUN_000045-T1	effector_p_cluster_767_Fola2ENZA.FUN_002030-T1
effector_p_cluster_771_GCA_025267645.FUN_008834-T1	effector_p_cluster_771_GCA_025267645.FUN_008834-T1
effector_p_cluster_771_GCA_025267645.FUN_008834-T1	effector_p_cluster_391_Fola4ENZA.FUN_006989-T1
effector_p_cluster_771_GCA_025267645.FUN_008834-T1	effector_p_cluster_771_GCA_014843415.FUN_001735-T1
effector_p_cluster_771_GCA_025267645.FUN_008834-T1	effector_p_cluster_391_AJ718_race1.FUN_000310-T1
effector_p_cluster_307_GCA_038050555.FUN_009128-T1	effector_p_cluster_307_GCA_038050555.FUN_009128-T1
effector_p_cluster_307_GCA_038050555.FUN_009128-T1	effector_p_cluster_307_GCA_001703205.FUN_007984-T1
effector_p_cluster_308_Fusarium_fabacearum_ex_type.FUN_012681-T1	effector_p_cluster_308_Fusarium_fabacearum_ex_type.FUN_012681-T1
effector_p_cluster_308_GCA_000260495.FUN_009831-T1	effector_p_cluster_308_GCA_000260495.FUN_009831-T1
effector_p_cluster_309_GCA_025216365.FUN_007767-T1	effector_p_cluster_309_GCA_025216365.FUN_007767-T1
effector_p_cluster_309_GCA_025216365.FUN_007767-T1	effector_p_cluster_309_GCA_014843415.FUN_010476-T1
effector_p_cluster_309_GCA_025216365.FUN_007767-T1	effector_p_cluster_178_GCA_001703205.FUN_008296-T1
effector_p_cluster_309_GCA_025216365.FUN_007767-T1	effector_p_cluster_178_GCA_025267645.FUN_008028-T1
effector_p_cluster_309_GCA_025216365.FUN_007767-T1	effector_p_cluster_671_Fola1ENZA.FUN_008519-T1
effector_p_cluster_309_GCA_025216365.FUN_007767-T1	effector_p_cluster_671_AJ520_race1.FUN_004965-T1
effector_p_cluster_311_Fusarium_sp_128.FUN_005814-T1	effector_p_cluster_311_Fusarium_sp_128.FUN_005814-T1
effector_p_cluster_311_Fusarium_sp_128.FUN_005814-T1	effector_p_cluster_311_Fusarium_elaeidis.FUN_011552-T1
effector_p_cluster_311_Fusarium_sp_128.FUN_005814-T1	effector_p_cluster_471_Fola3ENZA.FUN_016183-T1
effector_p_cluster_314_GCA_050947235.FUN_013306-T1	effector_p_cluster_314_GCA_050947235.FUN_013306-T1
effector_p_cluster_314_GCA_050947235.FUN_013306-T1	effector_p_cluster_314_GCA_001703205.FUN_013461-T1
effector_p_cluster_317_GCA_003315725.FUN_011346-T1	effector_p_cluster_317_GCA_003315725.FUN_011346-T1
effector_p_cluster_317_GCA_003315725.FUN_011346-T1	effector_p_cluster_317_Fola1ENZA.FUN_013323-T1
effector_p_cluster_318_GCA_014843415.FUN_003323-T1	effector_p_cluster_318_GCA_014843415.FUN_003323-T1
effector_p_cluster_318_GCA_014843415.FUN_003323-T1	effector_p_cluster_318_AJ520_race1.FUN_014089-T1
effector_p_cluster_322_GCA_001703455.FUN_011288-T1	effector_p_cluster_322_GCA_001703455.FUN_011288-T1
effector_p_cluster_322_GCA_001703455.FUN_011288-T1	effector_p_cluster_322_Fusarium_elaeidis_ex_type.FUN_004996-T1
effector_p_cluster_322_GCA_001703455.FUN_011288-T1	effector_p_cluster_454_GCA_019671045.FUN_014716-T1
effector_p_cluster_323_GCA_050947165.FUN_005176-T1	effector_p_cluster_323_GCA_050947165.FUN_005176-T1
effector_p_cluster_323_GCA_050947165.FUN_005176-T1	effector_p_cluster_323_Fusarium_cugenangense_ex_type-barcode01.FUN_005809-T1
effector_p_cluster_32_AJ520_race1.FUN_015220-T1	effector_p_cluster_32_AJ520_race1.FUN_015220-T1
effector_p_cluster_32_AJ520_race1.FUN_015220-T1	effector_p_cluster_32_GCA_001703455.FUN_006994-T1
effector_p_cluster_331_Fola4ENZA.FUN_016595-T1	effector_p_cluster_331_Fola4ENZA.FUN_016595-T1
effector_p_cluster_331_GCA_038050555.FUN_017050-T1	effector_p_cluster_331_GCA_038050555.FUN_017050-T1
effector_p_cluster_333_GCA_050947235.FUN_011718-T1	effector_p_cluster_333_GCA_050947235.FUN_011718-T1
effector_p_cluster_333_GCA_050947235.FUN_011718-T1	effector_p_cluster_333_GCA_002233855.FUN_009208-T1
effector_p_cluster_334_AJ592_race4.FUN_015280-T1	effector_p_cluster_334_AJ592_race4.FUN_015280-T1
effector_p_cluster_334_AJ592_race4.FUN_015280-T1	effector_p_cluster_334_GCA_002234045.FUN_011316-T1
effector_p_cluster_334_AJ592_race4.FUN_015280-T1	effector_p_cluster_467_Fusarium_fabacearum_ex_type.FUN_000833-T1
effector_p_cluster_334_AJ592_race4.FUN_015280-T1	effector_p_cluster_467_Fusarium_cugenangense_ex_type-barcode01.FUN_009731-T1
effector_p_cluster_335_GCA_021018635.FUN_006263-T1	effector_p_cluster_335_GCA_021018635.FUN_006263-T1
effector_p_cluster_335_GCA_021018635.FUN_006263-T1	effector_p_cluster_335_AJ865_race1.FUN_013418-T1
effector_p_cluster_335_GCA_021018635.FUN_006263-T1	effector_p_cluster_357_GCA_002233855.FUN_009394-T1
effector_p_cluster_335_GCA_021018635.FUN_006263-T1	effector_p_cluster_357_GCA_014843445.FUN_004014-T1
effector_p_cluster_337_GCA_019670925.FUN_014448-T1	effector_p_cluster_337_GCA_019670925.FUN_014448-T1
effector_p_cluster_337_GCA_019670925.FUN_014448-T1	effector_p_cluster_337_GCA_049307005.FUN_014884-T1
effector_p_cluster_338_GCA_049307005.FUN_000059-T1	effector_p_cluster_338_GCA_049307005.FUN_000059-T1
effector_p_cluster_338_GCA_049307005.FUN_000059-T1	effector_p_cluster_338_GCA_019593505.FUN_016748-T1
effector_p_cluster_340_GCA_025216365.FUN_001735-T1	effector_p_cluster_340_GCA_025216365.FUN_001735-T1
effector_p_cluster_340_GCA_025216365.FUN_001735-T1	effector_p_cluster_340_GCA_003315725.FUN_004124-T1
effector_p_cluster_341_GCA_025267645.FUN_001280-T1	effector_p_cluster_341_GCA_025267645.FUN_001280-T1
effector_p_cluster_341_GCA_025267645.FUN_001280-T1	effector_p_cluster_341_GCA_023509805.FUN_013072-T1
effector_p_cluster_342_GCA_049307005.FUN_002967-T1	effector_p_cluster_342_GCA_049307005.FUN_002967-T1
effector_p_cluster_342_GCA_049307005.FUN_002967-T1	effector_p_cluster_342_GCA_019670925.FUN_014880-T1
effector_p_cluster_342_GCA_049307005.FUN_002967-T1	effector_p_cluster_846_GCA_025216365.FUN_013866-T1
effector_p_cluster_342_GCA_049307005.FUN_002967-T1	effector_p_cluster_846_GCA_000259975.FUN_012467-T1
effector_p_cluster_342_GCA_049307005.FUN_002967-T1	effector_p_cluster_946_GCA_021018635.FUN_007850-T1
effector_p_cluster_342_GCA_049307005.FUN_002967-T1	effector_p_cluster_946_GCA_003315725.FUN_009747-T1
effector_p_cluster_342_GCA_049307005.FUN_002967-T1	effector_p_cluster_316_GCA_001702695.FUN_013057-T1
effector_p_cluster_342_GCA_049307005.FUN_002967-T1	effector_p_cluster_316_AJ865_race1.FUN_017093-T1
effector_p_cluster_344_GCA_050947235.FUN_002649-T1	effector_p_cluster_344_GCA_050947235.FUN_002649-T1
effector_p_cluster_344_GCA_050947235.FUN_002649-T1	effector_p_cluster_344_Fusarium_gossypinum_ex_type.FUN_002153-T1
effector_p_cluster_345_GCA_048164945.FUN_006255-T1	effector_p_cluster_345_GCA_048164945.FUN_006255-T1
effector_p_cluster_345_GCA_048164945.FUN_006255-T1	effector_p_cluster_345_Fola3ENZA.FUN_004668-T1
effector_p_cluster_347_GCA_023509805.FUN_012147-T1	effector_p_cluster_347_GCA_023509805.FUN_012147-T1
effector_p_cluster_347_GCA_023509805.FUN_012147-T1	effector_p_cluster_347_Fusarium_gossypinum_ex_type.FUN_008454-T1
effector_p_cluster_349_GCA_025203105.FUN_007449-T1	effector_p_cluster_349_GCA_025203105.FUN_007449-T1
effector_p_cluster_349_GCA_025203105.FUN_007449-T1	effector_p_cluster_349_GCA_016170085.FUN_013045-T1
effector_p_cluster_349_GCA_025203105.FUN_007449-T1	effector_p_cluster_158_Fusarium_phialophorum-barcode15.FUN_011939-T1
effector_p_cluster_349_GCA_025203105.FUN_007449-T1	effector_p_cluster_158_AJ865_race1.FUN_011588-T1
effector_p_cluster_349_GCA_025203105.FUN_007449-T1	effector_p_cluster_199_GCA_019670925.FUN_012838-T1
effector_p_cluster_349_GCA_025203105.FUN_007449-T1	effector_p_cluster_199_GCA_001703205.FUN_009703-T1
effector_p_cluster_349_GCA_025203105.FUN_007449-T1	effector_p_cluster_256_AJ516_race4.FUN_013331-T1
effector_p_cluster_349_GCA_025203105.FUN_007449-T1	effector_p_cluster_256_Fola2ENZA.FUN_014963-T1
effector_p_cluster_349_GCA_025203105.FUN_007449-T1	effector_p_cluster_261_AJ520_race1.FUN_014116-T1
effector_p_cluster_349_GCA_025203105.FUN_007449-T1	effector_p_cluster_261_GCA_014843555.FUN_013297-T1
effector_p_cluster_349_GCA_025203105.FUN_007449-T1	effector_p_cluster_518_Fusarium_fabacearum_ex_type.FUN_012796-T1
effector_p_cluster_349_GCA_025203105.FUN_007449-T1	effector_p_cluster_518_GCA_016170085.FUN_006616-T1
effector_p_cluster_349_GCA_025203105.FUN_007449-T1	effector_p_cluster_597_GCA_000260495.FUN_009945-T1
effector_p_cluster_349_GCA_025203105.FUN_007449-T1	effector_p_cluster_597_GCA_025216365.FUN_003139-T1
effector_p_cluster_349_GCA_025203105.FUN_007449-T1	effector_p_cluster_282_GCA_020796175.FUN_004658-T1
effector_p_cluster_349_GCA_025203105.FUN_007449-T1	effector_p_cluster_282_Fola2ENZA.FUN_002801-T1
effector_p_cluster_349_GCA_025203105.FUN_007449-T1	effector_p_cluster_61_GCA_032206225.FUN_017144-T1
effector_p_cluster_349_GCA_025203105.FUN_007449-T1	effector_p_cluster_319_Fola4ENZA.FUN_011672-T1
effector_p_cluster_349_GCA_025203105.FUN_007449-T1	effector_p_cluster_319_GCA_002234045.FUN_010017-T1
effector_p_cluster_349_GCA_025203105.FUN_007449-T1	effector_p_cluster_61_GCA_019593505.FUN_012021-T1
effector_p_cluster_34_Fusarium_cugenangense_ex_type-barcode01.FUN_011584-T1	effector_p_cluster_34_Fusarium_cugenangense_ex_type-barcode01.FUN_011584-T1
effector_p_cluster_34_Fusarium_cugenangense_ex_type-barcode01.FUN_011584-T1	effector_p_cluster_34_Fola2ENZA.FUN_012388-T1
effector_p_cluster_350_GCA_001702845.FUN_011006-T1	effector_p_cluster_350_GCA_001702845.FUN_011006-T1
effector_p_cluster_350_GCA_001702845.FUN_011006-T1	effector_p_cluster_350_AJ705_race4.FUN_009936-T1
effector_p_cluster_351_GCA_013347535.FUN_015564-T1	effector_p_cluster_351_GCA_013347535.FUN_015564-T1
effector_p_cluster_351_GCA_013347535.FUN_015564-T1	effector_p_cluster_351_Fusarium_sp_128.FUN_009289-T1
effector_p_cluster_351_GCA_013347535.FUN_015564-T1	effector_p_cluster_423_GCA_050947235.FUN_010101-T1
effector_p_cluster_351_GCA_013347535.FUN_015564-T1	effector_p_cluster_423_GCA_013423235.FUN_008630-T1
effector_p_cluster_351_GCA_013347535.FUN_015564-T1	effector_p_cluster_258_Fusarium_duoseptatum_ex_type-barcode03.FUN_012151-T1
effector_p_cluster_351_GCA_013347535.FUN_015564-T1	effector_p_cluster_258_GCA_013347535.FUN_015489-T1
effector_p_cluster_351_GCA_013347535.FUN_015564-T1	effector_p_cluster_373_AJ520_race1.FUN_009314-T1
effector_p_cluster_351_GCA_013347535.FUN_015564-T1	effector_p_cluster_373_Fusarium_elaeidis.FUN_010074-T1
effector_p_cluster_351_GCA_013347535.FUN_015564-T1	effector_p_cluster_548_GCA_002234045.FUN_010551-T1
effector_p_cluster_351_GCA_013347535.FUN_015564-T1	effector_p_cluster_548_GCA_020796175.FUN_006770-T1
effector_p_cluster_351_GCA_013347535.FUN_015564-T1	effector_p_cluster_557_GCA_013423235.FUN_005360-T1
effector_p_cluster_351_GCA_013347535.FUN_015564-T1	effector_p_cluster_557_GCA_049306905.FUN_005553-T1
effector_p_cluster_351_GCA_013347535.FUN_015564-T1	effector_p_cluster_92_GCA_014843445.FUN_001859-T1
effector_p_cluster_351_GCA_013347535.FUN_015564-T1	effector_p_cluster_92_GCA_000260495.FUN_001837-T1
effector_p_cluster_351_GCA_013347535.FUN_015564-T1	effector_p_cluster_833_GCA_021018635.FUN_012054-T1
effector_p_cluster_351_GCA_013347535.FUN_015564-T1	effector_p_cluster_833_GCA_032206225.FUN_003686-T1
effector_p_cluster_772_GCA_015227905.FUN_014883-T1	effector_p_cluster_772_GCA_015227905.FUN_014883-T1
effector_p_cluster_772_GCA_015227905.FUN_014883-T1	effector_p_cluster_772_Fusarium_cugenangense_ex_type-barcode01.FUN_004011-T1
effector_p_cluster_772_GCA_015227905.FUN_014883-T1	effector_p_cluster_80_GCA_019671045.FUN_011369-T1
effector_p_cluster_772_GCA_015227905.FUN_014883-T1	effector_p_cluster_80_GCA_013423235.FUN_012577-T1
effector_p_cluster_774_GCA_002234015.FUN_012670-T1	effector_p_cluster_774_GCA_002234015.FUN_012670-T1
effector_p_cluster_774_GCA_002234015.FUN_012670-T1	effector_p_cluster_774_Fusarium_fabacearum_ex_type.FUN_013964-T1
effector_p_cluster_775_GCA_013423235.FUN_014910-T1	effector_p_cluster_775_GCA_013423235.FUN_014910-T1
effector_p_cluster_776_GCA_021018635.FUN_007300-T1	effector_p_cluster_776_GCA_021018635.FUN_007300-T1
effector_p_cluster_776_GCA_025203755.FUN_010796-T1	effector_p_cluster_776_GCA_025203755.FUN_010796-T1
effector_p_cluster_777_GCA_038050555.FUN_013957-T1	effector_p_cluster_777_GCA_038050555.FUN_013957-T1
effector_p_cluster_777_GCA_038050555.FUN_013957-T1	effector_p_cluster_777_GCA_002234015.FUN_011084-T1
effector_p_cluster_778_GCA_013347535.FUN_004748-T1	effector_p_cluster_778_GCA_013347535.FUN_004748-T1
effector_p_cluster_778_GCA_019670925.FUN_000820-T1	effector_p_cluster_778_GCA_019670925.FUN_000820-T1
effector_p_cluster_77_Fusarium_glycines_ex_type.FUN_015839-T1	effector_p_cluster_77_Fusarium_glycines_ex_type.FUN_015839-T1
effector_p_cluster_77_GCA_025267645.FUN_007518-T1	effector_p_cluster_77_GCA_025267645.FUN_007518-T1
effector_p_cluster_77_GCA_025267645.FUN_007518-T1	effector_p_cluster_534_GCA_014843455.FUN_015211-T1
effector_p_cluster_77_GCA_025267645.FUN_007518-T1	effector_p_cluster_534_AJ718_race1.FUN_015926-T1
effector_p_cluster_780_GCA_050947235.FUN_003931-T1	effector_p_cluster_780_GCA_050947235.FUN_003931-T1
effector_p_cluster_780_GCA_050947235.FUN_003931-T1	effector_p_cluster_780_GCA_003315725.FUN_001943-T1
effector_p_cluster_781_GCA_003315725.FUN_012597-T1	effector_p_cluster_781_GCA_003315725.FUN_012597-T1
effector_p_cluster_781_GCA_003315725.FUN_012597-T1	effector_p_cluster_781_GCA_000259975.FUN_013069-T1
effector_p_cluster_782_GCA_014843455.FUN_016227-T1	effector_p_cluster_782_GCA_014843455.FUN_016227-T1
effector_p_cluster_783_GCA_014839635.FUN_008896-T1	effector_p_cluster_783_GCA_014839635.FUN_008896-T1
effector_p_cluster_783_GCA_014839635.FUN_008896-T1	effector_p_cluster_783_GCA_001703205.FUN_014290-T1
effector_p_cluster_785_GCA_014843445.FUN_016432-T1	effector_p_cluster_785_GCA_014843445.FUN_016432-T1
effector_p_cluster_786_Fola1ENZA.FUN_016570-T1	effector_p_cluster_786_Fola1ENZA.FUN_016570-T1
effector_p_cluster_786_Fola1ENZA.FUN_016570-T1	effector_p_cluster_786_GCA_025217005.FUN_009921-T1
effector_p_cluster_787_Fola2ENZA.FUN_008385-T1	effector_p_cluster_787_Fola2ENZA.FUN_008385-T1
effector_p_cluster_787_GCA_023509805.FUN_015602-T1	effector_p_cluster_787_GCA_023509805.FUN_015602-T1
effector_p_cluster_788_Fola2ENZA.FUN_014116-T1	effector_p_cluster_788_Fola2ENZA.FUN_014116-T1
effector_p_cluster_788_GCA_025203755.FUN_006871-T1	effector_p_cluster_788_GCA_025203755.FUN_006871-T1
effector_p_cluster_789_Fusarium_cugenangense_ex_type-barcode01.FUN_002097-T1	effector_p_cluster_789_Fusarium_cugenangense_ex_type-barcode01.FUN_002097-T1
effector_p_cluster_789_Fusarium_cugenangense_ex_type-barcode01.FUN_002097-T1	effector_p_cluster_789_GCA_049307005.FUN_000040-T1
effector_p_cluster_78_Fusarium_kalimantanense_ex_type-barcode07.FUN_007079-T1	effector_p_cluster_78_Fusarium_kalimantanense_ex_type-barcode07.FUN_007079-T1
effector_p_cluster_78_GCA_014843555.FUN_004103-T1	effector_p_cluster_78_GCA_014843555.FUN_004103-T1
effector_p_cluster_790_GCA_016166325.FUN_008525-T1	effector_p_cluster_790_GCA_016166325.FUN_008525-T1
effector_p_cluster_790_GCA_016166325.FUN_008525-T1	effector_p_cluster_790_GCA_002234105.FUN_015079-T1
effector_p_cluster_790_GCA_016166325.FUN_008525-T1	effector_p_cluster_288_GCA_050947165.FUN_014661-T1
effector_p_cluster_790_GCA_016166325.FUN_008525-T1	effector_p_cluster_288_AJ516_race4.FUN_013710-T1
effector_p_cluster_792_GCA_001703205.FUN_015158-T1	effector_p_cluster_792_GCA_001703205.FUN_015158-T1
effector_p_cluster_792_GCA_001703205.FUN_015158-T1	effector_p_cluster_792_GCA_050947235.FUN_015189-T1
effector_p_cluster_794_GCA_002234105.FUN_015427-T1	effector_p_cluster_794_GCA_002234105.FUN_015427-T1
effector_p_cluster_794_GCA_019670925.FUN_000069-T1	effector_p_cluster_794_GCA_019670925.FUN_000069-T1
effector_p_cluster_795_Fusarium_gossypinum_ex_type.FUN_012954-T1	effector_p_cluster_795_Fusarium_gossypinum_ex_type.FUN_012954-T1
effector_p_cluster_795_GCA_019593505.FUN_011953-T1	effector_p_cluster_795_GCA_019593505.FUN_011953-T1
effector_p_cluster_796_GCA_032206225.FUN_017418-T1	effector_p_cluster_796_GCA_032206225.FUN_017418-T1
effector_p_cluster_796_GCA_032206225.FUN_017418-T1	effector_p_cluster_796_GCA_014839635.FUN_017605-T1
effector_p_cluster_797_GCA_025217005.FUN_012482-T1	effector_p_cluster_797_GCA_025217005.FUN_012482-T1
effector_p_cluster_797_GCA_025217005.FUN_012482-T1	effector_p_cluster_797_GCA_002233855.FUN_010271-T1
effector_p_cluster_798_GCA_015227905.FUN_015946-T1	effector_p_cluster_798_GCA_015227905.FUN_015946-T1
effector_p_cluster_798_GCA_015227905.FUN_015946-T1	effector_p_cluster_798_Fusarium_kalimantanense_ex_type-barcode07.FUN_009785-T1
effector_p_cluster_799_Fusarium_phialophorum-barcode15.FUN_014087-T1	effector_p_cluster_799_Fusarium_phialophorum-barcode15.FUN_014087-T1
effector_p_cluster_799_GCA_025203755.FUN_015446-T1	effector_p_cluster_799_GCA_025203755.FUN_015446-T1
effector_p_cluster_79_GCA_003315725.FUN_008311-T1	effector_p_cluster_79_GCA_003315725.FUN_008311-T1
effector_p_cluster_79_GCA_003315725.FUN_008311-T1	effector_p_cluster_79_Fola3ENZA.FUN_010394-T1
effector_p_cluster_79_GCA_003315725.FUN_008311-T1	effector_p_cluster_231_GCA_025203755.FUN_012298-T1
effector_p_cluster_79_GCA_003315725.FUN_008311-T1	effector_p_cluster_231_GCA_025203105.FUN_002537-T1
effector_p_cluster_7_GCA_032206225.FUN_014663-T1	effector_p_cluster_7_GCA_032206225.FUN_014663-T1
effector_p_cluster_7_GCA_032206225.FUN_014663-T1	effector_p_cluster_7_Fusarium_phialophorum-barcode15.FUN_014018-T1
effector_p_cluster_800_GCA_014843445.FUN_017683-T1	effector_p_cluster_800_GCA_014843445.FUN_017683-T1
effector_p_cluster_800_GCA_014843445.FUN_017683-T1	effector_p_cluster_800_GCA_014843445.FUN_014184-T1
effector_p_cluster_801_GCA_032206225.FUN_013900-T1	effector_p_cluster_801_GCA_032206225.FUN_013900-T1
effector_p_cluster_801_GCA_032206225.FUN_013900-T1	effector_p_cluster_801_GCA_023509805.FUN_012194-T1
effector_p_cluster_802_GCA_021018635.FUN_015049-T1	effector_p_cluster_802_GCA_021018635.FUN_015049-T1
effector_p_cluster_802_GCA_021018635.FUN_015049-T1	effector_p_cluster_802_GCA_003315725.FUN_015109-T1
effector_p_cluster_803_GCA_032206225.FUN_017379-T1	effector_p_cluster_803_GCA_032206225.FUN_017379-T1
effector_p_cluster_803_GCA_032206225.FUN_017379-T1	effector_p_cluster_803_GCA_023509805.FUN_016290-T1
effector_p_cluster_803_GCA_032206225.FUN_017379-T1	effector_p_cluster_424_GCA_019671045.FUN_011384-T1
effector_p_cluster_803_GCA_032206225.FUN_017379-T1	effector_p_cluster_424_GCA_019593505.FUN_014158-T1
effector_p_cluster_803_GCA_032206225.FUN_017379-T1	effector_p_cluster_547_GCA_015227905.FUN_015092-T1
effector_p_cluster_803_GCA_032206225.FUN_017379-T1	effector_p_cluster_547_Fusarium_sp_128.FUN_000005-T1
effector_p_cluster_803_GCA_032206225.FUN_017379-T1	effector_p_cluster_793_GCA_021018635.FUN_012565-T1
effector_p_cluster_803_GCA_032206225.FUN_017379-T1	effector_p_cluster_793_GCA_019670925.FUN_000390-T1
effector_p_cluster_803_GCA_032206225.FUN_017379-T1	effector_p_cluster_643_GCA_014843445.FUN_011845-T1
effector_p_cluster_803_GCA_032206225.FUN_017379-T1	effector_p_cluster_643_Fusarium_elaeidis_ex_type.FUN_011454-T1
effector_p_cluster_805_GCA_014843445.FUN_017271-T1	effector_p_cluster_805_GCA_014843445.FUN_017271-T1
effector_p_cluster_805_GCA_014843445.FUN_017271-T1	effector_p_cluster_805_GCA_014843415.FUN_017299-T1
effector_p_cluster_806_AJ592_race4.FUN_009485-T1	effector_p_cluster_806_AJ592_race4.FUN_009485-T1
effector_p_cluster_806_GCA_014843415.FUN_015461-T1	effector_p_cluster_806_GCA_014843415.FUN_015461-T1
effector_p_cluster_807_GCA_009755825.FUN_003973-T1	effector_p_cluster_807_GCA_009755825.FUN_003973-T1
effector_p_cluster_807_GCA_009755825.FUN_003973-T1	effector_p_cluster_807_GCA_023509805.FUN_000017-T1
effector_p_cluster_811_Fusarium_phialophorum-barcode15.FUN_002188-T1	effector_p_cluster_811_Fusarium_phialophorum-barcode15.FUN_002188-T1
effector_p_cluster_811_Fusarium_phialophorum-barcode15.FUN_002188-T1	effector_p_cluster_811_GCA_019671045.FUN_013845-T1
effector_p_cluster_812_Fola2ENZA.FUN_010006-T1	effector_p_cluster_812_Fola2ENZA.FUN_010006-T1
effector_p_cluster_812_Fola2ENZA.FUN_010006-T1	effector_p_cluster_812_Fola1ENZA.FUN_017006-T1
effector_p_cluster_813_GCA_050947165.FUN_001905-T1	effector_p_cluster_813_GCA_050947165.FUN_001905-T1
effector_p_cluster_813_GCA_050947165.FUN_001905-T1	effector_p_cluster_813_Fola2ENZA.FUN_000121-T1
effector_p_cluster_814_GCA_001703205.FUN_015842-T1	effector_p_cluster_814_GCA_001703205.FUN_015842-T1
effector_p_cluster_815_GCA_018894095.FUN_015932-T1	effector_p_cluster_815_GCA_018894095.FUN_015932-T1
effector_p_cluster_815_GCA_018894095.FUN_015932-T1	effector_p_cluster_815_GCA_014839635.FUN_008375-T1
effector_p_cluster_816_Fola2ENZA.FUN_013086-T1	effector_p_cluster_816_Fola2ENZA.FUN_013086-T1
effector_p_cluster_816_GCA_050947165.FUN_011768-T1	effector_p_cluster_816_GCA_050947165.FUN_011768-T1
effector_p_cluster_817_GCA_018894095.FUN_010005-T1	effector_p_cluster_817_GCA_018894095.FUN_010005-T1
effector_p_cluster_817_GCA_018894095.FUN_010005-T1	effector_p_cluster_817_GCA_014839635.FUN_016315-T1
effector_p_cluster_818_GCA_038050555.FUN_006018-T1	effector_p_cluster_818_GCA_038050555.FUN_006018-T1
effector_p_cluster_818_GCA_038050555.FUN_006018-T1	effector_p_cluster_818_Fusarium_cugenangense_ex_type-barcode01.FUN_014379-T1
effector_p_cluster_540_GCA_025203105.FUN_009345-T1	effector_p_cluster_540_GCA_025203105.FUN_009345-T1
effector_p_cluster_540_GCA_025203105.FUN_009345-T1	effector_p_cluster_540_GCA_014843415.FUN_013523-T1
effector_p_cluster_543_Fusarium_elaeidis_ex_type.FUN_014010-T1	effector_p_cluster_543_Fusarium_elaeidis_ex_type.FUN_014010-T1
effector_p_cluster_543_GCA_019671045.FUN_013974-T1	effector_p_cluster_543_GCA_019671045.FUN_013974-T1
effector_p_cluster_544_GCA_002234045.FUN_012685-T1	effector_p_cluster_544_GCA_002234045.FUN_012685-T1
effector_p_cluster_544_GCA_002234045.FUN_012685-T1	effector_p_cluster_544_GCA_019593505.FUN_009761-T1
effector_p_cluster_544_GCA_002234045.FUN_012685-T1	effector_p_cluster_589_AJ718_race1.FUN_016689-T1
effector_p_cluster_544_GCA_002234045.FUN_012685-T1	effector_p_cluster_589_GCA_001702845.FUN_010515-T1
effector_p_cluster_545_GCA_016166325.FUN_013183-T1	effector_p_cluster_545_GCA_016166325.FUN_013183-T1
effector_p_cluster_545_GCA_025216365.FUN_014251-T1	effector_p_cluster_545_GCA_025216365.FUN_014251-T1
effector_p_cluster_546_GCA_002233855.FUN_015387-T1	effector_p_cluster_546_GCA_002233855.FUN_015387-T1
effector_p_cluster_549_GCA_001702495.FUN_012657-T1	effector_p_cluster_549_GCA_001702495.FUN_012657-T1
effector_p_cluster_549_GCA_048164945.FUN_013456-T1	effector_p_cluster_549_GCA_048164945.FUN_013456-T1
effector_p_cluster_54_Fola2ENZA.FUN_015461-T1	effector_p_cluster_54_Fola2ENZA.FUN_015461-T1
effector_p_cluster_54_GCA_049306905.FUN_007180-T1	effector_p_cluster_54_GCA_049306905.FUN_007180-T1
effector_p_cluster_552_GCA_049307005.FUN_014798-T1	effector_p_cluster_552_GCA_049307005.FUN_014798-T1
effector_p_cluster_552_GCA_049307005.FUN_014798-T1	effector_p_cluster_552_GCA_016170085.FUN_014432-T1
effector_p_cluster_554_Fusarium_duoseptatum_ex_type-barcode03.FUN_011816-T1	effector_p_cluster_554_Fusarium_duoseptatum_ex_type-barcode03.FUN_011816-T1
effector_p_cluster_554_GCA_016170085.FUN_015112-T1	effector_p_cluster_554_GCA_016170085.FUN_015112-T1
effector_p_cluster_555_Fusarium_elaeidis_ex_type.FUN_010694-T1	effector_p_cluster_555_Fusarium_elaeidis_ex_type.FUN_010694-T1
effector_p_cluster_555_Fusarium_elaeidis_ex_type.FUN_010694-T1	effector_p_cluster_268_AJ520_race1.FUN_002310-T1
effector_p_cluster_555_Fusarium_elaeidis_ex_type.FUN_010694-T1	effector_p_cluster_268_GCA_023509805.FUN_011717-T1
effector_p_cluster_555_Fusarium_elaeidis_ex_type.FUN_010694-T1	effector_p_cluster_475_GCA_001702495.FUN_005096-T1
effector_p_cluster_555_Fusarium_elaeidis_ex_type.FUN_010694-T1	effector_p_cluster_555_GCA_014843415.FUN_014409-T1
effector_p_cluster_555_Fusarium_elaeidis_ex_type.FUN_010694-T1	effector_p_cluster_569_AJ520_race1.FUN_007471-T1
effector_p_cluster_555_Fusarium_elaeidis_ex_type.FUN_010694-T1	effector_p_cluster_569_GCA_003315725.FUN_012457-T1
effector_p_cluster_555_Fusarium_elaeidis_ex_type.FUN_010694-T1	effector_p_cluster_551_Fusarium_sp_128.FUN_002333-T1
effector_p_cluster_555_Fusarium_elaeidis_ex_type.FUN_010694-T1	effector_p_cluster_551_AJ865_race1.FUN_013415-T1
effector_p_cluster_555_Fusarium_elaeidis_ex_type.FUN_010694-T1	effector_p_cluster_366_GCA_001702845.FUN_012654-T1
effector_p_cluster_555_Fusarium_elaeidis_ex_type.FUN_010694-T1	effector_p_cluster_366_AJ516_race4.FUN_013640-T1
effector_p_cluster_555_Fusarium_elaeidis_ex_type.FUN_010694-T1	effector_p_cluster_657_GCA_000259975.FUN_000153-T1
effector_p_cluster_555_Fusarium_elaeidis_ex_type.FUN_010694-T1	effector_p_cluster_587_GCA_001703205.FUN_013414-T1
effector_p_cluster_555_Fusarium_elaeidis_ex_type.FUN_010694-T1	effector_p_cluster_587_GCA_015227905.FUN_011200-T1
effector_p_cluster_555_Fusarium_elaeidis_ex_type.FUN_010694-T1	effector_p_cluster_657_GCA_014843455.FUN_006736-T1
effector_p_cluster_555_Fusarium_elaeidis_ex_type.FUN_010694-T1	effector_p_cluster_674_Fusarium_kalimantanense_ex_type-barcode07.FUN_008781-T1
effector_p_cluster_555_Fusarium_elaeidis_ex_type.FUN_010694-T1	effector_p_cluster_674_GCA_002234045.FUN_009997-T1
effector_p_cluster_555_Fusarium_elaeidis_ex_type.FUN_010694-T1	effector_p_cluster_475_GCA_050947165.FUN_014568-T1
effector_p_cluster_555_Fusarium_elaeidis_ex_type.FUN_010694-T1	effector_p_cluster_669_GCA_019671045.FUN_011893-T1
effector_p_cluster_555_Fusarium_elaeidis_ex_type.FUN_010694-T1	effector_p_cluster_472_GCA_014843445.FUN_003254-T1
effector_p_cluster_555_Fusarium_elaeidis_ex_type.FUN_010694-T1	effector_p_cluster_472_GCA_025203755.FUN_003601-T1
effector_p_cluster_555_Fusarium_elaeidis_ex_type.FUN_010694-T1	effector_p_cluster_669_GCA_049306905.FUN_013122-T1
effector_p_cluster_555_Fusarium_elaeidis_ex_type.FUN_010694-T1	effector_p_cluster_937_GCA_001702695.FUN_003761-T1
effector_p_cluster_555_Fusarium_elaeidis_ex_type.FUN_010694-T1	effector_p_cluster_937_GCA_048164945.FUN_002117-T1
effector_p_cluster_555_Fusarium_elaeidis_ex_type.FUN_010694-T1	effector_p_cluster_810_Fola4ENZA.FUN_009914-T1
effector_p_cluster_555_Fusarium_elaeidis_ex_type.FUN_010694-T1	effector_p_cluster_810_GCA_013423235.FUN_003753-T1
effector_p_cluster_555_Fusarium_elaeidis_ex_type.FUN_010694-T1	effector_p_cluster_167_GCA_014843555.FUN_002235-T1
effector_p_cluster_555_Fusarium_elaeidis_ex_type.FUN_010694-T1	effector_p_cluster_167_GCA_014843455.FUN_003764-T1
effector_p_cluster_556_GCA_019670925.FUN_014253-T1	effector_p_cluster_556_GCA_019670925.FUN_014253-T1
effector_p_cluster_556_GCA_019670925.FUN_014253-T1	effector_p_cluster_556_GCA_001702495.FUN_005728-T1
effector_p_cluster_556_GCA_019670925.FUN_014253-T1	effector_p_cluster_575_Fusarium_duoseptatum_ex_type-barcode03.FUN_012408-T1
effector_p_cluster_558_GCA_001702695.FUN_014428-T1	effector_p_cluster_558_GCA_001702695.FUN_014428-T1
effector_p_cluster_558_GCA_001702695.FUN_014428-T1	effector_p_cluster_279_GCA_014843415.FUN_010882-T1
effector_p_cluster_558_GCA_001702695.FUN_014428-T1	effector_p_cluster_279_Fusarium_glycines_ex_type.FUN_005723-T1
effector_p_cluster_558_GCA_001702695.FUN_014428-T1	effector_p_cluster_413_Fola4ENZA.FUN_011604-T1
effector_p_cluster_558_GCA_001702695.FUN_014428-T1	effector_p_cluster_904_GCA_013347535.FUN_011331-T1
effector_p_cluster_558_GCA_001702695.FUN_014428-T1	effector_p_cluster_904_GCA_001703205.FUN_015899-T1
effector_p_cluster_558_GCA_019593505.FUN_013331-T1	effector_p_cluster_558_GCA_019593505.FUN_013331-T1
effector_p_cluster_559_GCA_003315725.FUN_000968-T1	effector_p_cluster_559_GCA_003315725.FUN_000968-T1
effector_p_cluster_559_GCA_003315725.FUN_000968-T1	effector_p_cluster_559_AJ865_race1.FUN_001057-T1
effector_p_cluster_559_GCA_003315725.FUN_000968-T1	effector_p_cluster_494_GCA_018894095.FUN_017562-T1
effector_p_cluster_559_GCA_003315725.FUN_000968-T1	effector_p_cluster_494_Fusarium_elaeidis.FUN_004307-T1
effector_p_cluster_55_Fusarium_sp_128.FUN_014579-T1	effector_p_cluster_55_Fusarium_sp_128.FUN_014579-T1
effector_p_cluster_55_GCA_000260495.FUN_007633-T1	effector_p_cluster_55_GCA_000260495.FUN_007633-T1
effector_p_cluster_55_GCA_000260495.FUN_007633-T1	effector_p_cluster_72_GCA_025217005.FUN_014183-T1
effector_p_cluster_55_GCA_000260495.FUN_007633-T1	effector_p_cluster_72_GCA_019593505.FUN_010214-T1
effector_p_cluster_560_GCA_002234045.FUN_000410-T1	effector_p_cluster_560_GCA_002234045.FUN_000410-T1
effector_p_cluster_560_GCA_002234045.FUN_000410-T1	effector_p_cluster_560_AJ592_race4.FUN_003225-T1
effector_p_cluster_562_GCA_014843445.FUN_002447-T1	effector_p_cluster_562_GCA_014843445.FUN_002447-T1
effector_p_cluster_562_GCA_014843445.FUN_002447-T1	effector_p_cluster_562_AJ718_race1.FUN_007542-T1
effector_p_cluster_563_GCA_002233855.FUN_014797-T1	effector_p_cluster_563_GCA_002233855.FUN_014797-T1
effector_p_cluster_564_GCA_038050555.FUN_014983-T1	effector_p_cluster_564_GCA_038050555.FUN_014983-T1
effector_p_cluster_564_GCA_038050555.FUN_014983-T1	effector_p_cluster_564_GCA_016170085.FUN_015001-T1
effector_p_cluster_567_Fusarium_gossypinum_ex_type.FUN_001048-T1	effector_p_cluster_567_Fusarium_gossypinum_ex_type.FUN_001048-T1
effector_p_cluster_567_Fusarium_gossypinum_ex_type.FUN_001048-T1	effector_p_cluster_567_GCA_050947165.FUN_015566-T1
effector_p_cluster_568_GCA_003315725.FUN_001881-T1	effector_p_cluster_568_GCA_003315725.FUN_001881-T1
effector_p_cluster_568_GCA_003315725.FUN_001881-T1	effector_p_cluster_568_Fusarium_sp_128.FUN_012387-T1
effector_p_cluster_570_GCA_001703205.FUN_002227-T1	effector_p_cluster_570_GCA_001703205.FUN_002227-T1
effector_p_cluster_570_GCA_001703205.FUN_002227-T1	effector_p_cluster_408_GCA_013423235.FUN_013296-T1
effector_p_cluster_570_GCA_001703205.FUN_002227-T1	effector_p_cluster_408_GCA_038050555.FUN_004099-T1
effector_p_cluster_575_Fusarium_kalimantanense_ex_type-barcode07.FUN_013098-T1	effector_p_cluster_575_Fusarium_kalimantanense_ex_type-barcode07.FUN_013098-T1
effector_p_cluster_577_GCA_013347535.FUN_002631-T1	effector_p_cluster_577_GCA_013347535.FUN_002631-T1
effector_p_cluster_578_GCA_014843555.FUN_011084-T1	effector_p_cluster_578_GCA_014843555.FUN_011084-T1
effector_p_cluster_578_GCA_014843555.FUN_011084-T1	effector_p_cluster_578_Fola4ENZA.FUN_016664-T1
effector_p_cluster_57_GCA_019593505.FUN_007429-T1	effector_p_cluster_57_GCA_019593505.FUN_007429-T1
effector_p_cluster_57_GCA_019593505.FUN_007429-T1	effector_p_cluster_57_AJ865_race1.FUN_003791-T1
effector_p_cluster_580_GCA_023509805.FUN_014389-T1	effector_p_cluster_580_GCA_023509805.FUN_014389-T1
effector_p_cluster_580_GCA_023509805.FUN_014389-T1	effector_p_cluster_580_GCA_001702495.FUN_011957-T1
effector_p_cluster_581_GCA_016170085.FUN_008702-T1	effector_p_cluster_581_GCA_016170085.FUN_008702-T1
effector_p_cluster_581_GCA_016170085.FUN_008702-T1	effector_p_cluster_581_GCA_025267645.FUN_009477-T1
effector_p_cluster_582_GCA_019671045.FUN_001484-T1	effector_p_cluster_582_GCA_019671045.FUN_001484-T1
effector_p_cluster_582_GCA_020796175.FUN_003469-T1	effector_p_cluster_582_GCA_020796175.FUN_003469-T1
effector_p_cluster_583_GCA_019671045.FUN_006401-T1	effector_p_cluster_583_GCA_019671045.FUN_006401-T1
effector_p_cluster_583_GCA_019671045.FUN_006401-T1	effector_p_cluster_583_Fusarium_cugenangense_ex_type-barcode01.FUN_007585-T1
effector_p_cluster_584_AJ718_race1.FUN_012835-T1	effector_p_cluster_584_AJ718_race1.FUN_012835-T1
effector_p_cluster_584_AJ718_race1.FUN_012835-T1	effector_p_cluster_584_AJ592_race4.FUN_005287-T1
effector_p_cluster_585_Fusarium_gossypinum_ex_type.FUN_004927-T1	effector_p_cluster_585_Fusarium_gossypinum_ex_type.FUN_004927-T1
effector_p_cluster_585_Fusarium_gossypinum_ex_type.FUN_004927-T1	effector_p_cluster_585_GCA_003315725.FUN_012117-T1
effector_p_cluster_585_Fusarium_gossypinum_ex_type.FUN_004927-T1	effector_p_cluster_313_GCA_019671045.FUN_008291-T1
effector_p_cluster_585_Fusarium_gossypinum_ex_type.FUN_004927-T1	effector_p_cluster_313_Fusarium_elaeidis_ex_type.FUN_010704-T1
effector_p_cluster_586_GCA_013347535.FUN_013486-T1	effector_p_cluster_586_GCA_013347535.FUN_013486-T1
effector_p_cluster_586_GCA_013347535.FUN_013486-T1	effector_p_cluster_586_AJ516_race4.FUN_008760-T1
effector_p_cluster_259_GCA_001703205.FUN_013341-T1	effector_p_cluster_259_GCA_001703205.FUN_013341-T1
effector_p_cluster_259_GCA_001703205.FUN_013341-T1	effector_p_cluster_259_GCA_000259975.FUN_009893-T1
effector_p_cluster_25_AJ718_race1.FUN_001916-T1	effector_p_cluster_25_AJ718_race1.FUN_001916-T1
effector_p_cluster_25_AJ718_race1.FUN_001916-T1	effector_p_cluster_25_GCA_020796175.FUN_001685-T1
effector_p_cluster_25_AJ718_race1.FUN_001916-T1	effector_p_cluster_371_GCA_001702495.FUN_014953-T1
effector_p_cluster_25_AJ718_race1.FUN_001916-T1	effector_p_cluster_371_GCA_001702695.FUN_014156-T1
effector_p_cluster_25_AJ718_race1.FUN_001916-T1	effector_p_cluster_346_Fola3ENZA.FUN_003935-T1
effector_p_cluster_25_AJ718_race1.FUN_001916-T1	effector_p_cluster_346_Fola1ENZA.FUN_016775-T1
effector_p_cluster_260_GCA_014843455.FUN_014121-T1	effector_p_cluster_260_GCA_014843455.FUN_014121-T1
effector_p_cluster_260_GCA_014843455.FUN_014121-T1	effector_p_cluster_260_GCA_014839635.FUN_008165-T1
effector_p_cluster_262_GCA_019671045.FUN_005412-T1	effector_p_cluster_262_GCA_019671045.FUN_005412-T1
effector_p_cluster_262_GCA_019671045.FUN_005412-T1	effector_p_cluster_262_GCA_002233855.FUN_005620-T1
effector_p_cluster_262_GCA_019671045.FUN_005412-T1	effector_p_cluster_570_GCA_002234105.FUN_002042-T1
effector_p_cluster_264_GCA_019593505.FUN_015833-T1	effector_p_cluster_264_GCA_019593505.FUN_015833-T1
effector_p_cluster_264_GCA_019593505.FUN_015833-T1	effector_p_cluster_264_GCA_013423235.FUN_010676-T1
effector_p_cluster_264_GCA_019593505.FUN_015833-T1	effector_p_cluster_299_GCA_014843445.FUN_008883-T1
effector_p_cluster_266_GCA_025203105.FUN_012358-T1	effector_p_cluster_266_GCA_025203105.FUN_012358-T1
effector_p_cluster_266_GCA_025203105.FUN_012358-T1	effector_p_cluster_266_Fusarium_gossypinum_ex_type.FUN_001050-T1
effector_p_cluster_267_GCA_002234105.FUN_012558-T1	effector_p_cluster_267_GCA_002234105.FUN_012558-T1
effector_p_cluster_267_GCA_002234105.FUN_012558-T1	effector_p_cluster_161_GCA_002234015.FUN_006680-T1
effector_p_cluster_267_GCA_002234105.FUN_012558-T1	effector_p_cluster_161_GCA_019671045.FUN_011958-T1
effector_p_cluster_267_GCA_002234105.FUN_012558-T1	effector_p_cluster_267_GCA_002233855.FUN_012918-T1
effector_p_cluster_267_GCA_002234105.FUN_012558-T1	effector_p_cluster_195_GCA_016166325.FUN_014495-T1
effector_p_cluster_267_GCA_002234105.FUN_012558-T1	effector_p_cluster_195_AJ520_race1.FUN_011240-T1
effector_p_cluster_267_GCA_002234105.FUN_012558-T1	effector_p_cluster_343_GCA_003315725.FUN_002976-T1
effector_p_cluster_267_GCA_002234105.FUN_012558-T1	effector_p_cluster_343_AJ520_race1.FUN_008628-T1
effector_p_cluster_267_GCA_002234105.FUN_012558-T1	effector_p_cluster_456_GCA_025267645.FUN_013791-T1
effector_p_cluster_267_GCA_002234105.FUN_012558-T1	effector_p_cluster_456_GCA_001703205.FUN_012860-T1
effector_p_cluster_267_GCA_002234105.FUN_012558-T1	effector_p_cluster_602_Fusarium_fabacearum_ex_type.FUN_015641-T1
effector_p_cluster_267_GCA_002234105.FUN_012558-T1	effector_p_cluster_602_GCA_014843415.FUN_007601-T1
effector_p_cluster_269_AJ705_race4.FUN_005096-T1	effector_p_cluster_269_AJ705_race4.FUN_005096-T1
effector_p_cluster_269_GCA_023509805.FUN_012936-T1	effector_p_cluster_269_GCA_023509805.FUN_012936-T1
effector_p_cluster_270_GCA_002234015.FUN_003461-T1	effector_p_cluster_270_GCA_002234015.FUN_003461-T1
effector_p_cluster_270_GCA_002234015.FUN_003461-T1	effector_p_cluster_270_Fusarium_gossypinum_ex_type.FUN_009864-T1
effector_p_cluster_272_GCA_002234045.FUN_009244-T1	effector_p_cluster_272_GCA_002234045.FUN_009244-T1
effector_p_cluster_272_GCA_002234045.FUN_009244-T1	effector_p_cluster_272_GCA_001702845.FUN_002600-T1
effector_p_cluster_272_GCA_002234045.FUN_009244-T1	effector_p_cluster_159_GCA_025217005.FUN_009094-T1
effector_p_cluster_272_GCA_002234045.FUN_009244-T1	effector_p_cluster_159_Fusarium_duoseptatum_ex_type-barcode03.FUN_013489-T1
effector_p_cluster_272_GCA_002234045.FUN_009244-T1	effector_p_cluster_521_GCA_002233855.FUN_001339-T1
effector_p_cluster_272_GCA_002234045.FUN_009244-T1	effector_p_cluster_521_GCA_001702495.FUN_008600-T1
effector_p_cluster_272_GCA_002234045.FUN_009244-T1	effector_p_cluster_628_Fusarium_duoseptatum_ex_type-barcode03.FUN_012480-T1
effector_p_cluster_272_GCA_002234045.FUN_009244-T1	effector_p_cluster_223_GCA_014843445.FUN_008641-T1
effector_p_cluster_272_GCA_002234045.FUN_009244-T1	effector_p_cluster_223_GCA_014843555.FUN_008886-T1
effector_p_cluster_272_GCA_002234045.FUN_009244-T1	effector_p_cluster_628_GCA_015227905.FUN_006519-T1
effector_p_cluster_272_GCA_002234045.FUN_009244-T1	effector_p_cluster_660_GCA_050947165.FUN_004698-T1
effector_p_cluster_272_GCA_002234045.FUN_009244-T1	effector_p_cluster_660_Fusarium_gossypinum_ex_type.FUN_006230-T1
effector_p_cluster_272_GCA_002234045.FUN_009244-T1	effector_p_cluster_321_Fusarium_elaeidis.FUN_008524-T1
effector_p_cluster_272_GCA_002234045.FUN_009244-T1	effector_p_cluster_321_GCA_001702845.FUN_001208-T1
effector_p_cluster_272_GCA_002234045.FUN_009244-T1	effector_p_cluster_666_GCA_049306905.FUN_007524-T1
effector_p_cluster_272_GCA_002234045.FUN_009244-T1	effector_p_cluster_666_GCA_014839635.FUN_012926-T1
effector_p_cluster_275_GCA_049306905.FUN_008541-T1	effector_p_cluster_275_GCA_049306905.FUN_008541-T1
effector_p_cluster_275_GCA_049306905.FUN_008541-T1	effector_p_cluster_275_GCA_038050555.FUN_009666-T1
effector_p_cluster_275_GCA_049306905.FUN_008541-T1	effector_p_cluster_416_GCA_016166325.FUN_015190-T1
effector_p_cluster_275_GCA_049306905.FUN_008541-T1	effector_p_cluster_416_GCA_003315725.FUN_014322-T1
effector_p_cluster_276_GCA_014843445.FUN_010661-T1	effector_p_cluster_276_GCA_014843445.FUN_010661-T1
effector_p_cluster_276_GCA_014843445.FUN_010661-T1	effector_p_cluster_276_GCA_000260495.FUN_008988-T1
effector_p_cluster_278_GCA_014843445.FUN_012212-T1	effector_p_cluster_278_GCA_014843445.FUN_012212-T1
effector_p_cluster_278_GCA_014843445.FUN_012212-T1	effector_p_cluster_278_Fola3ENZA.FUN_011546-T1
effector_p_cluster_27_GCA_020796175.FUN_002327-T1	effector_p_cluster_27_GCA_020796175.FUN_002327-T1
effector_p_cluster_27_GCA_020796175.FUN_002327-T1	effector_p_cluster_27_Fusarium_fabacearum_ex_type.FUN_010179-T1
effector_p_cluster_27_GCA_020796175.FUN_002327-T1	effector_p_cluster_224_GCA_002233855.FUN_010616-T1
effector_p_cluster_27_GCA_020796175.FUN_002327-T1	effector_p_cluster_224_GCA_001702495.FUN_010308-T1
effector_p_cluster_27_GCA_020796175.FUN_002327-T1	effector_p_cluster_93_GCA_003315725.FUN_001627-T1
effector_p_cluster_27_GCA_020796175.FUN_002327-T1	effector_p_cluster_93_GCA_002234105.FUN_007813-T1
effector_p_cluster_27_GCA_020796175.FUN_002327-T1	effector_p_cluster_122_GCA_016170085.FUN_007511-T1
effector_p_cluster_27_GCA_020796175.FUN_002327-T1	effector_p_cluster_122_GCA_013347535.FUN_007556-T1
effector_p_cluster_27_GCA_020796175.FUN_002327-T1	effector_p_cluster_535_GCA_013347535.FUN_011692-T1
effector_p_cluster_27_GCA_020796175.FUN_002327-T1	effector_p_cluster_535_GCA_001702495.FUN_013141-T1
effector_p_cluster_280_GCA_025216365.FUN_005048-T1	effector_p_cluster_280_GCA_025216365.FUN_005048-T1
effector_p_cluster_280_GCA_025216365.FUN_005048-T1	effector_p_cluster_280_GCA_019670925.FUN_007629-T1
effector_p_cluster_281_GCA_014843555.FUN_006459-T1	effector_p_cluster_281_GCA_014843555.FUN_006459-T1
effector_p_cluster_281_GCA_014843555.FUN_006459-T1	effector_p_cluster_281_GCA_001702695.FUN_010822-T1
effector_p_cluster_284_GCA_019671045.FUN_008084-T1	effector_p_cluster_284_GCA_019671045.FUN_008084-T1
effector_p_cluster_284_GCA_019671045.FUN_008084-T1	effector_p_cluster_284_GCA_050947235.FUN_007075-T1
effector_p_cluster_284_GCA_019671045.FUN_008084-T1	effector_p_cluster_58_GCA_021018635.FUN_004822-T1
effector_p_cluster_284_GCA_019671045.FUN_008084-T1	effector_p_cluster_58_GCA_049306905.FUN_008343-T1
effector_p_cluster_284_GCA_019671045.FUN_008084-T1	effector_p_cluster_109_GCA_013347535.FUN_004515-T1
effector_p_cluster_284_GCA_019671045.FUN_008084-T1	effector_p_cluster_109_GCA_002233855.FUN_001553-T1
effector_p_cluster_286_GCA_001703455.FUN_013134-T1	effector_p_cluster_286_GCA_001703455.FUN_013134-T1
effector_p_cluster_286_GCA_001703455.FUN_013134-T1	effector_p_cluster_286_AJ516_race4.FUN_012906-T1
effector_p_cluster_286_GCA_001703455.FUN_013134-T1	effector_p_cluster_169_Fusarium_gossypinum_ex_type.FUN_000458-T1
effector_p_cluster_286_GCA_001703455.FUN_013134-T1	effector_p_cluster_169_Fusarium_elaeidis.FUN_007436-T1
effector_p_cluster_287_GCA_002234045.FUN_009374-T1	effector_p_cluster_287_GCA_002234045.FUN_009374-T1
effector_p_cluster_287_GCA_002234045.FUN_009374-T1	effector_p_cluster_287_Fusarium_duoseptatum_ex_type-barcode03.FUN_012011-T1
effector_p_cluster_289_GCA_015227905.FUN_006586-T1	effector_p_cluster_289_GCA_015227905.FUN_006586-T1
effector_p_cluster_289_GCA_015227905.FUN_006586-T1	effector_p_cluster_289_GCA_000259975.FUN_009896-T1
effector_p_cluster_289_GCA_015227905.FUN_006586-T1	effector_p_cluster_180_GCA_025216365.FUN_004109-T1
effector_p_cluster_289_GCA_015227905.FUN_006586-T1	effector_p_cluster_180_GCA_014843455.FUN_002436-T1
effector_p_cluster_289_GCA_015227905.FUN_006586-T1	effector_p_cluster_20_GCA_019593505.FUN_013139-T1
effector_p_cluster_289_GCA_015227905.FUN_006586-T1	effector_p_cluster_20_GCA_001703205.FUN_013075-T1
effector_p_cluster_289_GCA_015227905.FUN_006586-T1	effector_p_cluster_36_GCA_018894095.FUN_009129-T1
effector_p_cluster_289_GCA_015227905.FUN_006586-T1	effector_p_cluster_36_GCA_013347535.FUN_016246-T1
effector_p_cluster_28_Fusarium_elaeidis_ex_type.FUN_005517-T1	effector_p_cluster_28_Fusarium_elaeidis_ex_type.FUN_005517-T1
effector_p_cluster_28_Fusarium_elaeidis_ex_type.FUN_005517-T1	effector_p_cluster_28_Fola3ENZA.FUN_009092-T1
effector_p_cluster_291_GCA_014843445.FUN_014425-T1	effector_p_cluster_291_GCA_014843445.FUN_014425-T1
effector_p_cluster_291_GCA_014843445.FUN_014425-T1	effector_p_cluster_291_Fusarium_duoseptatum_ex_type-barcode03.FUN_012518-T1
effector_p_cluster_294_GCA_018894095.FUN_014081-T1	effector_p_cluster_294_GCA_018894095.FUN_014081-T1
effector_p_cluster_294_GCA_018894095.FUN_014081-T1	effector_p_cluster_294_Fusarium_kalimantanense_ex_type-barcode07.FUN_010635-T1
effector_p_cluster_296_GCA_050947165.FUN_001972-T1	effector_p_cluster_296_GCA_050947165.FUN_001972-T1
effector_p_cluster_296_GCA_050947165.FUN_001972-T1	effector_p_cluster_296_GCA_019671045.FUN_013970-T1
effector_p_cluster_296_GCA_050947165.FUN_001972-T1	effector_p_cluster_395_GCA_014843445.FUN_010351-T1
effector_p_cluster_296_GCA_050947165.FUN_001972-T1	effector_p_cluster_395_Fusarium_gossypinum_ex_type.FUN_000989-T1
effector_p_cluster_296_GCA_050947165.FUN_001972-T1	effector_p_cluster_455_GCA_021018635.FUN_014538-T1
effector_p_cluster_296_GCA_050947165.FUN_001972-T1	effector_p_cluster_455_AJ516_race4.FUN_013020-T1
effector_p_cluster_296_GCA_050947165.FUN_001972-T1	effector_p_cluster_779_Fusarium_glycines_ex_type.FUN_008638-T1
effector_p_cluster_296_GCA_050947165.FUN_001972-T1	effector_p_cluster_779_GCA_001703205.FUN_003136-T1
effector_p_cluster_296_GCA_050947165.FUN_001972-T1	effector_p_cluster_412_GCA_001702845.FUN_014622-T1
effector_p_cluster_296_GCA_050947165.FUN_001972-T1	effector_p_cluster_412_GCA_038050555.FUN_011627-T1
effector_p_cluster_296_GCA_050947165.FUN_001972-T1	effector_p_cluster_458_GCA_014843555.FUN_005987-T1
effector_p_cluster_296_GCA_050947165.FUN_001972-T1	effector_p_cluster_458_AJ520_race1.FUN_009621-T1
effector_p_cluster_296_GCA_050947165.FUN_001972-T1	effector_p_cluster_716_GCA_050947165.FUN_008482-T1
effector_p_cluster_296_GCA_050947165.FUN_001972-T1	effector_p_cluster_716_Fusarium_elaeidis.FUN_010313-T1
effector_p_cluster_296_GCA_050947165.FUN_001972-T1	effector_p_cluster_906_GCA_002234105.FUN_014938-T1
effector_p_cluster_296_GCA_050947165.FUN_001972-T1	effector_p_cluster_906_GCA_002233855.FUN_014965-T1
effector_p_cluster_296_GCA_050947165.FUN_001972-T1	effector_p_cluster_713_GCA_023509805.FUN_012193-T1
effector_p_cluster_296_GCA_050947165.FUN_001972-T1	effector_p_cluster_713_Fola4ENZA.FUN_014139-T1
effector_p_cluster_297_GCA_048164945.FUN_005072-T1	effector_p_cluster_297_GCA_048164945.FUN_005072-T1
effector_p_cluster_297_GCA_048164945.FUN_005072-T1	effector_p_cluster_297_AJ718_race1.FUN_004595-T1
effector_p_cluster_298_Fusarium_glycines_ex_type.FUN_014333-T1	effector_p_cluster_298_Fusarium_glycines_ex_type.FUN_014333-T1
effector_p_cluster_298_Fusarium_glycines_ex_type.FUN_014333-T1	effector_p_cluster_298_Fola1ENZA.FUN_005632-T1
effector_p_cluster_299_GCA_032206225.FUN_009002-T1	effector_p_cluster_299_GCA_032206225.FUN_009002-T1
effector_p_cluster_29_GCA_009755825.FUN_012185-T1	effector_p_cluster_29_GCA_009755825.FUN_012185-T1
effector_p_cluster_29_GCA_009755825.FUN_012185-T1	effector_p_cluster_29_Fola2ENZA.FUN_005261-T1
effector_p_cluster_29_GCA_009755825.FUN_012185-T1	effector_p_cluster_332_Fusarium_fabacearum_ex_type.FUN_002004-T1
effector_p_cluster_29_GCA_009755825.FUN_012185-T1	effector_p_cluster_332_Fola3ENZA.FUN_015656-T1
effector_p_cluster_29_GCA_009755825.FUN_012185-T1	effector_p_cluster_84_GCA_025203105.FUN_011438-T1
effector_p_cluster_29_GCA_009755825.FUN_012185-T1	effector_p_cluster_84_GCA_000260495.FUN_013000-T1
effector_p_cluster_29_GCA_009755825.FUN_012185-T1	effector_p_cluster_30_AJ718_race1.FUN_013067-T1
effector_p_cluster_29_GCA_009755825.FUN_012185-T1	effector_p_cluster_30_Fusarium_gossypinum_ex_type.FUN_007293-T1
effector_p_cluster_300_GCA_019593505.FUN_006570-T1	effector_p_cluster_300_GCA_019593505.FUN_006570-T1
effector_p_cluster_300_GCA_019593505.FUN_006570-T1	effector_p_cluster_300_Fola4ENZA.FUN_008756-T1
effector_p_cluster_302_AJ865_race1.FUN_015944-T1	effector_p_cluster_302_AJ865_race1.FUN_015944-T1
effector_p_cluster_302_AJ865_race1.FUN_015944-T1	effector_p_cluster_302_GCA_016166325.FUN_011132-T1
effector_p_cluster_302_AJ865_race1.FUN_015944-T1	effector_p_cluster_565_GCA_003315725.FUN_014410-T1
effector_p_cluster_302_AJ865_race1.FUN_015944-T1	effector_p_cluster_565_GCA_025267645.FUN_014285-T1
effector_p_cluster_304_GCA_001703205.FUN_003129-T1	effector_p_cluster_304_GCA_001703205.FUN_003129-T1
effector_p_cluster_304_GCA_001703205.FUN_003129-T1	effector_p_cluster_304_Fusarium_sp_128.FUN_012643-T1
effector_p_cluster_305_GCA_016170085.FUN_003717-T1	effector_p_cluster_305_GCA_016170085.FUN_003717-T1
effector_p_cluster_305_GCA_016170085.FUN_003717-T1	effector_p_cluster_305_GCA_013347535.FUN_002210-T1
effector_p_cluster_306_Fola1ENZA.FUN_002182-T1	effector_p_cluster_306_Fola1ENZA.FUN_002182-T1
effector_p_cluster_306_Fola1ENZA.FUN_002182-T1	effector_p_cluster_306_AJ516_race4.FUN_010055-T1
effector_p_cluster_306_Fola1ENZA.FUN_002182-T1	effector_p_cluster_573_Fusarium_duoseptatum_ex_type-barcode03.FUN_014480-T1
effector_p_cluster_306_Fola1ENZA.FUN_002182-T1	effector_p_cluster_573_GCA_023509805.FUN_008287-T1
effector_p_cluster_353_GCA_000259975.FUN_007323-T1	effector_p_cluster_353_GCA_000259975.FUN_007323-T1
effector_p_cluster_353_GCA_000259975.FUN_007323-T1	effector_p_cluster_353_Fusarium_duoseptatum_ex_type-barcode03.FUN_000497-T1
effector_p_cluster_355_GCA_048164945.FUN_008202-T1	effector_p_cluster_355_GCA_048164945.FUN_008202-T1
effector_p_cluster_355_GCA_048164945.FUN_008202-T1	effector_p_cluster_355_GCA_009755825.FUN_014513-T1
effector_p_cluster_35_Fola1ENZA.FUN_002802-T1	effector_p_cluster_35_Fola1ENZA.FUN_002802-T1
effector_p_cluster_35_Fola1ENZA.FUN_002802-T1	effector_p_cluster_676_GCA_003315725.FUN_011544-T1
effector_p_cluster_35_Fusarium_phialophorum-barcode15.FUN_014325-T1	effector_p_cluster_35_Fusarium_phialophorum-barcode15.FUN_014325-T1
effector_p_cluster_35_Fusarium_phialophorum-barcode15.FUN_014325-T1	effector_p_cluster_676_GCA_014839635.FUN_008100-T1
effector_p_cluster_35_Fusarium_phialophorum-barcode15.FUN_014325-T1	effector_p_cluster_714_Fusarium_kalimantanense_ex_type-barcode07.FUN_004231-T1
effector_p_cluster_35_Fusarium_phialophorum-barcode15.FUN_014325-T1	effector_p_cluster_714_Fola2ENZA.FUN_003559-T1
effector_p_cluster_360_GCA_014843555.FUN_014101-T1	effector_p_cluster_360_GCA_014843555.FUN_014101-T1
effector_p_cluster_360_GCA_014843555.FUN_014101-T1	effector_p_cluster_360_GCA_001702845.FUN_010028-T1
effector_p_cluster_361_Fusarium_sp_128.FUN_005841-T1	effector_p_cluster_361_Fusarium_sp_128.FUN_005841-T1
effector_p_cluster_361_GCA_015227905.FUN_010937-T1	effector_p_cluster_361_GCA_015227905.FUN_010937-T1
effector_p_cluster_365_GCA_002234045.FUN_009657-T1	effector_p_cluster_365_GCA_002234045.FUN_009657-T1
effector_p_cluster_365_GCA_025267645.FUN_013261-T1	effector_p_cluster_365_GCA_025267645.FUN_013261-T1
effector_p_cluster_368_GCA_000260495.FUN_011711-T1	effector_p_cluster_368_GCA_000260495.FUN_011711-T1
effector_p_cluster_368_GCA_025217005.FUN_010210-T1	effector_p_cluster_368_GCA_025217005.FUN_010210-T1
effector_p_cluster_370_GCA_003315725.FUN_004845-T1	effector_p_cluster_370_GCA_003315725.FUN_004845-T1
effector_p_cluster_370_GCA_003315725.FUN_004845-T1	effector_p_cluster_370_GCA_001702845.FUN_009039-T1
effector_p_cluster_370_GCA_003315725.FUN_004845-T1	effector_p_cluster_205_GCA_019593505.FUN_015931-T1
effector_p_cluster_370_GCA_003315725.FUN_004845-T1	effector_p_cluster_205_Fola2ENZA.FUN_013851-T1
effector_p_cluster_370_GCA_003315725.FUN_004845-T1	effector_p_cluster_233_Fusarium_duoseptatum_ex_type-barcode03.FUN_013058-T1
effector_p_cluster_370_GCA_003315725.FUN_004845-T1	effector_p_cluster_233_AJ705_race4.FUN_009785-T1
effector_p_cluster_372_GCA_002233855.FUN_010129-T1	effector_p_cluster_372_GCA_002233855.FUN_010129-T1
effector_p_cluster_372_GCA_002233855.FUN_010129-T1	effector_p_cluster_372_GCA_019671045.FUN_014732-T1
effector_p_cluster_372_GCA_002233855.FUN_010129-T1	effector_p_cluster_381_GCA_049306905.FUN_013990-T1
effector_p_cluster_372_GCA_002233855.FUN_010129-T1	effector_p_cluster_381_GCA_002233855.FUN_010128-T1
effector_p_cluster_375_GCA_016166325.FUN_008389-T1	effector_p_cluster_375_GCA_016166325.FUN_008389-T1
effector_p_cluster_375_GCA_016166325.FUN_008389-T1	effector_p_cluster_375_Fola1ENZA.FUN_005976-T1
effector_p_cluster_376_GCA_049307005.FUN_014119-T1	effector_p_cluster_376_GCA_049307005.FUN_014119-T1
effector_p_cluster_376_GCA_049307005.FUN_014119-T1	effector_p_cluster_376_GCA_000260495.FUN_008268-T1
effector_p_cluster_378_GCA_009755825.FUN_001232-T1	effector_p_cluster_378_GCA_009755825.FUN_001232-T1
effector_p_cluster_378_GCA_009755825.FUN_001232-T1	effector_p_cluster_378_Fola4ENZA.FUN_000337-T1
effector_p_cluster_379_GCA_000260495.FUN_013817-T1	effector_p_cluster_379_GCA_000260495.FUN_013817-T1
effector_p_cluster_379_GCA_000260495.FUN_013817-T1	effector_p_cluster_379_GCA_013347535.FUN_008545-T1
effector_p_cluster_37_GCA_002233855.FUN_002150-T1	effector_p_cluster_37_GCA_002233855.FUN_002150-T1
effector_p_cluster_37_GCA_002233855.FUN_002150-T1	effector_p_cluster_37_AJ520_race1.FUN_012828-T1
effector_p_cluster_37_GCA_002233855.FUN_002150-T1	effector_p_cluster_50_GCA_021018635.FUN_013081-T1
effector_p_cluster_37_GCA_002233855.FUN_002150-T1	effector_p_cluster_50_GCA_001703455.FUN_010013-T1
effector_p_cluster_382_GCA_038050555.FUN_013808-T1	effector_p_cluster_382_GCA_038050555.FUN_013808-T1
effector_p_cluster_382_GCA_038050555.FUN_013808-T1	effector_p_cluster_382_GCA_016170085.FUN_009968-T1
effector_p_cluster_384_GCA_019593505.FUN_003550-T1	effector_p_cluster_384_GCA_019593505.FUN_003550-T1
effector_p_cluster_384_GCA_019593505.FUN_003550-T1	effector_p_cluster_384_Fola2ENZA.FUN_002339-T1
effector_p_cluster_385_GCA_001702495.FUN_013109-T1	effector_p_cluster_385_GCA_001702495.FUN_013109-T1
effector_p_cluster_385_GCA_001702495.FUN_013109-T1	effector_p_cluster_385_AJ592_race4.FUN_009692-T1
effector_p_cluster_385_GCA_001702495.FUN_013109-T1	effector_p_cluster_469_GCA_001703455.FUN_010028-T1
effector_p_cluster_385_GCA_001702495.FUN_013109-T1	effector_p_cluster_462_Fola1ENZA.FUN_004925-T1
effector_p_cluster_385_GCA_001702495.FUN_013109-T1	effector_p_cluster_462_GCA_032206225.FUN_004729-T1
effector_p_cluster_385_GCA_001702495.FUN_013109-T1	effector_p_cluster_469_GCA_015227905.FUN_009326-T1
effector_p_cluster_386_GCA_025203105.FUN_009365-T1	effector_p_cluster_386_GCA_025203105.FUN_009365-T1
effector_p_cluster_386_GCA_025203105.FUN_009365-T1	effector_p_cluster_386_GCA_014843415.FUN_013543-T1
effector_p_cluster_387_GCA_015227905.FUN_010304-T1	effector_p_cluster_387_GCA_015227905.FUN_010304-T1
effector_p_cluster_387_GCA_025203755.FUN_012940-T1	effector_p_cluster_387_GCA_025203755.FUN_012940-T1
effector_p_cluster_394_GCA_009755825.FUN_003899-T1	effector_p_cluster_394_GCA_009755825.FUN_003899-T1
effector_p_cluster_394_GCA_009755825.FUN_003899-T1	effector_p_cluster_394_GCA_001702495.FUN_012880-T1
effector_p_cluster_396_GCA_020796175.FUN_006797-T1	effector_p_cluster_396_GCA_020796175.FUN_006797-T1
effector_p_cluster_396_GCA_020796175.FUN_006797-T1	effector_p_cluster_396_Fola4ENZA.FUN_007246-T1
effector_p_cluster_397_AJ865_race1.FUN_010956-T1	effector_p_cluster_397_AJ865_race1.FUN_010956-T1
effector_p_cluster_397_GCA_016166325.FUN_014951-T1	effector_p_cluster_397_GCA_016166325.FUN_014951-T1
effector_p_cluster_398_GCA_014843415.FUN_013654-T1	effector_p_cluster_398_GCA_014843415.FUN_013654-T1
effector_p_cluster_398_GCA_014843415.FUN_013654-T1	effector_p_cluster_398_GCA_002234015.FUN_004080-T1
effector_p_cluster_398_GCA_014843415.FUN_013654-T1	effector_p_cluster_130_Fusarium_cugenangense_ex_type-barcode01.FUN_008872-T1
effector_p_cluster_398_GCA_014843415.FUN_013654-T1	effector_p_cluster_130_Fusarium_elaeidis_ex_type.FUN_013209-T1
effector_p_cluster_398_GCA_014843415.FUN_013654-T1	effector_p_cluster_97_Fusarium_phialophorum-barcode15.FUN_001020-T1
effector_p_cluster_399_GCA_014839635.FUN_009494-T1	effector_p_cluster_399_GCA_014839635.FUN_009494-T1
effector_p_cluster_399_GCA_014839635.FUN_009494-T1	effector_p_cluster_399_Fusarium_kalimantanense_ex_type-barcode07.FUN_013493-T1
effector_p_cluster_3_Fusarium_elaeidis.FUN_014084-T1	effector_p_cluster_3_Fusarium_elaeidis.FUN_014084-T1
effector_p_cluster_493_GCA_032206225.FUN_007121-T1	effector_p_cluster_493_GCA_032206225.FUN_007121-T1
effector_p_cluster_493_GCA_032206225.FUN_007121-T1	effector_p_cluster_493_AJ718_race1.FUN_010829-T1
effector_p_cluster_495_GCA_025216365.FUN_011528-T1	effector_p_cluster_495_GCA_025216365.FUN_011528-T1
effector_p_cluster_495_GCA_025216365.FUN_011528-T1	effector_p_cluster_495_Fusarium_kalimantanense_ex_type-barcode07.FUN_012947-T1
effector_p_cluster_496_Fusarium_elaeidis_ex_type.FUN_014359-T1	effector_p_cluster_496_Fusarium_elaeidis_ex_type.FUN_014359-T1
effector_p_cluster_497_GCA_001702695.FUN_007905-T1	effector_p_cluster_497_GCA_001702695.FUN_007905-T1
effector_p_cluster_497_GCA_001702695.FUN_007905-T1	effector_p_cluster_497_Fola3ENZA.FUN_008762-T1
effector_p_cluster_497_GCA_001702695.FUN_007905-T1	effector_p_cluster_609_GCA_025217005.FUN_007917-T1
effector_p_cluster_497_GCA_001702695.FUN_007905-T1	effector_p_cluster_609_GCA_002234105.FUN_003144-T1
effector_p_cluster_499_GCA_002234015.FUN_005327-T1	effector_p_cluster_499_GCA_002234015.FUN_005327-T1
effector_p_cluster_499_GCA_048164945.FUN_002665-T1	effector_p_cluster_499_GCA_048164945.FUN_002665-T1
effector_p_cluster_500_Fola1ENZA.FUN_017062-T1	effector_p_cluster_500_Fola1ENZA.FUN_017062-T1
effector_p_cluster_500_Fola1ENZA.FUN_017062-T1	effector_p_cluster_500_AJ516_race4.FUN_017147-T1
effector_p_cluster_501_GCA_025203105.FUN_010872-T1	effector_p_cluster_501_GCA_025203105.FUN_010872-T1
effector_p_cluster_501_GCA_025203105.FUN_010872-T1	effector_p_cluster_501_GCA_018894095.FUN_000175-T1
effector_p_cluster_502_Fola3ENZA.FUN_015101-T1	effector_p_cluster_502_Fola3ENZA.FUN_015101-T1
effector_p_cluster_502_Fola3ENZA.FUN_015101-T1	effector_p_cluster_502_Fusarium_elaeidis_ex_type.FUN_013004-T1
effector_p_cluster_503_GCA_014843445.FUN_002186-T1	effector_p_cluster_503_GCA_014843445.FUN_002186-T1
effector_p_cluster_503_GCA_014843445.FUN_002186-T1	effector_p_cluster_503_GCA_002233855.FUN_010359-T1
effector_p_cluster_503_GCA_014843445.FUN_002186-T1	effector_p_cluster_524_AJ516_race4.FUN_012494-T1
effector_p_cluster_503_GCA_014843445.FUN_002186-T1	effector_p_cluster_561_AJ718_race1.FUN_003741-T1
effector_p_cluster_503_GCA_014843445.FUN_002186-T1	effector_p_cluster_561_Fola4ENZA.FUN_003307-T1
effector_p_cluster_503_GCA_014843445.FUN_002186-T1	effector_p_cluster_566_GCA_014839635.FUN_005602-T1
effector_p_cluster_503_GCA_014843445.FUN_002186-T1	effector_p_cluster_566_GCA_014843555.FUN_004357-T1
effector_p_cluster_503_GCA_014843445.FUN_002186-T1	effector_p_cluster_6_Fola2ENZA.FUN_009922-T1
effector_p_cluster_503_GCA_014843445.FUN_002186-T1	effector_p_cluster_6_GCA_000260495.FUN_014801-T1
effector_p_cluster_503_GCA_014843445.FUN_002186-T1	effector_p_cluster_828_GCA_025203755.FUN_008747-T1
effector_p_cluster_503_GCA_014843445.FUN_002186-T1	effector_p_cluster_828_Fusarium_phialophorum-barcode15.FUN_009523-T1
effector_p_cluster_503_GCA_014843445.FUN_002186-T1	effector_p_cluster_358_GCA_001703205.FUN_003725-T1
effector_p_cluster_503_GCA_014843445.FUN_002186-T1	effector_p_cluster_433_GCA_025216365.FUN_010181-T1
effector_p_cluster_503_GCA_014843445.FUN_002186-T1	effector_p_cluster_433_Fusarium_phialophorum-barcode15.FUN_006947-T1
effector_p_cluster_503_GCA_014843445.FUN_002186-T1	effector_p_cluster_553_GCA_025203105.FUN_002351-T1
effector_p_cluster_503_GCA_014843445.FUN_002186-T1	effector_p_cluster_553_GCA_013423235.FUN_014843-T1
effector_p_cluster_504_GCA_001702695.FUN_006109-T1	effector_p_cluster_504_GCA_001702695.FUN_006109-T1
effector_p_cluster_504_GCA_001702695.FUN_006109-T1	effector_p_cluster_504_Fola1ENZA.FUN_005055-T1
effector_p_cluster_505_GCA_023509805.FUN_005954-T1	effector_p_cluster_505_GCA_023509805.FUN_005954-T1
effector_p_cluster_505_GCA_049306905.FUN_008604-T1	effector_p_cluster_505_GCA_049306905.FUN_008604-T1
effector_p_cluster_507_AJ865_race1.FUN_007570-T1	effector_p_cluster_507_AJ865_race1.FUN_007570-T1
effector_p_cluster_507_GCA_014839635.FUN_006749-T1	effector_p_cluster_507_GCA_014839635.FUN_006749-T1
effector_p_cluster_508_GCA_025203755.FUN_013707-T1	effector_p_cluster_508_GCA_025203755.FUN_013707-T1
effector_p_cluster_509_GCA_018894095.FUN_009789-T1	effector_p_cluster_509_GCA_018894095.FUN_009789-T1
effector_p_cluster_509_GCA_018894095.FUN_009789-T1	effector_p_cluster_509_GCA_014839635.FUN_011775-T1
effector_p_cluster_509_GCA_018894095.FUN_009789-T1	effector_p_cluster_315_GCA_050947235.FUN_013401-T1
effector_p_cluster_509_GCA_018894095.FUN_009789-T1	effector_p_cluster_136_GCA_002234045.FUN_001743-T1
effector_p_cluster_509_GCA_018894095.FUN_009789-T1	effector_p_cluster_136_GCA_019670925.FUN_003620-T1
effector_p_cluster_509_GCA_018894095.FUN_009789-T1	effector_p_cluster_315_GCA_021018635.FUN_010667-T1
effector_p_cluster_511_GCA_014843415.FUN_010944-T1	effector_p_cluster_511_GCA_014843415.FUN_010944-T1
effector_p_cluster_511_GCA_014843415.FUN_010944-T1	effector_p_cluster_511_Fusarium_kalimantanense_ex_type-barcode07.FUN_008877-T1
effector_p_cluster_512_Fusarium_gossypinum_ex_type.FUN_011427-T1	effector_p_cluster_512_Fusarium_gossypinum_ex_type.FUN_011427-T1
effector_p_cluster_512_Fusarium_gossypinum_ex_type.FUN_011427-T1	effector_p_cluster_512_GCA_015227905.FUN_005608-T1
effector_p_cluster_512_Fusarium_gossypinum_ex_type.FUN_011427-T1	effector_p_cluster_599_Fola1ENZA.FUN_013281-T1
effector_p_cluster_512_Fusarium_gossypinum_ex_type.FUN_011427-T1	effector_p_cluster_599_GCA_025267645.FUN_013394-T1
effector_p_cluster_516_AJ718_race1.FUN_016524-T1	effector_p_cluster_516_AJ718_race1.FUN_016524-T1
effector_p_cluster_516_AJ718_race1.FUN_016524-T1	effector_p_cluster_151_GCA_025267645.FUN_011215-T1
effector_p_cluster_516_AJ718_race1.FUN_016524-T1	effector_p_cluster_151_GCA_048164945.FUN_012536-T1
effector_p_cluster_516_AJ718_race1.FUN_016524-T1	effector_p_cluster_516_Fola1ENZA.FUN_010698-T1
effector_p_cluster_516_AJ718_race1.FUN_016524-T1	effector_p_cluster_596_Fusarium_elaeidis_ex_type.FUN_013081-T1
effector_p_cluster_516_AJ718_race1.FUN_016524-T1	effector_p_cluster_596_GCA_001703205.FUN_008610-T1
effector_p_cluster_516_AJ718_race1.FUN_016524-T1	effector_p_cluster_363_GCA_002234105.FUN_010661-T1
effector_p_cluster_516_AJ718_race1.FUN_016524-T1	effector_p_cluster_363_Fusarium_fabacearum_ex_type.FUN_001378-T1
effector_p_cluster_516_AJ718_race1.FUN_016524-T1	effector_p_cluster_86_GCA_014843415.FUN_004388-T1
effector_p_cluster_516_AJ718_race1.FUN_016524-T1	effector_p_cluster_86_GCA_049307005.FUN_016003-T1
effector_p_cluster_517_GCA_001702495.FUN_013037-T1	effector_p_cluster_517_GCA_001702495.FUN_013037-T1
effector_p_cluster_517_GCA_001702495.FUN_013037-T1	effector_p_cluster_492_GCA_016166325.FUN_013372-T1
effector_p_cluster_517_GCA_001702495.FUN_013037-T1	effector_p_cluster_492_GCA_025203105.FUN_005495-T1
effector_p_cluster_517_GCA_001702495.FUN_013037-T1	effector_p_cluster_517_GCA_002234105.FUN_009443-T1
effector_p_cluster_520_GCA_016170085.FUN_001869-T1	effector_p_cluster_520_GCA_016170085.FUN_001869-T1
effector_p_cluster_520_GCA_023509805.FUN_001968-T1	effector_p_cluster_520_GCA_023509805.FUN_001968-T1
effector_p_cluster_522_Fola4ENZA.FUN_006101-T1	effector_p_cluster_522_Fola4ENZA.FUN_006101-T1
effector_p_cluster_522_Fola4ENZA.FUN_006101-T1	effector_p_cluster_522_AJ718_race1.FUN_002650-T1
effector_p_cluster_522_Fola4ENZA.FUN_006101-T1	effector_p_cluster_917_Fola1ENZA.FUN_001967-T1
effector_p_cluster_522_Fola4ENZA.FUN_006101-T1	effector_p_cluster_917_AJ718_race1.FUN_002125-T1
effector_p_cluster_523_Fola4ENZA.FUN_010217-T1	effector_p_cluster_523_Fola4ENZA.FUN_010217-T1
effector_p_cluster_523_Fola4ENZA.FUN_010217-T1	effector_p_cluster_523_AJ592_race4.FUN_015870-T1
effector_p_cluster_524_GCA_021018635.FUN_004840-T1	effector_p_cluster_524_GCA_021018635.FUN_004840-T1
effector_p_cluster_525_Fola2ENZA.FUN_015486-T1	effector_p_cluster_525_Fola2ENZA.FUN_015486-T1
effector_p_cluster_525_Fola2ENZA.FUN_015486-T1	effector_p_cluster_525_GCA_049307005.FUN_014813-T1
effector_p_cluster_526_GCA_014843455.FUN_013927-T1	effector_p_cluster_526_GCA_014843455.FUN_013927-T1
effector_p_cluster_526_GCA_014843455.FUN_013927-T1	effector_p_cluster_526_GCA_003315725.FUN_012899-T1
effector_p_cluster_527_GCA_021018635.FUN_013448-T1	effector_p_cluster_527_GCA_021018635.FUN_013448-T1
effector_p_cluster_527_GCA_025216365.FUN_010356-T1	effector_p_cluster_527_GCA_025216365.FUN_010356-T1
effector_p_cluster_528_GCA_048164945.FUN_010445-T1	effector_p_cluster_528_GCA_048164945.FUN_010445-T1
effector_p_cluster_528_GCA_048164945.FUN_010445-T1	effector_p_cluster_435_Fusarium_elaeidis_ex_type.FUN_004926-T1
effector_p_cluster_528_GCA_048164945.FUN_010445-T1	effector_p_cluster_435_GCA_001703205.FUN_010966-T1
effector_p_cluster_528_GCA_048164945.FUN_010445-T1	effector_p_cluster_528_GCA_014843455.FUN_010019-T1
effector_p_cluster_528_GCA_048164945.FUN_010445-T1	effector_p_cluster_930_Fusarium_kalimantanense_ex_type-barcode07.FUN_009072-T1
effector_p_cluster_528_GCA_048164945.FUN_010445-T1	effector_p_cluster_930_Fusarium_gossypinum_ex_type.FUN_001746-T1
effector_p_cluster_529_GCA_019671045.FUN_011178-T1	effector_p_cluster_529_GCA_019671045.FUN_011178-T1
effector_p_cluster_529_GCA_019671045.FUN_011178-T1	effector_p_cluster_529_AJ592_race4.FUN_015995-T1
effector_p_cluster_529_GCA_019671045.FUN_011178-T1	effector_p_cluster_62_GCA_001703205.FUN_008137-T1
effector_p_cluster_529_GCA_019671045.FUN_011178-T1	effector_p_cluster_62_GCA_001702845.FUN_011159-T1
effector_p_cluster_52_GCA_001702695.FUN_011246-T1	effector_p_cluster_52_GCA_001702695.FUN_011246-T1
effector_p_cluster_52_GCA_001702695.FUN_011246-T1	effector_p_cluster_52_Fusarium_elaeidis.FUN_006792-T1
effector_p_cluster_531_AJ520_race1.FUN_015996-T1	effector_p_cluster_531_AJ520_race1.FUN_015996-T1
effector_p_cluster_531_AJ520_race1.FUN_015996-T1	effector_p_cluster_531_Fusarium_duoseptatum_ex_type-barcode03.FUN_012574-T1
effector_p_cluster_531_AJ520_race1.FUN_015996-T1	effector_p_cluster_236_Fusarium_kalimantanense_ex_type-barcode07.FUN_012658-T1
effector_p_cluster_531_AJ520_race1.FUN_015996-T1	effector_p_cluster_236_GCA_002234015.FUN_006651-T1
effector_p_cluster_532_GCA_050947235.FUN_013615-T1	effector_p_cluster_532_GCA_050947235.FUN_013615-T1
effector_p_cluster_532_GCA_050947235.FUN_013615-T1	effector_p_cluster_532_AJ520_race1.FUN_005919-T1
effector_p_cluster_532_GCA_050947235.FUN_013615-T1	effector_p_cluster_477_GCA_019671045.FUN_008979-T1
effector_p_cluster_532_GCA_050947235.FUN_013615-T1	effector_p_cluster_477_GCA_013423235.FUN_012233-T1
effector_p_cluster_533_AJ516_race4.FUN_016303-T1	effector_p_cluster_533_AJ516_race4.FUN_016303-T1
effector_p_cluster_533_GCA_050947165.FUN_015577-T1	effector_p_cluster_533_GCA_050947165.FUN_015577-T1
effector_p_cluster_536_Fusarium_elaeidis_ex_type.FUN_014776-T1	effector_p_cluster_536_Fusarium_elaeidis_ex_type.FUN_014776-T1
effector_p_cluster_536_Fusarium_elaeidis_ex_type.FUN_014776-T1	effector_p_cluster_536_GCA_016166325.FUN_014052-T1
effector_p_cluster_537_Fusarium_duoseptatum_ex_type-barcode03.FUN_008399-T1	effector_p_cluster_537_Fusarium_duoseptatum_ex_type-barcode03.FUN_008399-T1
effector_p_cluster_537_GCA_019671045.FUN_003383-T1	effector_p_cluster_537_GCA_019671045.FUN_003383-T1
effector_p_cluster_537_GCA_019671045.FUN_003383-T1	effector_p_cluster_39_GCA_018894095.FUN_008753-T1
effector_p_cluster_537_GCA_019671045.FUN_003383-T1	effector_p_cluster_39_Fusarium_cugenangense_ex_type-barcode01.FUN_005515-T1
effector_p_cluster_537_GCA_019671045.FUN_003383-T1	effector_p_cluster_725_GCA_025216365.FUN_003065-T1
effector_p_cluster_537_GCA_019671045.FUN_003383-T1	effector_p_cluster_725_AJ592_race4.FUN_008000-T1
effector_p_cluster_538_Fusarium_phialophorum-barcode15.FUN_014778-T1	effector_p_cluster_538_Fusarium_phialophorum-barcode15.FUN_014778-T1
effector_p_cluster_538_Fusarium_phialophorum-barcode15.FUN_014778-T1	effector_p_cluster_103_GCA_016170085.FUN_001797-T1
effector_p_cluster_538_Fusarium_phialophorum-barcode15.FUN_014778-T1	effector_p_cluster_103_AJ516_race4.FUN_001808-T1
effector_p_cluster_538_Fusarium_phialophorum-barcode15.FUN_014778-T1	effector_p_cluster_538_GCA_015227905.FUN_015047-T1
effector_p_cluster_539_AJ865_race1.FUN_005756-T1	effector_p_cluster_539_AJ865_race1.FUN_005756-T1
effector_p_cluster_539_GCA_025203105.FUN_014837-T1	effector_p_cluster_539_GCA_025203105.FUN_014837-T1
effector_p_cluster_911_GCA_014843455.FUN_017060-T1	effector_p_cluster_911_GCA_014843455.FUN_017060-T1
effector_p_cluster_911_GCA_014843455.FUN_017060-T1	effector_p_cluster_911_GCA_014839635.FUN_008735-T1
effector_p_cluster_911_GCA_014843455.FUN_017060-T1	effector_p_cluster_1019_Fusarium_fabacearum_ex_type.FUN_015639-T1
effector_p_cluster_912_GCA_025267645.FUN_014911-T1	effector_p_cluster_912_GCA_025267645.FUN_014911-T1
effector_p_cluster_912_GCA_025267645.FUN_014911-T1	effector_p_cluster_912_GCA_025216365.FUN_014865-T1
effector_p_cluster_913_GCA_019593505.FUN_010539-T1	effector_p_cluster_913_GCA_019593505.FUN_010539-T1
effector_p_cluster_913_GCA_019593505.FUN_010539-T1	effector_p_cluster_913_GCA_025216365.FUN_003770-T1
effector_p_cluster_914_GCA_019671045.FUN_012775-T1	effector_p_cluster_914_GCA_019671045.FUN_012775-T1
effector_p_cluster_914_GCA_050947235.FUN_010022-T1	effector_p_cluster_914_GCA_050947235.FUN_010022-T1
effector_p_cluster_915_GCA_025203105.FUN_015386-T1	effector_p_cluster_915_GCA_025203105.FUN_015386-T1
effector_p_cluster_915_GCA_025267645.FUN_014741-T1	effector_p_cluster_915_GCA_025267645.FUN_014741-T1
effector_p_cluster_916_AJ592_race4.FUN_016285-T1	effector_p_cluster_916_AJ592_race4.FUN_016285-T1
effector_p_cluster_916_GCA_002234015.FUN_011107-T1	effector_p_cluster_916_GCA_002234015.FUN_011107-T1
effector_p_cluster_918_AJ718_race1.FUN_012425-T1	effector_p_cluster_918_AJ718_race1.FUN_012425-T1
effector_p_cluster_918_GCA_000259975.FUN_009646-T1	effector_p_cluster_918_GCA_000259975.FUN_009646-T1
effector_p_cluster_919_Fola1ENZA.FUN_013487-T1	effector_p_cluster_919_Fola1ENZA.FUN_013487-T1
effector_p_cluster_919_Fola1ENZA.FUN_013487-T1	effector_p_cluster_919_GCA_013423235.FUN_013277-T1
effector_p_cluster_91_GCA_014843455.FUN_013859-T1	effector_p_cluster_91_GCA_014843455.FUN_013859-T1
effector_p_cluster_91_GCA_014843455.FUN_013859-T1	effector_p_cluster_508_GCA_002234105.FUN_011390-T1
effector_p_cluster_91_GCA_014843455.FUN_013859-T1	effector_p_cluster_91_GCA_038050555.FUN_005519-T1
effector_p_cluster_91_GCA_014843455.FUN_013859-T1	effector_p_cluster_627_GCA_013347535.FUN_011645-T1
effector_p_cluster_91_GCA_014843455.FUN_013859-T1	effector_p_cluster_627_Fola3ENZA.FUN_011735-T1
effector_p_cluster_920_GCA_019671045.FUN_011068-T1	effector_p_cluster_920_GCA_019671045.FUN_011068-T1
effector_p_cluster_920_GCA_019671045.FUN_011068-T1	effector_p_cluster_920_Fola2ENZA.FUN_010278-T1
effector_p_cluster_922_Fusarium_phialophorum-barcode15.FUN_008284-T1	effector_p_cluster_922_Fusarium_phialophorum-barcode15.FUN_008284-T1
effector_p_cluster_922_Fusarium_phialophorum-barcode15.FUN_008284-T1	effector_p_cluster_922_Fusarium_cugenangense_ex_type-barcode01.FUN_005338-T1
effector_p_cluster_924_Fusarium_cugenangense_ex_type-barcode01.FUN_015759-T1	effector_p_cluster_924_Fusarium_cugenangense_ex_type-barcode01.FUN_015759-T1
effector_p_cluster_924_Fusarium_phialophorum-barcode15.FUN_003974-T1	effector_p_cluster_924_Fusarium_phialophorum-barcode15.FUN_003974-T1
effector_p_cluster_925_Fusarium_duoseptatum_ex_type-barcode03.FUN_010507-T1	effector_p_cluster_925_Fusarium_duoseptatum_ex_type-barcode03.FUN_010507-T1
effector_p_cluster_925_GCA_016170085.FUN_011287-T1	effector_p_cluster_925_GCA_016170085.FUN_011287-T1
effector_p_cluster_927_Fusarium_elaeidis_ex_type.FUN_012029-T1	effector_p_cluster_927_Fusarium_elaeidis_ex_type.FUN_012029-T1
effector_p_cluster_927_Fusarium_fabacearum_ex_type.FUN_004933-T1	effector_p_cluster_927_Fusarium_fabacearum_ex_type.FUN_004933-T1
effector_p_cluster_928_Fusarium_elaeidis_ex_type.FUN_012766-T1	effector_p_cluster_928_Fusarium_elaeidis_ex_type.FUN_012766-T1
effector_p_cluster_928_Fusarium_elaeidis_ex_type.FUN_012766-T1	effector_p_cluster_928_Fusarium_elaeidis.FUN_013444-T1
effector_p_cluster_929_Fusarium_fabacearum_ex_type.FUN_015143-T1	effector_p_cluster_929_Fusarium_fabacearum_ex_type.FUN_015143-T1
effector_p_cluster_929_GCA_003315725.FUN_014855-T1	effector_p_cluster_929_GCA_003315725.FUN_014855-T1
effector_p_cluster_931_GCA_025203105.FUN_001646-T1	effector_p_cluster_931_GCA_025203105.FUN_001646-T1
effector_p_cluster_931_GCA_025203105.FUN_001646-T1	effector_p_cluster_931_Fusarium_kalimantanense_ex_type-barcode07.FUN_005461-T1
effector_p_cluster_932_GCA_019671045.FUN_009651-T1	effector_p_cluster_932_GCA_019671045.FUN_009651-T1
effector_p_cluster_932_GCA_019671045.FUN_009651-T1	effector_p_cluster_932_Fusarium_sp_128.FUN_005597-T1
effector_p_cluster_933_GCA_021018635.FUN_005083-T1	effector_p_cluster_933_GCA_021018635.FUN_005083-T1
effector_p_cluster_933_GCA_021018635.FUN_005083-T1	effector_p_cluster_933_GCA_000260495.FUN_002734-T1
effector_p_cluster_934_GCA_001703205.FUN_016893-T1	effector_p_cluster_934_GCA_001703205.FUN_016893-T1
effector_p_cluster_934_GCA_001703205.FUN_016893-T1	effector_p_cluster_934_GCA_000260495.FUN_015610-T1
effector_p_cluster_935_GCA_050947235.FUN_014071-T1	effector_p_cluster_935_GCA_050947235.FUN_014071-T1
effector_p_cluster_935_GCA_050947235.FUN_014071-T1	effector_p_cluster_935_GCA_000260495.FUN_015755-T1
effector_p_cluster_936_GCA_000260495.FUN_016106-T1	effector_p_cluster_936_GCA_000260495.FUN_016106-T1
effector_p_cluster_936_GCA_003315725.FUN_015201-T1	effector_p_cluster_936_GCA_003315725.FUN_015201-T1
effector_p_cluster_938_GCA_002234045.FUN_010785-T1	effector_p_cluster_938_GCA_002234045.FUN_010785-T1
effector_p_cluster_938_GCA_002234045.FUN_010785-T1	effector_p_cluster_938_GCA_001703205.FUN_005601-T1
effector_p_cluster_939_GCA_001703205.FUN_012044-T1	effector_p_cluster_939_GCA_001703205.FUN_012044-T1
effector_p_cluster_939_GCA_001703205.FUN_012049-T1	effector_p_cluster_939_GCA_001703205.FUN_012049-T1
effector_p_cluster_940_GCA_049307005.FUN_015208-T1	effector_p_cluster_940_GCA_049307005.FUN_015208-T1
effector_p_cluster_940_GCA_049307005.FUN_015208-T1	effector_p_cluster_940_GCA_001703205.FUN_014814-T1
effector_p_cluster_941_GCA_002234105.FUN_008024-T1	effector_p_cluster_941_GCA_002234105.FUN_008024-T1
effector_p_cluster_941_GCA_002234105.FUN_008024-T1	effector_p_cluster_941_GCA_002233855.FUN_009162-T1
effector_p_cluster_942_GCA_002234105.FUN_011779-T1	effector_p_cluster_942_GCA_002234105.FUN_011779-T1
effector_p_cluster_942_GCA_002234105.FUN_011779-T1	effector_p_cluster_942_GCA_002233855.FUN_014996-T1
effector_p_cluster_944_GCA_002234045.FUN_014907-T1	effector_p_cluster_944_GCA_002234045.FUN_014907-T1
effector_p_cluster_944_GCA_002234045.FUN_014907-T1	effector_p_cluster_944_GCA_002234015.FUN_015261-T1
effector_p_cluster_945_GCA_003315725.FUN_005073-T1	effector_p_cluster_945_GCA_003315725.FUN_005073-T1
effector_p_cluster_945_GCA_019671045.FUN_017974-T1	effector_p_cluster_945_GCA_019671045.FUN_017974-T1
effector_p_cluster_947_GCA_003315725.FUN_013635-T1	effector_p_cluster_947_GCA_003315725.FUN_013635-T1
effector_p_cluster_948_GCA_020796175.FUN_015482-T1	effector_p_cluster_948_GCA_020796175.FUN_015482-T1
effector_p_cluster_948_GCA_020796175.FUN_015482-T1	effector_p_cluster_948_GCA_009755825.FUN_014861-T1
effector_p_cluster_949_GCA_014843455.FUN_008363-T1	effector_p_cluster_949_GCA_014843455.FUN_008363-T1
effector_p_cluster_949_GCA_014843455.FUN_008363-T1	effector_p_cluster_949_GCA_009755825.FUN_015632-T1
effector_p_cluster_94_GCA_009755825.FUN_007182-T1	effector_p_cluster_94_GCA_009755825.FUN_007182-T1
effector_p_cluster_94_GCA_009755825.FUN_007182-T1	effector_p_cluster_94_Fusarium_glycines_ex_type.FUN_007023-T1
effector_p_cluster_950_GCA_020796175.FUN_012078-T1	effector_p_cluster_950_GCA_020796175.FUN_012078-T1
effector_p_cluster_950_GCA_020796175.FUN_012078-T1	effector_p_cluster_950_GCA_009755825.FUN_015886-T1
effector_p_cluster_950_GCA_020796175.FUN_012078-T1	effector_p_cluster_646_GCA_002234015.FUN_013529-T1
effector_p_cluster_950_GCA_020796175.FUN_012078-T1	effector_p_cluster_646_GCA_019670925.FUN_015486-T1
effector_p_cluster_950_GCA_020796175.FUN_012078-T1	effector_p_cluster_662_GCA_020796175.FUN_007276-T1
effector_p_cluster_950_GCA_020796175.FUN_012078-T1	effector_p_cluster_662_AJ516_race4.FUN_004781-T1
effector_p_cluster_950_GCA_020796175.FUN_012078-T1	effector_p_cluster_819_GCA_001703455.FUN_014729-T1
effector_p_cluster_950_GCA_020796175.FUN_012078-T1	effector_p_cluster_819_Fola3ENZA.FUN_016939-T1
effector_p_cluster_950_GCA_020796175.FUN_012078-T1	effector_p_cluster_577_Fola1ENZA.FUN_002722-T1
effector_p_cluster_951_GCA_013347535.FUN_016332-T1	effector_p_cluster_951_GCA_013347535.FUN_016332-T1
effector_p_cluster_951_GCA_013347535.FUN_016332-T1	effector_p_cluster_951_GCA_013347535.FUN_011397-T1
effector_p_cluster_952_GCA_015227905.FUN_009427-T1	effector_p_cluster_952_GCA_015227905.FUN_009427-T1
effector_p_cluster_952_GCA_015227905.FUN_009427-T1	effector_p_cluster_952_GCA_013347535.FUN_014967-T1
effector_p_cluster_953_GCA_015227905.FUN_015339-T1	effector_p_cluster_953_GCA_015227905.FUN_015339-T1
effector_p_cluster_953_GCA_015227905.FUN_015339-T1	effector_p_cluster_953_GCA_013347535.FUN_016247-T1
effector_p_cluster_953_GCA_015227905.FUN_015339-T1	effector_p_cluster_1067_GCA_001703205.FUN_012047-T1
effector_p_cluster_953_GCA_015227905.FUN_015339-T1	effector_p_cluster_593_GCA_016166325.FUN_000201-T1
effector_p_cluster_953_GCA_015227905.FUN_015339-T1	effector_p_cluster_593_Fusarium_duoseptatum_ex_type-barcode03.FUN_001808-T1
effector_p_cluster_953_GCA_015227905.FUN_015339-T1	effector_p_cluster_605_GCA_019671045.FUN_011525-T1
effector_p_cluster_953_GCA_015227905.FUN_015339-T1	effector_p_cluster_265_Fusarium_cugenangense_ex_type-barcode01.FUN_012421-T1
effector_p_cluster_953_GCA_015227905.FUN_015339-T1	effector_p_cluster_265_Fusarium_gossypinum_ex_type.FUN_011035-T1
effector_p_cluster_953_GCA_015227905.FUN_015339-T1	effector_p_cluster_486_GCA_019671045.FUN_012034-T1
effector_p_cluster_953_GCA_015227905.FUN_015339-T1	effector_p_cluster_604_Fusarium_fabacearum_ex_type.FUN_009957-T1
effector_p_cluster_953_GCA_015227905.FUN_015339-T1	effector_p_cluster_604_Fusarium_glycines_ex_type.FUN_010734-T1
effector_p_cluster_953_GCA_015227905.FUN_015339-T1	effector_p_cluster_605_GCA_016170085.FUN_010436-T1
effector_p_cluster_953_GCA_015227905.FUN_015339-T1	effector_p_cluster_902_GCA_019671045.FUN_016791-T1
effector_p_cluster_953_GCA_015227905.FUN_015339-T1	effector_p_cluster_902_GCA_001702695.FUN_009803-T1
effector_p_cluster_953_GCA_015227905.FUN_015339-T1	effector_p_cluster_903_GCA_001703205.FUN_012093-T1
effector_p_cluster_953_GCA_015227905.FUN_015339-T1	effector_p_cluster_903_GCA_019671045.FUN_007196-T1
effector_p_cluster_953_GCA_015227905.FUN_015339-T1	effector_p_cluster_301_GCA_025203105.FUN_000792-T1
effector_p_cluster_953_GCA_015227905.FUN_015339-T1	effector_p_cluster_301_AJ718_race1.FUN_005856-T1
effector_p_cluster_953_GCA_015227905.FUN_015339-T1	effector_p_cluster_283_GCA_019671045.FUN_007905-T1
effector_p_cluster_953_GCA_015227905.FUN_015339-T1	effector_p_cluster_283_GCA_019593505.FUN_011543-T1
effector_p_cluster_953_GCA_015227905.FUN_015339-T1	effector_p_cluster_773_Fusarium_duoseptatum_ex_type-barcode03.FUN_003777-T1
effector_p_cluster_953_GCA_015227905.FUN_015339-T1	effector_p_cluster_773_Fola3ENZA.FUN_007141-T1
effector_p_cluster_953_GCA_015227905.FUN_015339-T1	effector_p_cluster_971_GCA_025217005.FUN_003513-T1
effector_p_cluster_953_GCA_015227905.FUN_015339-T1	effector_p_cluster_971_GCA_025203755.FUN_003582-T1
effector_p_cluster_954_GCA_013423235.FUN_013452-T1	effector_p_cluster_954_GCA_013423235.FUN_013452-T1
effector_p_cluster_954_GCA_013423235.FUN_013452-T1	effector_p_cluster_954_GCA_013423235.FUN_013451-T1
effector_p_cluster_955_GCA_020796175.FUN_010159-T1	effector_p_cluster_955_GCA_020796175.FUN_010159-T1
effector_p_cluster_955_GCA_020796175.FUN_010159-T1	effector_p_cluster_955_GCA_014839635.FUN_000413-T1
effector_p_cluster_956_GCA_018894095.FUN_016056-T1	effector_p_cluster_956_GCA_018894095.FUN_016056-T1
effector_p_cluster_956_GCA_018894095.FUN_016056-T1	effector_p_cluster_956_GCA_014839635.FUN_008523-T1
effector_p_cluster_957_GCA_018894095.FUN_016437-T1	effector_p_cluster_957_GCA_018894095.FUN_016437-T1
effector_p_cluster_957_GCA_018894095.FUN_016437-T1	effector_p_cluster_957_GCA_014839635.FUN_016531-T1
effector_p_cluster_958_GCA_014843415.FUN_010742-T1	effector_p_cluster_958_GCA_014843415.FUN_010742-T1
effector_p_cluster_958_GCA_014843445.FUN_011963-T1	effector_p_cluster_958_GCA_014843445.FUN_011963-T1
effector_p_cluster_959_GCA_014843445.FUN_015496-T1	effector_p_cluster_959_GCA_014843445.FUN_015496-T1
effector_p_cluster_959_GCA_014843445.FUN_015496-T1	effector_p_cluster_959_GCA_014843415.FUN_015877-T1
effector_p_cluster_95_GCA_019670925.FUN_002986-T1	effector_p_cluster_95_GCA_019670925.FUN_002986-T1
effector_p_cluster_95_GCA_019670925.FUN_002986-T1	effector_p_cluster_95_Fusarium_elaeidis_ex_type.FUN_005790-T1
effector_p_cluster_960_GCA_014843445.FUN_016844-T1	effector_p_cluster_960_GCA_014843445.FUN_016844-T1
effector_p_cluster_960_GCA_014843445.FUN_016844-T1	effector_p_cluster_960_GCA_014843415.FUN_016940-T1
effector_p_cluster_961_GCA_014843455.FUN_006996-T1	effector_p_cluster_961_GCA_014843455.FUN_006996-T1
effector_p_cluster_961_GCA_014843455.FUN_006996-T1	effector_p_cluster_961_GCA_032206225.FUN_012518-T1
effector_p_cluster_961_GCA_014843455.FUN_006996-T1	effector_p_cluster_768_Fola2ENZA.FUN_008405-T1
effector_p_cluster_961_GCA_014843455.FUN_006996-T1	effector_p_cluster_768_GCA_025217005.FUN_014360-T1
effector_p_cluster_962_GCA_018894095.FUN_007042-T1	effector_p_cluster_962_GCA_018894095.FUN_007042-T1
effector_p_cluster_962_GCA_018894095.FUN_007042-T1	effector_p_cluster_962_GCA_014843455.FUN_015668-T1
effector_p_cluster_962_GCA_018894095.FUN_007042-T1	effector_p_cluster_352_GCA_001703455.FUN_007005-T1
effector_p_cluster_962_GCA_018894095.FUN_007042-T1	effector_p_cluster_352_Fusarium_glycines_ex_type.FUN_010485-T1
effector_p_cluster_963_GCA_038050555.FUN_005753-T1	effector_p_cluster_963_GCA_038050555.FUN_005753-T1
effector_p_cluster_963_GCA_038050555.FUN_005753-T1	effector_p_cluster_963_GCA_015227905.FUN_006489-T1
effector_p_cluster_964_GCA_016170085.FUN_014171-T1	effector_p_cluster_964_GCA_016170085.FUN_014171-T1
effector_p_cluster_964_GCA_050947165.FUN_003757-T1	effector_p_cluster_964_GCA_050947165.FUN_003757-T1
effector_p_cluster_965_GCA_025203105.FUN_015403-T1	effector_p_cluster_965_GCA_025203105.FUN_015403-T1
effector_p_cluster_966_GCA_032206225.FUN_003118-T1	effector_p_cluster_966_GCA_032206225.FUN_003118-T1
effector_p_cluster_966_GCA_032206225.FUN_003118-T1	effector_p_cluster_966_GCA_023509805.FUN_000734-T1
effector_p_cluster_967_GCA_032206225.FUN_004809-T1	effector_p_cluster_967_GCA_032206225.FUN_004809-T1
effector_p_cluster_967_GCA_032206225.FUN_004809-T1	effector_p_cluster_967_GCA_023509805.FUN_011275-T1
effector_p_cluster_968_GCA_032206225.FUN_005258-T1	effector_p_cluster_968_GCA_032206225.FUN_005258-T1
effector_p_cluster_968_GCA_032206225.FUN_005258-T1	effector_p_cluster_968_GCA_023509805.FUN_011726-T1
effector_p_cluster_969_GCA_023509805.FUN_015219-T1	effector_p_cluster_969_GCA_023509805.FUN_015219-T1
effector_p_cluster_969_GCA_032206225.FUN_016375-T1	effector_p_cluster_969_GCA_032206225.FUN_016375-T1
effector_p_cluster_96_GCA_049306905.FUN_001055-T1	effector_p_cluster_96_GCA_049306905.FUN_001055-T1
effector_p_cluster_96_GCA_049306905.FUN_001055-T1	effector_p_cluster_96_Fola1ENZA.FUN_001040-T1
effector_p_cluster_970_GCA_032206225.FUN_015415-T1	effector_p_cluster_970_GCA_032206225.FUN_015415-T1
effector_p_cluster_970_GCA_032206225.FUN_015415-T1	effector_p_cluster_970_GCA_023509805.FUN_015292-T1
effector_p_cluster_970_GCA_032206225.FUN_015415-T1	effector_p_cluster_117_GCA_009755825.FUN_008734-T1
effector_p_cluster_970_GCA_032206225.FUN_015415-T1	effector_p_cluster_117_Fusarium_duoseptatum_ex_type-barcode03.FUN_006323-T1
effector_p_cluster_970_GCA_032206225.FUN_015415-T1	effector_p_cluster_1022_Fusarium_glycines_ex_type.FUN_015101-T1
effector_p_cluster_972_GCA_025217005.FUN_003334-T1	effector_p_cluster_972_GCA_025217005.FUN_003334-T1
effector_p_cluster_972_GCA_025217005.FUN_003334-T1	effector_p_cluster_972_GCA_025203755.FUN_005034-T1
effector_p_cluster_973_GCA_025217005.FUN_013379-T1	effector_p_cluster_973_GCA_025217005.FUN_013379-T1
effector_p_cluster_973_GCA_025217005.FUN_013379-T1	effector_p_cluster_973_GCA_025203755.FUN_013574-T1
effector_p_cluster_974_GCA_025217005.FUN_014024-T1	effector_p_cluster_974_GCA_025217005.FUN_014024-T1
effector_p_cluster_974_GCA_025217005.FUN_014024-T1	effector_p_cluster_974_GCA_025203755.FUN_014265-T1
effector_p_cluster_975_GCA_025217005.FUN_015165-T1	effector_p_cluster_975_GCA_025217005.FUN_015165-T1
effector_p_cluster_975_GCA_025217005.FUN_015165-T1	effector_p_cluster_975_GCA_025203755.FUN_015346-T1
effector_p_cluster_976_GCA_025217005.FUN_015200-T1	effector_p_cluster_976_GCA_025217005.FUN_015200-T1
effector_p_cluster_976_GCA_025217005.FUN_015200-T1	effector_p_cluster_976_GCA_025203755.FUN_015385-T1
effector_p_cluster_977_GCA_025267645.FUN_009486-T1	effector_p_cluster_977_GCA_025267645.FUN_009486-T1
effector_p_cluster_977_GCA_025267645.FUN_009486-T1	effector_p_cluster_977_GCA_025216365.FUN_007063-T1
effector_p_cluster_978_GCA_025267645.FUN_014235-T1	effector_p_cluster_978_GCA_025267645.FUN_014235-T1
effector_p_cluster_978_GCA_025267645.FUN_014235-T1	effector_p_cluster_978_GCA_025216365.FUN_011399-T1
effector_p_cluster_979_GCA_025267645.FUN_012252-T1	effector_p_cluster_979_GCA_025267645.FUN_012252-T1
effector_p_cluster_979_GCA_025267645.FUN_012252-T1	effector_p_cluster_979_GCA_025216365.FUN_013308-T1
effector_p_cluster_979_GCA_025267645.FUN_012252-T1	effector_p_cluster_860_GCA_002234105.FUN_012949-T1
effector_p_cluster_979_GCA_025267645.FUN_012252-T1	effector_p_cluster_860_GCA_002233855.FUN_013277-T1
effector_p_cluster_980_GCA_025267645.FUN_013036-T1	effector_p_cluster_980_GCA_025267645.FUN_013036-T1
effector_p_cluster_980_GCA_025267645.FUN_013036-T1	effector_p_cluster_980_GCA_025216365.FUN_015441-T1
effector_p_cluster_981_GCA_038050555.FUN_011198-T1	effector_p_cluster_981_GCA_038050555.FUN_011198-T1
effector_p_cluster_981_GCA_049306905.FUN_016466-T1	effector_p_cluster_981_GCA_049306905.FUN_016466-T1
effector_p_cluster_982_GCA_049307005.FUN_002678-T1	effector_p_cluster_982_GCA_049307005.FUN_002678-T1
effector_p_cluster_982_GCA_049307005.FUN_002678-T1	effector_p_cluster_982_GCA_049306905.FUN_002671-T1
effector_p_cluster_983_GCA_049307005.FUN_010917-T1	effector_p_cluster_983_GCA_049307005.FUN_010917-T1
effector_p_cluster_983_GCA_049307005.FUN_010917-T1	effector_p_cluster_983_GCA_049306905.FUN_011413-T1
effector_p_cluster_984_GCA_049307005.FUN_013566-T1	effector_p_cluster_984_GCA_049307005.FUN_013566-T1
effector_p_cluster_984_GCA_049307005.FUN_013566-T1	effector_p_cluster_984_GCA_049306905.FUN_012526-T1
effector_p_cluster_985_GCA_049307005.FUN_013630-T1	effector_p_cluster_985_GCA_049307005.FUN_013630-T1
effector_p_cluster_985_GCA_049307005.FUN_013630-T1	effector_p_cluster_985_GCA_049306905.FUN_012632-T1
effector_p_cluster_986_GCA_049306905.FUN_012741-T1	effector_p_cluster_986_GCA_049306905.FUN_012741-T1
effector_p_cluster_986_GCA_049307005.FUN_013765-T1	effector_p_cluster_986_GCA_049307005.FUN_013765-T1
effector_p_cluster_987_GCA_049307005.FUN_011386-T1	effector_p_cluster_987_GCA_049307005.FUN_011386-T1
effector_p_cluster_987_GCA_049307005.FUN_011386-T1	effector_p_cluster_987_GCA_049306905.FUN_015484-T1
effector_p_cluster_988_GCA_049307005.FUN_014173-T1	effector_p_cluster_988_GCA_049307005.FUN_014173-T1
effector_p_cluster_988_GCA_049307005.FUN_014173-T1	effector_p_cluster_988_GCA_049306905.FUN_015649-T1
effector_p_cluster_989_GCA_050947235.FUN_015556-T1	effector_p_cluster_989_GCA_050947235.FUN_015556-T1
effector_p_cluster_989_GCA_050947235.FUN_015556-T1	effector_p_cluster_989_GCA_050947165.FUN_005370-T1
effector_p_cluster_991_GCA_050947235.FUN_013787-T1	effector_p_cluster_991_GCA_050947235.FUN_013787-T1
effector_p_cluster_991_GCA_050947235.FUN_013787-T1	effector_p_cluster_991_GCA_050947165.FUN_015490-T1
effector_p_cluster_992_AJ516_race4.FUN_007555-T1	effector_p_cluster_992_AJ516_race4.FUN_007555-T1
effector_p_cluster_993_AJ516_race4.FUN_010098-T1	effector_p_cluster_993_AJ516_race4.FUN_010098-T1
effector_p_cluster_994_AJ516_race4.FUN_016657-T1	effector_p_cluster_994_AJ516_race4.FUN_016657-T1
effector_p_cluster_995_AJ520_race1.FUN_010766-T1	effector_p_cluster_995_AJ520_race1.FUN_010766-T1
effector_p_cluster_996_AJ592_race4.FUN_012455-T1	effector_p_cluster_996_AJ592_race4.FUN_012455-T1
effector_p_cluster_997_AJ718_race1.FUN_003988-T1	effector_p_cluster_997_AJ718_race1.FUN_003988-T1
effector_p_cluster_998_Fola1ENZA.FUN_009468-T1	effector_p_cluster_998_Fola1ENZA.FUN_009468-T1
effector_p_cluster_999_Fola2ENZA.FUN_003771-T1	effector_p_cluster_999_Fola2ENZA.FUN_003771-T1
effector_p_cluster_99_GCA_003315725.FUN_000565-T1	effector_p_cluster_99_GCA_003315725.FUN_000565-T1
effector_p_cluster_99_GCA_003315725.FUN_000565-T1	effector_p_cluster_99_AJ516_race4.FUN_001476-T1
effector_p_cluster_9_Fusarium_elaeidis_ex_type.FUN_001719-T1	effector_p_cluster_9_Fusarium_elaeidis_ex_type.FUN_001719-T1
effector_p_cluster_9_Fusarium_elaeidis_ex_type.FUN_001719-T1	effector_p_cluster_9_Fusarium_elaeidis.FUN_002789-T1
effector_p_cluster_1085_GCA_013423235.FUN_008167-T1	effector_p_cluster_1085_GCA_013423235.FUN_008167-T1
effector_p_cluster_1086_GCA_013423235.FUN_009305-T1	effector_p_cluster_1086_GCA_013423235.FUN_009305-T1
effector_p_cluster_1088_GCA_013423235.FUN_012326-T1	effector_p_cluster_1088_GCA_013423235.FUN_012326-T1
effector_p_cluster_1089_GCA_013423235.FUN_012328-T1	effector_p_cluster_1089_GCA_013423235.FUN_012328-T1
effector_p_cluster_108_GCA_019593505.FUN_004859-T1	effector_p_cluster_108_GCA_019593505.FUN_004859-T1
effector_p_cluster_108_GCA_019593505.FUN_004859-T1	effector_p_cluster_108_GCA_002234105.FUN_003831-T1
effector_p_cluster_1090_GCA_013423235.FUN_013587-T1	effector_p_cluster_1090_GCA_013423235.FUN_013587-T1
effector_p_cluster_1091_GCA_013423235.FUN_014292-T1	effector_p_cluster_1091_GCA_013423235.FUN_014292-T1
effector_p_cluster_1091_GCA_013423235.FUN_014292-T1	effector_p_cluster_834_GCA_019593505.FUN_013381-T1
effector_p_cluster_1091_GCA_013423235.FUN_014292-T1	effector_p_cluster_834_GCA_013347535.FUN_009810-T1
effector_p_cluster_1092_GCA_014839635.FUN_004387-T1	effector_p_cluster_1092_GCA_014839635.FUN_004387-T1
effector_p_cluster_1093_GCA_014839635.FUN_005971-T1	effector_p_cluster_1093_GCA_014839635.FUN_005971-T1
effector_p_cluster_1095_GCA_014839635.FUN_008733-T1	effector_p_cluster_1095_GCA_014839635.FUN_008733-T1
effector_p_cluster_1096_GCA_014839635.FUN_016844-T1	effector_p_cluster_1096_GCA_014839635.FUN_016844-T1
effector_p_cluster_1098_GCA_014843445.FUN_017707-T1	effector_p_cluster_1098_GCA_014843445.FUN_017707-T1
effector_p_cluster_1099_GCA_014843455.FUN_005416-T1	effector_p_cluster_1099_GCA_014843455.FUN_005416-T1
effector_p_cluster_10_AJ705_race4.FUN_002287-T1	effector_p_cluster_10_AJ705_race4.FUN_002287-T1
effector_p_cluster_10_AJ705_race4.FUN_002287-T1	effector_p_cluster_10_GCA_014843555.FUN_006817-T1
effector_p_cluster_1100_GCA_014843455.FUN_011957-T1	effector_p_cluster_1100_GCA_014843455.FUN_011957-T1
effector_p_cluster_1101_GCA_014843455.FUN_015270-T1	effector_p_cluster_1101_GCA_014843455.FUN_015270-T1
effector_p_cluster_1102_GCA_014843455.FUN_016547-T1	effector_p_cluster_1102_GCA_014843455.FUN_016547-T1
effector_p_cluster_1103_GCA_014843455.FUN_016963-T1	effector_p_cluster_1103_GCA_014843455.FUN_016963-T1
effector_p_cluster_1104_GCA_014843455.FUN_017301-T1	effector_p_cluster_1104_GCA_014843455.FUN_017301-T1
effector_p_cluster_1106_GCA_014843555.FUN_010974-T1	effector_p_cluster_1106_GCA_014843555.FUN_010974-T1
effector_p_cluster_1107_GCA_014843555.FUN_015193-T1	effector_p_cluster_1107_GCA_014843555.FUN_015193-T1
effector_p_cluster_1108_GCA_014843555.FUN_016552-T1	effector_p_cluster_1108_GCA_014843555.FUN_016552-T1
effector_p_cluster_1109_GCA_014843555.FUN_016722-T1	effector_p_cluster_1109_GCA_014843555.FUN_016722-T1
effector_p_cluster_110_GCA_025203755.FUN_002498-T1	effector_p_cluster_110_GCA_025203755.FUN_002498-T1
effector_p_cluster_110_GCA_025203755.FUN_002498-T1	effector_p_cluster_110_GCA_002233855.FUN_004094-T1
effector_p_cluster_1110_GCA_014843555.FUN_017242-T1	effector_p_cluster_1110_GCA_014843555.FUN_017242-T1
effector_p_cluster_1111_GCA_015227905.FUN_010197-T1	effector_p_cluster_1111_GCA_015227905.FUN_010197-T1
effector_p_cluster_1112_GCA_015227905.FUN_016208-T1	effector_p_cluster_1112_GCA_015227905.FUN_016208-T1
effector_p_cluster_1113_GCA_015227905.FUN_016543-T1	effector_p_cluster_1113_GCA_015227905.FUN_016543-T1
effector_p_cluster_1114_GCA_016166325.FUN_012160-T1	effector_p_cluster_1114_GCA_016166325.FUN_012160-T1
effector_p_cluster_1115_GCA_016166325.FUN_014230-T1	effector_p_cluster_1115_GCA_016166325.FUN_014230-T1
effector_p_cluster_1115_GCA_016166325.FUN_014230-T1	effector_p_cluster_943_GCA_016166325.FUN_003741-T1
effector_p_cluster_1115_GCA_016166325.FUN_014230-T1	effector_p_cluster_943_GCA_002234015.FUN_001477-T1
effector_p_cluster_1116_GCA_016166325.FUN_015451-T1	effector_p_cluster_1116_GCA_016166325.FUN_015451-T1
effector_p_cluster_1116_GCA_016166325.FUN_015451-T1	effector_p_cluster_785_GCA_002234015.FUN_015774-T1
effector_p_cluster_1117_GCA_016170085.FUN_012410-T1	effector_p_cluster_1117_GCA_016170085.FUN_012410-T1
effector_p_cluster_1118_GCA_016170085.FUN_015126-T1	effector_p_cluster_1118_GCA_016170085.FUN_015126-T1
effector_p_cluster_1119_GCA_016170085.FUN_016065-T1	effector_p_cluster_1119_GCA_016170085.FUN_016065-T1
effector_p_cluster_111_GCA_048164945.FUN_004545-T1	effector_p_cluster_111_GCA_048164945.FUN_004545-T1
effector_p_cluster_111_GCA_048164945.FUN_004545-T1	effector_p_cluster_111_GCA_014843445.FUN_006779-T1
effector_p_cluster_1120_GCA_018894095.FUN_003454-T1	effector_p_cluster_1120_GCA_018894095.FUN_003454-T1
effector_p_cluster_1121_GCA_018894095.FUN_003563-T1	effector_p_cluster_1121_GCA_018894095.FUN_003563-T1
effector_p_cluster_1122_GCA_018894095.FUN_017676-T1	effector_p_cluster_1122_GCA_018894095.FUN_017676-T1
effector_p_cluster_1123_GCA_019593505.FUN_005238-T1	effector_p_cluster_1123_GCA_019593505.FUN_005238-T1
effector_p_cluster_1124_GCA_019593505.FUN_009879-T1	effector_p_cluster_1124_GCA_019593505.FUN_009879-T1
effector_p_cluster_1125_GCA_019593505.FUN_011494-T1	effector_p_cluster_1125_GCA_019593505.FUN_011494-T1
effector_p_cluster_1127_GCA_019593505.FUN_016113-T1	effector_p_cluster_1127_GCA_019593505.FUN_016113-T1
effector_p_cluster_1128_GCA_019670925.FUN_005545-T1	effector_p_cluster_1128_GCA_019670925.FUN_005545-T1
effector_p_cluster_112_GCA_009755825.FUN_000841-T1	effector_p_cluster_112_GCA_009755825.FUN_000841-T1
effector_p_cluster_112_GCA_009755825.FUN_000841-T1	effector_p_cluster_112_GCA_000259975.FUN_001910-T1
effector_p_cluster_1130_GCA_019670925.FUN_007186-T1	effector_p_cluster_1130_GCA_019670925.FUN_007186-T1
effector_p_cluster_1131_GCA_019670925.FUN_010402-T1	effector_p_cluster_1131_GCA_019670925.FUN_010402-T1
effector_p_cluster_1132_GCA_019670925.FUN_015427-T1	effector_p_cluster_1132_GCA_019670925.FUN_015427-T1
effector_p_cluster_1133_GCA_019670925.FUN_016046-T1	effector_p_cluster_1133_GCA_019670925.FUN_016046-T1
effector_p_cluster_1134_GCA_019671045.FUN_007341-T1	effector_p_cluster_1134_GCA_019671045.FUN_007341-T1
effector_p_cluster_1135_GCA_019671045.FUN_011031-T1	effector_p_cluster_1135_GCA_019671045.FUN_011031-T1
effector_p_cluster_1136_GCA_019671045.FUN_013244-T1	effector_p_cluster_1136_GCA_019671045.FUN_013244-T1
effector_p_cluster_1137_GCA_019671045.FUN_015502-T1	effector_p_cluster_1137_GCA_019671045.FUN_015502-T1
effector_p_cluster_1138_GCA_019671045.FUN_016763-T1	effector_p_cluster_1138_GCA_019671045.FUN_016763-T1
effector_p_cluster_1139_GCA_019671045.FUN_017505-T1	effector_p_cluster_1139_GCA_019671045.FUN_017505-T1
effector_p_cluster_113_Fola3ENZA.FUN_006755-T1	effector_p_cluster_113_Fola3ENZA.FUN_006755-T1
effector_p_cluster_113_Fola3ENZA.FUN_006755-T1	effector_p_cluster_113_AJ592_race4.FUN_003267-T1
effector_p_cluster_1140_GCA_021018635.FUN_013102-T1	effector_p_cluster_1140_GCA_021018635.FUN_013102-T1
effector_p_cluster_1141_GCA_021018635.FUN_014999-T1	effector_p_cluster_1141_GCA_021018635.FUN_014999-T1
effector_p_cluster_1142_GCA_023509805.FUN_011965-T1	effector_p_cluster_1142_GCA_023509805.FUN_011965-T1
effector_p_cluster_1143_GCA_023509805.FUN_013247-T1	effector_p_cluster_1143_GCA_023509805.FUN_013247-T1
effector_p_cluster_1144_GCA_023509805.FUN_014670-T1	effector_p_cluster_1144_GCA_023509805.FUN_014670-T1
effector_p_cluster_1145_GCA_023509805.FUN_014789-T1	effector_p_cluster_1145_GCA_023509805.FUN_014789-T1
effector_p_cluster_1146_GCA_023509805.FUN_015839-T1	effector_p_cluster_1146_GCA_023509805.FUN_015839-T1
effector_p_cluster_1147_GCA_023509805.FUN_016354-T1	effector_p_cluster_1147_GCA_023509805.FUN_016354-T1
effector_p_cluster_1148_GCA_025203105.FUN_014876-T1	effector_p_cluster_1148_GCA_025203105.FUN_014876-T1
effector_p_cluster_1149_GCA_025203105.FUN_015521-T1	effector_p_cluster_1149_GCA_025203105.FUN_015521-T1
effector_p_cluster_1150_GCA_025203755.FUN_009629-T1	effector_p_cluster_1150_GCA_025203755.FUN_009629-T1
effector_p_cluster_1151_GCA_025203755.FUN_014531-T1	effector_p_cluster_1151_GCA_025203755.FUN_014531-T1
effector_p_cluster_1152_GCA_025216365.FUN_012812-T1	effector_p_cluster_1152_GCA_025216365.FUN_012812-T1
effector_p_cluster_1152_GCA_025216365.FUN_012812-T1	effector_p_cluster_814_Fola2ENZA.FUN_005671-T1
effector_p_cluster_1153_GCA_025217005.FUN_013287-T1	effector_p_cluster_1153_GCA_025217005.FUN_013287-T1
effector_p_cluster_1154_GCA_025267645.FUN_014347-T1	effector_p_cluster_1154_GCA_025267645.FUN_014347-T1
effector_p_cluster_1155_GCA_032206225.FUN_003130-T1	effector_p_cluster_1155_GCA_032206225.FUN_003130-T1
effector_p_cluster_1156_GCA_032206225.FUN_007271-T1	effector_p_cluster_1156_GCA_032206225.FUN_007271-T1
effector_p_cluster_1158_GCA_032206225.FUN_014398-T1	effector_p_cluster_1158_GCA_032206225.FUN_014398-T1
effector_p_cluster_1159_GCA_038050555.FUN_005119-T1	effector_p_cluster_1159_GCA_038050555.FUN_005119-T1
effector_p_cluster_115_GCA_016170085.FUN_008403-T1	effector_p_cluster_115_GCA_016170085.FUN_008403-T1
effector_p_cluster_115_GCA_016170085.FUN_008403-T1	effector_p_cluster_115_AJ516_race4.FUN_003867-T1
effector_p_cluster_1161_GCA_038050555.FUN_011190-T1	effector_p_cluster_1161_GCA_038050555.FUN_011190-T1
effector_p_cluster_1162_GCA_038050555.FUN_015336-T1	effector_p_cluster_1162_GCA_038050555.FUN_015336-T1
effector_p_cluster_1166_GCA_049307005.FUN_010822-T1	effector_p_cluster_1166_GCA_049307005.FUN_010822-T1
effector_p_cluster_1167_GCA_049307005.FUN_011040-T1	effector_p_cluster_1167_GCA_049307005.FUN_011040-T1
effector_p_cluster_1168_GCA_049307005.FUN_016194-T1	effector_p_cluster_1168_GCA_049307005.FUN_016194-T1
effector_p_cluster_1169_GCA_050947165.FUN_014376-T1	effector_p_cluster_1169_GCA_050947165.FUN_014376-T1
effector_p_cluster_1000_Fola2ENZA.FUN_009220-T1	effector_p_cluster_1000_Fola2ENZA.FUN_009220-T1
effector_p_cluster_1001_Fola2ENZA.FUN_010428-T1	effector_p_cluster_1001_Fola2ENZA.FUN_010428-T1
effector_p_cluster_1002_Fola2ENZA.FUN_014176-T1	effector_p_cluster_1002_Fola2ENZA.FUN_014176-T1
effector_p_cluster_1002_Fola2ENZA.FUN_014176-T1	effector_p_cluster_681_GCA_025217005.FUN_013543-T1
effector_p_cluster_1002_Fola2ENZA.FUN_014176-T1	effector_p_cluster_926_Fusarium_elaeidis_ex_type.FUN_003672-T1
effector_p_cluster_1002_Fola2ENZA.FUN_014176-T1	effector_p_cluster_926_Fusarium_elaeidis.FUN_002567-T1
effector_p_cluster_1002_Fola2ENZA.FUN_014176-T1	effector_p_cluster_253_GCA_032206225.FUN_013752-T1
effector_p_cluster_1002_Fola2ENZA.FUN_014176-T1	effector_p_cluster_253_GCA_002233855.FUN_006454-T1
effector_p_cluster_1003_Fola2ENZA.FUN_014326-T1	effector_p_cluster_1003_Fola2ENZA.FUN_014326-T1
effector_p_cluster_1004_Fola3ENZA.FUN_009315-T1	effector_p_cluster_1004_Fola3ENZA.FUN_009315-T1
effector_p_cluster_1005_Fola3ENZA.FUN_011353-T1	effector_p_cluster_1005_Fola3ENZA.FUN_011353-T1
effector_p_cluster_1006_Fola3ENZA.FUN_012803-T1	effector_p_cluster_1006_Fola3ENZA.FUN_012803-T1
effector_p_cluster_1007_Fola4ENZA.FUN_014698-T1	effector_p_cluster_1007_Fola4ENZA.FUN_014698-T1
effector_p_cluster_1008_Fusarium_cugenangense_ex_type-barcode01.FUN_015636-T1	effector_p_cluster_1008_Fusarium_cugenangense_ex_type-barcode01.FUN_015636-T1
effector_p_cluster_1009_Fusarium_duoseptatum_ex_type-barcode03.FUN_009500-T1	effector_p_cluster_1009_Fusarium_duoseptatum_ex_type-barcode03.FUN_009500-T1
effector_p_cluster_1010_Fusarium_duoseptatum_ex_type-barcode03.FUN_009588-T1	effector_p_cluster_1010_Fusarium_duoseptatum_ex_type-barcode03.FUN_009588-T1
effector_p_cluster_1012_Fusarium_elaeidis_ex_type.FUN_000581-T1	effector_p_cluster_1012_Fusarium_elaeidis_ex_type.FUN_000581-T1
effector_p_cluster_1013_Fusarium_elaeidis.FUN_008015-T1	effector_p_cluster_1013_Fusarium_elaeidis.FUN_008015-T1
effector_p_cluster_1014_Fusarium_elaeidis.FUN_010127-T1	effector_p_cluster_1014_Fusarium_elaeidis.FUN_010127-T1
effector_p_cluster_1016_Fusarium_fabacearum_ex_type.FUN_012116-T1	effector_p_cluster_1016_Fusarium_fabacearum_ex_type.FUN_012116-T1
effector_p_cluster_1017_Fusarium_fabacearum_ex_type.FUN_015314-T1	effector_p_cluster_1017_Fusarium_fabacearum_ex_type.FUN_015314-T1
effector_p_cluster_1018_Fusarium_fabacearum_ex_type.FUN_015513-T1	effector_p_cluster_1018_Fusarium_fabacearum_ex_type.FUN_015513-T1
effector_p_cluster_101_GCA_050947165.FUN_001506-T1	effector_p_cluster_101_GCA_050947165.FUN_001506-T1
effector_p_cluster_101_GCA_050947165.FUN_001506-T1	effector_p_cluster_101_Fusarium_phialophorum-barcode15.FUN_000532-T1
effector_p_cluster_1020_Fusarium_glycines_ex_type.FUN_002754-T1	effector_p_cluster_1020_Fusarium_glycines_ex_type.FUN_002754-T1
effector_p_cluster_1021_Fusarium_glycines_ex_type.FUN_011159-T1	effector_p_cluster_1021_Fusarium_glycines_ex_type.FUN_011159-T1
effector_p_cluster_1025_Fusarium_glycines_ex_type.FUN_015347-T1	effector_p_cluster_1025_Fusarium_glycines_ex_type.FUN_015347-T1
effector_p_cluster_1026_Fusarium_glycines_ex_type.FUN_015530-T1	effector_p_cluster_1026_Fusarium_glycines_ex_type.FUN_015530-T1
effector_p_cluster_1027_Fusarium_gossypinum_ex_type.FUN_000985-T1	effector_p_cluster_1027_Fusarium_gossypinum_ex_type.FUN_000985-T1
effector_p_cluster_1028_Fusarium_gossypinum_ex_type.FUN_009726-T1	effector_p_cluster_1028_Fusarium_gossypinum_ex_type.FUN_009726-T1
effector_p_cluster_1029_Fusarium_gossypinum_ex_type.FUN_013940-T1	effector_p_cluster_1029_Fusarium_gossypinum_ex_type.FUN_013940-T1
effector_p_cluster_102_GCA_013423235.FUN_000400-T1	effector_p_cluster_102_GCA_013423235.FUN_000400-T1
effector_p_cluster_102_GCA_013423235.FUN_000400-T1	effector_p_cluster_102_Fusarium_sp_128.FUN_000454-T1
effector_p_cluster_1031_Fusarium_kalimantanense_ex_type-barcode07.FUN_000323-T1	effector_p_cluster_1031_Fusarium_kalimantanense_ex_type-barcode07.FUN_000323-T1
effector_p_cluster_1032_Fusarium_kalimantanense_ex_type-barcode07.FUN_003827-T1	effector_p_cluster_1032_Fusarium_kalimantanense_ex_type-barcode07.FUN_003827-T1
effector_p_cluster_1033_Fusarium_kalimantanense_ex_type-barcode07.FUN_007341-T1	effector_p_cluster_1033_Fusarium_kalimantanense_ex_type-barcode07.FUN_007341-T1
effector_p_cluster_1035_Fusarium_kalimantanense_ex_type-barcode07.FUN_011760-T1	effector_p_cluster_1035_Fusarium_kalimantanense_ex_type-barcode07.FUN_011760-T1
effector_p_cluster_1036_Fusarium_kalimantanense_ex_type-barcode07.FUN_012255-T1	effector_p_cluster_1036_Fusarium_kalimantanense_ex_type-barcode07.FUN_012255-T1
effector_p_cluster_1037_Fusarium_kalimantanense_ex_type-barcode07.FUN_012374-T1	effector_p_cluster_1037_Fusarium_kalimantanense_ex_type-barcode07.FUN_012374-T1
effector_p_cluster_1038_Fusarium_phialophorum-barcode15.FUN_001761-T1	effector_p_cluster_1038_Fusarium_phialophorum-barcode15.FUN_001761-T1
effector_p_cluster_1039_Fusarium_phialophorum-barcode15.FUN_005326-T1	effector_p_cluster_1039_Fusarium_phialophorum-barcode15.FUN_005326-T1
effector_p_cluster_1040_Fusarium_phialophorum-barcode15.FUN_006941-T1	effector_p_cluster_1040_Fusarium_phialophorum-barcode15.FUN_006941-T1
effector_p_cluster_1041_Fusarium_phialophorum-barcode15.FUN_007128-T1	effector_p_cluster_1041_Fusarium_phialophorum-barcode15.FUN_007128-T1
effector_p_cluster_1042_Fusarium_phialophorum-barcode15.FUN_008342-T1	effector_p_cluster_1042_Fusarium_phialophorum-barcode15.FUN_008342-T1
effector_p_cluster_1043_Fusarium_phialophorum-barcode15.FUN_009604-T1	effector_p_cluster_1043_Fusarium_phialophorum-barcode15.FUN_009604-T1
effector_p_cluster_1044_Fusarium_phialophorum-barcode15.FUN_009664-T1	effector_p_cluster_1044_Fusarium_phialophorum-barcode15.FUN_009664-T1
effector_p_cluster_1044_Fusarium_phialophorum-barcode15.FUN_009664-T1	effector_p_cluster_1163_GCA_038050555.FUN_017108-T1
effector_p_cluster_1046_Fusarium_sp_128.FUN_004025-T1	effector_p_cluster_1046_Fusarium_sp_128.FUN_004025-T1
effector_p_cluster_1047_Fusarium_sp_128.FUN_008308-T1	effector_p_cluster_1047_Fusarium_sp_128.FUN_008308-T1
effector_p_cluster_1048_Fusarium_sp_128.FUN_010615-T1	effector_p_cluster_1048_Fusarium_sp_128.FUN_010615-T1
effector_p_cluster_1049_Fusarium_sp_128.FUN_012830-T1	effector_p_cluster_1049_Fusarium_sp_128.FUN_012830-T1
effector_p_cluster_104_GCA_050947165.FUN_001784-T1	effector_p_cluster_104_GCA_050947165.FUN_001784-T1
effector_p_cluster_104_GCA_050947165.FUN_001784-T1	effector_p_cluster_104_GCA_013423235.FUN_000189-T1
effector_p_cluster_1050_Fusarium_sp_128.FUN_013083-T1	effector_p_cluster_1050_Fusarium_sp_128.FUN_013083-T1
effector_p_cluster_1051_Fusarium_sp_128.FUN_014832-T1	effector_p_cluster_1051_Fusarium_sp_128.FUN_014832-T1
effector_p_cluster_1052_Fusarium_sp_128.FUN_015117-T1	effector_p_cluster_1052_Fusarium_sp_128.FUN_015117-T1
effector_p_cluster_1053_Fusarium_sp_128.FUN_015270-T1	effector_p_cluster_1053_Fusarium_sp_128.FUN_015270-T1
effector_p_cluster_1054_GCA_000260495.FUN_015706-T1	effector_p_cluster_1054_GCA_000260495.FUN_015706-T1
effector_p_cluster_1055_GCA_000260495.FUN_016022-T1	effector_p_cluster_1055_GCA_000260495.FUN_016022-T1
effector_p_cluster_1056_GCA_001702695.FUN_009947-T1	effector_p_cluster_1056_GCA_001702695.FUN_009947-T1
effector_p_cluster_1057_GCA_001702695.FUN_014552-T1	effector_p_cluster_1057_GCA_001702695.FUN_014552-T1
effector_p_cluster_1058_GCA_001702845.FUN_009519-T1	effector_p_cluster_1058_GCA_001702845.FUN_009519-T1
effector_p_cluster_1059_GCA_001702845.FUN_010975-T1	effector_p_cluster_1059_GCA_001702845.FUN_010975-T1
effector_p_cluster_105_GCA_019593505.FUN_005248-T1	effector_p_cluster_105_GCA_019593505.FUN_005248-T1
effector_p_cluster_105_GCA_019593505.FUN_005248-T1	effector_p_cluster_105_GCA_014839635.FUN_004502-T1
effector_p_cluster_1060_GCA_001702845.FUN_012829-T1	effector_p_cluster_1060_GCA_001702845.FUN_012829-T1
effector_p_cluster_1061_GCA_001702845.FUN_015499-T1	effector_p_cluster_1061_GCA_001702845.FUN_015499-T1
effector_p_cluster_1062_GCA_001702845.FUN_015675-T1	effector_p_cluster_1062_GCA_001702845.FUN_015675-T1
effector_p_cluster_1063_GCA_001703205.FUN_011814-T1	effector_p_cluster_1063_GCA_001703205.FUN_011814-T1
effector_p_cluster_1065_GCA_001703205.FUN_011966-T1	effector_p_cluster_1065_GCA_001703205.FUN_011966-T1
effector_p_cluster_1066_GCA_001703205.FUN_012046-T1	effector_p_cluster_1066_GCA_001703205.FUN_012046-T1
effector_p_cluster_1068_GCA_001703205.FUN_012056-T1	effector_p_cluster_1068_GCA_001703205.FUN_012056-T1
effector_p_cluster_1069_GCA_001703205.FUN_012087-T1	effector_p_cluster_1069_GCA_001703205.FUN_012087-T1
effector_p_cluster_1070_GCA_001703205.FUN_013931-T1	effector_p_cluster_1070_GCA_001703205.FUN_013931-T1
effector_p_cluster_1071_GCA_001703205.FUN_013973-T1	effector_p_cluster_1071_GCA_001703205.FUN_013973-T1
effector_p_cluster_1072_GCA_001703205.FUN_014807-T1	effector_p_cluster_1072_GCA_001703205.FUN_014807-T1
effector_p_cluster_1073_GCA_001703205.FUN_016828-T1	effector_p_cluster_1073_GCA_001703205.FUN_016828-T1
effector_p_cluster_1074_GCA_001703455.FUN_009425-T1	effector_p_cluster_1074_GCA_001703455.FUN_009425-T1
effector_p_cluster_1075_GCA_001703455.FUN_014475-T1	effector_p_cluster_1075_GCA_001703455.FUN_014475-T1
effector_p_cluster_1076_GCA_001703455.FUN_014900-T1	effector_p_cluster_1076_GCA_001703455.FUN_014900-T1
effector_p_cluster_1077_GCA_002233855.FUN_000393-T1	effector_p_cluster_1077_GCA_002233855.FUN_000393-T1
effector_p_cluster_1078_GCA_002234045.FUN_005340-T1	effector_p_cluster_1078_GCA_002234045.FUN_005340-T1
effector_p_cluster_1079_GCA_003315725.FUN_015495-T1	effector_p_cluster_1079_GCA_003315725.FUN_015495-T1
effector_p_cluster_107_GCA_019671045.FUN_000449-T1	effector_p_cluster_107_GCA_019671045.FUN_000449-T1
effector_p_cluster_107_GCA_019671045.FUN_000449-T1	effector_p_cluster_107_Fusarium_phialophorum-barcode15.FUN_006633-T1
effector_p_cluster_1080_GCA_003315725.FUN_015711-T1	effector_p_cluster_1080_GCA_003315725.FUN_015711-T1
effector_p_cluster_1081_GCA_009755825.FUN_016020-T1	effector_p_cluster_1081_GCA_009755825.FUN_016020-T1
effector_p_cluster_1082_GCA_013347535.FUN_011332-T1	effector_p_cluster_1082_GCA_013347535.FUN_011332-T1
effector_p_cluster_1084_GCA_013347535.FUN_017257-T1	effector_p_cluster_1084_GCA_013347535.FUN_017257-T1
effector_p_cluster_446_AJ520_race1.FUN_014428-T1	effector_p_cluster_446_AJ520_race1.FUN_014428-T1
effector_p_cluster_446_GCA_050947235.FUN_004008-T1	effector_p_cluster_446_GCA_050947235.FUN_004008-T1
effector_p_cluster_447_GCA_048164945.FUN_006990-T1	effector_p_cluster_447_GCA_048164945.FUN_006990-T1
effector_p_cluster_447_GCA_048164945.FUN_006990-T1	effector_p_cluster_447_GCA_016166325.FUN_005636-T1
effector_p_cluster_448_Fola3ENZA.FUN_000335-T1	effector_p_cluster_448_Fola3ENZA.FUN_000335-T1
effector_p_cluster_448_GCA_001702495.FUN_004097-T1	effector_p_cluster_448_GCA_001702495.FUN_004097-T1
effector_p_cluster_44_GCA_003315725.FUN_015121-T1	effector_p_cluster_44_GCA_003315725.FUN_015121-T1
effector_p_cluster_44_GCA_003315725.FUN_015121-T1	effector_p_cluster_230_Fola1ENZA.FUN_012245-T1
effector_p_cluster_44_GCA_003315725.FUN_015121-T1	effector_p_cluster_230_GCA_014843455.FUN_009793-T1
effector_p_cluster_44_GCA_003315725.FUN_015121-T1	effector_p_cluster_320_GCA_002234015.FUN_014327-T1
effector_p_cluster_44_GCA_003315725.FUN_015121-T1	effector_p_cluster_320_GCA_019671045.FUN_009005-T1
effector_p_cluster_44_GCA_003315725.FUN_015121-T1	effector_p_cluster_44_Fusarium_duoseptatum_ex_type-barcode03.FUN_012696-T1
effector_p_cluster_44_GCA_003315725.FUN_015121-T1	effector_p_cluster_364_GCA_049307005.FUN_014091-T1
effector_p_cluster_44_GCA_003315725.FUN_015121-T1	effector_p_cluster_364_GCA_013423235.FUN_014861-T1
effector_p_cluster_450_GCA_000259975.FUN_002866-T1	effector_p_cluster_450_GCA_000259975.FUN_002866-T1
effector_p_cluster_450_GCA_000259975.FUN_002866-T1	effector_p_cluster_450_GCA_016170085.FUN_013673-T1
effector_p_cluster_451_GCA_019593505.FUN_008097-T1	effector_p_cluster_451_GCA_019593505.FUN_008097-T1
effector_p_cluster_451_GCA_019593505.FUN_008097-T1	effector_p_cluster_451_GCA_001702495.FUN_005389-T1
effector_p_cluster_452_GCA_001703455.FUN_007165-T1	effector_p_cluster_452_GCA_001703455.FUN_007165-T1
effector_p_cluster_452_GCA_001703455.FUN_007165-T1	effector_p_cluster_452_Fusarium_glycines_ex_type.FUN_010850-T1
effector_p_cluster_453_Fusarium_gossypinum_ex_type.FUN_009924-T1	effector_p_cluster_453_Fusarium_gossypinum_ex_type.FUN_009924-T1
effector_p_cluster_453_Fusarium_gossypinum_ex_type.FUN_009924-T1	effector_p_cluster_453_Fola1ENZA.FUN_009919-T1
effector_p_cluster_454_GCA_015227905.FUN_015303-T1	effector_p_cluster_454_GCA_015227905.FUN_015303-T1
effector_p_cluster_457_GCA_015227905.FUN_011042-T1	effector_p_cluster_457_GCA_015227905.FUN_011042-T1
effector_p_cluster_457_GCA_015227905.FUN_011042-T1	effector_p_cluster_457_Fusarium_cugenangense_ex_type-barcode01.FUN_011558-T1
effector_p_cluster_459_Fola3ENZA.FUN_016057-T1	effector_p_cluster_459_Fola3ENZA.FUN_016057-T1
effector_p_cluster_459_GCA_025267645.FUN_014437-T1	effector_p_cluster_459_GCA_025267645.FUN_014437-T1
effector_p_cluster_45_GCA_025216365.FUN_012287-T1	effector_p_cluster_45_GCA_025216365.FUN_012287-T1
effector_p_cluster_45_GCA_025216365.FUN_012287-T1	effector_p_cluster_45_Fusarium_sp_128.FUN_006983-T1
effector_p_cluster_461_Fusarium_sp_128.FUN_010400-T1	effector_p_cluster_461_Fusarium_sp_128.FUN_010400-T1
effector_p_cluster_461_GCA_016166325.FUN_009555-T1	effector_p_cluster_461_GCA_016166325.FUN_009555-T1
effector_p_cluster_463_GCA_038050555.FUN_015264-T1	effector_p_cluster_463_GCA_038050555.FUN_015264-T1
effector_p_cluster_463_GCA_038050555.FUN_015264-T1	effector_p_cluster_463_AJ592_race4.FUN_009572-T1
effector_p_cluster_464_Fusarium_kalimantanense_ex_type-barcode07.FUN_013686-T1	effector_p_cluster_464_Fusarium_kalimantanense_ex_type-barcode07.FUN_013686-T1
effector_p_cluster_464_Fusarium_kalimantanense_ex_type-barcode07.FUN_013686-T1	effector_p_cluster_464_GCA_049306905.FUN_015567-T1
effector_p_cluster_465_AJ516_race4.FUN_014648-T1	effector_p_cluster_465_AJ516_race4.FUN_014648-T1
effector_p_cluster_465_GCA_014843445.FUN_015830-T1	effector_p_cluster_465_GCA_014843445.FUN_015830-T1
effector_p_cluster_466_Fusarium_gossypinum_ex_type.FUN_009359-T1	effector_p_cluster_466_Fusarium_gossypinum_ex_type.FUN_009359-T1
effector_p_cluster_466_Fusarium_gossypinum_ex_type.FUN_009359-T1	effector_p_cluster_1011_Fusarium_duoseptatum_ex_type-barcode03.FUN_010761-T1
effector_p_cluster_466_Fusarium_gossypinum_ex_type.FUN_009359-T1	effector_p_cluster_466_Fusarium_duoseptatum_ex_type-barcode03.FUN_005064-T1
effector_p_cluster_466_Fusarium_gossypinum_ex_type.FUN_009359-T1	effector_p_cluster_708_GCA_014839635.FUN_004368-T1
effector_p_cluster_466_Fusarium_gossypinum_ex_type.FUN_009359-T1	effector_p_cluster_708_GCA_015227905.FUN_015052-T1
effector_p_cluster_466_Fusarium_gossypinum_ex_type.FUN_009359-T1	effector_p_cluster_1030_Fusarium_gossypinum_ex_type.FUN_013948-T1
effector_p_cluster_468_GCA_020796175.FUN_005231-T1	effector_p_cluster_468_GCA_020796175.FUN_005231-T1
effector_p_cluster_468_GCA_020796175.FUN_005231-T1	effector_p_cluster_468_Fola4ENZA.FUN_005468-T1
effector_p_cluster_470_GCA_032206225.FUN_013632-T1	effector_p_cluster_470_GCA_032206225.FUN_013632-T1
effector_p_cluster_470_GCA_032206225.FUN_013632-T1	effector_p_cluster_470_AJ705_race4.FUN_014331-T1
effector_p_cluster_470_GCA_032206225.FUN_013632-T1	effector_p_cluster_782_GCA_001703205.FUN_012078-T1
effector_p_cluster_471_GCA_014843555.FUN_016824-T1	effector_p_cluster_471_GCA_014843555.FUN_016824-T1
effector_p_cluster_473_GCA_016170085.FUN_003952-T1	effector_p_cluster_473_GCA_016170085.FUN_003952-T1
effector_p_cluster_473_GCA_016170085.FUN_003952-T1	effector_p_cluster_473_Fusarium_fabacearum_ex_type.FUN_010351-T1
effector_p_cluster_476_GCA_014843415.FUN_014065-T1	effector_p_cluster_476_GCA_014843415.FUN_014065-T1
effector_p_cluster_476_GCA_014843415.FUN_014065-T1	effector_p_cluster_476_GCA_013347535.FUN_014698-T1
effector_p_cluster_476_GCA_014843415.FUN_014065-T1	effector_p_cluster_292_GCA_025203105.FUN_012080-T1
effector_p_cluster_476_GCA_014843415.FUN_014065-T1	effector_p_cluster_292_GCA_032206225.FUN_014279-T1
effector_p_cluster_479_GCA_016170085.FUN_008335-T1	effector_p_cluster_479_GCA_016170085.FUN_008335-T1
effector_p_cluster_479_GCA_016170085.FUN_008335-T1	effector_p_cluster_479_Fusarium_fabacearum_ex_type.FUN_004665-T1
effector_p_cluster_481_GCA_025267645.FUN_006254-T1	effector_p_cluster_481_GCA_025267645.FUN_006254-T1
effector_p_cluster_482_Fola2ENZA.FUN_008681-T1	effector_p_cluster_482_Fola2ENZA.FUN_008681-T1
effector_p_cluster_482_GCA_038050555.FUN_007838-T1	effector_p_cluster_482_GCA_038050555.FUN_007838-T1
effector_p_cluster_483_GCA_025216365.FUN_008514-T1	effector_p_cluster_483_GCA_025216365.FUN_008514-T1
effector_p_cluster_483_GCA_025216365.FUN_008514-T1	effector_p_cluster_483_GCA_023509805.FUN_009681-T1
effector_p_cluster_484_GCA_050947235.FUN_012997-T1	effector_p_cluster_484_GCA_050947235.FUN_012997-T1
effector_p_cluster_484_GCA_050947235.FUN_012997-T1	effector_p_cluster_484_AJ705_race4.FUN_014459-T1
effector_p_cluster_484_GCA_050947235.FUN_012997-T1	effector_p_cluster_248_GCA_050947235.FUN_014670-T1
effector_p_cluster_484_GCA_050947235.FUN_012997-T1	effector_p_cluster_248_AJ592_race4.FUN_014568-T1
effector_p_cluster_484_GCA_050947235.FUN_012997-T1	effector_p_cluster_625_GCA_048164945.FUN_012978-T1
effector_p_cluster_484_GCA_050947235.FUN_012997-T1	effector_p_cluster_237_GCA_025267645.FUN_010347-T1
effector_p_cluster_484_GCA_050947235.FUN_012997-T1	effector_p_cluster_237_GCA_019593505.FUN_013573-T1
effector_p_cluster_484_GCA_050947235.FUN_012997-T1	effector_p_cluster_438_Fusarium_phialophorum-barcode15.FUN_013908-T1
effector_p_cluster_484_GCA_050947235.FUN_012997-T1	effector_p_cluster_693_GCA_023509805.FUN_000709-T1
effector_p_cluster_484_GCA_050947235.FUN_012997-T1	effector_p_cluster_693_AJ592_race4.FUN_007369-T1
effector_p_cluster_484_GCA_050947235.FUN_012997-T1	effector_p_cluster_652_GCA_019670925.FUN_005179-T1
effector_p_cluster_484_GCA_050947235.FUN_012997-T1	effector_p_cluster_652_GCA_002234105.FUN_008540-T1
effector_p_cluster_485_GCA_020796175.FUN_004410-T1	effector_p_cluster_485_GCA_020796175.FUN_004410-T1
effector_p_cluster_485_GCA_020796175.FUN_004410-T1	effector_p_cluster_485_GCA_014843415.FUN_005088-T1
effector_p_cluster_486_GCA_050947235.FUN_011782-T1	effector_p_cluster_486_GCA_050947235.FUN_011782-T1
effector_p_cluster_489_GCA_014843415.FUN_016971-T1	effector_p_cluster_489_GCA_014843415.FUN_016971-T1
effector_p_cluster_489_GCA_014843555.FUN_015557-T1	effector_p_cluster_489_GCA_014843555.FUN_015557-T1
effector_p_cluster_48_GCA_032206225.FUN_003680-T1	effector_p_cluster_48_GCA_032206225.FUN_003680-T1
effector_p_cluster_48_GCA_032206225.FUN_003680-T1	effector_p_cluster_48_GCA_025203105.FUN_007858-T1
effector_p_cluster_490_GCA_019593505.FUN_002061-T1	effector_p_cluster_490_GCA_019593505.FUN_002061-T1
effector_p_cluster_490_GCA_019593505.FUN_002061-T1	effector_p_cluster_490_GCA_013347535.FUN_003792-T1
effector_p_cluster_820_GCA_013347535.FUN_014138-T1	effector_p_cluster_820_GCA_013347535.FUN_014138-T1
effector_p_cluster_820_GCA_049307005.FUN_015741-T1	effector_p_cluster_820_GCA_049307005.FUN_015741-T1
effector_p_cluster_821_GCA_000260495.FUN_015920-T1	effector_p_cluster_821_GCA_000260495.FUN_015920-T1
effector_p_cluster_821_GCA_019593505.FUN_016979-T1	effector_p_cluster_821_GCA_019593505.FUN_016979-T1
effector_p_cluster_822_GCA_001702495.FUN_003211-T1	effector_p_cluster_822_GCA_001702495.FUN_003211-T1
effector_p_cluster_822_GCA_001702495.FUN_003211-T1	effector_p_cluster_822_Fusarium_elaeidis_ex_type.FUN_000663-T1
effector_p_cluster_823_Fusarium_elaeidis_ex_type.FUN_015135-T1	effector_p_cluster_823_Fusarium_elaeidis_ex_type.FUN_015135-T1
effector_p_cluster_823_GCA_025203755.FUN_015463-T1	effector_p_cluster_823_GCA_025203755.FUN_015463-T1
effector_p_cluster_824_GCA_001703455.FUN_004881-T1	effector_p_cluster_824_GCA_001703455.FUN_004881-T1
effector_p_cluster_824_GCA_001703455.FUN_004881-T1	effector_p_cluster_824_GCA_001702495.FUN_006288-T1
effector_p_cluster_826_GCA_014843455.FUN_008685-T1	effector_p_cluster_826_GCA_014843455.FUN_008685-T1
effector_p_cluster_826_GCA_014843455.FUN_008685-T1	effector_p_cluster_826_GCA_001703205.FUN_009477-T1
effector_p_cluster_827_GCA_013423235.FUN_003145-T1	effector_p_cluster_827_GCA_013423235.FUN_003145-T1
effector_p_cluster_827_GCA_013423235.FUN_003145-T1	effector_p_cluster_827_Fusarium_kalimantanense_ex_type-barcode07.FUN_004966-T1
effector_p_cluster_829_GCA_000260495.FUN_005019-T1	effector_p_cluster_829_GCA_000260495.FUN_005019-T1
effector_p_cluster_829_GCA_021018635.FUN_013517-T1	effector_p_cluster_829_GCA_021018635.FUN_013517-T1
effector_p_cluster_82_GCA_001702845.FUN_010022-T1	effector_p_cluster_82_GCA_001702845.FUN_010022-T1
effector_p_cluster_82_GCA_001702845.FUN_010022-T1	effector_p_cluster_82_Fola1ENZA.FUN_014104-T1
effector_p_cluster_830_GCA_019593505.FUN_015140-T1	effector_p_cluster_830_GCA_019593505.FUN_015140-T1
effector_p_cluster_830_GCA_019593505.FUN_015140-T1	effector_p_cluster_830_GCA_001703205.FUN_012129-T1
effector_p_cluster_831_GCA_001703455.FUN_009236-T1	effector_p_cluster_831_GCA_001703455.FUN_009236-T1
effector_p_cluster_831_GCA_001703455.FUN_009236-T1	effector_p_cluster_831_GCA_013347535.FUN_013401-T1
effector_p_cluster_832_GCA_019670925.FUN_005629-T1	effector_p_cluster_832_GCA_019670925.FUN_005629-T1
effector_p_cluster_832_GCA_019670925.FUN_005629-T1	effector_p_cluster_832_GCA_013347535.FUN_015826-T1
effector_p_cluster_835_GCA_013347535.FUN_016831-T1	effector_p_cluster_835_GCA_013347535.FUN_016831-T1
effector_p_cluster_835_GCA_013347535.FUN_016831-T1	effector_p_cluster_835_GCA_013347535.FUN_011180-T1
effector_p_cluster_836_Fola4ENZA.FUN_009807-T1	effector_p_cluster_836_Fola4ENZA.FUN_009807-T1
effector_p_cluster_836_Fola4ENZA.FUN_009807-T1	effector_p_cluster_836_AJ705_race4.FUN_006392-T1
effector_p_cluster_837_Fola2ENZA.FUN_010272-T1	effector_p_cluster_837_Fola2ENZA.FUN_010272-T1
effector_p_cluster_837_Fola2ENZA.FUN_010272-T1	effector_p_cluster_837_Fola2ENZA.FUN_010260-T1
effector_p_cluster_838_AJ592_race4.FUN_012415-T1	effector_p_cluster_838_AJ592_race4.FUN_012415-T1
effector_p_cluster_838_AJ592_race4.FUN_012415-T1	effector_p_cluster_838_AJ516_race4.FUN_016518-T1
effector_p_cluster_839_Fola1ENZA.FUN_010882-T1	effector_p_cluster_839_Fola1ENZA.FUN_010882-T1
effector_p_cluster_839_Fola1ENZA.FUN_010882-T1	effector_p_cluster_839_AJ718_race1.FUN_010629-T1
effector_p_cluster_83_GCA_018894095.FUN_009866-T1	effector_p_cluster_83_GCA_018894095.FUN_009866-T1
effector_p_cluster_83_GCA_018894095.FUN_009866-T1	effector_p_cluster_83_GCA_013347535.FUN_013419-T1
effector_p_cluster_83_GCA_018894095.FUN_009866-T1	effector_p_cluster_295_GCA_025217005.FUN_012695-T1
effector_p_cluster_83_GCA_018894095.FUN_009866-T1	effector_p_cluster_295_GCA_016166325.FUN_001009-T1
effector_p_cluster_840_Fola2ENZA.FUN_011346-T1	effector_p_cluster_840_Fola2ENZA.FUN_011346-T1
effector_p_cluster_840_Fola2ENZA.FUN_011346-T1	effector_p_cluster_840_GCA_001702495.FUN_005493-T1
effector_p_cluster_841_Fusarium_phialophorum-barcode15.FUN_013007-T1	effector_p_cluster_841_Fusarium_phialophorum-barcode15.FUN_013007-T1
effector_p_cluster_841_Fusarium_phialophorum-barcode15.FUN_013007-T1	effector_p_cluster_921_Fusarium_cugenangense_ex_type-barcode01.FUN_009022-T1
effector_p_cluster_841_Fusarium_phialophorum-barcode15.FUN_013007-T1	effector_p_cluster_921_Fola3ENZA.FUN_009655-T1
effector_p_cluster_841_GCA_023509805.FUN_008628-T1	effector_p_cluster_841_GCA_023509805.FUN_008628-T1
effector_p_cluster_842_GCA_025203105.FUN_010065-T1	effector_p_cluster_842_GCA_025203105.FUN_010065-T1
effector_p_cluster_842_GCA_025203105.FUN_010065-T1	effector_p_cluster_842_GCA_002233855.FUN_012498-T1
effector_p_cluster_843_GCA_019593505.FUN_013754-T1	effector_p_cluster_843_GCA_019593505.FUN_013754-T1
effector_p_cluster_843_GCA_049307005.FUN_013339-T1	effector_p_cluster_843_GCA_049307005.FUN_013339-T1
effector_p_cluster_844_Fusarium_duoseptatum_ex_type-barcode03.FUN_014666-T1	effector_p_cluster_844_Fusarium_duoseptatum_ex_type-barcode03.FUN_014666-T1
effector_p_cluster_844_GCA_015227905.FUN_016634-T1	effector_p_cluster_844_GCA_015227905.FUN_016634-T1
effector_p_cluster_845_Fusarium_elaeidis_ex_type.FUN_014124-T1	effector_p_cluster_845_Fusarium_elaeidis_ex_type.FUN_014124-T1
effector_p_cluster_845_Fusarium_elaeidis_ex_type.FUN_014124-T1	effector_p_cluster_845_GCA_049306905.FUN_000006-T1
effector_p_cluster_847_Fusarium_kalimantanense_ex_type-barcode07.FUN_004840-T1	effector_p_cluster_847_Fusarium_kalimantanense_ex_type-barcode07.FUN_004840-T1
effector_p_cluster_847_Fusarium_kalimantanense_ex_type-barcode07.FUN_004840-T1	effector_p_cluster_847_GCA_014843455.FUN_003067-T1
effector_p_cluster_848_GCA_019671045.FUN_017820-T1	effector_p_cluster_848_GCA_019671045.FUN_017820-T1
effector_p_cluster_848_GCA_019671045.FUN_017820-T1	effector_p_cluster_848_Fusarium_glycines_ex_type.FUN_014247-T1
effector_p_cluster_849_GCA_000259975.FUN_007815-T1	effector_p_cluster_849_GCA_000259975.FUN_007815-T1
effector_p_cluster_849_GCA_002234045.FUN_012442-T1	effector_p_cluster_849_GCA_002234045.FUN_012442-T1
effector_p_cluster_850_Fusarium_kalimantanense_ex_type-barcode07.FUN_000003-T1	effector_p_cluster_850_Fusarium_kalimantanense_ex_type-barcode07.FUN_000003-T1
effector_p_cluster_850_GCA_001702845.FUN_014611-T1	effector_p_cluster_850_GCA_001702845.FUN_014611-T1
effector_p_cluster_851_Fusarium_kalimantanense_ex_type-barcode07.FUN_009758-T1	effector_p_cluster_851_Fusarium_kalimantanense_ex_type-barcode07.FUN_009758-T1
effector_p_cluster_851_GCA_025267645.FUN_013901-T1	effector_p_cluster_851_GCA_025267645.FUN_013901-T1
effector_p_cluster_852_GCA_003315725.FUN_012345-T1	effector_p_cluster_852_GCA_003315725.FUN_012345-T1
effector_p_cluster_852_GCA_003315725.FUN_012345-T1	effector_p_cluster_852_Fusarium_kalimantanense_ex_type-barcode07.FUN_012723-T1
effector_p_cluster_853_GCA_021018635.FUN_015204-T1	effector_p_cluster_853_GCA_021018635.FUN_015204-T1
effector_p_cluster_853_GCA_021018635.FUN_015204-T1	effector_p_cluster_853_Fusarium_phialophorum-barcode15.FUN_000060-T1
effector_p_cluster_854_GCA_032206225.FUN_004709-T1	effector_p_cluster_854_GCA_032206225.FUN_004709-T1
effector_p_cluster_854_GCA_032206225.FUN_004709-T1	effector_p_cluster_854_Fusarium_sp_128.FUN_003451-T1
effector_p_cluster_855_GCA_020796175.FUN_011854-T1	effector_p_cluster_855_GCA_020796175.FUN_011854-T1
effector_p_cluster_855_GCA_020796175.FUN_011854-T1	effector_p_cluster_855_GCA_015227905.FUN_016602-T1
effector_p_cluster_859_GCA_016170085.FUN_013763-T1	effector_p_cluster_859_GCA_016170085.FUN_013763-T1
effector_p_cluster_859_GCA_019593505.FUN_015141-T1	effector_p_cluster_859_GCA_019593505.FUN_015141-T1
effector_p_cluster_85_GCA_025203755.FUN_008258-T1	effector_p_cluster_85_GCA_025203755.FUN_008258-T1
effector_p_cluster_85_GCA_025203755.FUN_008258-T1	effector_p_cluster_85_GCA_001702695.FUN_003240-T1
effector_p_cluster_85_GCA_025203755.FUN_008258-T1	effector_p_cluster_595_GCA_001703205.FUN_009529-T1
effector_p_cluster_861_GCA_002234105.FUN_015405-T1	effector_p_cluster_861_GCA_002234105.FUN_015405-T1
effector_p_cluster_861_GCA_038050555.FUN_006349-T1	effector_p_cluster_861_GCA_038050555.FUN_006349-T1
effector_p_cluster_862_GCA_014843455.FUN_006859-T1	effector_p_cluster_862_GCA_014843455.FUN_006859-T1
effector_p_cluster_862_GCA_049307005.FUN_005560-T1	effector_p_cluster_862_GCA_049307005.FUN_005560-T1
effector_p_cluster_863_GCA_032206225.FUN_007174-T1	effector_p_cluster_863_GCA_032206225.FUN_007174-T1
effector_p_cluster_863_GCA_032206225.FUN_007174-T1	effector_p_cluster_863_GCA_020796175.FUN_016346-T1
effector_p_cluster_864_GCA_050947165.FUN_014927-T1	effector_p_cluster_864_GCA_050947165.FUN_014927-T1
effector_p_cluster_864_GCA_050947235.FUN_013683-T1	effector_p_cluster_864_GCA_050947235.FUN_013683-T1
effector_p_cluster_865_GCA_016166325.FUN_011820-T1	effector_p_cluster_865_GCA_016166325.FUN_011820-T1
effector_p_cluster_865_GCA_016166325.FUN_011820-T1	effector_p_cluster_865_GCA_014843445.FUN_015318-T1
effector_p_cluster_866_GCA_014843445.FUN_011840-T1	effector_p_cluster_866_GCA_014843445.FUN_011840-T1
effector_p_cluster_866_GCA_014843445.FUN_011840-T1	effector_p_cluster_866_GCA_014843415.FUN_013205-T1
effector_p_cluster_868_GCA_032206225.FUN_007561-T1	effector_p_cluster_868_GCA_032206225.FUN_007561-T1
effector_p_cluster_868_GCA_050947165.FUN_013042-T1	effector_p_cluster_868_GCA_050947165.FUN_013042-T1
effector_p_cluster_869_GCA_025217005.FUN_008158-T1	effector_p_cluster_869_GCA_025217005.FUN_008158-T1
effector_p_cluster_869_GCA_025217005.FUN_008158-T1	effector_p_cluster_869_GCA_025203755.FUN_008522-T1
effector_p_cluster_870_GCA_050947235.FUN_014132-T1	effector_p_cluster_870_GCA_050947235.FUN_014132-T1
effector_p_cluster_870_GCA_050947235.FUN_014132-T1	effector_p_cluster_870_GCA_050947165.FUN_015531-T1
effector_p_cluster_871_GCA_032206225.FUN_014559-T1	effector_p_cluster_871_GCA_032206225.FUN_014559-T1
effector_p_cluster_871_GCA_032206225.FUN_014559-T1	effector_p_cluster_871_GCA_032206225.FUN_007181-T1
effector_p_cluster_872_AJ865_race1.FUN_003996-T1	effector_p_cluster_872_AJ865_race1.FUN_003996-T1
effector_p_cluster_872_GCA_001702845.FUN_015352-T1	effector_p_cluster_872_GCA_001702845.FUN_015352-T1
effector_p_cluster_873_Fola1ENZA.FUN_009090-T1	effector_p_cluster_873_Fola1ENZA.FUN_009090-T1
effector_p_cluster_873_Fola1ENZA.FUN_009090-T1	effector_p_cluster_873_AJ865_race1.FUN_004328-T1
effector_p_cluster_874_AJ718_race1.FUN_009355-T1	effector_p_cluster_874_AJ718_race1.FUN_009355-T1
effector_p_cluster_874_AJ718_race1.FUN_009355-T1	effector_p_cluster_874_GCA_001702695.FUN_002344-T1
effector_p_cluster_875_AJ865_race1.FUN_016735-T1	effector_p_cluster_875_AJ865_race1.FUN_016735-T1
effector_p_cluster_875_AJ865_race1.FUN_016735-T1	effector_p_cluster_875_AJ718_race1.FUN_016610-T1
effector_p_cluster_876_GCA_050947235.FUN_005484-T1	effector_p_cluster_876_GCA_050947235.FUN_005484-T1
effector_p_cluster_876_GCA_050947235.FUN_005484-T1	effector_p_cluster_876_Fola2ENZA.FUN_005442-T1
effector_p_cluster_877_Fusarium_glycines_ex_type.FUN_002800-T1	effector_p_cluster_877_Fusarium_glycines_ex_type.FUN_002800-T1
effector_p_cluster_877_GCA_014839635.FUN_001140-T1	effector_p_cluster_877_GCA_014839635.FUN_001140-T1
effector_p_cluster_878_Fola3ENZA.FUN_016495-T1	effector_p_cluster_878_Fola3ENZA.FUN_016495-T1
effector_p_cluster_878_Fola3ENZA.FUN_016495-T1	effector_p_cluster_878_GCA_025216365.FUN_005142-T1
effector_p_cluster_879_Fusarium_glycines_ex_type.FUN_002764-T1	effector_p_cluster_879_Fusarium_glycines_ex_type.FUN_002764-T1
effector_p_cluster_879_Fusarium_glycines_ex_type.FUN_002764-T1	effector_p_cluster_879_Fusarium_cugenangense_ex_type-barcode01.FUN_009864-T1
effector_p_cluster_87_GCA_025267645.FUN_010969-T1	effector_p_cluster_87_GCA_025267645.FUN_010969-T1
effector_p_cluster_87_GCA_025267645.FUN_010969-T1	effector_p_cluster_87_Fusarium_phialophorum-barcode15.FUN_002898-T1
effector_p_cluster_880_GCA_014843555.FUN_017007-T1	effector_p_cluster_880_GCA_014843555.FUN_017007-T1
effector_p_cluster_880_GCA_014843555.FUN_017007-T1	effector_p_cluster_880_Fusarium_cugenangense_ex_type-barcode01.FUN_011151-T1
effector_p_cluster_881_GCA_016166325.FUN_011944-T1	effector_p_cluster_881_GCA_016166325.FUN_011944-T1
effector_p_cluster_881_GCA_016166325.FUN_011944-T1	effector_p_cluster_881_GCA_014843555.FUN_015257-T1
effector_p_cluster_882_GCA_002234105.FUN_006609-T1	effector_p_cluster_882_GCA_002234105.FUN_006609-T1
effector_p_cluster_882_GCA_002234105.FUN_006609-T1	effector_p_cluster_882_GCA_002233855.FUN_003987-T1
effector_p_cluster_883_GCA_025203105.FUN_004563-T1	effector_p_cluster_883_GCA_025203105.FUN_004563-T1
effector_p_cluster_883_GCA_025203105.FUN_004563-T1	effector_p_cluster_883_Fusarium_glycines_ex_type.FUN_004260-T1
effector_p_cluster_884_GCA_025216365.FUN_010726-T1	effector_p_cluster_884_GCA_025216365.FUN_010726-T1
effector_p_cluster_884_GCA_025216365.FUN_010726-T1	effector_p_cluster_884_Fusarium_elaeidis_ex_type.FUN_012053-T1
effector_p_cluster_885_Fusarium_fabacearum_ex_type.FUN_015480-T1	effector_p_cluster_885_Fusarium_fabacearum_ex_type.FUN_015480-T1
effector_p_cluster_885_Fusarium_fabacearum_ex_type.FUN_015480-T1	effector_p_cluster_885_Fusarium_elaeidis.FUN_013999-T1
effector_p_cluster_886_GCA_032206225.FUN_014714-T1	effector_p_cluster_886_GCA_032206225.FUN_014714-T1
effector_p_cluster_886_GCA_032206225.FUN_014714-T1	effector_p_cluster_886_Fusarium_fabacearum_ex_type.FUN_002344-T1
effector_p_cluster_887_GCA_018894095.FUN_012712-T1	effector_p_cluster_887_GCA_018894095.FUN_012712-T1
effector_p_cluster_887_GCA_018894095.FUN_012712-T1	effector_p_cluster_887_Fusarium_fabacearum_ex_type.FUN_012150-T1
effector_p_cluster_888_Fusarium_gossypinum_ex_type.FUN_014572-T1	effector_p_cluster_888_Fusarium_gossypinum_ex_type.FUN_014572-T1
effector_p_cluster_888_Fusarium_gossypinum_ex_type.FUN_014572-T1	effector_p_cluster_888_Fusarium_glycines_ex_type.FUN_008189-T1
effector_p_cluster_888_Fusarium_gossypinum_ex_type.FUN_014572-T1	effector_p_cluster_923_GCA_002234015.FUN_009779-T1
effector_p_cluster_888_Fusarium_gossypinum_ex_type.FUN_014572-T1	effector_p_cluster_923_Fusarium_cugenangense_ex_type-barcode01.FUN_011632-T1
effector_p_cluster_88_GCA_001703455.FUN_013107-T1	effector_p_cluster_88_GCA_001703455.FUN_013107-T1
effector_p_cluster_88_GCA_001703455.FUN_013107-T1	effector_p_cluster_88_GCA_001702495.FUN_013209-T1
effector_p_cluster_890_GCA_025217005.FUN_011684-T1	effector_p_cluster_890_GCA_025217005.FUN_011684-T1
effector_p_cluster_890_GCA_025217005.FUN_011684-T1	effector_p_cluster_890_Fusarium_gossypinum_ex_type.FUN_009601-T1
effector_p_cluster_891_GCA_014839635.FUN_011272-T1	effector_p_cluster_891_GCA_014839635.FUN_011272-T1
effector_p_cluster_891_GCA_014843555.FUN_013508-T1	effector_p_cluster_891_GCA_014843555.FUN_013508-T1
effector_p_cluster_892_GCA_038050555.FUN_009228-T1	effector_p_cluster_892_GCA_038050555.FUN_009228-T1
effector_p_cluster_892_GCA_038050555.FUN_009228-T1	effector_p_cluster_892_GCA_018894095.FUN_008455-T1
effector_p_cluster_893_GCA_032206225.FUN_002908-T1	effector_p_cluster_893_GCA_032206225.FUN_002908-T1
effector_p_cluster_893_GCA_032206225.FUN_002908-T1	effector_p_cluster_893_GCA_003315725.FUN_002738-T1
effector_p_cluster_894_GCA_049307005.FUN_005383-T1	effector_p_cluster_894_GCA_049307005.FUN_005383-T1
effector_p_cluster_894_GCA_049307005.FUN_005383-T1	effector_p_cluster_894_GCA_049306905.FUN_005322-T1
effector_p_cluster_896_GCA_014843555.FUN_017176-T1	effector_p_cluster_896_GCA_014843555.FUN_017176-T1
effector_p_cluster_896_GCA_014843555.FUN_017176-T1	effector_p_cluster_896_Fusarium_sp_128.FUN_015122-T1
effector_p_cluster_897_GCA_021018635.FUN_015219-T1	effector_p_cluster_897_GCA_021018635.FUN_015219-T1
effector_p_cluster_897_GCA_021018635.FUN_015219-T1	effector_p_cluster_897_GCA_000259975.FUN_015028-T1
effector_p_cluster_897_GCA_021018635.FUN_015219-T1	effector_p_cluster_513_GCA_025203105.FUN_006241-T1
effector_p_cluster_897_GCA_021018635.FUN_015219-T1	effector_p_cluster_513_GCA_014843555.FUN_016391-T1
effector_p_cluster_897_GCA_021018635.FUN_015219-T1	effector_p_cluster_546_GCA_001702495.FUN_015337-T1
effector_p_cluster_897_GCA_021018635.FUN_015219-T1	effector_p_cluster_965_GCA_019593505.FUN_017200-T1
effector_p_cluster_897_GCA_021018635.FUN_015219-T1	effector_p_cluster_856_GCA_021018635.FUN_011461-T1
effector_p_cluster_897_GCA_021018635.FUN_015219-T1	effector_p_cluster_856_GCA_003315725.FUN_004480-T1
effector_p_cluster_898_GCA_003315725.FUN_000024-T1	effector_p_cluster_898_GCA_003315725.FUN_000024-T1
effector_p_cluster_898_GCA_003315725.FUN_000024-T1	effector_p_cluster_898_GCA_000260495.FUN_000027-T1
effector_p_cluster_899_GCA_021018635.FUN_000043-T1	effector_p_cluster_899_GCA_021018635.FUN_000043-T1
effector_p_cluster_899_GCA_021018635.FUN_000043-T1	effector_p_cluster_899_GCA_003315725.FUN_000038-T1
effector_p_cluster_89_Fola1ENZA.FUN_015090-T1	effector_p_cluster_89_Fola1ENZA.FUN_015090-T1
effector_p_cluster_89_GCA_018894095.FUN_008796-T1	effector_p_cluster_89_GCA_018894095.FUN_008796-T1
effector_p_cluster_900_GCA_001702495.FUN_007335-T1	effector_p_cluster_900_GCA_001702495.FUN_007335-T1
effector_p_cluster_900_GCA_021018635.FUN_009512-T1	effector_p_cluster_900_GCA_021018635.FUN_009512-T1
effector_p_cluster_901_GCA_001703455.FUN_014590-T1	effector_p_cluster_901_GCA_001703455.FUN_014590-T1
effector_p_cluster_901_GCA_025203105.FUN_009885-T1	effector_p_cluster_901_GCA_025203105.FUN_009885-T1
effector_p_cluster_905_GCA_002234105.FUN_011889-T1	effector_p_cluster_905_GCA_002234105.FUN_011889-T1
effector_p_cluster_905_GCA_002234105.FUN_011889-T1	effector_p_cluster_905_GCA_002233855.FUN_011764-T1
effector_p_cluster_907_GCA_003315725.FUN_015586-T1	effector_p_cluster_907_GCA_003315725.FUN_015586-T1
effector_p_cluster_907_GCA_018894095.FUN_009773-T1	effector_p_cluster_907_GCA_018894095.FUN_009773-T1
effector_p_cluster_908_GCA_020796175.FUN_015231-T1	effector_p_cluster_908_GCA_020796175.FUN_015231-T1
effector_p_cluster_908_GCA_020796175.FUN_015231-T1	effector_p_cluster_908_GCA_013423235.FUN_014446-T1
effector_p_cluster_909_GCA_019671045.FUN_008120-T1	effector_p_cluster_909_GCA_019671045.FUN_008120-T1
effector_p_cluster_909_GCA_019671045.FUN_008120-T1	effector_p_cluster_909_GCA_020796175.FUN_016658-T1
effector_p_cluster_90_GCA_023509805.FUN_012201-T1	effector_p_cluster_90_GCA_023509805.FUN_012201-T1
effector_p_cluster_90_GCA_050947235.FUN_013142-T1	effector_p_cluster_90_GCA_050947235.FUN_013142-T1
effector_p_cluster_910_GCA_014839635.FUN_007750-T1	effector_p_cluster_910_GCA_014839635.FUN_007750-T1
effector_p_cluster_910_GCA_014839635.FUN_007750-T1	effector_p_cluster_910_GCA_019671045.FUN_007132-T1
effector_p_cluster_210_GCA_050947235.FUN_001051-T1	effector_p_cluster_210_GCA_050947235.FUN_001051-T1
effector_p_cluster_210_GCA_050947235.FUN_001051-T1	effector_p_cluster_210_GCA_015227905.FUN_000364-T1
effector_p_cluster_210_GCA_050947235.FUN_001051-T1	effector_p_cluster_133_Fusarium_duoseptatum_ex_type-barcode03.FUN_008672-T1
effector_p_cluster_210_GCA_050947235.FUN_001051-T1	effector_p_cluster_133_Fola2ENZA.FUN_008127-T1
effector_p_cluster_210_GCA_050947235.FUN_001051-T1	effector_p_cluster_186_GCA_002234045.FUN_006153-T1
effector_p_cluster_210_GCA_050947235.FUN_001051-T1	effector_p_cluster_186_AJ865_race1.FUN_010835-T1
effector_p_cluster_212_AJ520_race1.FUN_001322-T1	effector_p_cluster_212_AJ520_race1.FUN_001322-T1
effector_p_cluster_212_Fola3ENZA.FUN_000739-T1	effector_p_cluster_212_Fola3ENZA.FUN_000739-T1
effector_p_cluster_213_GCA_019671045.FUN_001807-T1	effector_p_cluster_213_GCA_019671045.FUN_001807-T1
effector_p_cluster_213_GCA_019671045.FUN_001807-T1	effector_p_cluster_213_GCA_025217005.FUN_003339-T1
effector_p_cluster_213_GCA_019671045.FUN_001807-T1	effector_p_cluster_176_GCA_038050555.FUN_009317-T1
effector_p_cluster_213_GCA_019671045.FUN_001807-T1	effector_p_cluster_176_AJ865_race1.FUN_009789-T1
effector_p_cluster_216_GCA_025217005.FUN_004864-T1	effector_p_cluster_216_GCA_025217005.FUN_004864-T1
effector_p_cluster_216_GCA_025217005.FUN_004864-T1	effector_p_cluster_216_Fusarium_gossypinum_ex_type.FUN_009260-T1
effector_p_cluster_216_GCA_025217005.FUN_004864-T1	effector_p_cluster_145_GCA_015227905.FUN_006905-T1
effector_p_cluster_216_GCA_025217005.FUN_004864-T1	effector_p_cluster_145_Fusarium_gossypinum_ex_type.FUN_004360-T1
effector_p_cluster_218_GCA_050947165.FUN_007139-T1	effector_p_cluster_218_GCA_050947165.FUN_007139-T1
effector_p_cluster_218_GCA_050947165.FUN_007139-T1	effector_p_cluster_218_Fola4ENZA.FUN_006925-T1
effector_p_cluster_218_GCA_050947165.FUN_007139-T1	effector_p_cluster_324_GCA_021018635.FUN_003536-T1
effector_p_cluster_218_GCA_050947165.FUN_007139-T1	effector_p_cluster_324_Fusarium_duoseptatum_ex_type-barcode03.FUN_006786-T1
effector_p_cluster_218_GCA_050947165.FUN_007139-T1	effector_p_cluster_31_GCA_014839635.FUN_009806-T1
effector_p_cluster_218_GCA_050947165.FUN_007139-T1	effector_p_cluster_31_GCA_013347535.FUN_006975-T1
effector_p_cluster_219_Fusarium_duoseptatum_ex_type-barcode03.FUN_006533-T1	effector_p_cluster_219_Fusarium_duoseptatum_ex_type-barcode03.FUN_006533-T1
effector_p_cluster_219_Fusarium_duoseptatum_ex_type-barcode03.FUN_006533-T1	effector_p_cluster_219_Fola1ENZA.FUN_008486-T1
effector_p_cluster_220_GCA_023509805.FUN_004120-T1	effector_p_cluster_220_GCA_023509805.FUN_004120-T1
effector_p_cluster_220_GCA_023509805.FUN_004120-T1	effector_p_cluster_220_Fusarium_sp_128.FUN_004732-T1
effector_p_cluster_221_GCA_019671045.FUN_016004-T1	effector_p_cluster_221_GCA_019671045.FUN_016004-T1
effector_p_cluster_221_GCA_019671045.FUN_016004-T1	effector_p_cluster_221_AJ705_race4.FUN_003086-T1
effector_p_cluster_222_Fusarium_glycines_ex_type.FUN_004057-T1	effector_p_cluster_222_Fusarium_glycines_ex_type.FUN_004057-T1
effector_p_cluster_222_Fusarium_glycines_ex_type.FUN_004057-T1	effector_p_cluster_222_Fola4ENZA.FUN_006126-T1
effector_p_cluster_225_GCA_016166325.FUN_010278-T1	effector_p_cluster_225_GCA_016166325.FUN_010278-T1
effector_p_cluster_225_GCA_016166325.FUN_010278-T1	effector_p_cluster_225_GCA_015227905.FUN_010629-T1
effector_p_cluster_226_GCA_019671045.FUN_003564-T1	effector_p_cluster_226_GCA_019671045.FUN_003564-T1
effector_p_cluster_226_GCA_019671045.FUN_003564-T1	effector_p_cluster_226_Fusarium_gossypinum_ex_type.FUN_010147-T1
effector_p_cluster_227_AJ520_race1.FUN_007274-T1	effector_p_cluster_227_AJ520_race1.FUN_007274-T1
effector_p_cluster_227_AJ520_race1.FUN_007274-T1	effector_p_cluster_227_Fusarium_kalimantanense_ex_type-barcode07.FUN_003785-T1
effector_p_cluster_228_GCA_032206225.FUN_010545-T1	effector_p_cluster_228_GCA_032206225.FUN_010545-T1
effector_p_cluster_228_GCA_032206225.FUN_010545-T1	effector_p_cluster_228_GCA_000260495.FUN_006576-T1
effector_p_cluster_229_GCA_025267645.FUN_001728-T1	effector_p_cluster_229_GCA_025267645.FUN_001728-T1
effector_p_cluster_229_GCA_025267645.FUN_001728-T1	effector_p_cluster_229_GCA_014843555.FUN_010638-T1
effector_p_cluster_22_GCA_016170085.FUN_010198-T1	effector_p_cluster_22_GCA_016170085.FUN_010198-T1
effector_p_cluster_22_GCA_016170085.FUN_010198-T1	effector_p_cluster_22_Fola3ENZA.FUN_012616-T1
effector_p_cluster_22_GCA_016170085.FUN_010198-T1	effector_p_cluster_303_GCA_023509805.FUN_009919-T1
effector_p_cluster_22_GCA_016170085.FUN_010198-T1	effector_p_cluster_303_GCA_050947165.FUN_011915-T1
effector_p_cluster_22_GCA_016170085.FUN_010198-T1	effector_p_cluster_56_GCA_014843555.FUN_001958-T1
effector_p_cluster_22_GCA_016170085.FUN_010198-T1	effector_p_cluster_56_AJ592_race4.FUN_000062-T1
effector_p_cluster_232_GCA_015227905.FUN_011069-T1	effector_p_cluster_232_GCA_015227905.FUN_011069-T1
effector_p_cluster_232_GCA_015227905.FUN_011069-T1	effector_p_cluster_232_GCA_014843445.FUN_002367-T1
effector_p_cluster_232_GCA_015227905.FUN_011069-T1	effector_p_cluster_1023_Fusarium_glycines_ex_type.FUN_015315-T1
effector_p_cluster_232_GCA_015227905.FUN_011069-T1	effector_p_cluster_214_GCA_013423235.FUN_005255-T1
effector_p_cluster_232_GCA_015227905.FUN_011069-T1	effector_p_cluster_214_AJ516_race4.FUN_002098-T1
effector_p_cluster_232_GCA_015227905.FUN_011069-T1	effector_p_cluster_1045_Fusarium_phialophorum-barcode15.FUN_014695-T1
effector_p_cluster_232_GCA_015227905.FUN_011069-T1	effector_p_cluster_194_GCA_009755825.FUN_012011-T1
effector_p_cluster_232_GCA_015227905.FUN_011069-T1	effector_p_cluster_194_Fusarium_gossypinum_ex_type.FUN_007460-T1
effector_p_cluster_232_GCA_015227905.FUN_011069-T1	effector_p_cluster_392_GCA_014843455.FUN_008208-T1
effector_p_cluster_232_GCA_015227905.FUN_011069-T1	effector_p_cluster_392_Fusarium_gossypinum_ex_type.FUN_010709-T1
effector_p_cluster_232_GCA_015227905.FUN_011069-T1	effector_p_cluster_639_GCA_014843555.FUN_002763-T1
effector_p_cluster_232_GCA_015227905.FUN_011069-T1	effector_p_cluster_639_GCA_049306905.FUN_002728-T1
effector_p_cluster_232_GCA_015227905.FUN_011069-T1	effector_p_cluster_947_GCA_019670925.FUN_012317-T1
effector_p_cluster_232_GCA_015227905.FUN_011069-T1	effector_p_cluster_726_GCA_000260495.FUN_004521-T1
effector_p_cluster_232_GCA_015227905.FUN_011069-T1	effector_p_cluster_53_GCA_032206225.FUN_015024-T1
effector_p_cluster_232_GCA_015227905.FUN_011069-T1	effector_p_cluster_53_GCA_013423235.FUN_013904-T1
effector_p_cluster_234_AJ718_race1.FUN_007507-T1	effector_p_cluster_234_AJ718_race1.FUN_007507-T1
effector_p_cluster_234_AJ718_race1.FUN_007507-T1	effector_p_cluster_234_GCA_002234015.FUN_009777-T1
effector_p_cluster_235_GCA_019671045.FUN_011426-T1	effector_p_cluster_235_GCA_019671045.FUN_011426-T1
effector_p_cluster_235_GCA_019671045.FUN_011426-T1	effector_p_cluster_235_Fola4ENZA.FUN_012082-T1
effector_p_cluster_238_GCA_050947235.FUN_002622-T1	effector_p_cluster_238_GCA_050947235.FUN_002622-T1
effector_p_cluster_238_GCA_050947235.FUN_002622-T1	effector_p_cluster_238_GCA_025203105.FUN_010009-T1
effector_p_cluster_239_Fusarium_fabacearum_ex_type.FUN_003006-T1	effector_p_cluster_239_Fusarium_fabacearum_ex_type.FUN_003006-T1
effector_p_cluster_239_Fusarium_fabacearum_ex_type.FUN_003006-T1	effector_p_cluster_239_GCA_015227905.FUN_004596-T1
effector_p_cluster_23_GCA_002233855.FUN_014196-T1	effector_p_cluster_23_GCA_002233855.FUN_014196-T1
effector_p_cluster_23_GCA_002233855.FUN_014196-T1	effector_p_cluster_23_AJ705_race4.FUN_010033-T1
effector_p_cluster_23_GCA_002233855.FUN_014196-T1	effector_p_cluster_656_GCA_013423235.FUN_011992-T1
effector_p_cluster_23_GCA_002233855.FUN_014196-T1	effector_p_cluster_656_GCA_001703455.FUN_014285-T1
effector_p_cluster_23_GCA_002233855.FUN_014196-T1	effector_p_cluster_704_Fusarium_duoseptatum_ex_type-barcode03.FUN_002059-T1
effector_p_cluster_23_GCA_002233855.FUN_014196-T1	effector_p_cluster_704_Fusarium_phialophorum-barcode15.FUN_003813-T1
effector_p_cluster_240_GCA_025267645.FUN_005201-T1	effector_p_cluster_240_GCA_025267645.FUN_005201-T1
effector_p_cluster_240_GCA_025267645.FUN_005201-T1	effector_p_cluster_240_GCA_025203105.FUN_001501-T1
effector_p_cluster_242_Fusarium_cugenangense_ex_type-barcode01.FUN_004713-T1	effector_p_cluster_242_Fusarium_cugenangense_ex_type-barcode01.FUN_004713-T1
effector_p_cluster_242_Fusarium_cugenangense_ex_type-barcode01.FUN_004713-T1	effector_p_cluster_156_GCA_025203105.FUN_001708-T1
effector_p_cluster_242_Fusarium_cugenangense_ex_type-barcode01.FUN_004713-T1	effector_p_cluster_156_GCA_049306905.FUN_013399-T1
effector_p_cluster_242_Fusarium_cugenangense_ex_type-barcode01.FUN_004713-T1	effector_p_cluster_242_GCA_049306905.FUN_006297-T1
effector_p_cluster_242_Fusarium_cugenangense_ex_type-barcode01.FUN_004713-T1	effector_p_cluster_359_GCA_049307005.FUN_005883-T1
effector_p_cluster_242_Fusarium_cugenangense_ex_type-barcode01.FUN_004713-T1	effector_p_cluster_359_GCA_023509805.FUN_006452-T1
effector_p_cluster_243_AJ592_race4.FUN_008228-T1	effector_p_cluster_243_AJ592_race4.FUN_008228-T1
effector_p_cluster_243_AJ592_race4.FUN_008228-T1	effector_p_cluster_243_GCA_000259975.FUN_000511-T1
effector_p_cluster_244_GCA_014839635.FUN_007640-T1	effector_p_cluster_244_GCA_014839635.FUN_007640-T1
effector_p_cluster_244_GCA_014839635.FUN_007640-T1	effector_p_cluster_244_GCA_000260495.FUN_009692-T1
effector_p_cluster_246_Fusarium_glycines_ex_type.FUN_014643-T1	effector_p_cluster_246_Fusarium_glycines_ex_type.FUN_014643-T1
effector_p_cluster_246_Fusarium_glycines_ex_type.FUN_014643-T1	effector_p_cluster_246_Fola1ENZA.FUN_015799-T1
effector_p_cluster_247_GCA_014843445.FUN_013613-T1	effector_p_cluster_247_GCA_014843445.FUN_013613-T1
effector_p_cluster_247_GCA_014843445.FUN_013613-T1	effector_p_cluster_247_Fusarium_kalimantanense_ex_type-barcode07.FUN_014254-T1
effector_p_cluster_249_GCA_025216365.FUN_013153-T1	effector_p_cluster_249_GCA_025216365.FUN_013153-T1
effector_p_cluster_249_GCA_025216365.FUN_013153-T1	effector_p_cluster_249_GCA_013347535.FUN_014480-T1
effector_p_cluster_24_Fola2ENZA.FUN_017052-T1	effector_p_cluster_24_Fola2ENZA.FUN_017052-T1
effector_p_cluster_24_Fola2ENZA.FUN_017052-T1	effector_p_cluster_24_GCA_002234105.FUN_007643-T1
effector_p_cluster_24_Fola2ENZA.FUN_017052-T1	effector_p_cluster_440_GCA_002234105.FUN_002147-T1
effector_p_cluster_24_Fola2ENZA.FUN_017052-T1	effector_p_cluster_440_GCA_001702495.FUN_002423-T1
effector_p_cluster_24_Fola2ENZA.FUN_017052-T1	effector_p_cluster_745_GCA_021018635.FUN_012132-T1
effector_p_cluster_24_Fola2ENZA.FUN_017052-T1	effector_p_cluster_745_Fusarium_gossypinum_ex_type.FUN_014428-T1
effector_p_cluster_24_Fola2ENZA.FUN_017052-T1	effector_p_cluster_775_GCA_019593505.FUN_013452-T1
effector_p_cluster_24_Fola2ENZA.FUN_017052-T1	effector_p_cluster_1105_GCA_014843455.FUN_017367-T1
effector_p_cluster_24_Fola2ENZA.FUN_017052-T1	effector_p_cluster_271_GCA_025267645.FUN_003805-T1
effector_p_cluster_24_Fola2ENZA.FUN_017052-T1	effector_p_cluster_271_GCA_002233855.FUN_008464-T1
effector_p_cluster_24_Fola2ENZA.FUN_017052-T1	effector_p_cluster_769_GCA_014843455.FUN_017061-T1
effector_p_cluster_24_Fola2ENZA.FUN_017052-T1	effector_p_cluster_769_GCA_014843455.FUN_016646-T1
effector_p_cluster_250_GCA_014843555.FUN_014252-T1	effector_p_cluster_250_GCA_014843555.FUN_014252-T1
effector_p_cluster_250_GCA_014843555.FUN_014252-T1	effector_p_cluster_250_GCA_032206225.FUN_015292-T1
effector_p_cluster_252_GCA_002234045.FUN_009317-T1	effector_p_cluster_252_GCA_002234045.FUN_009317-T1
effector_p_cluster_252_GCA_002234045.FUN_009317-T1	effector_p_cluster_252_Fusarium_elaeidis_ex_type.FUN_010626-T1
effector_p_cluster_252_GCA_002234045.FUN_009317-T1	effector_p_cluster_116_GCA_025203755.FUN_001038-T1
effector_p_cluster_252_GCA_002234045.FUN_009317-T1	effector_p_cluster_116_GCA_014843415.FUN_008668-T1
effector_p_cluster_252_GCA_002234045.FUN_009317-T1	effector_p_cluster_312_Fusarium_glycines_ex_type.FUN_013276-T1
effector_p_cluster_252_GCA_002234045.FUN_009317-T1	effector_p_cluster_312_GCA_013347535.FUN_015797-T1
effector_p_cluster_254_GCA_002234105.FUN_010332-T1	effector_p_cluster_254_GCA_002234105.FUN_010332-T1
effector_p_cluster_254_GCA_002234105.FUN_010332-T1	effector_p_cluster_254_GCA_001702845.FUN_013113-T1
effector_p_cluster_255_GCA_019670925.FUN_008178-T1	effector_p_cluster_255_GCA_019670925.FUN_008178-T1
effector_p_cluster_255_GCA_019670925.FUN_008178-T1	effector_p_cluster_255_Fusarium_phialophorum-barcode15.FUN_013524-T1
effector_p_cluster_255_GCA_019670925.FUN_008178-T1	effector_p_cluster_100_GCA_020796175.FUN_000545-T1
effector_p_cluster_255_GCA_019670925.FUN_008178-T1	effector_p_cluster_100_AJ592_race4.FUN_001452-T1
effector_p_cluster_257_GCA_014843555.FUN_015228-T1	effector_p_cluster_257_GCA_014843555.FUN_015228-T1
effector_p_cluster_257_GCA_014843555.FUN_015228-T1	effector_p_cluster_257_GCA_001702845.FUN_011817-T1
