AJ865_race1_FUN_000053	AJ520_race1_FUN_000054	264	1.004E+00	1.000E+00	1.000E+00	1.213E-02
AJ865_race1_FUN_000053	AJ592_race4_FUN_000037	264	1.004E+00	1.000E+00	1.000E+00	1.213E-02
AJ865_race1_FUN_000053	AJ865_race1_FUN_000053	264	1.004E+00	1.000E+00	1.000E+00	1.213E-02
AJ865_race1_FUN_000053	GCA_001703205_FUN_000069	271	8.709E-01	8.677E-01	8.583E-01	4.221E+00
AJ865_race1_FUN_000053	Fusarium_gossypinum_ex_type_FUN_000050	219	5.064E-01	3.545E-01	2.131E-01	6.566E+00
AJ865_race1_FUN_000053	GCA_001703455_FUN_000315	219	5.064E-01	3.545E-01	2.131E-01	6.566E+00
AJ865_race1_FUN_000053	GCA_009755825_FUN_000023	206	3.751E-01	2.850E-01	2.055E-01	2.193E+01
AJ865_race1_FUN_000053	GCA_002233855_FUN_000172	234	3.021E-01	2.319E-01	1.476E-01	1.862E+01
AJ865_race1_FUN_000053	GCA_009755825_FUN_000084	217	3.792E-01	2.693E-01	3.170E-01	1.819E+01
AJ865_race1_FUN_000053	GCA_025267645_FUN_000218	214	4.004E-01	2.930E-01	3.074E-01	1.150E+01
AJ865_race1_FUN_000053	Fusarium_fabacearum_ex_type_FUN_000005	208	4.400E-01	2.934E-01	3.407E-01	7.166E+00
AJ865_race1_FUN_000053	Fusarium_sp_128_FUN_000003	177	4.977E-01	2.496E-01	1.943E-01	6.900E+00
AJ865_race1_FUN_000053	Fusarium_elaeidis_ex_type_FUN_000039	190	4.023E-01	2.576E-01	2.816E-01	1.654E+01
AJ865_race1_FUN_000053	Fola1ENZA_FUN_000069	78	2.860E-01	1.091E-01	1.163E-01	1.319E+01
AJ865_race1_FUN_000053	GCA_020796175_FUN_000007	78	2.860E-01	1.091E-01	1.163E-01	1.319E+01
AJ865_race1_FUN_000053	GCA_025203105_FUN_000007	153	2.228E-01	1.168E-01	1.481E-01	1.673E+01
AJ865_race1_FUN_000053	Fola2ENZA_FUN_000005	87	3.095E-01	1.063E-01	1.702E-01	1.125E+01
AJ865_race1_FUN_000053	GCA_019671045_FUN_000060	146	1.912E-01	9.948E-02	1.212E-01	1.774E+01
AJ865_race1_FUN_000053	Fola4ENZA_FUN_000007	72	2.894E-01	1.025E-01	1.908E-01	1.366E+01
AJ865_race1_FUN_000053	Fusarium_phialophorum-barcode15_FUN_000015	72	2.894E-01	1.025E-01	1.908E-01	1.366E+01
AJ865_race1_FUN_000053	Fusarium_sp_128_FUN_000005	72	2.894E-01	1.025E-01	1.908E-01	1.366E+01
AJ865_race1_FUN_000053	GCA_001702695_FUN_000007	72	2.894E-01	1.025E-01	1.908E-01	1.366E+01
AJ865_race1_FUN_000053	GCA_003315725_FUN_000001	72	2.894E-01	1.025E-01	1.908E-01	1.366E+01
AJ865_race1_FUN_000053	GCA_014843455_FUN_000006	72	2.894E-01	1.025E-01	1.908E-01	1.366E+01
AJ865_race1_FUN_000053	GCA_021018635_FUN_000006	72	2.894E-01	1.025E-01	1.908E-01	1.366E+01
AJ865_race1_FUN_000053	GCA_032206225_FUN_000002	72	2.894E-01	1.025E-01	1.908E-01	1.366E+01
AJ865_race1_FUN_000053	GCA_025267645_FUN_000212	98	3.367E-01	1.348E-01	1.730E-01	7.463E+00
AJ865_race1_FUN_000053	GCA_019670925_FUN_000050	138	2.576E-01	1.326E-01	1.625E-01	1.521E+01
AJ865_race1_FUN_000053	GCA_015227905_FUN_000281	124	2.292E-01	1.159E-01	1.302E-01	1.068E+01
AJ865_race1_FUN_000053	Fusarium_gossypinum_ex_type_FUN_000200	151	1.576E-01	9.711E-02	1.013E-01	2.339E+01
AJ865_race1_FUN_000053	Fusarium_cugenangense_ex_type-barcode01_FUN_000019	111	2.670E-01	1.049E-01	1.943E-01	1.635E+01
AJ865_race1_FUN_000053	GCA_013347535_FUN_000021	111	2.670E-01	1.049E-01	1.943E-01	1.635E+01
AJ865_race1_FUN_000053	GCA_014843415_FUN_000016	111	2.670E-01	1.049E-01	1.943E-01	1.635E+01
AJ865_race1_FUN_000053	GCA_014843555_FUN_000005	111	2.670E-01	1.049E-01	1.943E-01	1.635E+01
AJ865_race1_FUN_000053	GCA_050947165_FUN_000034	133	2.189E-01	9.710E-02	1.149E-01	1.334E+01
AJ865_race1_FUN_000053	GCA_050947235_FUN_000045	133	2.189E-01	9.710E-02	1.149E-01	1.334E+01
AJ865_race1_FUN_000053	GCA_001703455_FUN_000164	151	1.635E-01	9.726E-02	1.041E-01	2.272E+01
AJ865_race1_FUN_000053	GCA_019593505_FUN_000203	73	1.958E-01	7.424E-02	1.495E-01	9.633E+00
AJ865_race1_FUN_000053	AJ718_race1_FUN_000294	132	2.118E-01	9.792E-02	8.948E-02	1.322E+01
AJ865_race1_FUN_000053	GCA_049306905_FUN_000037	22	5.816E-01	6.738E-02	8.982E-02	3.646E+00
AJ865_race1_FUN_000053	GCA_025267645_FUN_000197	98	1.614E-01	7.035E-02	8.103E-02	1.194E+01
AJ865_race1_FUN_000053	Fola3ENZA_FUN_000009	78	2.576E-01	1.025E-01	1.086E-01	1.409E+01
AJ865_race1_FUN_000053	GCA_014843445_FUN_000023	78	2.576E-01	1.025E-01	1.086E-01	1.409E+01
AJ865_race1_FUN_000053	Fusarium_sp_128_FUN_000001	69	3.556E-01	7.543E-02	1.812E-01	1.145E+01
AJ865_race1_FUN_000053	Fusarium_kalimantanense_ex_type-barcode07_FUN_000007	104	1.475E-01	5.682E-02	8.745E-02	1.668E+01
AJ865_race1_FUN_000053	GCA_049307005_FUN_000001	78	2.158E-01	9.219E-02	9.617E-02	9.570E+00
AJ865_race1_FUN_000053	AJ718_race1_FUN_000094	121	2.034E-01	8.091E-02	6.319E-02	1.608E+01
AJ865_race1_FUN_000053	GCA_016170085_FUN_000003	193	1.090E-01	6.142E-02	9.732E-02	3.674E+01
AJ865_race1_FUN_000053	Fusarium_duoseptatum_ex_type-barcode03_FUN_000160	17	4.984E-01	4.862E-02	7.064E-02	2.158E+00
AJ865_race1_FUN_000053	GCA_019671045_FUN_000062	29	4.861E-01	5.779E-02	6.435E-02	7.857E+00
AJ865_race1_FUN_000053	Fusarium_fabacearum_ex_type_FUN_000114	103	1.685E-01	8.123E-02	8.079E-02	1.317E+01
AJ865_race1_FUN_000053	Fusarium_gossypinum_ex_type_FUN_000315	51	2.214E-01	7.405E-02	6.073E-02	1.075E+01
AJ865_race1_FUN_000053	GCA_000259975_FUN_000015	141	1.775E-01	9.053E-02	1.390E-01	1.514E+01
AJ865_race1_FUN_000053	GCA_025203105_FUN_000005	127	1.255E-01	6.003E-02	6.587E-02	1.455E+01
AJ865_race1_FUN_000053	GCA_019593505_FUN_000075	64	1.953E-01	8.177E-02	8.763E-02	8.932E+00
AJ865_race1_FUN_000053	AJ516_race4_FUN_000013	47	1.676E-01	4.848E-02	7.710E-02	1.121E+01
AJ865_race1_FUN_000053	GCA_000259975_FUN_000028	118	1.837E-01	8.682E-02	1.049E-01	1.398E+01
AJ865_race1_FUN_000053	GCA_019670925_FUN_000040	213	1.576E-01	1.106E-01	1.215E-01	1.567E+01
AJ865_race1_FUN_000053	AJ592_race4_FUN_000062	150	1.502E-01	7.753E-02	6.028E-02	1.528E+01
AJ865_race1_FUN_000053	AJ705_race4_FUN_000001	150	1.502E-01	7.753E-02	6.028E-02	1.528E+01
Fola2ENZA_FUN_000024	Fola2ENZA_FUN_000024	161	1.006E+00	1.000E+00	1.000E+00	4.273E-03
Fola2ENZA_FUN_000024	Fusarium_phialophorum-barcode15_FUN_000013	161	1.006E+00	1.000E+00	1.000E+00	4.273E-03
Fola2ENZA_FUN_000024	GCA_025203105_FUN_000005	179	4.981E-01	4.379E-01	3.741E-01	1.217E+01
Fola2ENZA_FUN_000024	Fola1ENZA_FUN_000004	134	4.829E-01	3.687E-01	2.576E-01	1.052E+01
Fola2ENZA_FUN_000024	Fola4ENZA_FUN_000003	134	4.829E-01	3.687E-01	2.576E-01	1.052E+01
Fola2ENZA_FUN_000024	GCA_000260495_FUN_000001	134	4.829E-01	3.687E-01	2.576E-01	1.052E+01
Fola2ENZA_FUN_000024	GCA_001702695_FUN_000003	134	4.829E-01	3.687E-01	2.576E-01	1.052E+01
Fola2ENZA_FUN_000024	GCA_014843455_FUN_000002	134	4.829E-01	3.687E-01	2.576E-01	1.052E+01
Fola2ENZA_FUN_000024	GCA_019670925_FUN_000040	20	4.763E-01	1.130E-01	8.021E-02	1.833E+00
Fola2ENZA_FUN_000024	GCA_019670925_FUN_000002	20	5.935E-01	1.112E-01	7.577E-02	1.442E+00
Fola2ENZA_FUN_000024	GCA_019671045_FUN_000019	20	5.992E-01	1.113E-01	7.582E-02	1.431E+00
Fola2ENZA_FUN_000024	AJ516_race4_FUN_000013	46	2.565E-01	1.157E-01	1.260E-01	1.190E+01
Fola2ENZA_FUN_000024	Fusarium_glycines_ex_type_FUN_000047	19	8.225E-01	1.103E-01	9.401E-02	1.865E+00
Fola2ENZA_FUN_000024	Fusarium_fabacearum_ex_type_FUN_000005	150	1.375E-01	1.002E-01	8.160E-02	1.549E+01
Fola2ENZA_FUN_000024	GCA_014839635_FUN_000047	180	1.088E-01	9.532E-02	8.223E-02	2.129E+01
Fola2ENZA_FUN_000024	GCA_025267645_FUN_000218	159	1.044E-01	9.300E-02	7.349E-02	1.543E+01
Fola2ENZA_FUN_000024	GCA_025203755_FUN_000021	122	1.812E-01	1.188E-01	9.208E-02	1.455E+01
Fola2ENZA_FUN_000024	GCA_023509805_FUN_000049	61	2.745E-01	9.574E-02	8.623E-02	1.027E+01
Fola2ENZA_FUN_000024	GCA_009755825_FUN_000084	81	1.507E-01	7.624E-02	5.784E-02	1.160E+01
Fola2ENZA_FUN_000024	AJ592_race4_FUN_000062	196	1.451E-01	1.335E-01	7.989E-02	1.700E+01
Fola2ENZA_FUN_000024	AJ705_race4_FUN_000001	196	1.451E-01	1.335E-01	7.989E-02	1.700E+01
Fola2ENZA_FUN_000024	GCA_019593505_FUN_000203	64	2.113E-01	9.805E-02	1.474E-01	1.412E+01
Fola2ENZA_FUN_000024	GCA_049306905_FUN_000037	13	3.782E-01	6.017E-02	5.197E-02	3.394E+00
Fola2ENZA_FUN_000024	GCA_009755825_FUN_000023	131	1.517E-01	9.727E-02	5.956E-02	1.350E+01
Fola2ENZA_FUN_000024	GCA_025216365_FUN_000109	137	1.728E-01	1.332E-01	4.982E-02	1.418E+01
Fola2ENZA_FUN_000024	Fola3ENZA_FUN_000009	23	2.008E-01	7.333E-02	5.168E-02	4.658E+00
Fola2ENZA_FUN_000024	GCA_014843445_FUN_000023	23	2.008E-01	7.333E-02	5.168E-02	4.658E+00
Fola2ENZA_FUN_000024	Fusarium_fabacearum_ex_type_FUN_000114	160	1.479E-01	1.057E-01	8.470E-02	1.623E+01
Fola2ENZA_FUN_000024	AJ718_race1_FUN_000294	199	1.356E-01	1.227E-01	8.653E-02	1.623E+01
Fola2ENZA_FUN_000024	GCA_002234045_FUN_000287	118	1.803E-01	1.183E-01	7.830E-02	1.399E+01
Fola2ENZA_FUN_000024	GCA_025217005_FUN_000165	118	1.803E-01	1.183E-01	7.830E-02	1.399E+01
Fola2ENZA_FUN_000024	GCA_023509805_FUN_000022	185	2.032E-01	1.658E-01	7.873E-02	1.703E+01
Fola2ENZA_FUN_000024	GCA_025267645_FUN_000212	25	2.507E-01	6.285E-02	5.422E-02	6.411E+00
Fola2ENZA_FUN_000024	Fola1ENZA_FUN_000069	31	2.103E-01	7.217E-02	5.142E-02	9.094E+00
Fola2ENZA_FUN_000024	GCA_020796175_FUN_000007	31	2.103E-01	7.217E-02	5.142E-02	9.094E+00
Fola2ENZA_FUN_000024	AJ705_race4_FUN_000009	190	1.370E-01	1.159E-01	8.109E-02	1.686E+01
Fola2ENZA_FUN_000024	GCA_014839635_FUN_000049	195	1.149E-01	1.038E-01	8.692E-02	1.670E+01
Fola2ENZA_FUN_000024	Fusarium_sp_128_FUN_000003	24	2.402E-01	8.506E-02	4.394E-02	5.399E+00
GCA_009755825_FUN_000084	GCA_009755825_FUN_000084	216	1.005E+00	1.000E+00	1.000E+00	0.000E+00
GCA_009755825_FUN_000084	Fusarium_fabacearum_ex_type_FUN_000005	252	5.286E-01	5.264E-01	5.264E-01	1.780E+01
GCA_009755825_FUN_000084	GCA_009755825_FUN_000023	286	3.397E-01	3.385E-01	2.092E-01	1.885E+01
GCA_009755825_FUN_000084	GCA_025267645_FUN_000218	133	5.826E-01	3.077E-01	2.725E-01	7.042E+00
GCA_009755825_FUN_000084	GCA_001703205_FUN_000069	202	3.683E-01	2.959E-01	2.468E-01	1.897E+01
GCA_009755825_FUN_000084	GCA_002233855_FUN_000172	227	3.228E-01	2.798E-01	1.493E-01	2.219E+01
GCA_009755825_FUN_000084	GCA_001703455_FUN_000133	213	2.044E-01	1.768E-01	1.899E-01	1.526E+01
GCA_009755825_FUN_000084	Fusarium_elaeidis_ex_type_FUN_000039	160	4.479E-01	2.915E-01	2.696E-01	1.101E+01
GCA_009755825_FUN_000084	Fusarium_gossypinum_ex_type_FUN_000050	180	4.321E-01	2.663E-01	1.362E-01	1.258E+01
GCA_009755825_FUN_000084	GCA_001703455_FUN_000315	180	4.321E-01	2.663E-01	1.362E-01	1.258E+01
GCA_009755825_FUN_000084	GCA_015227905_FUN_000281	226	2.616E-01	2.232E-01	2.187E-01	1.889E+01
GCA_009755825_FUN_000084	Fusarium_sp_128_FUN_000003	113	2.841E-01	1.697E-01	1.209E-01	7.382E+00
GCA_009755825_FUN_000084	GCA_050947165_FUN_000034	137	1.877E-01	1.105E-01	1.169E-01	1.774E+01
GCA_009755825_FUN_000084	GCA_050947235_FUN_000045	137	1.877E-01	1.105E-01	1.169E-01	1.774E+01
GCA_009755825_FUN_000084	Fusarium_kalimantanense_ex_type-barcode07_FUN_000007	115	1.757E-01	9.145E-02	1.230E-01	1.789E+01
GCA_009755825_FUN_000084	Fusarium_sp_128_FUN_000001	108	2.406E-01	1.128E-01	2.204E-01	1.358E+01
GCA_009755825_FUN_000084	GCA_016170085_FUN_000003	191	2.150E-01	1.563E-01	2.012E-01	4.024E+01
GCA_009755825_FUN_000084	GCA_000259975_FUN_000028	127	1.828E-01	1.043E-01	1.153E-01	1.645E+01
GCA_009755825_FUN_000084	GCA_000259975_FUN_000015	78	3.171E-01	1.138E-01	1.636E-01	1.220E+01
GCA_009755825_FUN_000084	Fola2ENZA_FUN_000005	66	4.718E-01	1.667E-01	2.346E-01	7.596E+00
GCA_009755825_FUN_000084	GCA_019593505_FUN_000203	86	2.726E-01	1.203E-01	2.036E-01	9.332E+00
GCA_009755825_FUN_000084	GCA_018894095_FUN_000086	130	1.766E-01	1.020E-01	1.268E-01	2.114E+01
GCA_009755825_FUN_000084	Fusarium_duoseptatum_ex_type-barcode03_FUN_000160	89	2.213E-01	8.014E-02	9.554E-02	1.477E+01
GCA_009755825_FUN_000084	GCA_020796175_FUN_000123	107	2.003E-01	9.208E-02	1.694E-01	1.369E+01
GCA_009755825_FUN_000084	Fusarium_cugenangense_ex_type-barcode01_FUN_000019	104	2.693E-01	1.370E-01	2.011E-01	9.524E+00
GCA_009755825_FUN_000084	GCA_013347535_FUN_000021	104	2.693E-01	1.370E-01	2.011E-01	9.524E+00
GCA_009755825_FUN_000084	GCA_014843415_FUN_000016	104	2.693E-01	1.370E-01	2.011E-01	9.524E+00
GCA_009755825_FUN_000084	GCA_014843555_FUN_000005	104	2.693E-01	1.370E-01	2.011E-01	9.524E+00
GCA_009755825_FUN_000084	GCA_025267645_FUN_000212	155	1.584E-01	9.179E-02	1.016E-01	1.633E+01
GCA_009755825_FUN_000084	GCA_019671045_FUN_000019	50	3.461E-01	9.188E-02	8.505E-02	1.036E+01
GCA_009755825_FUN_000084	AJ705_race4_FUN_000009	107	1.994E-01	1.128E-01	9.933E-02	1.461E+01
GCA_009755825_FUN_000084	GCA_023509805_FUN_000049	111	1.836E-01	8.198E-02	8.668E-02	1.429E+01
GCA_009755825_FUN_000084	GCA_049307005_FUN_000001	124	1.696E-01	1.074E-01	1.002E-01	1.571E+01
GCA_009755825_FUN_000084	Fusarium_fabacearum_ex_type_FUN_000114	175	1.714E-01	1.110E-01	9.398E-02	1.722E+01
GCA_009755825_FUN_000084	Fola4ENZA_FUN_000007	36	2.149E-01	7.807E-02	1.175E-01	4.929E+00
GCA_009755825_FUN_000084	Fusarium_phialophorum-barcode15_FUN_000015	36	2.149E-01	7.807E-02	1.175E-01	4.929E+00
GCA_009755825_FUN_000084	Fusarium_sp_128_FUN_000005	36	2.149E-01	7.807E-02	1.175E-01	4.929E+00
GCA_009755825_FUN_000084	GCA_001702695_FUN_000007	36	2.149E-01	7.807E-02	1.175E-01	4.929E+00
GCA_009755825_FUN_000084	GCA_003315725_FUN_000001	36	2.149E-01	7.807E-02	1.175E-01	4.929E+00
GCA_009755825_FUN_000084	GCA_014843455_FUN_000006	36	2.149E-01	7.807E-02	1.175E-01	4.929E+00
GCA_009755825_FUN_000084	GCA_021018635_FUN_000006	36	2.149E-01	7.807E-02	1.175E-01	4.929E+00
GCA_009755825_FUN_000084	GCA_032206225_FUN_000002	36	2.149E-01	7.807E-02	1.175E-01	4.929E+00
GCA_009755825_FUN_000084	Fola2ENZA_FUN_000024	81	1.507E-01	5.784E-02	7.624E-02	1.160E+01
GCA_009755825_FUN_000084	Fusarium_phialophorum-barcode15_FUN_000013	81	1.507E-01	5.784E-02	7.624E-02	1.160E+01
GCA_009755825_FUN_000084	GCA_025267645_FUN_000197	123	1.557E-01	9.154E-02	9.154E-02	1.746E+01
GCA_009755825_FUN_000084	GCA_001702845_FUN_000128	156	1.480E-01	1.033E-01	1.019E-01	1.752E+01
GCA_009755825_FUN_000084	GCA_002234105_FUN_000094	156	1.480E-01	1.033E-01	1.019E-01	1.752E+01
GCA_009755825_FUN_000084	GCA_025203755_FUN_000017	155	1.640E-01	1.048E-01	1.036E-01	1.807E+01
GCA_009755825_FUN_000084	GCA_001702495_FUN_000061	153	1.563E-01	8.918E-02	8.238E-02	1.431E+01
GCA_009755825_FUN_000084	GCA_023509805_FUN_000022	114	1.836E-01	9.456E-02	5.914E-02	1.356E+01
GCA_009755825_FUN_000084	GCA_018894095_FUN_000077	58	2.886E-01	9.736E-02	4.688E-02	1.419E+01
GCA_009755825_FUN_000084	GCA_019670925_FUN_000002	50	3.446E-01	9.184E-02	8.502E-02	1.035E+01
GCA_009755825_FUN_000084	AJ592_race4_FUN_000062	104	2.370E-01	8.054E-02	5.523E-02	1.447E+01
GCA_009755825_FUN_000084	AJ705_race4_FUN_000001	104	2.370E-01	8.054E-02	5.523E-02	1.447E+01
GCA_009755825_FUN_000084	GCA_019670925_FUN_000040	158	1.943E-01	1.200E-01	1.133E-01	1.743E+01
GCA_009755825_FUN_000084	GCA_049306905_FUN_000029	63	2.810E-01	9.849E-02	4.718E-02	1.593E+01
GCA_009755825_FUN_000084	GCA_049307005_FUN_000032	63	2.810E-01	9.849E-02	4.718E-02	1.593E+01
GCA_009755825_FUN_000084	Fusarium_duoseptatum_ex_type-barcode03_FUN_000086	38	1.907E-01	7.182E-02	1.314E-01	6.627E+00
GCA_009755825_FUN_000084	GCA_013423235_FUN_000011	31	1.959E-01	5.393E-02	8.346E-02	7.840E+00
GCA_016170085_FUN_000003	GCA_016170085_FUN_000003	149	1.007E+00	1.000E+00	1.000E+00	0.000E+00
GCA_016170085_FUN_000003	GCA_025216365_FUN_000025	92	4.699E-01	2.430E-01	8.633E-02	1.506E+01
GCA_016170085_FUN_000003	Fola3ENZA_FUN_000003	63	2.925E-01	1.432E-01	1.056E-01	2.031E+01
GCA_016170085_FUN_000003	Fusarium_cugenangense_ex_type-barcode01_FUN_000018	63	2.925E-01	1.432E-01	1.056E-01	2.031E+01
GCA_016170085_FUN_000003	GCA_013347535_FUN_000020	63	2.925E-01	1.432E-01	1.056E-01	2.031E+01
GCA_016170085_FUN_000003	GCA_014843415_FUN_000015	63	2.925E-01	1.432E-01	1.056E-01	2.031E+01
GCA_016170085_FUN_000003	GCA_014843445_FUN_000018	63	2.925E-01	1.432E-01	1.056E-01	2.031E+01
GCA_016170085_FUN_000003	GCA_014843555_FUN_000004	63	2.925E-01	1.432E-01	1.056E-01	2.031E+01
GCA_016170085_FUN_000003	Fusarium_phialophorum-barcode15_FUN_000014	53	2.868E-01	1.181E-01	9.005E-02	1.381E+01
GCA_016170085_FUN_000003	Fola1ENZA_FUN_000069	72	2.267E-01	1.175E-01	7.997E-02	1.454E+01
GCA_016170085_FUN_000003	GCA_020796175_FUN_000007	72	2.267E-01	1.175E-01	7.997E-02	1.454E+01
GCA_016170085_FUN_000003	GCA_000259975_FUN_000028	102	1.544E-01	8.884E-02	7.918E-02	3.277E+01
GCA_049306905_FUN_000029	GCA_049306905_FUN_000029	507	1.002E+00	1.000E+00	1.000E+00	0.000E+00
GCA_049306905_FUN_000029	GCA_049307005_FUN_000032	507	1.002E+00	1.000E+00	1.000E+00	0.000E+00
GCA_049306905_FUN_000029	GCA_048164945_FUN_000024	507	9.637E-01	9.619E-01	9.619E-01	1.814E+00
GCA_049306905_FUN_000029	AJ516_race4_FUN_000033	504	8.131E-01	8.068E-01	8.037E-01	1.193E+01
GCA_049306905_FUN_000029	GCA_018894095_FUN_000077	507	8.661E-01	8.645E-01	8.645E-01	4.373E+00
GCA_049306905_FUN_000029	GCA_050947165_FUN_000012	507	7.565E-01	7.551E-01	7.551E-01	8.586E+00
GCA_049306905_FUN_000029	GCA_050947235_FUN_000024	507	7.565E-01	7.551E-01	7.551E-01	8.586E+00
GCA_049306905_FUN_000029	GCA_019671045_FUN_000019	35	6.449E-01	5.991E-02	1.208E-01	2.894E+00
GCA_049306905_FUN_000029	GCA_019670925_FUN_000002	36	4.747E-01	4.559E-02	8.845E-02	4.586E+00
GCA_049306905_FUN_000029	Fola3ENZA_FUN_000004	79	2.340E-01	4.123E-02	1.365E-01	1.136E+01
GCA_049306905_FUN_000029	Fola4ENZA_FUN_000008	79	2.338E-01	4.122E-02	1.365E-01	1.136E+01
GCA_049306905_FUN_000029	Fusarium_cugenangense_ex_type-barcode01_FUN_000020	79	2.340E-01	4.123E-02	1.365E-01	1.136E+01
GCA_049306905_FUN_000029	GCA_000260495_FUN_000006	79	2.338E-01	4.122E-02	1.365E-01	1.136E+01
GCA_049306905_FUN_000029	GCA_001702695_FUN_000008	79	2.338E-01	4.122E-02	1.365E-01	1.136E+01
GCA_049306905_FUN_000029	GCA_003315725_FUN_000002	79	2.338E-01	4.122E-02	1.365E-01	1.136E+01
GCA_049306905_FUN_000029	GCA_013347535_FUN_000022	79	2.340E-01	4.123E-02	1.365E-01	1.136E+01
GCA_049306905_FUN_000029	GCA_014843415_FUN_000017	79	2.340E-01	4.123E-02	1.365E-01	1.136E+01
GCA_049306905_FUN_000029	GCA_014843445_FUN_000019	79	2.340E-01	4.123E-02	1.365E-01	1.136E+01
GCA_049306905_FUN_000029	GCA_014843455_FUN_000007	79	2.338E-01	4.122E-02	1.365E-01	1.136E+01
GCA_049306905_FUN_000029	GCA_014843555_FUN_000006	79	2.340E-01	4.123E-02	1.365E-01	1.136E+01
GCA_049306905_FUN_000029	GCA_021018635_FUN_000007	79	2.338E-01	4.122E-02	1.365E-01	1.136E+01
GCA_049306905_FUN_000029	GCA_032206225_FUN_000003	79	2.338E-01	4.122E-02	1.365E-01	1.136E+01
GCA_049306905_FUN_000029	GCA_013423235_FUN_000001	79	2.343E-01	4.124E-02	1.321E-01	1.136E+01
GCA_049306905_FUN_000029	Fusarium_duoseptatum_ex_type-barcode03_FUN_000160	52	2.529E-01	3.672E-02	8.118E-02	9.006E+00
GCA_049306905_FUN_000029	GCA_050947165_FUN_000034	24	5.961E-01	4.360E-02	1.053E-01	1.799E+00
GCA_049306905_FUN_000029	GCA_050947235_FUN_000045	24	5.961E-01	4.360E-02	1.053E-01	1.799E+00
GCA_049306905_FUN_000029	Fola1ENZA_FUN_000069	72	2.398E-01	4.679E-02	8.742E-02	1.270E+01
GCA_049306905_FUN_000029	Fola3ENZA_FUN_000009	72	2.402E-01	4.680E-02	8.746E-02	1.257E+01
GCA_049306905_FUN_000029	GCA_014843445_FUN_000023	72	2.402E-01	4.680E-02	8.746E-02	1.257E+01
GCA_049306905_FUN_000029	GCA_020796175_FUN_000007	72	2.398E-01	4.679E-02	8.742E-02	1.270E+01
GCA_049306905_FUN_000029	GCA_000259975_FUN_000015	56	2.616E-01	4.072E-02	9.666E-02	9.172E+00
GCA_049306905_FUN_000029	GCA_002234045_FUN_000287	126	2.357E-01	6.794E-02	9.090E-02	1.692E+01
GCA_049306905_FUN_000029	GCA_025217005_FUN_000165	128	2.371E-01	6.713E-02	9.045E-02	1.676E+01
GCA_049306905_FUN_000029	AJ718_race1_FUN_000094	46	2.614E-01	4.657E-02	5.986E-02	7.356E+00
GCA_049306905_FUN_000029	GCA_049306905_FUN_000006	41	3.634E-01	3.858E-02	1.876E-01	7.020E+00
GCA_049306905_FUN_000029	GCA_049307005_FUN_000010	41	3.634E-01	3.858E-02	1.876E-01	7.020E+00
GCA_049306905_FUN_000029	Fola2ENZA_FUN_000005	36	3.809E-01	5.078E-02	1.451E-01	4.407E+00
GCA_049306905_FUN_000029	Fusarium_kalimantanense_ex_type-barcode07_FUN_000007	70	2.546E-01	5.401E-02	1.382E-01	1.381E+01
GCA_049306905_FUN_000029	GCA_000259975_FUN_000028	53	2.090E-01	3.446E-02	6.929E-02	1.182E+01
GCA_049306905_FUN_000029	GCA_001702845_FUN_000128	142	2.093E-01	5.987E-02	1.192E-01	1.458E+01
GCA_049306905_FUN_000029	GCA_002234105_FUN_000094	142	2.093E-01	5.987E-02	1.192E-01	1.458E+01
GCA_049306905_FUN_000029	GCA_025203755_FUN_000017	140	2.097E-01	6.073E-02	1.199E-01	1.462E+01
GCA_049306905_FUN_000029	GCA_049307005_FUN_000001	36	3.058E-01	3.634E-02	5.746E-02	7.748E+00
GCA_049306905_FUN_000029	Fusarium_kalimantanense_ex_type-barcode07_FUN_000026	64	2.649E-01	4.029E-02	2.125E-01	1.199E+01
GCA_049306905_FUN_000029	GCA_013423235_FUN_000011	60	2.075E-01	5.325E-02	1.331E-01	8.922E+00
GCA_049306905_FUN_000029	GCA_016170085_FUN_000003	72	1.858E-01	3.303E-02	9.033E-02	4.108E+01
GCA_049306905_FUN_000029	GCA_001702495_FUN_000061	36	3.255E-01	3.942E-02	6.966E-02	6.410E+00
GCA_049306905_FUN_000029	GCA_002234015_FUN_000068	36	3.255E-01	3.941E-02	6.963E-02	6.414E+00
GCA_049306905_FUN_000029	AJ705_race4_FUN_000009	44	1.930E-01	2.911E-02	5.153E-02	1.384E+01
GCA_049306905_FUN_000029	GCA_014839635_FUN_000049	69	3.144E-01	5.963E-02	1.013E-01	9.564E+00
GCA_049306905_FUN_000029	AJ718_race1_FUN_000292	50	2.575E-01	3.776E-02	5.274E-02	9.729E+00
GCA_049306905_FUN_000029	AJ516_race4_FUN_000027	66	2.634E-01	4.095E-02	2.084E-01	1.195E+01
GCA_049306905_FUN_000029	AJ520_race1_FUN_000015	66	2.634E-01	4.095E-02	2.084E-01	1.195E+01
GCA_049306905_FUN_000029	AJ865_race1_FUN_000014	66	2.634E-01	4.095E-02	2.084E-01	1.195E+01
GCA_049306905_FUN_000029	Fusarium_duoseptatum_ex_type-barcode03_FUN_000086	62	2.159E-01	4.068E-02	1.440E-01	1.075E+01
GCA_049306905_FUN_000029	GCA_020796175_FUN_000123	89	1.854E-01	4.955E-02	1.564E-01	1.273E+01
GCA_049306905_FUN_000029	GCA_019671045_FUN_000060	66	2.163E-01	3.648E-02	7.368E-02	1.305E+01
GCA_049306905_FUN_000029	GCA_025203105_FUN_000007	47	1.659E-01	3.617E-02	6.936E-02	1.395E+01
GCA_049306905_FUN_000029	GCA_019671045_FUN_000062	87	1.948E-01	4.405E-02	7.318E-02	9.251E+00
GCA_049306905_FUN_000029	GCA_019593505_FUN_000075	110	1.416E-01	5.783E-02	9.164E-02	1.041E+01
GCA_019670925_FUN_000050	GCA_019670925_FUN_000050	198	1.005E+00	1.000E+00	1.000E+00	0.000E+00
GCA_019670925_FUN_000050	GCA_019671045_FUN_000060	198	9.089E-01	9.044E-01	9.000E-01	8.133E+00
GCA_019670925_FUN_000050	GCA_025203105_FUN_000007	191	8.391E-01	7.959E-01	8.309E-01	3.668E+00
GCA_019670925_FUN_000050	GCA_025267645_FUN_000212	138	4.471E-01	2.487E-01	2.561E-01	6.853E+00
GCA_019670925_FUN_000050	Fusarium_fabacearum_ex_type_FUN_000114	260	4.465E-01	4.218E-01	3.403E-01	8.309E+00
GCA_019670925_FUN_000050	GCA_002234015_FUN_000068	227	2.548E-01	2.241E-01	1.888E-01	1.272E+01
GCA_019670925_FUN_000050	GCA_001702495_FUN_000061	226	2.662E-01	2.308E-01	1.951E-01	1.283E+01
GCA_019670925_FUN_000050	GCA_049307005_FUN_000001	134	3.566E-01	2.217E-01	1.882E-01	8.451E+00
GCA_019670925_FUN_000050	Fusarium_elaeidis_ex_type_FUN_000039	187	2.347E-01	1.558E-01	1.343E-01	1.696E+01
GCA_019670925_FUN_000050	GCA_001703205_FUN_000069	138	2.593E-01	1.641E-01	1.317E-01	1.505E+01
GCA_019670925_FUN_000050	AJ520_race1_FUN_000054	138	2.595E-01	1.641E-01	1.329E-01	1.505E+01
GCA_019670925_FUN_000050	AJ592_race4_FUN_000037	138	2.595E-01	1.641E-01	1.329E-01	1.505E+01
GCA_019670925_FUN_000050	AJ865_race1_FUN_000053	138	2.595E-01	1.641E-01	1.329E-01	1.505E+01
GCA_019670925_FUN_000050	Fusarium_cugenangense_ex_type-barcode01_FUN_000019	85	3.288E-01	1.205E-01	1.895E-01	1.088E+01
GCA_019670925_FUN_000050	GCA_013347535_FUN_000021	85	3.288E-01	1.205E-01	1.895E-01	1.088E+01
GCA_019670925_FUN_000050	GCA_014843415_FUN_000016	85	3.288E-01	1.205E-01	1.895E-01	1.088E+01
GCA_019670925_FUN_000050	GCA_014843555_FUN_000005	85	3.288E-01	1.205E-01	1.895E-01	1.088E+01
GCA_019670925_FUN_000050	Fola4ENZA_FUN_000007	131	2.080E-01	1.112E-01	1.649E-01	1.155E+01
GCA_019670925_FUN_000050	Fusarium_phialophorum-barcode15_FUN_000015	131	2.080E-01	1.112E-01	1.649E-01	1.155E+01
GCA_019670925_FUN_000050	Fusarium_sp_128_FUN_000005	131	2.080E-01	1.112E-01	1.649E-01	1.155E+01
GCA_019670925_FUN_000050	GCA_001702695_FUN_000007	131	2.080E-01	1.112E-01	1.649E-01	1.155E+01
GCA_019670925_FUN_000050	GCA_003315725_FUN_000001	131	2.080E-01	1.112E-01	1.649E-01	1.155E+01
GCA_019670925_FUN_000050	GCA_014843455_FUN_000006	131	2.080E-01	1.112E-01	1.649E-01	1.155E+01
GCA_019670925_FUN_000050	GCA_021018635_FUN_000006	131	2.080E-01	1.112E-01	1.649E-01	1.155E+01
GCA_019670925_FUN_000050	GCA_032206225_FUN_000002	131	2.080E-01	1.112E-01	1.649E-01	1.155E+01
GCA_019670925_FUN_000050	Fola2ENZA_FUN_000005	192	1.289E-01	9.468E-02	1.234E-01	1.799E+01
GCA_019670925_FUN_000050	GCA_009755825_FUN_000023	141	2.590E-01	1.599E-01	9.330E-02	1.538E+01
GCA_019670925_FUN_000050	GCA_014839635_FUN_000047	225	1.274E-01	1.163E-01	1.112E-01	2.339E+01
GCA_019670925_FUN_000050	Fusarium_fabacearum_ex_type_FUN_000005	121	2.079E-01	1.440E-01	1.378E-01	1.011E+01
GCA_019670925_FUN_000050	GCA_001702845_FUN_000128	196	1.552E-01	1.260E-01	1.191E-01	1.895E+01
GCA_019670925_FUN_000050	GCA_002234105_FUN_000094	196	1.552E-01	1.260E-01	1.191E-01	1.895E+01
GCA_019670925_FUN_000050	GCA_002233855_FUN_000172	197	1.867E-01	1.507E-01	8.125E-02	1.538E+01
GCA_019670925_FUN_000050	GCA_019593505_FUN_000203	87	3.095E-01	1.439E-01	2.285E-01	6.984E+00
GCA_019670925_FUN_000050	GCA_025203755_FUN_000017	189	1.436E-01	1.246E-01	1.047E-01	1.757E+01
GCA_019670925_FUN_000050	GCA_015227905_FUN_000281	102	2.781E-01	1.325E-01	1.242E-01	8.848E+00
GCA_019670925_FUN_000050	AJ705_race4_FUN_000009	166	1.643E-01	1.191E-01	9.961E-02	1.667E+01
GCA_019670925_FUN_000050	Fusarium_duoseptatum_ex_type-barcode03_FUN_000160	198	1.636E-01	1.388E-01	1.466E-01	1.624E+01
GCA_016170085_FUN_000014	GCA_016166325_FUN_000030	69	1.015E+00	1.000E+00	1.000E+00	1.516E-03
GCA_016170085_FUN_000014	GCA_016170085_FUN_000014	69	1.015E+00	1.000E+00	1.000E+00	1.516E-03
GCA_016170085_FUN_000014	Fusarium_kalimantanense_ex_type-barcode07_FUN_000026	67	9.213E-01	8.833E-01	8.483E-01	1.887E+00
GCA_016170085_FUN_000014	AJ516_race4_FUN_000027	70	8.536E-01	8.424E-01	8.210E-01	2.256E+00
GCA_016170085_FUN_000014	AJ520_race1_FUN_000015	70	8.536E-01	8.424E-01	8.210E-01	2.256E+00
GCA_016170085_FUN_000014	AJ865_race1_FUN_000014	70	8.536E-01	8.424E-01	8.210E-01	2.256E+00
GCA_016170085_FUN_000014	GCA_048164945_FUN_000019	78	8.279E-01	7.963E-01	7.064E-01	2.314E+00
GCA_016170085_FUN_000014	GCA_038050555_FUN_000006	80	7.371E-01	7.275E-01	6.374E-01	4.128E+00
GCA_016170085_FUN_000014	GCA_018894095_FUN_000071	78	7.871E-01	7.565E-01	6.331E-01	3.402E+00
GCA_016170085_FUN_000014	Fusarium_duoseptatum_ex_type-barcode03_FUN_000086	80	3.923E-01	3.168E-01	2.576E-01	9.426E+00
GCA_016170085_FUN_000014	GCA_020796175_FUN_000123	80	3.639E-01	3.396E-01	2.780E-01	8.308E+00
GCA_016170085_FUN_000014	GCA_050947165_FUN_000012	38	5.661E-01	2.562E-01	4.348E-02	4.214E+00
GCA_016170085_FUN_000014	GCA_050947235_FUN_000024	38	5.661E-01	2.562E-01	4.348E-02	4.214E+00
GCA_016170085_FUN_000014	GCA_001702495_FUN_000061	39	3.415E-01	1.828E-01	5.842E-02	7.907E+00
GCA_016170085_FUN_000014	GCA_025267645_FUN_000218	21	2.818E-01	1.521E-01	5.528E-02	3.364E+00
GCA_023509805_FUN_000017	GCA_023509805_FUN_000017	110	1.009E+00	1.000E+00	1.000E+00	0.000E+00
GCA_023509805_FUN_000017	Fusarium_gossypinum_ex_type_FUN_000315	93	2.032E-01	1.460E-01	5.591E-02	1.943E+01
GCA_023509805_FUN_000017	AJ718_race1_FUN_000294	50	2.841E-01	1.483E-01	7.212E-02	6.094E+00
GCA_023509805_FUN_000017	GCA_001702495_FUN_000061	33	2.444E-01	8.792E-02	4.383E-02	9.062E+00
GCA_023509805_FUN_000017	GCA_002234015_FUN_000068	33	2.406E-01	8.801E-02	4.327E-02	9.044E+00
GCA_023509805_FUN_000017	GCA_025216365_FUN_000025	65	1.418E-01	9.992E-02	3.966E-02	1.491E+01
Fusarium_gossypinum_ex_type_FUN_000315	Fusarium_gossypinum_ex_type_FUN_000315	338	1.003E+00	1.000E+00	1.000E+00	0.000E+00
Fusarium_gossypinum_ex_type_FUN_000315	Fusarium_duoseptatum_ex_type-barcode03_FUN_000160	196	7.392E-01	3.997E-01	7.313E-01	6.586E+00
Fusarium_gossypinum_ex_type_FUN_000315	Fola3ENZA_FUN_000009	176	5.451E-01	2.681E-01	3.489E-01	5.877E+00
Fusarium_gossypinum_ex_type_FUN_000315	GCA_014843445_FUN_000023	176	5.451E-01	2.681E-01	3.489E-01	5.877E+00
Fusarium_gossypinum_ex_type_FUN_000315	Fola1ENZA_FUN_000069	172	5.419E-01	2.614E-01	3.408E-01	5.920E+00
Fusarium_gossypinum_ex_type_FUN_000315	GCA_020796175_FUN_000007	172	5.419E-01	2.614E-01	3.408E-01	5.920E+00
Fusarium_gossypinum_ex_type_FUN_000315	GCA_025267645_FUN_000197	206	4.825E-01	2.649E-01	3.910E-01	9.808E+00
Fusarium_gossypinum_ex_type_FUN_000315	GCA_014839635_FUN_000049	195	4.812E-01	2.471E-01	3.018E-01	9.604E+00
Fusarium_gossypinum_ex_type_FUN_000315	GCA_025267645_FUN_000212	168	2.368E-01	8.301E-02	1.373E-01	1.930E+01
Fusarium_gossypinum_ex_type_FUN_000315	GCA_009755825_FUN_000025	35	3.642E-01	7.198E-02	9.327E-02	5.559E+00
Fusarium_gossypinum_ex_type_FUN_000315	GCA_025217005_FUN_000180	94	2.361E-01	7.475E-02	6.178E-02	1.987E+01
Fusarium_gossypinum_ex_type_FUN_000315	GCA_023509805_FUN_000017	18	4.579E-01	4.869E-02	1.378E-01	2.562E+00
Fusarium_gossypinum_ex_type_FUN_000315	GCA_025203755_FUN_000032	87	2.065E-01	7.847E-02	7.585E-02	2.527E+01
Fusarium_gossypinum_ex_type_FUN_000315	GCA_000259975_FUN_000028	215	1.362E-01	8.620E-02	1.273E-01	1.710E+01
Fusarium_gossypinum_ex_type_FUN_000315	GCA_015227905_FUN_000133	270	1.035E-01	7.194E-02	7.308E-02	3.405E+01
Fusarium_gossypinum_ex_type_FUN_000315	Fusarium_kalimantanense_ex_type-barcode07_FUN_000007	153	2.578E-01	1.139E-01	2.104E-01	1.171E+01
Fusarium_gossypinum_ex_type_FUN_000315	GCA_001702845_FUN_000128	91	2.595E-01	9.563E-02	1.315E-01	1.280E+01
Fusarium_gossypinum_ex_type_FUN_000315	GCA_002234105_FUN_000094	91	2.595E-01	9.563E-02	1.315E-01	1.280E+01
Fusarium_gossypinum_ex_type_FUN_000315	GCA_025203755_FUN_000017	91	2.595E-01	9.563E-02	1.315E-01	1.280E+01
Fusarium_gossypinum_ex_type_FUN_000315	GCA_019670925_FUN_000002	115	2.224E-01	7.355E-02	9.729E-02	1.616E+01
Fusarium_gossypinum_ex_type_FUN_000315	GCA_019671045_FUN_000019	121	2.194E-01	7.728E-02	1.024E-01	1.610E+01
Fusarium_gossypinum_ex_type_FUN_000315	GCA_025267645_FUN_000218	103	1.484E-01	5.556E-02	7.388E-02	1.504E+01
Fusarium_gossypinum_ex_type_FUN_000315	GCA_023509805_FUN_000022	132	1.455E-01	9.022E-02	8.399E-02	1.378E+01
Fusarium_gossypinum_ex_type_FUN_000315	GCA_016166325_FUN_000030	50	2.060E-01	4.555E-02	1.251E-01	9.162E+00
Fusarium_gossypinum_ex_type_FUN_000315	GCA_016170085_FUN_000014	50	2.060E-01	4.555E-02	1.251E-01	9.162E+00
Fusarium_gossypinum_ex_type_FUN_000315	Fola2ENZA_FUN_000005	170	1.931E-01	8.759E-02	1.579E-01	1.558E+01
Fusarium_gossypinum_ex_type_FUN_000315	GCA_016170085_FUN_000003	72	2.428E-01	6.398E-02	1.229E-01	1.571E+01
Fusarium_gossypinum_ex_type_FUN_000315	GCA_025203105_FUN_000007	199	1.410E-01	9.408E-02	1.286E-01	1.663E+01
Fusarium_gossypinum_ex_type_FUN_000315	GCA_015227905_FUN_000281	74	2.057E-01	6.777E-02	9.498E-02	2.021E+01
Fusarium_gossypinum_ex_type_FUN_000315	GCA_049307005_FUN_000001	179	1.461E-01	7.844E-02	9.390E-02	1.985E+01
Fusarium_gossypinum_ex_type_FUN_000315	AJ718_race1_FUN_000292	211	1.534E-01	9.088E-02	9.401E-02	1.886E+01
Fusarium_gossypinum_ex_type_FUN_000315	GCA_018894095_FUN_000071	53	2.517E-01	7.611E-02	1.920E-01	7.605E+00
Fusarium_gossypinum_ex_type_FUN_000315	GCA_023509805_FUN_000049	132	1.458E-01	6.877E-02	9.747E-02	1.551E+01
Fusarium_gossypinum_ex_type_FUN_000315	GCA_009755825_FUN_000023	323	1.090E-01	7.728E-02	7.189E-02	2.634E+01
Fusarium_gossypinum_ex_type_FUN_000315	GCA_050947165_FUN_000012	80	2.106E-01	6.422E-02	4.772E-02	9.601E+00
Fusarium_gossypinum_ex_type_FUN_000315	GCA_050947235_FUN_000024	80	2.106E-01	6.422E-02	4.772E-02	9.601E+00
Fusarium_gossypinum_ex_type_FUN_000315	Fusarium_sp_128_FUN_000001	94	1.557E-01	6.422E-02	1.455E-01	1.269E+01
Fusarium_gossypinum_ex_type_FUN_000315	GCA_019670925_FUN_000040	137	1.704E-01	8.137E-02	1.035E-01	1.496E+01
Fusarium_gossypinum_ex_type_FUN_000315	AJ516_race4_FUN_000033	41	3.446E-01	6.541E-02	4.570E-02	6.502E+00
Fusarium_gossypinum_ex_type_FUN_000315	Fola1ENZA_FUN_000004	98	1.621E-01	5.323E-02	6.592E-02	1.472E+01
Fusarium_gossypinum_ex_type_FUN_000315	Fola4ENZA_FUN_000003	98	1.621E-01	5.323E-02	6.592E-02	1.472E+01
Fusarium_gossypinum_ex_type_FUN_000315	GCA_000260495_FUN_000001	98	1.621E-01	5.323E-02	6.592E-02	1.472E+01
Fusarium_gossypinum_ex_type_FUN_000315	GCA_001702695_FUN_000003	98	1.621E-01	5.323E-02	6.592E-02	1.472E+01
Fusarium_gossypinum_ex_type_FUN_000315	GCA_014843455_FUN_000002	98	1.621E-01	5.323E-02	6.592E-02	1.472E+01
Fusarium_gossypinum_ex_type_FUN_000315	GCA_001702495_FUN_000061	194	1.694E-01	9.348E-02	1.105E-01	1.576E+01
Fusarium_gossypinum_ex_type_FUN_000315	GCA_025216365_FUN_000025	160	1.206E-01	5.771E-02	4.452E-02	4.445E+01
Fusarium_fabacearum_ex_type_FUN_000005	Fusarium_fabacearum_ex_type_FUN_000005	216	1.005E+00	1.000E+00	1.000E+00	8.512E-03
Fusarium_fabacearum_ex_type_FUN_000005	GCA_009755825_FUN_000084	251	5.195E-01	5.173E-01	5.173E-01	1.862E+01
Fusarium_fabacearum_ex_type_FUN_000005	GCA_009755825_FUN_000023	195	3.656E-01	3.089E-01	1.873E-01	2.044E+01
Fusarium_fabacearum_ex_type_FUN_000005	Fusarium_gossypinum_ex_type_FUN_000050	176	4.942E-01	3.401E-01	1.655E-01	1.005E+01
Fusarium_fabacearum_ex_type_FUN_000005	GCA_001703455_FUN_000315	176	4.942E-01	3.401E-01	1.655E-01	1.005E+01
Fusarium_fabacearum_ex_type_FUN_000005	GCA_025267645_FUN_000218	214	4.231E-01	3.463E-01	3.082E-01	1.367E+01
Fusarium_fabacearum_ex_type_FUN_000005	GCA_002233855_FUN_000172	168	4.403E-01	3.061E-01	1.676E-01	1.268E+01
Fusarium_fabacearum_ex_type_FUN_000005	AJ520_race1_FUN_000054	199	2.922E-01	2.429E-01	2.071E-01	1.996E+01
Fusarium_fabacearum_ex_type_FUN_000005	AJ592_race4_FUN_000037	199	2.922E-01	2.429E-01	2.071E-01	1.996E+01
Fusarium_fabacearum_ex_type_FUN_000005	AJ865_race1_FUN_000053	199	2.922E-01	2.429E-01	2.071E-01	1.996E+01
Fusarium_fabacearum_ex_type_FUN_000005	GCA_001703205_FUN_000069	208	2.922E-01	2.429E-01	2.054E-01	1.892E+01
Fusarium_fabacearum_ex_type_FUN_000005	Fusarium_sp_128_FUN_000003	249	4.587E-01	3.392E-01	2.216E-01	1.373E+01
Fusarium_fabacearum_ex_type_FUN_000005	Fusarium_elaeidis_ex_type_FUN_000039	195	2.777E-01	2.190E-01	2.034E-01	1.868E+01
Fusarium_fabacearum_ex_type_FUN_000005	GCA_015227905_FUN_000281	239	2.209E-01	1.936E-01	1.896E-01	1.820E+01
Fusarium_fabacearum_ex_type_FUN_000005	GCA_001703455_FUN_000133	227	1.515E-01	1.369E-01	1.456E-01	1.677E+01
Fusarium_fabacearum_ex_type_FUN_000005	GCA_049307005_FUN_000001	145	2.147E-01	1.369E-01	1.243E-01	1.236E+01
Fusarium_fabacearum_ex_type_FUN_000005	Fusarium_fabacearum_ex_type_FUN_000114	170	1.446E-01	1.119E-01	9.753E-02	1.646E+01
Fusarium_fabacearum_ex_type_FUN_000005	GCA_000259975_FUN_000015	65	3.836E-01	1.059E-01	1.505E-01	6.473E+00
Fusarium_fabacearum_ex_type_FUN_000005	Fusarium_kalimantanense_ex_type-barcode07_FUN_000007	171	1.496E-01	1.111E-01	1.457E-01	1.797E+01
Fusarium_fabacearum_ex_type_FUN_000005	GCA_000259975_FUN_000028	154	1.510E-01	1.054E-01	1.097E-01	1.861E+01
Fusarium_fabacearum_ex_type_FUN_000005	Fola2ENZA_FUN_000005	103	2.556E-01	9.052E-02	1.284E-01	1.438E+01
Fusarium_fabacearum_ex_type_FUN_000005	GCA_023509805_FUN_000022	125	1.152E-01	7.173E-02	5.395E-02	1.450E+01
Fusarium_fabacearum_ex_type_FUN_000005	Fola3ENZA_FUN_000004	96	1.529E-01	8.577E-02	1.275E-01	1.359E+01
Fusarium_fabacearum_ex_type_FUN_000005	Fola4ENZA_FUN_000008	96	1.666E-01	8.575E-02	1.245E-01	1.359E+01
Fusarium_fabacearum_ex_type_FUN_000005	Fusarium_cugenangense_ex_type-barcode01_FUN_000020	96	1.529E-01	8.577E-02	1.275E-01	1.359E+01
Fusarium_fabacearum_ex_type_FUN_000005	GCA_000260495_FUN_000006	96	1.666E-01	8.575E-02	1.245E-01	1.359E+01
Fusarium_fabacearum_ex_type_FUN_000005	GCA_001702695_FUN_000008	96	1.666E-01	8.575E-02	1.245E-01	1.359E+01
Fusarium_fabacearum_ex_type_FUN_000005	GCA_003315725_FUN_000002	96	1.666E-01	8.575E-02	1.245E-01	1.359E+01
Fusarium_fabacearum_ex_type_FUN_000005	GCA_013347535_FUN_000022	96	1.529E-01	8.577E-02	1.275E-01	1.359E+01
Fusarium_fabacearum_ex_type_FUN_000005	GCA_014843415_FUN_000017	96	1.529E-01	8.577E-02	1.275E-01	1.359E+01
Fusarium_fabacearum_ex_type_FUN_000005	GCA_014843445_FUN_000019	96	1.529E-01	8.577E-02	1.275E-01	1.359E+01
Fusarium_fabacearum_ex_type_FUN_000005	GCA_014843455_FUN_000007	96	1.666E-01	8.575E-02	1.245E-01	1.359E+01
Fusarium_fabacearum_ex_type_FUN_000005	GCA_014843555_FUN_000006	96	1.529E-01	8.577E-02	1.275E-01	1.359E+01
Fusarium_fabacearum_ex_type_FUN_000005	GCA_021018635_FUN_000007	96	1.666E-01	8.575E-02	1.245E-01	1.359E+01
Fusarium_fabacearum_ex_type_FUN_000005	GCA_032206225_FUN_000003	96	1.666E-01	8.575E-02	1.245E-01	1.359E+01
Fusarium_fabacearum_ex_type_FUN_000005	GCA_013423235_FUN_000001	96	1.528E-01	8.622E-02	1.240E-01	1.361E+01
Fusarium_fabacearum_ex_type_FUN_000005	GCA_025267645_FUN_000212	119	2.230E-01	1.146E-01	1.261E-01	9.677E+00
Fusarium_fabacearum_ex_type_FUN_000005	Fola2ENZA_FUN_000024	150	1.375E-01	8.160E-02	1.002E-01	1.549E+01
Fusarium_fabacearum_ex_type_FUN_000005	Fusarium_phialophorum-barcode15_FUN_000013	150	1.375E-01	8.160E-02	1.002E-01	1.549E+01
Fusarium_fabacearum_ex_type_FUN_000005	GCA_023509805_FUN_000049	63	1.613E-01	6.315E-02	7.064E-02	1.482E+01
Fusarium_fabacearum_ex_type_FUN_000005	GCA_025203105_FUN_000007	139	1.808E-01	1.085E-01	1.186E-01	1.459E+01
Fusarium_fabacearum_ex_type_FUN_000005	GCA_019670925_FUN_000050	121	2.079E-01	1.378E-01	1.440E-01	1.011E+01
Fusarium_fabacearum_ex_type_FUN_000005	GCA_019671045_FUN_000060	146	2.043E-01	1.295E-01	1.368E-01	1.498E+01
Fusarium_fabacearum_ex_type_FUN_000005	GCA_001702495_FUN_000061	146	1.320E-01	7.231E-02	7.575E-02	1.410E+01
Fusarium_fabacearum_ex_type_FUN_000005	GCA_002234015_FUN_000068	148	1.423E-01	8.582E-02	7.814E-02	1.360E+01
Fusarium_fabacearum_ex_type_FUN_000005	AJ705_race4_FUN_000009	127	1.540E-01	8.922E-02	8.432E-02	1.633E+01
Fusarium_fabacearum_ex_type_FUN_000005	AJ718_race1_FUN_000294	137	1.606E-01	8.850E-02	6.943E-02	1.555E+01
Fusarium_fabacearum_ex_type_FUN_000005	Fola4ENZA_FUN_000007	112	1.738E-01	8.527E-02	1.221E-01	1.547E+01
Fusarium_fabacearum_ex_type_FUN_000005	Fusarium_cugenangense_ex_type-barcode01_FUN_000019	119	1.603E-01	8.586E-02	1.234E-01	1.589E+01
Fusarium_fabacearum_ex_type_FUN_000005	Fusarium_phialophorum-barcode15_FUN_000015	112	1.738E-01	8.527E-02	1.221E-01	1.547E+01
Fusarium_fabacearum_ex_type_FUN_000005	Fusarium_sp_128_FUN_000005	112	1.738E-01	8.527E-02	1.221E-01	1.547E+01
Fusarium_fabacearum_ex_type_FUN_000005	GCA_001702695_FUN_000007	112	1.738E-01	8.527E-02	1.221E-01	1.547E+01
Fusarium_fabacearum_ex_type_FUN_000005	GCA_003315725_FUN_000001	112	1.738E-01	8.527E-02	1.221E-01	1.547E+01
Fusarium_fabacearum_ex_type_FUN_000005	GCA_013347535_FUN_000021	119	1.603E-01	8.586E-02	1.234E-01	1.589E+01
Fusarium_fabacearum_ex_type_FUN_000005	GCA_014843415_FUN_000016	119	1.603E-01	8.586E-02	1.234E-01	1.589E+01
Fusarium_fabacearum_ex_type_FUN_000005	GCA_014843455_FUN_000006	112	1.738E-01	8.527E-02	1.221E-01	1.547E+01
Fusarium_fabacearum_ex_type_FUN_000005	GCA_014843555_FUN_000005	119	1.603E-01	8.586E-02	1.234E-01	1.589E+01
Fusarium_fabacearum_ex_type_FUN_000005	GCA_021018635_FUN_000006	112	1.738E-01	8.527E-02	1.221E-01	1.547E+01
Fusarium_fabacearum_ex_type_FUN_000005	GCA_032206225_FUN_000002	112	1.738E-01	8.527E-02	1.221E-01	1.547E+01
Fusarium_fabacearum_ex_type_FUN_000005	Fusarium_duoseptatum_ex_type-barcode03_FUN_000160	86	2.412E-01	9.967E-02	1.177E-01	1.494E+01
Fusarium_fabacearum_ex_type_FUN_000005	GCA_025267645_FUN_000197	108	1.438E-01	8.048E-02	8.048E-02	1.258E+01
Fusarium_fabacearum_ex_type_FUN_000005	GCA_025203105_FUN_000005	77	1.664E-01	5.886E-02	6.416E-02	1.183E+01
Fusarium_fabacearum_ex_type_FUN_000005	GCA_016170085_FUN_000003	203	9.567E-02	8.173E-02	9.434E-02	3.913E+01
Fusarium_fabacearum_ex_type_FUN_000005	GCA_014839635_FUN_000047	129	1.568E-01	8.176E-02	8.354E-02	1.764E+01
Fusarium_fabacearum_ex_type_FUN_000005	GCA_019670925_FUN_000040	96	1.651E-01	6.640E-02	6.275E-02	1.413E+01
Fusarium_fabacearum_ex_type_FUN_000005	GCA_014839635_FUN_000049	164	1.266E-01	8.057E-02	6.858E-02	1.796E+01
Fusarium_fabacearum_ex_type_FUN_000005	AJ718_race1_FUN_000292	87	1.580E-01	6.519E-02	4.978E-02	1.127E+01
GCA_049306905_FUN_000006	GCA_049306905_FUN_000006	75	1.014E+00	1.000E+00	1.000E+00	2.459E-03
GCA_049306905_FUN_000006	GCA_049307005_FUN_000010	75	1.014E+00	1.000E+00	1.000E+00	2.459E-03
GCA_049306905_FUN_000006	GCA_019593505_FUN_000157	21	3.995E-01	1.599E-01	1.599E-01	4.649E+00
GCA_049306905_FUN_000006	AJ516_race4_FUN_000033	26	3.673E-01	1.905E-01	3.838E-02	4.207E+00
GCA_049306905_FUN_000006	GCA_018894095_FUN_000077	26	3.876E-01	1.885E-01	3.837E-02	4.230E+00
GCA_049306905_FUN_000006	GCA_050947165_FUN_000012	26	3.833E-01	1.899E-01	3.838E-02	4.227E+00
GCA_049306905_FUN_000006	GCA_050947235_FUN_000024	26	3.833E-01	1.899E-01	3.838E-02	4.227E+00
GCA_049306905_FUN_000006	AJ516_race4_FUN_000013	74	2.517E-01	1.997E-01	1.265E-01	1.156E+01
GCA_049306905_FUN_000006	GCA_049306905_FUN_000029	26	3.831E-01	1.921E-01	3.858E-02	4.151E+00
GCA_049306905_FUN_000006	GCA_049307005_FUN_000032	26	3.831E-01	1.921E-01	3.858E-02	4.151E+00
GCA_049306905_FUN_000006	GCA_023509805_FUN_000049	18	2.418E-01	1.340E-01	7.114E-02	3.757E+00
GCA_049306905_FUN_000006	GCA_025267645_FUN_000197	67	2.505E-01	1.751E-01	6.796E-02	1.781E+01
GCA_049306905_FUN_000006	GCA_023509805_FUN_000022	32	5.035E-01	2.520E-01	6.133E-02	4.438E+00
GCA_049306905_FUN_000006	GCA_023509805_FUN_000017	80	2.327E-01	2.155E-01	1.636E-01	1.110E+01
GCA_049306905_FUN_000006	AJ718_race1_FUN_000294	44	2.657E-01	1.806E-01	6.895E-02	6.935E+00
GCA_049306905_FUN_000006	Fusarium_elaeidis_ex_type_FUN_000250	63	2.258E-01	1.982E-01	1.926E-01	1.729E+01
GCA_049306905_FUN_000006	GCA_014839635_FUN_000049	60	1.686E-01	1.283E-01	4.704E-02	1.868E+01
GCA_002234015_FUN_000078	GCA_002234015_FUN_000078	397	1.003E+00	1.000E+00	1.000E+00	0.000E+00
GCA_002234015_FUN_000078	GCA_001702495_FUN_000069	397	9.750E-01	9.677E-01	9.725E-01	2.033E+00
GCA_002234015_FUN_000078	GCA_019593505_FUN_000075	115	3.280E-01	9.909E-02	1.464E-01	6.808E+00
GCA_002234015_FUN_000078	GCA_038050555_FUN_000028	60	4.706E-01	9.091E-02	1.512E-01	4.041E+00
GCA_002234015_FUN_000078	GCA_019671045_FUN_000062	50	6.158E-01	8.808E-02	1.443E-01	3.302E+00
GCA_002234015_FUN_000078	GCA_001702845_FUN_000132	77	3.448E-01	8.359E-02	1.239E-01	1.125E+01
GCA_002234015_FUN_000078	GCA_002234105_FUN_000098	77	3.447E-01	8.359E-02	1.239E-01	1.125E+01
GCA_002234015_FUN_000078	GCA_025203755_FUN_000021	77	3.443E-01	8.278E-02	1.238E-01	1.049E+01
GCA_002234015_FUN_000078	GCA_014839635_FUN_000046	61	3.428E-01	7.725E-02	2.388E-01	6.792E+00
GCA_002234015_FUN_000078	AJ718_race1_FUN_000094	76	4.199E-01	1.126E-01	1.205E-01	4.935E+00
GCA_002234015_FUN_000078	GCA_038050555_FUN_000006	46	3.083E-01	6.264E-02	2.161E-01	8.884E+00
GCA_002234015_FUN_000078	GCA_018894095_FUN_000071	46	3.280E-01	6.319E-02	2.201E-01	8.870E+00
GCA_002234015_FUN_000078	GCA_020796175_FUN_000123	32	2.195E-01	3.103E-02	9.297E-02	8.982E+00
GCA_002234015_FUN_000078	Fusarium_glycines_ex_type_FUN_000047	49	5.358E-01	5.649E-02	1.100E-01	8.793E+00
GCA_002234015_FUN_000078	AJ592_race4_FUN_000062	138	1.695E-01	6.070E-02	6.406E-02	1.268E+01
GCA_002234015_FUN_000078	AJ705_race4_FUN_000001	138	1.695E-01	6.070E-02	6.406E-02	1.268E+01
GCA_002234015_FUN_000078	GCA_009755825_FUN_000025	48	5.685E-01	5.801E-02	8.969E-02	8.457E+00
GCA_002234015_FUN_000078	Fola3ENZA_FUN_000009	116	1.369E-01	4.902E-02	6.775E-02	1.637E+01
GCA_002234015_FUN_000078	GCA_014843445_FUN_000023	116	1.369E-01	4.902E-02	6.775E-02	1.637E+01
GCA_002234015_FUN_000078	GCA_025203755_FUN_000032	53	3.985E-01	5.614E-02	6.152E-02	1.031E+01
GCA_002234015_FUN_000078	GCA_025216365_FUN_000109	92	2.582E-01	6.931E-02	4.490E-02	1.113E+01
GCA_002234015_FUN_000078	GCA_025203105_FUN_000007	25	2.340E-01	4.141E-02	7.363E-02	6.340E+00
GCA_002234015_FUN_000078	GCA_014839635_FUN_000047	134	1.801E-01	5.273E-02	8.410E-02	1.869E+01
GCA_002234015_FUN_000078	Fola1ENZA_FUN_000069	113	1.331E-01	4.791E-02	6.739E-02	1.528E+01
GCA_002234015_FUN_000078	GCA_020796175_FUN_000007	113	1.331E-01	4.791E-02	6.739E-02	1.528E+01
GCA_002234015_FUN_000078	Fusarium_fabacearum_ex_type_FUN_000114	26	1.687E-01	3.438E-02	4.729E-02	6.576E+00
GCA_002234015_FUN_000078	GCA_014839635_FUN_000049	105	1.879E-01	6.244E-02	8.315E-02	1.376E+01
GCA_002234015_FUN_000078	Fusarium_elaeidis_ex_type_FUN_000250	23	1.995E-01	4.336E-02	1.466E-01	4.563E+00
GCA_002234015_FUN_000078	GCA_009755825_FUN_000084	79	1.401E-01	3.668E-02	5.813E-02	1.144E+01
Fusarium_kalimantanense_ex_type-barcode07_FUN_000003	Fusarium_kalimantanense_ex_type-barcode07_FUN_000003	220	1.005E+00	1.000E+00	1.000E+00	7.342E-03
Fusarium_kalimantanense_ex_type-barcode07_FUN_000003	GCA_050947165_FUN_000004	196	2.015E-01	1.856E-01	2.000E-01	2.090E+01
Fusarium_kalimantanense_ex_type-barcode07_FUN_000003	GCA_050947235_FUN_000004	196	2.015E-01	1.856E-01	2.000E-01	2.090E+01
GCA_001702695_FUN_000007	Fola4ENZA_FUN_000007	118	1.009E+00	1.000E+00	1.000E+00	0.000E+00
GCA_001702695_FUN_000007	Fusarium_phialophorum-barcode15_FUN_000015	118	1.009E+00	1.000E+00	1.000E+00	0.000E+00
GCA_001702695_FUN_000007	Fusarium_sp_128_FUN_000005	118	1.009E+00	1.000E+00	1.000E+00	0.000E+00
GCA_001702695_FUN_000007	GCA_001702695_FUN_000007	118	1.009E+00	1.000E+00	1.000E+00	0.000E+00
GCA_001702695_FUN_000007	GCA_003315725_FUN_000001	118	1.009E+00	1.000E+00	1.000E+00	0.000E+00
GCA_001702695_FUN_000007	GCA_014843455_FUN_000006	118	1.009E+00	1.000E+00	1.000E+00	0.000E+00
GCA_001702695_FUN_000007	GCA_021018635_FUN_000006	118	1.009E+00	1.000E+00	1.000E+00	0.000E+00
GCA_001702695_FUN_000007	GCA_032206225_FUN_000002	118	1.009E+00	1.000E+00	1.000E+00	0.000E+00
GCA_001702695_FUN_000007	Fusarium_cugenangense_ex_type-barcode01_FUN_000019	118	9.689E-01	9.612E-01	9.612E-01	1.176E+00
GCA_001702695_FUN_000007	GCA_013347535_FUN_000021	118	9.689E-01	9.612E-01	9.612E-01	1.176E+00
GCA_001702695_FUN_000007	GCA_014843415_FUN_000016	118	9.689E-01	9.612E-01	9.612E-01	1.176E+00
GCA_001702695_FUN_000007	GCA_014843555_FUN_000005	118	9.689E-01	9.612E-01	9.612E-01	1.176E+00
GCA_001702695_FUN_000007	Fusarium_sp_128_FUN_000001	100	7.762E-01	5.542E-01	7.227E-01	2.904E+00
GCA_001702695_FUN_000007	GCA_019593505_FUN_000203	106	6.607E-01	5.000E-01	5.983E-01	3.692E+00
GCA_001702695_FUN_000007	GCA_013423235_FUN_000011	107	6.230E-01	5.126E-01	4.743E-01	7.143E+00
GCA_001702695_FUN_000007	GCA_002234015_FUN_000043	118	5.486E-01	4.605E-01	3.544E-01	7.646E+00
GCA_001702695_FUN_000007	GCA_001702495_FUN_000036	119	5.892E-01	4.981E-01	3.834E-01	4.454E+00
GCA_001702695_FUN_000007	GCA_025267645_FUN_000212	87	4.635E-01	3.128E-01	2.177E-01	4.792E+00
GCA_001702695_FUN_000007	GCA_009755825_FUN_000023	92	2.897E-01	2.082E-01	8.668E-02	1.164E+01
GCA_001702695_FUN_000007	GCA_001703205_FUN_000069	118	2.496E-01	1.896E-01	1.025E-01	1.862E+01
GCA_001702695_FUN_000007	AJ520_race1_FUN_000054	118	2.497E-01	1.896E-01	1.034E-01	1.855E+01
GCA_001702695_FUN_000007	AJ592_race4_FUN_000037	118	2.497E-01	1.896E-01	1.034E-01	1.855E+01
GCA_001702695_FUN_000007	AJ865_race1_FUN_000053	118	2.497E-01	1.896E-01	1.034E-01	1.855E+01
GCA_001702695_FUN_000007	GCA_025203105_FUN_000007	139	1.679E-01	1.423E-01	1.012E-01	1.371E+01
GCA_001702695_FUN_000007	GCA_019670925_FUN_000050	131	2.035E-01	1.638E-01	1.116E-01	1.142E+01
GCA_001702695_FUN_000007	Fusarium_kalimantanense_ex_type-barcode07_FUN_000007	59	3.842E-01	1.607E-01	1.354E-01	1.224E+01
GCA_001702695_FUN_000007	GCA_015227905_FUN_000281	94	1.838E-01	1.421E-01	9.000E-02	1.484E+01
GCA_001702695_FUN_000007	GCA_020796175_FUN_000123	90	2.327E-01	1.533E-01	1.748E-01	1.164E+01
GCA_001702695_FUN_000007	Fola2ENZA_FUN_000005	102	2.198E-01	1.670E-01	1.449E-01	1.131E+01
GCA_001702695_FUN_000007	Fusarium_duoseptatum_ex_type-barcode03_FUN_000160	181	2.204E-01	2.139E-01	1.660E-01	1.569E+01
GCA_001702695_FUN_000007	Fusarium_fabacearum_ex_type_FUN_000005	112	1.738E-01	1.221E-01	8.275E-02	1.547E+01
GCA_001702695_FUN_000007	GCA_009755825_FUN_000084	36	2.149E-01	1.175E-01	7.807E-02	4.929E+00
GCA_001702695_FUN_000007	Fusarium_elaeidis_ex_type_FUN_000039	110	2.079E-01	1.763E-01	1.139E-01	1.391E+01
GCA_001702695_FUN_000007	AJ592_race4_FUN_000062	85	1.633E-01	1.054E-01	4.232E-02	1.455E+01
GCA_001702695_FUN_000007	AJ705_race4_FUN_000001	85	1.633E-01	1.054E-01	4.232E-02	1.455E+01
GCA_001702695_FUN_000007	GCA_025216365_FUN_000025	88	1.705E-01	1.217E-01	3.912E-02	4.549E+01
GCA_001702695_FUN_000007	Fusarium_duoseptatum_ex_type-barcode03_FUN_000086	71	1.404E-01	9.131E-02	1.083E-01	1.463E+01
GCA_001702695_FUN_000007	GCA_000259975_FUN_000015	134	2.301E-01	2.051E-01	1.920E-01	1.202E+01
GCA_001702695_FUN_000007	GCA_019671045_FUN_000060	127	1.141E-01	1.013E-01	7.122E-02	1.631E+01
GCA_001702695_FUN_000007	GCA_050947165_FUN_000034	98	1.488E-01	1.100E-01	7.102E-02	2.128E+01
GCA_001702695_FUN_000007	GCA_050947235_FUN_000045	98	1.488E-01	1.100E-01	7.102E-02	2.128E+01
GCA_001702695_FUN_000007	GCA_049307005_FUN_000001	104	1.147E-01	9.050E-02	6.486E-02	1.584E+01
GCA_001702695_FUN_000007	Fusarium_sp_128_FUN_000003	115	2.178E-01	1.629E-01	7.237E-02	1.183E+01
GCA_001702695_FUN_000007	Fusarium_gossypinum_ex_type_FUN_000050	54	2.792E-01	1.397E-01	4.653E-02	6.050E+00
GCA_001702695_FUN_000007	GCA_001703455_FUN_000315	54	2.792E-01	1.397E-01	4.653E-02	6.050E+00
GCA_001702695_FUN_000007	GCA_025216365_FUN_000109	121	1.903E-01	1.637E-01	5.471E-02	1.339E+01
GCA_001702695_FUN_000007	GCA_025267645_FUN_000218	46	2.282E-01	1.200E-01	7.202E-02	6.475E+00
GCA_001702695_FUN_000007	GCA_023509805_FUN_000022	15	3.423E-01	6.254E-02	2.299E-02	4.072E+00
GCA_002234105_FUN_000147	GCA_002234105_FUN_000147	142	1.007E+00	1.000E+00	1.000E+00	0.000E+00
GCA_002234105_FUN_000147	GCA_050947165_FUN_000012	36	3.629E-01	9.205E-02	3.385E-02	8.729E+00
GCA_002234105_FUN_000147	GCA_050947235_FUN_000024	36	3.629E-01	9.205E-02	3.385E-02	8.729E+00
GCA_002234105_FUN_000147	GCA_048164945_FUN_000024	36	3.243E-01	8.876E-02	3.316E-02	8.962E+00
Fusarium_kalimantanense_ex_type-barcode07_FUN_000007	Fusarium_kalimantanense_ex_type-barcode07_FUN_000007	144	1.007E+00	1.000E+00	1.000E+00	1.184E-02
Fusarium_kalimantanense_ex_type-barcode07_FUN_000007	AJ516_race4_FUN_000013	144	2.699E-01	2.685E-01	2.685E-01	1.654E+01
Fusarium_kalimantanense_ex_type-barcode07_FUN_000007	Fola4ENZA_FUN_000008	64	2.856E-01	1.245E-01	1.445E-01	1.115E+01
Fusarium_kalimantanense_ex_type-barcode07_FUN_000007	GCA_000260495_FUN_000006	64	2.856E-01	1.245E-01	1.445E-01	1.115E+01
Fusarium_kalimantanense_ex_type-barcode07_FUN_000007	GCA_001702695_FUN_000008	64	2.856E-01	1.245E-01	1.445E-01	1.115E+01
Fusarium_kalimantanense_ex_type-barcode07_FUN_000007	GCA_003315725_FUN_000002	64	2.856E-01	1.245E-01	1.445E-01	1.115E+01
Fusarium_kalimantanense_ex_type-barcode07_FUN_000007	GCA_014843455_FUN_000007	64	2.856E-01	1.245E-01	1.445E-01	1.115E+01
Fusarium_kalimantanense_ex_type-barcode07_FUN_000007	GCA_021018635_FUN_000007	64	2.856E-01	1.245E-01	1.445E-01	1.115E+01
Fusarium_kalimantanense_ex_type-barcode07_FUN_000007	GCA_032206225_FUN_000003	64	2.856E-01	1.245E-01	1.445E-01	1.115E+01
Fusarium_kalimantanense_ex_type-barcode07_FUN_000007	GCA_013423235_FUN_000001	110	2.175E-01	1.239E-01	1.429E-01	2.090E+01
Fusarium_kalimantanense_ex_type-barcode07_FUN_000007	Fola3ENZA_FUN_000004	105	2.303E-01	1.236E-01	1.476E-01	1.926E+01
Fusarium_kalimantanense_ex_type-barcode07_FUN_000007	Fusarium_cugenangense_ex_type-barcode01_FUN_000020	105	2.303E-01	1.236E-01	1.476E-01	1.926E+01
Fusarium_kalimantanense_ex_type-barcode07_FUN_000007	GCA_013347535_FUN_000022	105	2.303E-01	1.236E-01	1.476E-01	1.926E+01
Fusarium_kalimantanense_ex_type-barcode07_FUN_000007	GCA_014843415_FUN_000017	105	2.303E-01	1.236E-01	1.476E-01	1.926E+01
Fusarium_kalimantanense_ex_type-barcode07_FUN_000007	GCA_014843445_FUN_000019	105	2.303E-01	1.236E-01	1.476E-01	1.926E+01
Fusarium_kalimantanense_ex_type-barcode07_FUN_000007	GCA_014843555_FUN_000006	105	2.303E-01	1.236E-01	1.476E-01	1.926E+01
Fusarium_kalimantanense_ex_type-barcode07_FUN_000007	GCA_025267645_FUN_000212	72	2.993E-01	1.691E-01	1.384E-01	1.203E+01
Fusarium_kalimantanense_ex_type-barcode07_FUN_000007	GCA_000259975_FUN_000028	123	2.332E-01	1.798E-01	1.450E-01	1.570E+01
Fusarium_kalimantanense_ex_type-barcode07_FUN_000007	GCA_020796175_FUN_000123	85	1.476E-01	9.258E-02	1.191E-01	1.672E+01
Fusarium_kalimantanense_ex_type-barcode07_FUN_000007	GCA_009755825_FUN_000084	144	1.291E-01	9.504E-02	6.990E-02	1.929E+01
Fusarium_kalimantanense_ex_type-barcode07_FUN_000007	GCA_001702495_FUN_000061	86	1.854E-01	1.183E-01	7.585E-02	1.509E+01
Fusarium_kalimantanense_ex_type-barcode07_FUN_000007	GCA_000259975_FUN_000015	44	4.676E-01	1.519E-01	1.598E-01	1.060E+01
Fusarium_kalimantanense_ex_type-barcode07_FUN_000007	Fusarium_duoseptatum_ex_type-barcode03_FUN_000160	70	2.632E-01	1.277E-01	1.093E-01	1.163E+01
Fusarium_kalimantanense_ex_type-barcode07_FUN_000007	GCA_002234015_FUN_000068	86	1.850E-01	1.180E-01	7.566E-02	1.509E+01
Fusarium_kalimantanense_ex_type-barcode07_FUN_000007	Fola4ENZA_FUN_000007	59	3.842E-01	1.354E-01	1.607E-01	1.224E+01
Fusarium_kalimantanense_ex_type-barcode07_FUN_000007	Fusarium_phialophorum-barcode15_FUN_000015	59	3.842E-01	1.354E-01	1.607E-01	1.224E+01
Fusarium_kalimantanense_ex_type-barcode07_FUN_000007	Fusarium_sp_128_FUN_000005	59	3.842E-01	1.354E-01	1.607E-01	1.224E+01
Fusarium_kalimantanense_ex_type-barcode07_FUN_000007	GCA_001702695_FUN_000007	59	3.842E-01	1.354E-01	1.607E-01	1.224E+01
Fusarium_kalimantanense_ex_type-barcode07_FUN_000007	GCA_003315725_FUN_000001	59	3.842E-01	1.354E-01	1.607E-01	1.224E+01
Fusarium_kalimantanense_ex_type-barcode07_FUN_000007	GCA_014843455_FUN_000006	59	3.842E-01	1.354E-01	1.607E-01	1.224E+01
Fusarium_kalimantanense_ex_type-barcode07_FUN_000007	GCA_021018635_FUN_000006	59	3.842E-01	1.354E-01	1.607E-01	1.224E+01
Fusarium_kalimantanense_ex_type-barcode07_FUN_000007	GCA_032206225_FUN_000002	59	3.842E-01	1.354E-01	1.607E-01	1.224E+01
Fusarium_kalimantanense_ex_type-barcode07_FUN_000007	Fusarium_gossypinum_ex_type_FUN_000315	79	2.946E-01	1.351E-01	6.598E-02	1.028E+01
Fusarium_kalimantanense_ex_type-barcode07_FUN_000007	Fusarium_cugenangense_ex_type-barcode01_FUN_000019	60	3.393E-01	1.268E-01	1.505E-01	1.219E+01
Fusarium_kalimantanense_ex_type-barcode07_FUN_000007	GCA_013347535_FUN_000021	60	3.393E-01	1.268E-01	1.505E-01	1.219E+01
Fusarium_kalimantanense_ex_type-barcode07_FUN_000007	GCA_014843415_FUN_000016	60	3.393E-01	1.268E-01	1.505E-01	1.219E+01
Fusarium_kalimantanense_ex_type-barcode07_FUN_000007	GCA_014843555_FUN_000005	60	3.393E-01	1.268E-01	1.505E-01	1.219E+01
Fusarium_kalimantanense_ex_type-barcode07_FUN_000007	GCA_001703455_FUN_000133	143	1.316E-01	9.895E-02	8.071E-02	1.928E+01
Fusarium_kalimantanense_ex_type-barcode07_FUN_000007	Fusarium_fabacearum_ex_type_FUN_000005	131	1.546E-01	1.071E-01	8.049E-02	1.699E+01
Fusarium_kalimantanense_ex_type-barcode07_FUN_000007	Fola1ENZA_FUN_000069	216	1.297E-01	1.283E-01	8.813E-02	2.118E+01
Fusarium_kalimantanense_ex_type-barcode07_FUN_000007	GCA_020796175_FUN_000007	216	1.297E-01	1.283E-01	8.813E-02	2.118E+01
Fusarium_kalimantanense_ex_type-barcode07_FUN_000007	AJ705_race4_FUN_000009	84	2.504E-01	9.496E-02	5.775E-02	1.413E+01
Fusarium_kalimantanense_ex_type-barcode07_FUN_000007	Fusarium_sp_128_FUN_000001	45	2.306E-01	1.080E-01	1.543E-01	1.281E+01
Fusarium_kalimantanense_ex_type-barcode07_FUN_000007	GCA_019670925_FUN_000002	94	2.006E-01	1.121E-01	7.944E-02	1.630E+01
Fusarium_kalimantanense_ex_type-barcode07_FUN_000007	AJ718_race1_FUN_000294	94	2.180E-01	1.083E-01	5.838E-02	1.685E+01
Fusarium_kalimantanense_ex_type-barcode07_FUN_000007	GCA_023509805_FUN_000049	54	2.557E-01	1.105E-01	9.172E-02	9.887E+00
Fusarium_kalimantanense_ex_type-barcode07_FUN_000007	GCA_019671045_FUN_000060	92	1.569E-01	9.473E-02	7.519E-02	1.767E+01
Fusarium_kalimantanense_ex_type-barcode07_FUN_000007	GCA_019671045_FUN_000019	65	2.142E-01	1.174E-01	7.993E-02	1.597E+01
Fusarium_kalimantanense_ex_type-barcode07_FUN_000007	GCA_049307005_FUN_000001	94	1.953E-01	1.279E-01	8.684E-02	1.350E+01
Fusarium_kalimantanense_ex_type-barcode07_FUN_000007	GCA_002233855_FUN_000172	148	1.512E-01	1.183E-01	4.781E-02	2.342E+01
Fusarium_kalimantanense_ex_type-barcode07_FUN_000007	GCA_049306905_FUN_000029	70	2.546E-01	1.382E-01	5.401E-02	1.381E+01
Fusarium_kalimantanense_ex_type-barcode07_FUN_000007	GCA_049307005_FUN_000032	70	2.546E-01	1.382E-01	5.401E-02	1.381E+01
Fusarium_kalimantanense_ex_type-barcode07_FUN_000007	Fola3ENZA_FUN_000009	84	1.715E-01	1.247E-01	8.835E-02	1.948E+01
Fusarium_kalimantanense_ex_type-barcode07_FUN_000007	GCA_014843445_FUN_000023	84	1.715E-01	1.247E-01	8.835E-02	1.948E+01
Fusarium_kalimantanense_ex_type-barcode07_FUN_000007	Fusarium_fabacearum_ex_type_FUN_000114	149	1.311E-01	9.971E-02	7.401E-02	1.731E+01
Fusarium_kalimantanense_ex_type-barcode07_FUN_000007	GCA_014839635_FUN_000049	179	1.230E-01	1.199E-01	7.073E-02	2.406E+01
Fusarium_kalimantanense_ex_type-barcode07_FUN_000007	GCA_050947165_FUN_000012	46	2.898E-01	9.464E-02	3.205E-02	9.955E+00
Fusarium_kalimantanense_ex_type-barcode07_FUN_000007	GCA_050947235_FUN_000024	46	2.898E-01	9.464E-02	3.205E-02	9.955E+00
Fusarium_kalimantanense_ex_type-barcode07_FUN_000007	Fusarium_kalimantanense_ex_type-barcode07_FUN_000026	85	2.006E-01	1.188E-01	1.965E-01	1.477E+01
Fusarium_kalimantanense_ex_type-barcode07_FUN_000007	GCA_048164945_FUN_000019	94	1.402E-01	8.476E-02	1.233E-01	1.301E+01
Fusarium_kalimantanense_ex_type-barcode07_FUN_000007	GCA_014839635_FUN_000046	18	3.871E-01	7.946E-02	1.172E-01	3.441E+00
Fusarium_kalimantanense_ex_type-barcode07_FUN_000007	Fusarium_fabacearum_ex_type_FUN_000267	25	2.242E-01	8.603E-02	9.083E-02	4.183E+00
Fusarium_kalimantanense_ex_type-barcode07_FUN_000007	GCA_002233855_FUN_000349	25	2.242E-01	8.603E-02	9.083E-02	4.183E+00
Fusarium_kalimantanense_ex_type-barcode07_FUN_000007	GCA_025203105_FUN_000007	97	1.853E-01	1.177E-01	9.674E-02	1.634E+01
Fusarium_kalimantanense_ex_type-barcode07_FUN_000007	GCA_001702845_FUN_000128	100	1.467E-01	7.848E-02	6.040E-02	1.581E+01
Fusarium_kalimantanense_ex_type-barcode07_FUN_000007	GCA_002234105_FUN_000094	100	1.467E-01	7.848E-02	6.040E-02	1.581E+01
Fusarium_kalimantanense_ex_type-barcode07_FUN_000007	Fusarium_elaeidis_ex_type_FUN_000039	178	1.468E-01	1.248E-01	9.506E-02	2.023E+01
Fusarium_kalimantanense_ex_type-barcode07_FUN_000007	AJ520_race1_FUN_000054	54	1.843E-01	8.167E-02	4.963E-02	1.162E+01
Fusarium_kalimantanense_ex_type-barcode07_FUN_000007	AJ592_race4_FUN_000037	54	1.843E-01	8.167E-02	4.963E-02	1.162E+01
Fusarium_kalimantanense_ex_type-barcode07_FUN_000007	AJ865_race1_FUN_000053	54	1.843E-01	8.167E-02	4.963E-02	1.162E+01
Fusarium_kalimantanense_ex_type-barcode07_FUN_000007	Fusarium_sp_128_FUN_000003	87	2.373E-01	1.096E-01	4.883E-02	1.414E+01
Fusarium_kalimantanense_ex_type-barcode07_FUN_000007	GCA_009755825_FUN_000023	122	2.274E-01	1.424E-01	5.947E-02	2.343E+01
Fusarium_kalimantanense_ex_type-barcode07_FUN_000007	GCA_025216365_FUN_000025	194	1.852E-01	1.830E-01	6.774E-02	4.412E+01
Fusarium_kalimantanense_ex_type-barcode07_FUN_000007	GCA_018894095_FUN_000077	54	2.696E-01	1.301E-01	5.183E-02	7.454E+00
Fusarium_kalimantanense_ex_type-barcode07_FUN_000007	GCA_014839635_FUN_000047	99	2.059E-01	9.758E-02	6.850E-02	1.993E+01
Fusarium_kalimantanense_ex_type-barcode07_FUN_000007	GCA_025267645_FUN_000197	77	1.446E-01	8.158E-02	6.127E-02	1.564E+01
Fusarium_kalimantanense_ex_type-barcode07_FUN_000007	GCA_025203755_FUN_000017	77	1.328E-01	7.530E-02	6.123E-02	1.332E+01
Fusarium_kalimantanense_ex_type-barcode07_FUN_000007	Fusarium_gossypinum_ex_type_FUN_000200	106	1.206E-01	8.397E-02	6.976E-02	2.407E+01
Fusarium_kalimantanense_ex_type-barcode07_FUN_000007	GCA_001703205_FUN_000069	138	1.204E-01	8.209E-02	5.052E-02	2.639E+01
Fusarium_kalimantanense_ex_type-barcode07_FUN_000007	AJ718_race1_FUN_000292	44	3.164E-01	6.909E-02	3.325E-02	1.019E+01
Fusarium_kalimantanense_ex_type-barcode07_FUN_000007	AJ516_race4_FUN_000033	61	2.622E-01	1.189E-01	4.473E-02	9.846E+00
GCA_025217005_FUN_000004	GCA_002234045_FUN_000125	64	1.016E+00	1.000E+00	1.000E+00	1.602E-02
GCA_025217005_FUN_000004	GCA_025217005_FUN_000004	64	1.016E+00	1.000E+00	1.000E+00	1.602E-02
Fola1ENZA_FUN_000100	Fola1ENZA_FUN_000100	185	1.005E+00	1.000E+00	1.000E+00	1.283E-02
Fola1ENZA_FUN_000100	GCA_020796175_FUN_000039	185	1.005E+00	1.000E+00	1.000E+00	1.283E-02
Fola1ENZA_FUN_000100	GCA_001703205_FUN_000069	69	2.076E-01	7.268E-02	5.567E-02	2.542E+01
GCA_016166325_FUN_000030	GCA_016166325_FUN_000030	69	1.015E+00	1.000E+00	1.000E+00	1.516E-03
GCA_016166325_FUN_000030	GCA_016170085_FUN_000014	69	1.015E+00	1.000E+00	1.000E+00	1.516E-03
GCA_016166325_FUN_000030	Fusarium_kalimantanense_ex_type-barcode07_FUN_000026	67	9.213E-01	8.833E-01	8.483E-01	1.887E+00
GCA_016166325_FUN_000030	AJ516_race4_FUN_000027	70	8.536E-01	8.424E-01	8.210E-01	2.256E+00
GCA_016166325_FUN_000030	AJ520_race1_FUN_000015	70	8.536E-01	8.424E-01	8.210E-01	2.256E+00
GCA_016166325_FUN_000030	AJ865_race1_FUN_000014	70	8.536E-01	8.424E-01	8.210E-01	2.256E+00
GCA_016166325_FUN_000030	GCA_048164945_FUN_000019	78	8.279E-01	7.963E-01	7.064E-01	2.314E+00
GCA_016166325_FUN_000030	GCA_038050555_FUN_000006	80	7.371E-01	7.275E-01	6.374E-01	4.128E+00
GCA_016166325_FUN_000030	GCA_018894095_FUN_000071	78	7.871E-01	7.565E-01	6.331E-01	3.402E+00
GCA_016166325_FUN_000030	Fusarium_duoseptatum_ex_type-barcode03_FUN_000086	80	3.923E-01	3.168E-01	2.576E-01	9.426E+00
GCA_016166325_FUN_000030	GCA_020796175_FUN_000123	80	3.639E-01	3.396E-01	2.780E-01	8.308E+00
GCA_016166325_FUN_000030	GCA_050947165_FUN_000012	38	5.661E-01	2.562E-01	4.348E-02	4.214E+00
GCA_016166325_FUN_000030	GCA_050947235_FUN_000024	38	5.661E-01	2.562E-01	4.348E-02	4.214E+00
GCA_016166325_FUN_000030	GCA_001702495_FUN_000061	39	3.415E-01	1.828E-01	5.842E-02	7.907E+00
GCA_016166325_FUN_000030	GCA_025267645_FUN_000218	21	2.818E-01	1.521E-01	5.528E-02	3.364E+00
GCA_020796175_FUN_000123	GCA_020796175_FUN_000123	93	1.011E+00	1.000E+00	1.000E+00	8.292E-03
GCA_020796175_FUN_000123	Fusarium_duoseptatum_ex_type-barcode03_FUN_000086	93	7.854E-01	7.562E-01	7.778E-01	3.228E+00
GCA_020796175_FUN_000123	GCA_048164945_FUN_000019	81	3.518E-01	2.663E-01	3.045E-01	8.528E+00
GCA_020796175_FUN_000123	Fusarium_kalimantanense_ex_type-barcode07_FUN_000026	69	3.687E-01	2.368E-01	2.907E-01	9.187E+00
GCA_020796175_FUN_000123	GCA_016166325_FUN_000030	86	2.715E-01	2.048E-01	2.454E-01	9.889E+00
GCA_020796175_FUN_000123	GCA_016170085_FUN_000014	86	2.715E-01	2.048E-01	2.454E-01	9.889E+00
GCA_020796175_FUN_000123	Fusarium_kalimantanense_ex_type-barcode07_FUN_000007	84	1.243E-01	1.151E-01	9.297E-02	1.582E+01
GCA_020796175_FUN_000123	GCA_025267645_FUN_000212	61	1.817E-01	1.101E-01	6.478E-02	1.263E+01
GCA_020796175_FUN_000123	AJ516_race4_FUN_000027	105	1.657E-01	1.372E-01	1.642E-01	1.187E+01
GCA_020796175_FUN_000123	AJ520_race1_FUN_000015	105	1.657E-01	1.372E-01	1.642E-01	1.187E+01
GCA_020796175_FUN_000123	AJ865_race1_FUN_000014	105	1.657E-01	1.372E-01	1.642E-01	1.187E+01
GCA_020796175_FUN_000123	GCA_019593505_FUN_000157	47	2.500E-01	1.391E-01	1.610E-01	7.253E+00
GCA_020796175_FUN_000123	Fola4ENZA_FUN_000007	57	2.409E-01	1.534E-01	1.302E-01	1.057E+01
GCA_020796175_FUN_000123	Fusarium_phialophorum-barcode15_FUN_000015	57	2.409E-01	1.534E-01	1.302E-01	1.057E+01
GCA_020796175_FUN_000123	Fusarium_sp_128_FUN_000005	57	2.409E-01	1.534E-01	1.302E-01	1.057E+01
GCA_020796175_FUN_000123	GCA_001702695_FUN_000007	57	2.409E-01	1.534E-01	1.302E-01	1.057E+01
GCA_020796175_FUN_000123	GCA_003315725_FUN_000001	57	2.409E-01	1.534E-01	1.302E-01	1.057E+01
GCA_020796175_FUN_000123	GCA_014843455_FUN_000006	57	2.409E-01	1.534E-01	1.302E-01	1.057E+01
GCA_020796175_FUN_000123	GCA_021018635_FUN_000006	57	2.409E-01	1.534E-01	1.302E-01	1.057E+01
GCA_020796175_FUN_000123	GCA_032206225_FUN_000002	57	2.409E-01	1.534E-01	1.302E-01	1.057E+01
GCA_020796175_FUN_000123	Fusarium_duoseptatum_ex_type-barcode03_FUN_000160	78	1.813E-01	1.379E-01	8.776E-02	1.390E+01
GCA_020796175_FUN_000123	Fusarium_cugenangense_ex_type-barcode01_FUN_000019	89	2.219E-01	1.582E-01	1.357E-01	1.070E+01
GCA_020796175_FUN_000123	GCA_013347535_FUN_000021	89	2.219E-01	1.582E-01	1.357E-01	1.070E+01
GCA_020796175_FUN_000123	GCA_014843415_FUN_000016	89	2.219E-01	1.582E-01	1.357E-01	1.070E+01
GCA_020796175_FUN_000123	GCA_014843555_FUN_000005	89	2.219E-01	1.582E-01	1.357E-01	1.070E+01
GCA_020796175_FUN_000123	GCA_025203105_FUN_000007	78	2.619E-01	2.049E-01	1.250E-01	1.294E+01
GCA_020796175_FUN_000123	GCA_000259975_FUN_000028	79	2.004E-01	1.717E-01	1.093E-01	1.218E+01
GCA_020796175_FUN_000123	GCA_009755825_FUN_000084	107	2.003E-01	1.694E-01	9.208E-02	1.369E+01
GCA_020796175_FUN_000123	GCA_048164945_FUN_000024	24	2.998E-01	1.259E-01	3.386E-02	4.838E+00
GCA_020796175_FUN_000123	GCA_050947165_FUN_000012	53	2.438E-01	1.151E-01	3.019E-02	1.172E+01
GCA_020796175_FUN_000123	GCA_050947235_FUN_000024	53	2.438E-01	1.151E-01	3.019E-02	1.172E+01
GCA_020796175_FUN_000123	GCA_015227905_FUN_000281	49	1.882E-01	9.461E-02	6.226E-02	9.499E+00
GCA_020796175_FUN_000123	Fola3ENZA_FUN_000009	98	1.808E-01	1.569E-01	8.134E-02	1.460E+01
GCA_020796175_FUN_000123	GCA_014843445_FUN_000023	98	1.808E-01	1.569E-01	8.134E-02	1.460E+01
GCA_020796175_FUN_000123	GCA_049307005_FUN_000001	65	2.589E-01	1.560E-01	7.917E-02	7.677E+00
GCA_020796175_FUN_000123	GCA_014839635_FUN_000049	62	2.131E-01	1.418E-01	7.388E-02	1.221E+01
GCA_020796175_FUN_000123	GCA_013423235_FUN_000011	46	2.876E-01	1.789E-01	1.445E-01	4.828E+00
GCA_020796175_FUN_000123	GCA_023509805_FUN_000049	68	1.840E-01	1.335E-01	8.573E-02	1.005E+01
GCA_020796175_FUN_000123	GCA_001703455_FUN_000133	44	1.978E-01	1.269E-01	7.480E-02	2.168E+01
GCA_020796175_FUN_000123	Fola1ENZA_FUN_000069	85	1.810E-01	1.502E-01	8.111E-02	1.370E+01
GCA_020796175_FUN_000123	GCA_020796175_FUN_000007	85	1.810E-01	1.502E-01	8.111E-02	1.370E+01
GCA_020796175_FUN_000123	GCA_002234015_FUN_000078	32	2.195E-01	9.297E-02	3.103E-02	8.982E+00
GCA_020796175_FUN_000123	GCA_025216365_FUN_000025	97	1.439E-01	1.187E-01	3.684E-02	2.603E+01
GCA_020796175_FUN_000123	Fusarium_elaeidis_ex_type_FUN_000250	25	1.839E-01	1.026E-01	1.168E-01	6.066E+00
GCA_020796175_FUN_000123	Fusarium_fabacearum_ex_type_FUN_000005	119	1.970E-01	1.668E-01	9.248E-02	1.413E+01
GCA_020796175_FUN_000123	AJ718_race1_FUN_000294	61	2.423E-01	1.216E-01	5.443E-02	8.379E+00
Fusarium_duoseptatum_ex_type-barcode03_FUN_000086	Fusarium_duoseptatum_ex_type-barcode03_FUN_000086	90	1.011E+00	1.000E+00	1.000E+00	1.046E-02
Fusarium_duoseptatum_ex_type-barcode03_FUN_000086	GCA_020796175_FUN_000123	93	7.854E-01	7.778E-01	7.562E-01	3.228E+00
Fusarium_duoseptatum_ex_type-barcode03_FUN_000086	AJ516_race4_FUN_000027	86	3.585E-01	2.587E-01	3.153E-01	9.674E+00
Fusarium_duoseptatum_ex_type-barcode03_FUN_000086	AJ520_race1_FUN_000015	86	3.585E-01	2.587E-01	3.153E-01	9.674E+00
Fusarium_duoseptatum_ex_type-barcode03_FUN_000086	AJ865_race1_FUN_000014	86	3.585E-01	2.587E-01	3.153E-01	9.674E+00
Fusarium_duoseptatum_ex_type-barcode03_FUN_000086	GCA_018894095_FUN_000071	94	3.206E-01	2.918E-01	3.095E-01	1.044E+01
Fusarium_duoseptatum_ex_type-barcode03_FUN_000086	GCA_038050555_FUN_000006	86	3.712E-01	3.043E-01	3.339E-01	1.149E+01
Fusarium_duoseptatum_ex_type-barcode03_FUN_000086	GCA_048164945_FUN_000019	80	3.708E-01	2.839E-01	3.165E-01	9.297E+00
Fusarium_duoseptatum_ex_type-barcode03_FUN_000086	GCA_016166325_FUN_000030	87	3.680E-01	2.551E-01	3.162E-01	1.015E+01
Fusarium_duoseptatum_ex_type-barcode03_FUN_000086	GCA_016170085_FUN_000014	87	3.680E-01	2.551E-01	3.162E-01	1.015E+01
Fusarium_duoseptatum_ex_type-barcode03_FUN_000086	GCA_001703205_FUN_000018	67	3.971E-01	2.652E-01	3.267E-01	1.008E+01
Fusarium_duoseptatum_ex_type-barcode03_FUN_000086	Fusarium_kalimantanense_ex_type-barcode07_FUN_000026	88	3.596E-01	2.533E-01	3.058E-01	9.423E+00
Fusarium_duoseptatum_ex_type-barcode03_FUN_000086	GCA_018894095_FUN_000077	35	2.671E-01	1.285E-01	3.883E-02	6.394E+00
Fusarium_duoseptatum_ex_type-barcode03_FUN_000086	AJ516_race4_FUN_000033	49	2.072E-01	1.175E-01	4.071E-02	8.555E+00
Fusarium_duoseptatum_ex_type-barcode03_FUN_000086	GCA_048164945_FUN_000024	31	2.730E-01	1.305E-01	3.537E-02	5.826E+00
Fusarium_duoseptatum_ex_type-barcode03_FUN_000086	Fola1ENZA_FUN_000069	83	1.693E-01	1.467E-01	7.712E-02	1.466E+01
Fusarium_duoseptatum_ex_type-barcode03_FUN_000086	GCA_020796175_FUN_000007	83	1.693E-01	1.467E-01	7.712E-02	1.466E+01
Fusarium_duoseptatum_ex_type-barcode03_FUN_000086	GCA_049306905_FUN_000029	31	2.778E-01	1.294E-01	3.546E-02	5.785E+00
Fusarium_duoseptatum_ex_type-barcode03_FUN_000086	GCA_049307005_FUN_000032	31	2.778E-01	1.294E-01	3.546E-02	5.785E+00
Fusarium_duoseptatum_ex_type-barcode03_FUN_000086	Fola4ENZA_FUN_000007	25	1.190E-01	8.281E-02	7.253E-02	6.144E+00
Fusarium_duoseptatum_ex_type-barcode03_FUN_000086	Fusarium_cugenangense_ex_type-barcode01_FUN_000019	13	2.188E-01	7.430E-02	5.894E-02	6.342E+00
Fusarium_duoseptatum_ex_type-barcode03_FUN_000086	Fusarium_phialophorum-barcode15_FUN_000015	25	1.190E-01	8.281E-02	7.253E-02	6.144E+00
Fusarium_duoseptatum_ex_type-barcode03_FUN_000086	Fusarium_sp_128_FUN_000005	25	1.190E-01	8.281E-02	7.253E-02	6.144E+00
Fusarium_duoseptatum_ex_type-barcode03_FUN_000086	GCA_001702695_FUN_000007	25	1.190E-01	8.281E-02	7.253E-02	6.144E+00
Fusarium_duoseptatum_ex_type-barcode03_FUN_000086	GCA_003315725_FUN_000001	25	1.190E-01	8.281E-02	7.253E-02	6.144E+00
Fusarium_duoseptatum_ex_type-barcode03_FUN_000086	GCA_013347535_FUN_000021	13	2.188E-01	7.430E-02	5.894E-02	6.342E+00
Fusarium_duoseptatum_ex_type-barcode03_FUN_000086	GCA_014843415_FUN_000016	13	2.188E-01	7.430E-02	5.894E-02	6.342E+00
Fusarium_duoseptatum_ex_type-barcode03_FUN_000086	GCA_014843455_FUN_000006	25	1.190E-01	8.281E-02	7.253E-02	6.144E+00
Fusarium_duoseptatum_ex_type-barcode03_FUN_000086	GCA_014843555_FUN_000005	13	2.188E-01	7.430E-02	5.894E-02	6.342E+00
Fusarium_duoseptatum_ex_type-barcode03_FUN_000086	GCA_021018635_FUN_000006	25	1.190E-01	8.281E-02	7.253E-02	6.144E+00
Fusarium_duoseptatum_ex_type-barcode03_FUN_000086	GCA_032206225_FUN_000002	25	1.190E-01	8.281E-02	7.253E-02	6.144E+00
Fusarium_duoseptatum_ex_type-barcode03_FUN_000086	GCA_025267645_FUN_000197	86	1.431E-01	1.185E-01	6.269E-02	1.826E+01
Fusarium_duoseptatum_ex_type-barcode03_FUN_000086	Fusarium_elaeidis_ex_type_FUN_000039	63	1.698E-01	1.320E-01	6.869E-02	1.209E+01
Fusarium_duoseptatum_ex_type-barcode03_FUN_000086	GCA_014839635_FUN_000049	62	1.583E-01	1.107E-01	6.652E-02	1.286E+01
Fusarium_glycines_ex_type_FUN_000047	Fusarium_glycines_ex_type_FUN_000047	190	1.005E+00	1.000E+00	1.000E+00	8.201E-03
Fusarium_glycines_ex_type_FUN_000047	GCA_025203755_FUN_000032	152	2.748E-01	2.024E-01	1.342E-01	1.246E+01
Fusarium_glycines_ex_type_FUN_000047	Fusarium_elaeidis_ex_type_FUN_000093	185	2.633E-01	2.130E-01	2.245E-01	2.348E+01
Fusarium_glycines_ex_type_FUN_000047	AJ705_race4_FUN_000025	109	2.819E-01	1.377E-01	1.465E-01	1.087E+01
Fusarium_glycines_ex_type_FUN_000047	GCA_049306905_FUN_000037	44	4.338E-01	1.141E-01	1.124E-01	9.340E+00
Fusarium_glycines_ex_type_FUN_000047	GCA_025217005_FUN_000165	134	2.918E-01	1.717E-01	1.086E-01	1.581E+01
Fusarium_glycines_ex_type_FUN_000047	GCA_002234045_FUN_000287	127	2.836E-01	1.673E-01	1.036E-01	1.547E+01
Fusarium_glycines_ex_type_FUN_000047	GCA_025216365_FUN_000109	62	4.494E-01	1.622E-01	5.780E-02	6.002E+00
Fusarium_glycines_ex_type_FUN_000047	GCA_019671045_FUN_000062	59	3.149E-01	9.271E-02	7.923E-02	1.054E+01
GCA_013423235_FUN_000114	GCA_013423235_FUN_000114	38	1.027E+00	1.000E+00	1.000E+00	0.000E+00
GCA_014843445_FUN_000018	Fola3ENZA_FUN_000003	224	1.004E+00	1.000E+00	1.000E+00	1.927E-02
GCA_014843445_FUN_000018	Fusarium_cugenangense_ex_type-barcode01_FUN_000018	224	1.004E+00	1.000E+00	1.000E+00	1.927E-02
GCA_014843445_FUN_000018	GCA_013347535_FUN_000020	224	1.004E+00	1.000E+00	1.000E+00	1.927E-02
GCA_014843445_FUN_000018	GCA_014843415_FUN_000015	224	1.004E+00	1.000E+00	1.000E+00	1.927E-02
GCA_014843445_FUN_000018	GCA_014843445_FUN_000018	224	1.004E+00	1.000E+00	1.000E+00	1.927E-02
GCA_014843445_FUN_000018	GCA_014843555_FUN_000004	224	1.004E+00	1.000E+00	1.000E+00	1.927E-02
GCA_014843445_FUN_000018	Fola2ENZA_FUN_000025	224	6.467E-01	6.440E-01	6.440E-01	9.943E+00
GCA_014843445_FUN_000018	Fusarium_phialophorum-barcode15_FUN_000014	209	6.006E-01	5.666E-01	5.901E-01	8.534E+00
GCA_014843445_FUN_000018	GCA_018894095_FUN_000086	133	3.584E-01	1.670E-01	2.330E-01	2.269E+01
GCA_014843445_FUN_000018	GCA_038050555_FUN_000020	132	3.591E-01	1.678E-01	2.450E-01	1.873E+01
GCA_014843445_FUN_000018	Fusarium_glycines_ex_type_FUN_000010	222	2.808E-01	2.200E-01	2.794E-01	2.888E+01
GCA_014843445_FUN_000018	Fusarium_gossypinum_ex_type_FUN_000200	227	2.226E-01	1.719E-01	1.608E-01	2.716E+01
GCA_014843445_FUN_000018	GCA_050947165_FUN_000034	177	1.776E-01	1.120E-01	1.248E-01	2.770E+01
GCA_014843445_FUN_000018	GCA_050947235_FUN_000045	177	1.776E-01	1.120E-01	1.248E-01	2.770E+01
GCA_014843445_FUN_000018	Fola1ENZA_FUN_000069	98	1.866E-01	9.130E-02	8.489E-02	2.018E+01
GCA_014843445_FUN_000018	GCA_020796175_FUN_000007	98	1.866E-01	9.130E-02	8.489E-02	2.018E+01
GCA_014843445_FUN_000018	GCA_049306905_FUN_000006	48	2.469E-01	7.214E-02	1.613E-01	1.167E+01
GCA_014843445_FUN_000018	GCA_049307005_FUN_000010	48	2.469E-01	7.214E-02	1.613E-01	1.167E+01
GCA_014843445_FUN_000018	Fola3ENZA_FUN_000004	57	2.373E-01	7.433E-02	1.173E-01	8.375E+00
GCA_014843445_FUN_000018	Fusarium_cugenangense_ex_type-barcode01_FUN_000020	57	2.373E-01	7.433E-02	1.173E-01	8.375E+00
GCA_014843445_FUN_000018	GCA_013347535_FUN_000022	57	2.373E-01	7.433E-02	1.173E-01	8.375E+00
GCA_014843445_FUN_000018	GCA_014843415_FUN_000017	57	2.373E-01	7.433E-02	1.173E-01	8.375E+00
GCA_014843445_FUN_000018	GCA_014843445_FUN_000019	57	2.373E-01	7.433E-02	1.173E-01	8.375E+00
GCA_014843445_FUN_000018	GCA_014843555_FUN_000006	57	2.373E-01	7.433E-02	1.173E-01	8.375E+00
GCA_000259975_FUN_000015	GCA_000259975_FUN_000015	136	1.007E+00	1.000E+00	1.000E+00	7.327E-03
GCA_000259975_FUN_000015	GCA_002233855_FUN_000172	63	6.176E-01	2.396E-01	7.940E-02	3.890E+00
GCA_000259975_FUN_000015	Fola2ENZA_FUN_000005	35	7.188E-01	1.944E-01	1.856E-01	3.069E+00
GCA_000259975_FUN_000015	GCA_049307005_FUN_000001	89	4.292E-01	1.945E-01	1.152E-01	7.224E+00
GCA_000259975_FUN_000015	Fusarium_sp_128_FUN_000003	152	2.761E-01	2.165E-01	1.053E-01	1.388E+01
GCA_000259975_FUN_000015	Fusarium_elaeidis_ex_type_FUN_000039	169	1.281E-01	1.187E-01	8.787E-02	1.487E+01
GCA_000259975_FUN_000015	Fusarium_fabacearum_ex_type_FUN_000005	65	3.836E-01	1.627E-01	1.136E-01	6.556E+00
GCA_000259975_FUN_000015	Fusarium_sp_128_FUN_000001	55	3.308E-01	1.568E-01	2.130E-01	5.636E+00
GCA_000259975_FUN_000015	GCA_009755825_FUN_000084	78	3.171E-01	1.636E-01	1.138E-01	1.220E+01
GCA_000259975_FUN_000015	GCA_001702845_FUN_000128	174	1.592E-01	1.449E-01	1.047E-01	1.522E+01
GCA_000259975_FUN_000015	GCA_002234105_FUN_000094	174	1.592E-01	1.449E-01	1.047E-01	1.522E+01
GCA_000259975_FUN_000015	GCA_025203755_FUN_000017	174	1.592E-01	1.449E-01	1.047E-01	1.522E+01
GCA_000259975_FUN_000015	Fola3ENZA_FUN_000009	165	1.716E-01	1.462E-01	1.267E-01	1.399E+01
GCA_000259975_FUN_000015	GCA_014843445_FUN_000023	165	1.716E-01	1.462E-01	1.267E-01	1.399E+01
GCA_000259975_FUN_000015	GCA_009755825_FUN_000023	84	2.417E-01	1.468E-01	6.354E-02	1.119E+01
GCA_000259975_FUN_000015	GCA_019593505_FUN_000203	116	2.839E-01	2.108E-01	2.668E-01	1.311E+01
GCA_000259975_FUN_000015	Fusarium_kalimantanense_ex_type-barcode07_FUN_000007	131	2.633E-01	1.722E-01	1.648E-01	1.626E+01
GCA_000259975_FUN_000015	Fusarium_duoseptatum_ex_type-barcode03_FUN_000160	183	1.447E-01	1.389E-01	1.172E-01	1.515E+01
GCA_000259975_FUN_000015	GCA_001703455_FUN_000133	153	1.340E-01	1.249E-01	9.794E-02	1.563E+01
GCA_000259975_FUN_000015	Fola1ENZA_FUN_000069	75	2.118E-01	1.178E-01	7.876E-02	1.373E+01
GCA_000259975_FUN_000015	GCA_020796175_FUN_000007	75	2.118E-01	1.178E-01	7.876E-02	1.373E+01
GCA_000259975_FUN_000015	GCA_049306905_FUN_000029	66	2.246E-01	9.824E-02	4.254E-02	1.186E+01
GCA_000259975_FUN_000015	GCA_049307005_FUN_000032	66	2.246E-01	9.824E-02	4.254E-02	1.186E+01
GCA_000259975_FUN_000015	GCA_025267645_FUN_000212	74	2.043E-01	8.804E-02	6.488E-02	1.381E+01
GCA_000259975_FUN_000015	Fusarium_fabacearum_ex_type_FUN_000114	143	1.257E-01	1.254E-01	7.571E-02	1.495E+01
GCA_000259975_FUN_000015	GCA_014839635_FUN_000049	167	1.767E-01	1.630E-01	1.046E-01	1.584E+01
GCA_000259975_FUN_000015	Fola4ENZA_FUN_000007	135	2.293E-01	1.943E-01	2.075E-01	1.198E+01
GCA_000259975_FUN_000015	Fusarium_phialophorum-barcode15_FUN_000015	135	2.293E-01	1.943E-01	2.075E-01	1.198E+01
GCA_000259975_FUN_000015	Fusarium_sp_128_FUN_000005	135	2.293E-01	1.943E-01	2.075E-01	1.198E+01
GCA_000259975_FUN_000015	GCA_001702695_FUN_000007	135	2.293E-01	1.943E-01	2.075E-01	1.198E+01
GCA_000259975_FUN_000015	GCA_003315725_FUN_000001	135	2.293E-01	1.943E-01	2.075E-01	1.198E+01
GCA_000259975_FUN_000015	GCA_014843455_FUN_000006	135	2.293E-01	1.943E-01	2.075E-01	1.198E+01
GCA_000259975_FUN_000015	GCA_021018635_FUN_000006	135	2.293E-01	1.943E-01	2.075E-01	1.198E+01
GCA_000259975_FUN_000015	GCA_032206225_FUN_000002	135	2.293E-01	1.943E-01	2.075E-01	1.198E+01
GCA_000259975_FUN_000015	GCA_001702495_FUN_000036	56	5.011E-01	1.534E-01	1.319E-01	6.973E+00
GCA_000259975_FUN_000015	GCA_000259975_FUN_000028	200	1.871E-01	1.719E-01	1.399E-01	1.403E+01
GCA_000259975_FUN_000015	GCA_001703205_FUN_000069	141	1.774E-01	1.390E-01	8.977E-02	1.514E+01
GCA_000259975_FUN_000015	GCA_020796175_FUN_000123	70	1.810E-01	9.782E-02	1.221E-01	1.264E+01
GCA_000259975_FUN_000015	Fusarium_fabacearum_ex_type_FUN_000267	21	2.707E-01	8.337E-02	8.438E-02	3.800E+00
GCA_000259975_FUN_000015	GCA_002233855_FUN_000349	21	2.707E-01	8.337E-02	8.438E-02	3.800E+00
GCA_000259975_FUN_000015	GCA_014839635_FUN_000047	93	2.446E-01	1.665E-01	1.207E-01	1.600E+01
GCA_000259975_FUN_000015	GCA_015227905_FUN_000281	92	1.711E-01	1.098E-01	7.817E-02	1.401E+01
GCA_000259975_FUN_000015	AJ520_race1_FUN_000054	141	1.775E-01	1.390E-01	9.053E-02	1.514E+01
GCA_000259975_FUN_000015	AJ592_race4_FUN_000037	141	1.775E-01	1.390E-01	9.053E-02	1.514E+01
GCA_000259975_FUN_000015	AJ865_race1_FUN_000053	141	1.775E-01	1.390E-01	9.053E-02	1.514E+01
GCA_000259975_FUN_000015	Fusarium_gossypinum_ex_type_FUN_000050	85	1.735E-01	1.023E-01	4.189E-02	1.415E+01
GCA_000259975_FUN_000015	GCA_001703455_FUN_000315	85	1.735E-01	1.023E-01	4.189E-02	1.415E+01
GCA_000259975_FUN_000015	GCA_016170085_FUN_000003	50	1.975E-01	9.912E-02	1.009E-01	2.272E+01
GCA_000259975_FUN_000015	GCA_025267645_FUN_000197	204	1.363E-01	1.357E-01	1.123E-01	1.703E+01
GCA_000259975_FUN_000015	GCA_019670925_FUN_000002	94	2.032E-01	8.057E-02	4.835E-02	1.216E+01
AJ592_race4_FUN_000062	AJ592_race4_FUN_000062	367	1.003E+00	1.000E+00	1.000E+00	8.127E-03
AJ592_race4_FUN_000062	AJ705_race4_FUN_000001	367	1.003E+00	1.000E+00	1.000E+00	8.127E-03
AJ592_race4_FUN_000062	GCA_025203105_FUN_000005	92	1.607E-01	5.161E-02	7.734E-02	1.234E+01
AJ592_race4_FUN_000062	Fola1ENZA_FUN_000004	102	1.998E-01	6.396E-02	8.511E-02	1.155E+01
AJ592_race4_FUN_000062	Fola4ENZA_FUN_000003	102	1.998E-01	6.396E-02	8.511E-02	1.155E+01
AJ592_race4_FUN_000062	GCA_000260495_FUN_000001	102	1.998E-01	6.396E-02	8.511E-02	1.155E+01
AJ592_race4_FUN_000062	GCA_001702695_FUN_000003	102	1.998E-01	6.396E-02	8.511E-02	1.155E+01
AJ592_race4_FUN_000062	GCA_014843455_FUN_000002	102	1.998E-01	6.396E-02	8.511E-02	1.155E+01
AJ592_race4_FUN_000062	GCA_023509805_FUN_000022	86	3.078E-01	5.125E-02	4.845E-02	1.188E+01
AJ592_race4_FUN_000062	GCA_025267645_FUN_000218	53	2.318E-01	5.181E-02	6.628E-02	9.474E+00
AJ592_race4_FUN_000062	Fusarium_kalimantanense_ex_type-barcode07_FUN_000007	98	1.655E-01	7.538E-02	1.237E-01	1.277E+01
AJ592_race4_FUN_000062	Fola4ENZA_FUN_000007	85	1.633E-01	4.232E-02	1.054E-01	1.455E+01
AJ592_race4_FUN_000062	Fusarium_phialophorum-barcode15_FUN_000015	85	1.633E-01	4.232E-02	1.054E-01	1.455E+01
AJ592_race4_FUN_000062	Fusarium_sp_128_FUN_000005	85	1.633E-01	4.232E-02	1.054E-01	1.455E+01
AJ592_race4_FUN_000062	GCA_001702695_FUN_000007	85	1.633E-01	4.232E-02	1.054E-01	1.455E+01
AJ592_race4_FUN_000062	GCA_003315725_FUN_000001	85	1.633E-01	4.232E-02	1.054E-01	1.455E+01
AJ592_race4_FUN_000062	GCA_014843455_FUN_000006	85	1.633E-01	4.232E-02	1.054E-01	1.455E+01
AJ592_race4_FUN_000062	GCA_021018635_FUN_000006	85	1.633E-01	4.232E-02	1.054E-01	1.455E+01
AJ592_race4_FUN_000062	GCA_032206225_FUN_000002	85	1.633E-01	4.232E-02	1.054E-01	1.455E+01
AJ592_race4_FUN_000062	GCA_015227905_FUN_000281	30	2.883E-01	3.833E-02	5.996E-02	8.525E+00
AJ592_race4_FUN_000062	GCA_001702495_FUN_000061	97	1.658E-01	5.776E-02	7.210E-02	1.368E+01
AJ592_race4_FUN_000062	GCA_002234015_FUN_000068	143	1.353E-01	6.526E-02	7.770E-02	1.571E+01
AJ592_race4_FUN_000062	GCA_001702495_FUN_000069	83	1.712E-01	6.185E-02	5.858E-02	1.133E+01
AJ592_race4_FUN_000062	GCA_002234015_FUN_000078	83	1.710E-01	6.186E-02	5.836E-02	1.133E+01
AJ592_race4_FUN_000062	Fusarium_kalimantanense_ex_type-barcode07_FUN_000026	40	2.578E-01	6.211E-02	1.966E-01	6.049E+00
AJ592_race4_FUN_000062	GCA_014839635_FUN_000046	32	3.434E-01	4.198E-02	1.184E-01	7.143E+00
AJ592_race4_FUN_000062	Fusarium_cugenangense_ex_type-barcode01_FUN_000019	86	1.634E-01	4.557E-02	1.054E-01	1.439E+01
AJ592_race4_FUN_000062	GCA_013347535_FUN_000021	86	1.634E-01	4.557E-02	1.054E-01	1.439E+01
AJ592_race4_FUN_000062	GCA_014843415_FUN_000016	86	1.634E-01	4.557E-02	1.054E-01	1.439E+01
AJ592_race4_FUN_000062	GCA_014843555_FUN_000005	86	1.634E-01	4.557E-02	1.054E-01	1.439E+01
AJ592_race4_FUN_000062	Fola2ENZA_FUN_000024	92	1.954E-01	4.594E-02	8.778E-02	1.423E+01
AJ592_race4_FUN_000062	Fusarium_phialophorum-barcode15_FUN_000013	92	1.954E-01	4.594E-02	8.778E-02	1.423E+01
AJ592_race4_FUN_000062	GCA_009755825_FUN_000084	59	2.624E-01	4.918E-02	7.058E-02	8.204E+00
AJ592_race4_FUN_000062	GCA_025267645_FUN_000197	85	2.969E-01	7.402E-02	1.165E-01	1.307E+01
AJ592_race4_FUN_000062	Fusarium_gossypinum_ex_type_FUN_000200	66	2.347E-01	5.588E-02	7.713E-02	1.287E+01
AJ592_race4_FUN_000062	GCA_001703455_FUN_000164	66	2.346E-01	5.592E-02	7.717E-02	1.286E+01
AJ592_race4_FUN_000062	AJ520_race1_FUN_000054	146	1.224E-01	5.322E-02	6.449E-02	1.558E+01
AJ592_race4_FUN_000062	AJ592_race4_FUN_000037	146	1.224E-01	5.322E-02	6.449E-02	1.558E+01
AJ592_race4_FUN_000062	AJ865_race1_FUN_000053	146	1.224E-01	5.322E-02	6.449E-02	1.558E+01
AJ592_race4_FUN_000062	GCA_001703205_FUN_000069	146	1.225E-01	5.325E-02	6.393E-02	1.558E+01
AJ592_race4_FUN_000062	GCA_014839635_FUN_000049	92	1.314E-01	4.321E-02	4.678E-02	1.321E+01
AJ592_race4_FUN_000062	GCA_025216365_FUN_000025	369	6.929E-02	5.194E-02	4.244E-02	4.721E+01
AJ592_race4_FUN_000062	GCA_016170085_FUN_000003	96	1.717E-01	4.307E-02	8.364E-02	1.799E+01
AJ592_race4_FUN_000062	Fusarium_fabacearum_ex_type_FUN_000114	90	2.009E-01	6.484E-02	8.348E-02	1.204E+01
AJ592_race4_FUN_000062	AJ718_race1_FUN_000294	119	1.522E-01	5.965E-02	6.906E-02	1.541E+01
AJ592_race4_FUN_000062	Fusarium_sp_128_FUN_000003	160	1.257E-01	5.732E-02	5.861E-02	1.666E+01
AJ592_race4_FUN_000062	GCA_025216365_FUN_000109	65	1.677E-01	3.462E-02	2.472E-02	1.338E+01
GCA_025216365_FUN_000025	GCA_025216365_FUN_000025	462	1.002E+00	1.000E+00	1.000E+00	1.808E-02
GCA_025216365_FUN_000025	Fusarium_duoseptatum_ex_type-barcode03_FUN_000160	14	7.269E-01	3.003E-02	7.756E-02	8.209E-01
GCA_025216365_FUN_000025	Fusarium_gossypinum_ex_type_FUN_000200	114	1.857E-01	6.293E-02	1.041E-01	1.965E+01
GCA_025216365_FUN_000025	GCA_038050555_FUN_000020	107	1.578E-01	4.373E-02	1.043E-01	2.332E+01
GCA_025216365_FUN_000025	GCA_014839635_FUN_000047	259	1.239E-01	6.500E-02	1.187E-01	4.609E+01
GCA_025216365_FUN_000025	GCA_015227905_FUN_000281	131	1.298E-01	3.633E-02	6.507E-02	4.975E+01
GCA_025216365_FUN_000025	GCA_048164945_FUN_000024	45	4.640E-01	5.875E-02	5.402E-02	8.541E+00
GCA_025216365_FUN_000025	Fusarium_duoseptatum_ex_type-barcode03_FUN_000086	71	1.810E-01	3.402E-02	1.339E-01	2.687E+01
GCA_025216365_FUN_000025	GCA_009755825_FUN_000023	108	1.618E-01	4.828E-02	5.401E-02	2.478E+01
GCA_025216365_FUN_000025	GCA_019593505_FUN_000203	21	3.501E-01	2.957E-02	1.142E-01	5.560E+00
GCA_025216365_FUN_000025	Fola1ENZA_FUN_000069	200	1.356E-01	5.315E-02	8.978E-02	4.370E+01
GCA_025216365_FUN_000025	GCA_020796175_FUN_000007	200	1.356E-01	5.315E-02	8.978E-02	4.370E+01
GCA_025216365_FUN_000025	AJ520_race1_FUN_000054	100	2.128E-01	5.317E-02	8.798E-02	3.036E+01
GCA_025216365_FUN_000025	AJ592_race4_FUN_000037	100	2.128E-01	5.317E-02	8.798E-02	3.036E+01
GCA_025216365_FUN_000025	AJ865_race1_FUN_000053	100	2.128E-01	5.317E-02	8.798E-02	3.036E+01
GCA_025216365_FUN_000025	Fusarium_kalimantanense_ex_type-barcode07_FUN_000007	133	1.499E-01	4.040E-02	1.107E-01	4.053E+01
GCA_021018635_FUN_000006	Fola4ENZA_FUN_000007	118	1.009E+00	1.000E+00	1.000E+00	0.000E+00
GCA_021018635_FUN_000006	Fusarium_phialophorum-barcode15_FUN_000015	118	1.009E+00	1.000E+00	1.000E+00	0.000E+00
GCA_021018635_FUN_000006	Fusarium_sp_128_FUN_000005	118	1.009E+00	1.000E+00	1.000E+00	0.000E+00
GCA_021018635_FUN_000006	GCA_001702695_FUN_000007	118	1.009E+00	1.000E+00	1.000E+00	0.000E+00
GCA_021018635_FUN_000006	GCA_003315725_FUN_000001	118	1.009E+00	1.000E+00	1.000E+00	0.000E+00
GCA_021018635_FUN_000006	GCA_014843455_FUN_000006	118	1.009E+00	1.000E+00	1.000E+00	0.000E+00
GCA_021018635_FUN_000006	GCA_021018635_FUN_000006	118	1.009E+00	1.000E+00	1.000E+00	0.000E+00
GCA_021018635_FUN_000006	GCA_032206225_FUN_000002	118	1.009E+00	1.000E+00	1.000E+00	0.000E+00
GCA_021018635_FUN_000006	Fusarium_cugenangense_ex_type-barcode01_FUN_000019	118	9.689E-01	9.612E-01	9.612E-01	1.176E+00
GCA_021018635_FUN_000006	GCA_013347535_FUN_000021	118	9.689E-01	9.612E-01	9.612E-01	1.176E+00
GCA_021018635_FUN_000006	GCA_014843415_FUN_000016	118	9.689E-01	9.612E-01	9.612E-01	1.176E+00
GCA_021018635_FUN_000006	GCA_014843555_FUN_000005	118	9.689E-01	9.612E-01	9.612E-01	1.176E+00
GCA_021018635_FUN_000006	Fusarium_sp_128_FUN_000001	100	7.762E-01	5.542E-01	7.227E-01	2.904E+00
GCA_021018635_FUN_000006	GCA_019593505_FUN_000203	106	6.607E-01	5.000E-01	5.983E-01	3.692E+00
GCA_021018635_FUN_000006	GCA_013423235_FUN_000011	107	6.230E-01	5.126E-01	4.743E-01	7.143E+00
GCA_021018635_FUN_000006	GCA_002234015_FUN_000043	118	5.486E-01	4.605E-01	3.544E-01	7.646E+00
GCA_021018635_FUN_000006	GCA_001702495_FUN_000036	119	5.892E-01	4.981E-01	3.834E-01	4.454E+00
GCA_021018635_FUN_000006	GCA_025267645_FUN_000212	87	4.635E-01	3.128E-01	2.177E-01	4.792E+00
GCA_021018635_FUN_000006	GCA_009755825_FUN_000023	92	2.897E-01	2.082E-01	8.668E-02	1.164E+01
GCA_021018635_FUN_000006	GCA_001703205_FUN_000069	118	2.496E-01	1.896E-01	1.025E-01	1.862E+01
GCA_021018635_FUN_000006	AJ520_race1_FUN_000054	118	2.497E-01	1.896E-01	1.034E-01	1.855E+01
GCA_021018635_FUN_000006	AJ592_race4_FUN_000037	118	2.497E-01	1.896E-01	1.034E-01	1.855E+01
GCA_021018635_FUN_000006	AJ865_race1_FUN_000053	118	2.497E-01	1.896E-01	1.034E-01	1.855E+01
GCA_021018635_FUN_000006	GCA_025203105_FUN_000007	139	1.679E-01	1.423E-01	1.012E-01	1.371E+01
GCA_021018635_FUN_000006	GCA_019670925_FUN_000050	131	2.035E-01	1.638E-01	1.116E-01	1.142E+01
GCA_021018635_FUN_000006	Fusarium_kalimantanense_ex_type-barcode07_FUN_000007	59	3.842E-01	1.607E-01	1.354E-01	1.224E+01
GCA_021018635_FUN_000006	GCA_015227905_FUN_000281	94	1.838E-01	1.421E-01	9.000E-02	1.484E+01
GCA_021018635_FUN_000006	GCA_020796175_FUN_000123	90	2.327E-01	1.533E-01	1.748E-01	1.164E+01
GCA_021018635_FUN_000006	Fola2ENZA_FUN_000005	102	2.198E-01	1.670E-01	1.449E-01	1.131E+01
GCA_021018635_FUN_000006	Fusarium_duoseptatum_ex_type-barcode03_FUN_000160	181	2.204E-01	2.139E-01	1.660E-01	1.569E+01
GCA_021018635_FUN_000006	Fusarium_fabacearum_ex_type_FUN_000005	112	1.738E-01	1.221E-01	8.275E-02	1.547E+01
GCA_021018635_FUN_000006	GCA_009755825_FUN_000084	36	2.149E-01	1.175E-01	7.807E-02	4.929E+00
GCA_021018635_FUN_000006	Fusarium_elaeidis_ex_type_FUN_000039	110	2.079E-01	1.763E-01	1.139E-01	1.391E+01
GCA_021018635_FUN_000006	AJ592_race4_FUN_000062	85	1.633E-01	1.054E-01	4.232E-02	1.455E+01
GCA_021018635_FUN_000006	AJ705_race4_FUN_000001	85	1.633E-01	1.054E-01	4.232E-02	1.455E+01
GCA_021018635_FUN_000006	GCA_025216365_FUN_000025	88	1.705E-01	1.217E-01	3.912E-02	4.549E+01
GCA_021018635_FUN_000006	Fusarium_duoseptatum_ex_type-barcode03_FUN_000086	71	1.404E-01	9.131E-02	1.083E-01	1.463E+01
GCA_021018635_FUN_000006	GCA_000259975_FUN_000015	134	2.301E-01	2.051E-01	1.920E-01	1.202E+01
GCA_021018635_FUN_000006	GCA_019671045_FUN_000060	127	1.141E-01	1.013E-01	7.122E-02	1.631E+01
GCA_021018635_FUN_000006	GCA_050947165_FUN_000034	98	1.488E-01	1.100E-01	7.102E-02	2.128E+01
GCA_021018635_FUN_000006	GCA_050947235_FUN_000045	98	1.488E-01	1.100E-01	7.102E-02	2.128E+01
GCA_021018635_FUN_000006	GCA_049307005_FUN_000001	104	1.147E-01	9.050E-02	6.486E-02	1.584E+01
GCA_021018635_FUN_000006	Fusarium_sp_128_FUN_000003	115	2.178E-01	1.629E-01	7.237E-02	1.183E+01
GCA_021018635_FUN_000006	Fusarium_gossypinum_ex_type_FUN_000050	54	2.792E-01	1.397E-01	4.653E-02	6.050E+00
GCA_021018635_FUN_000006	GCA_001703455_FUN_000315	54	2.792E-01	1.397E-01	4.653E-02	6.050E+00
GCA_021018635_FUN_000006	GCA_025216365_FUN_000109	121	1.903E-01	1.637E-01	5.471E-02	1.339E+01
GCA_021018635_FUN_000006	GCA_025267645_FUN_000218	46	2.282E-01	1.200E-01	7.202E-02	6.475E+00
GCA_021018635_FUN_000006	GCA_023509805_FUN_000022	15	3.423E-01	6.254E-02	2.299E-02	4.072E+00
Fola4ENZA_FUN_000007	Fola4ENZA_FUN_000007	118	1.009E+00	1.000E+00	1.000E+00	0.000E+00
Fola4ENZA_FUN_000007	Fusarium_phialophorum-barcode15_FUN_000015	118	1.009E+00	1.000E+00	1.000E+00	0.000E+00
Fola4ENZA_FUN_000007	Fusarium_sp_128_FUN_000005	118	1.009E+00	1.000E+00	1.000E+00	0.000E+00
Fola4ENZA_FUN_000007	GCA_001702695_FUN_000007	118	1.009E+00	1.000E+00	1.000E+00	0.000E+00
Fola4ENZA_FUN_000007	GCA_003315725_FUN_000001	118	1.009E+00	1.000E+00	1.000E+00	0.000E+00
Fola4ENZA_FUN_000007	GCA_014843455_FUN_000006	118	1.009E+00	1.000E+00	1.000E+00	0.000E+00
Fola4ENZA_FUN_000007	GCA_021018635_FUN_000006	118	1.009E+00	1.000E+00	1.000E+00	0.000E+00
Fola4ENZA_FUN_000007	GCA_032206225_FUN_000002	118	1.009E+00	1.000E+00	1.000E+00	0.000E+00
Fola4ENZA_FUN_000007	Fusarium_cugenangense_ex_type-barcode01_FUN_000019	118	9.689E-01	9.612E-01	9.612E-01	1.176E+00
Fola4ENZA_FUN_000007	GCA_013347535_FUN_000021	118	9.689E-01	9.612E-01	9.612E-01	1.176E+00
Fola4ENZA_FUN_000007	GCA_014843415_FUN_000016	118	9.689E-01	9.612E-01	9.612E-01	1.176E+00
Fola4ENZA_FUN_000007	GCA_014843555_FUN_000005	118	9.689E-01	9.612E-01	9.612E-01	1.176E+00
Fola4ENZA_FUN_000007	Fusarium_sp_128_FUN_000001	100	7.762E-01	5.542E-01	7.227E-01	2.904E+00
Fola4ENZA_FUN_000007	GCA_019593505_FUN_000203	106	6.607E-01	5.000E-01	5.983E-01	3.692E+00
Fola4ENZA_FUN_000007	GCA_013423235_FUN_000011	107	6.230E-01	5.126E-01	4.743E-01	7.143E+00
Fola4ENZA_FUN_000007	GCA_002234015_FUN_000043	118	5.486E-01	4.605E-01	3.544E-01	7.646E+00
Fola4ENZA_FUN_000007	GCA_001702495_FUN_000036	119	5.892E-01	4.981E-01	3.834E-01	4.454E+00
Fola4ENZA_FUN_000007	GCA_025267645_FUN_000212	87	4.635E-01	3.128E-01	2.177E-01	4.792E+00
Fola4ENZA_FUN_000007	GCA_009755825_FUN_000023	92	2.897E-01	2.082E-01	8.668E-02	1.164E+01
Fola4ENZA_FUN_000007	GCA_001703205_FUN_000069	118	2.496E-01	1.896E-01	1.025E-01	1.862E+01
Fola4ENZA_FUN_000007	AJ520_race1_FUN_000054	118	2.497E-01	1.896E-01	1.034E-01	1.855E+01
Fola4ENZA_FUN_000007	AJ592_race4_FUN_000037	118	2.497E-01	1.896E-01	1.034E-01	1.855E+01
Fola4ENZA_FUN_000007	AJ865_race1_FUN_000053	118	2.497E-01	1.896E-01	1.034E-01	1.855E+01
Fola4ENZA_FUN_000007	GCA_025203105_FUN_000007	139	1.679E-01	1.423E-01	1.012E-01	1.371E+01
Fola4ENZA_FUN_000007	GCA_019670925_FUN_000050	131	2.035E-01	1.638E-01	1.116E-01	1.142E+01
Fola4ENZA_FUN_000007	Fusarium_kalimantanense_ex_type-barcode07_FUN_000007	59	3.842E-01	1.607E-01	1.354E-01	1.224E+01
Fola4ENZA_FUN_000007	GCA_015227905_FUN_000281	94	1.838E-01	1.421E-01	9.000E-02	1.484E+01
Fola4ENZA_FUN_000007	GCA_020796175_FUN_000123	90	2.327E-01	1.533E-01	1.748E-01	1.164E+01
Fola4ENZA_FUN_000007	Fola2ENZA_FUN_000005	102	2.198E-01	1.670E-01	1.449E-01	1.131E+01
Fola4ENZA_FUN_000007	Fusarium_duoseptatum_ex_type-barcode03_FUN_000160	181	2.204E-01	2.139E-01	1.660E-01	1.569E+01
Fola4ENZA_FUN_000007	Fusarium_fabacearum_ex_type_FUN_000005	112	1.738E-01	1.221E-01	8.275E-02	1.547E+01
Fola4ENZA_FUN_000007	GCA_009755825_FUN_000084	36	2.149E-01	1.175E-01	7.807E-02	4.929E+00
Fola4ENZA_FUN_000007	Fusarium_elaeidis_ex_type_FUN_000039	110	2.079E-01	1.763E-01	1.139E-01	1.391E+01
Fola4ENZA_FUN_000007	AJ592_race4_FUN_000062	85	1.633E-01	1.054E-01	4.232E-02	1.455E+01
Fola4ENZA_FUN_000007	AJ705_race4_FUN_000001	85	1.633E-01	1.054E-01	4.232E-02	1.455E+01
Fola4ENZA_FUN_000007	GCA_025216365_FUN_000025	88	1.705E-01	1.217E-01	3.912E-02	4.549E+01
Fola4ENZA_FUN_000007	Fusarium_duoseptatum_ex_type-barcode03_FUN_000086	71	1.404E-01	9.131E-02	1.083E-01	1.463E+01
Fola4ENZA_FUN_000007	GCA_000259975_FUN_000015	134	2.301E-01	2.051E-01	1.920E-01	1.202E+01
Fola4ENZA_FUN_000007	GCA_019671045_FUN_000060	127	1.141E-01	1.013E-01	7.122E-02	1.631E+01
Fola4ENZA_FUN_000007	GCA_050947165_FUN_000034	98	1.488E-01	1.100E-01	7.102E-02	2.128E+01
Fola4ENZA_FUN_000007	GCA_050947235_FUN_000045	98	1.488E-01	1.100E-01	7.102E-02	2.128E+01
Fola4ENZA_FUN_000007	GCA_049307005_FUN_000001	104	1.147E-01	9.050E-02	6.486E-02	1.584E+01
Fola4ENZA_FUN_000007	Fusarium_sp_128_FUN_000003	115	2.178E-01	1.629E-01	7.237E-02	1.183E+01
Fola4ENZA_FUN_000007	Fusarium_gossypinum_ex_type_FUN_000050	54	2.792E-01	1.397E-01	4.653E-02	6.050E+00
Fola4ENZA_FUN_000007	GCA_001703455_FUN_000315	54	2.792E-01	1.397E-01	4.653E-02	6.050E+00
Fola4ENZA_FUN_000007	GCA_025216365_FUN_000109	121	1.903E-01	1.637E-01	5.471E-02	1.339E+01
Fola4ENZA_FUN_000007	GCA_025267645_FUN_000218	46	2.282E-01	1.200E-01	7.202E-02	6.475E+00
Fola4ENZA_FUN_000007	GCA_023509805_FUN_000022	15	3.423E-01	6.254E-02	2.299E-02	4.072E+00
GCA_025203105_FUN_000007	GCA_025203105_FUN_000007	189	1.005E+00	1.000E+00	1.000E+00	0.000E+00
GCA_025203105_FUN_000007	GCA_019671045_FUN_000060	189	8.502E-01	8.379E-01	7.991E-01	3.473E+00
GCA_025203105_FUN_000007	GCA_019670925_FUN_000050	191	8.391E-01	8.309E-01	7.959E-01	3.668E+00
GCA_025203105_FUN_000007	GCA_025267645_FUN_000212	144	4.549E-01	2.701E-01	2.689E-01	6.838E+00
GCA_025203105_FUN_000007	GCA_002234015_FUN_000068	248	4.169E-01	4.025E-01	3.202E-01	8.265E+00
GCA_025203105_FUN_000007	GCA_001702495_FUN_000061	248	4.169E-01	4.032E-01	3.201E-01	8.269E+00
GCA_025203105_FUN_000007	Fusarium_fabacearum_ex_type_FUN_000114	214	3.938E-01	3.134E-01	2.392E-01	1.108E+01
GCA_025203105_FUN_000007	GCA_049307005_FUN_000001	153	3.673E-01	2.339E-01	1.943E-01	8.257E+00
GCA_025203105_FUN_000007	GCA_001703205_FUN_000069	145	1.931E-01	1.242E-01	9.858E-02	1.611E+01
GCA_025203105_FUN_000007	AJ520_race1_FUN_000054	145	1.931E-01	1.242E-01	9.943E-02	1.611E+01
GCA_025203105_FUN_000007	AJ592_race4_FUN_000037	145	1.931E-01	1.242E-01	9.943E-02	1.611E+01
GCA_025203105_FUN_000007	AJ865_race1_FUN_000053	145	1.931E-01	1.242E-01	9.943E-02	1.611E+01
GCA_025203105_FUN_000007	GCA_015227905_FUN_000281	123	4.001E-01	2.611E-01	2.316E-01	6.812E+00
GCA_025203105_FUN_000007	GCA_000259975_FUN_000028	135	3.259E-01	2.164E-01	2.081E-01	1.823E+01
GCA_025203105_FUN_000007	Fola2ENZA_FUN_000005	126	1.224E-01	9.724E-02	1.214E-01	1.745E+01
GCA_025203105_FUN_000007	Fola4ENZA_FUN_000007	139	1.760E-01	1.096E-01	1.525E-01	1.324E+01
GCA_025203105_FUN_000007	Fusarium_phialophorum-barcode15_FUN_000015	139	1.760E-01	1.096E-01	1.525E-01	1.324E+01
GCA_025203105_FUN_000007	Fusarium_sp_128_FUN_000005	139	1.760E-01	1.096E-01	1.525E-01	1.324E+01
GCA_025203105_FUN_000007	GCA_001702695_FUN_000007	139	1.760E-01	1.096E-01	1.525E-01	1.324E+01
GCA_025203105_FUN_000007	GCA_003315725_FUN_000001	139	1.760E-01	1.096E-01	1.525E-01	1.324E+01
GCA_025203105_FUN_000007	GCA_014843455_FUN_000006	139	1.760E-01	1.096E-01	1.525E-01	1.324E+01
GCA_025203105_FUN_000007	GCA_021018635_FUN_000006	139	1.760E-01	1.096E-01	1.525E-01	1.324E+01
GCA_025203105_FUN_000007	GCA_032206225_FUN_000002	139	1.760E-01	1.096E-01	1.525E-01	1.324E+01
GCA_025203105_FUN_000007	GCA_002233855_FUN_000172	166	1.595E-01	1.067E-01	5.917E-02	1.543E+01
GCA_025203105_FUN_000007	Fusarium_cugenangense_ex_type-barcode01_FUN_000019	124	1.784E-01	1.060E-01	1.406E-01	1.358E+01
GCA_025203105_FUN_000007	GCA_013347535_FUN_000021	124	1.784E-01	1.060E-01	1.406E-01	1.358E+01
GCA_025203105_FUN_000007	GCA_014843415_FUN_000016	124	1.784E-01	1.060E-01	1.406E-01	1.358E+01
GCA_025203105_FUN_000007	GCA_014843555_FUN_000005	124	1.784E-01	1.060E-01	1.406E-01	1.358E+01
GCA_025203105_FUN_000007	GCA_020796175_FUN_000123	80	2.570E-01	1.262E-01	2.063E-01	1.299E+01
GCA_025203105_FUN_000007	GCA_019593505_FUN_000203	147	2.051E-01	1.362E-01	1.962E-01	1.300E+01
GCA_025203105_FUN_000007	Fusarium_fabacearum_ex_type_FUN_000005	139	1.808E-01	1.186E-01	1.085E-01	1.459E+01
GCA_025203105_FUN_000007	GCA_009755825_FUN_000023	85	2.630E-01	1.134E-01	6.774E-02	1.098E+01
GCA_025203105_FUN_000007	Fusarium_gossypinum_ex_type_FUN_000050	73	2.398E-01	1.080E-01	5.252E-02	1.389E+01
GCA_025203105_FUN_000007	GCA_001703455_FUN_000315	73	2.398E-01	1.080E-01	5.252E-02	1.389E+01
GCA_025203105_FUN_000007	Fusarium_elaeidis_ex_type_FUN_000250	24	3.441E-01	8.928E-02	1.729E-01	4.129E+00
GCA_025203105_FUN_000007	Fusarium_duoseptatum_ex_type-barcode03_FUN_000160	168	1.967E-01	1.138E-01	1.203E-01	1.614E+01
GCA_025203105_FUN_000007	Fusarium_elaeidis_ex_type_FUN_000039	133	3.211E-01	1.862E-01	1.576E-01	1.075E+01
GCA_025203105_FUN_000007	Fola1ENZA_FUN_000004	41	2.521E-01	1.063E-01	8.793E-02	5.723E+00
GCA_025203105_FUN_000007	Fola4ENZA_FUN_000003	41	2.521E-01	1.063E-01	8.793E-02	5.723E+00
GCA_025203105_FUN_000007	GCA_000260495_FUN_000001	41	2.521E-01	1.063E-01	8.793E-02	5.723E+00
GCA_025203105_FUN_000007	GCA_001702695_FUN_000003	41	2.521E-01	1.063E-01	8.793E-02	5.723E+00
GCA_025203105_FUN_000007	GCA_014843455_FUN_000002	41	2.521E-01	1.063E-01	8.793E-02	5.723E+00
GCA_025203105_FUN_000007	Fusarium_kalimantanense_ex_type-barcode07_FUN_000007	97	1.840E-01	9.530E-02	1.160E-01	1.678E+01
GCA_025203105_FUN_000007	GCA_014839635_FUN_000049	176	1.393E-01	8.686E-02	8.828E-02	1.796E+01
GCA_025203105_FUN_000007	Fusarium_gossypinum_ex_type_FUN_000315	206	1.342E-01	1.221E-01	8.856E-02	1.725E+01
GCA_025203105_FUN_000007	GCA_013423235_FUN_000011	101	1.322E-01	7.173E-02	8.776E-02	1.210E+01
GCA_025203105_FUN_000007	GCA_016170085_FUN_000003	123	1.580E-01	8.126E-02	9.838E-02	2.839E+01
GCA_025203105_FUN_000007	Fola3ENZA_FUN_000009	145	2.107E-01	1.325E-01	1.153E-01	1.115E+01
GCA_025203105_FUN_000007	GCA_014843445_FUN_000023	145	2.107E-01	1.325E-01	1.153E-01	1.115E+01
GCA_025203105_FUN_000007	AJ718_race1_FUN_000292	228	2.307E-01	1.881E-01	1.255E-01	1.854E+01
GCA_025203105_FUN_000007	AJ592_race4_FUN_000062	83	2.226E-01	1.079E-01	8.078E-02	1.006E+01
GCA_025203105_FUN_000007	AJ705_race4_FUN_000001	83	2.226E-01	1.079E-01	8.078E-02	1.006E+01
GCA_025203105_FUN_000007	GCA_023509805_FUN_000022	122	1.962E-01	1.349E-01	8.610E-02	1.346E+01
GCA_025203105_FUN_000007	Fusarium_sp_128_FUN_000001	95	1.222E-01	6.483E-02	1.099E-01	1.478E+01
GCA_025203105_FUN_000007	GCA_001702495_FUN_000036	32	2.236E-01	6.666E-02	7.319E-02	6.330E+00
GCA_025203105_FUN_000007	GCA_014839635_FUN_000047	195	1.034E-01	9.114E-02	8.421E-02	2.095E+01
GCA_025203105_FUN_000007	GCA_001702495_FUN_000069	25	2.343E-01	7.392E-02	4.163E-02	6.326E+00
GCA_025203105_FUN_000007	GCA_018894095_FUN_000077	50	1.607E-01	4.826E-02	2.492E-02	1.466E+01
GCA_025203105_FUN_000007	GCA_049306905_FUN_000029	53	1.633E-01	7.187E-02	3.617E-02	1.569E+01
GCA_025203105_FUN_000007	GCA_049307005_FUN_000032	53	1.633E-01	7.187E-02	3.617E-02	1.569E+01
GCA_002234015_FUN_000043	GCA_002234015_FUN_000043	161	1.006E+00	1.000E+00	1.000E+00	6.982E-03
GCA_002234015_FUN_000043	GCA_001702495_FUN_000036	161	9.473E-01	9.416E-01	9.416E-01	1.558E+00
GCA_002234015_FUN_000043	GCA_013423235_FUN_000011	124	6.477E-01	4.365E-01	5.305E-01	5.326E+00
GCA_002234015_FUN_000043	Fusarium_sp_128_FUN_000001	112	6.881E-01	3.548E-01	6.170E-01	4.237E+00
GCA_002234015_FUN_000043	Fusarium_cugenangense_ex_type-barcode01_FUN_000019	115	5.735E-01	3.736E-01	4.866E-01	7.646E+00
GCA_002234015_FUN_000043	GCA_013347535_FUN_000021	115	5.735E-01	3.736E-01	4.866E-01	7.646E+00
GCA_002234015_FUN_000043	GCA_014843415_FUN_000016	115	5.735E-01	3.736E-01	4.866E-01	7.646E+00
GCA_002234015_FUN_000043	GCA_014843555_FUN_000005	115	5.735E-01	3.736E-01	4.866E-01	7.646E+00
GCA_002234015_FUN_000043	GCA_019593505_FUN_000203	128	4.684E-01	2.830E-01	4.509E-01	1.118E+01
GCA_002234015_FUN_000043	Fola4ENZA_FUN_000007	119	5.493E-01	3.585E-01	4.658E-01	7.639E+00
GCA_002234015_FUN_000043	Fusarium_phialophorum-barcode15_FUN_000015	119	5.493E-01	3.585E-01	4.658E-01	7.639E+00
GCA_002234015_FUN_000043	Fusarium_sp_128_FUN_000005	119	5.493E-01	3.585E-01	4.658E-01	7.639E+00
GCA_002234015_FUN_000043	GCA_001702695_FUN_000007	119	5.493E-01	3.585E-01	4.658E-01	7.639E+00
GCA_002234015_FUN_000043	GCA_003315725_FUN_000001	119	5.493E-01	3.585E-01	4.658E-01	7.639E+00
GCA_002234015_FUN_000043	GCA_014843455_FUN_000006	119	5.493E-01	3.585E-01	4.658E-01	7.639E+00
GCA_002234015_FUN_000043	GCA_021018635_FUN_000006	119	5.493E-01	3.585E-01	4.658E-01	7.639E+00
GCA_002234015_FUN_000043	GCA_032206225_FUN_000002	119	5.493E-01	3.585E-01	4.658E-01	7.639E+00
GCA_002234015_FUN_000043	AJ705_race4_FUN_000009	27	3.715E-01	8.904E-02	6.113E-02	5.683E+00
GCA_002234015_FUN_000043	Fusarium_elaeidis_ex_type_FUN_000250	17	4.788E-01	8.239E-02	1.582E-01	3.390E+00
GCA_002234015_FUN_000043	GCA_015227905_FUN_000281	156	1.458E-01	1.239E-01	9.696E-02	1.599E+01
GCA_002234015_FUN_000043	AJ718_race1_FUN_000094	56	2.636E-01	1.167E-01	6.170E-02	5.349E+00
GCA_002234015_FUN_000043	GCA_025216365_FUN_000025	51	2.922E-01	8.802E-02	3.381E-02	3.013E+01
GCA_002234015_FUN_000043	Fusarium_sp_128_FUN_000003	90	1.530E-01	8.017E-02	5.011E-02	1.606E+01
GCA_002234015_FUN_000043	GCA_018894095_FUN_000077	48	2.734E-01	9.269E-02	3.438E-02	1.143E+01
GCA_014843445_FUN_000023	Fola3ENZA_FUN_000009	244	1.004E+00	1.000E+00	1.000E+00	0.000E+00
GCA_014843445_FUN_000023	GCA_014843445_FUN_000023	244	1.004E+00	1.000E+00	1.000E+00	0.000E+00
GCA_014843445_FUN_000023	Fola1ENZA_FUN_000069	244	9.443E-01	9.406E-01	9.406E-01	1.882E+00
GCA_014843445_FUN_000023	GCA_020796175_FUN_000007	244	9.443E-01	9.406E-01	9.406E-01	1.882E+00
GCA_014843445_FUN_000023	Fusarium_gossypinum_ex_type_FUN_000315	177	5.765E-01	3.565E-01	2.709E-01	5.860E+00
GCA_014843445_FUN_000023	Fusarium_duoseptatum_ex_type-barcode03_FUN_000160	172	5.526E-01	3.581E-01	4.604E-01	5.408E+00
GCA_014843445_FUN_000023	GCA_014839635_FUN_000049	246	2.682E-01	2.448E-01	2.281E-01	2.622E+01
GCA_014843445_FUN_000023	GCA_025267645_FUN_000197	185	2.883E-01	1.875E-01	2.046E-01	1.226E+01
GCA_014843445_FUN_000023	GCA_000259975_FUN_000028	142	1.858E-01	1.135E-01	1.269E-01	1.423E+01
GCA_014843445_FUN_000023	AJ718_race1_FUN_000292	188	1.633E-01	1.204E-01	1.018E-01	1.712E+01
GCA_014843445_FUN_000023	GCA_001702495_FUN_000061	173	1.891E-01	1.354E-01	1.316E-01	1.459E+01
GCA_014843445_FUN_000023	Fusarium_kalimantanense_ex_type-barcode07_FUN_000026	73	2.024E-01	6.778E-02	1.557E-01	1.313E+01
GCA_014843445_FUN_000023	Fola3ENZA_FUN_000004	71	2.539E-01	9.591E-02	1.651E-01	9.037E+00
GCA_014843445_FUN_000023	Fola4ENZA_FUN_000008	71	2.537E-01	9.588E-02	1.620E-01	9.036E+00
GCA_014843445_FUN_000023	Fusarium_cugenangense_ex_type-barcode01_FUN_000020	71	2.539E-01	9.591E-02	1.651E-01	9.037E+00
GCA_014843445_FUN_000023	GCA_000260495_FUN_000006	71	2.537E-01	9.588E-02	1.620E-01	9.036E+00
GCA_014843445_FUN_000023	GCA_001702695_FUN_000008	71	2.537E-01	9.588E-02	1.620E-01	9.036E+00
GCA_014843445_FUN_000023	GCA_003315725_FUN_000002	71	2.537E-01	9.588E-02	1.620E-01	9.036E+00
GCA_014843445_FUN_000023	GCA_013347535_FUN_000022	71	2.539E-01	9.591E-02	1.651E-01	9.037E+00
GCA_014843445_FUN_000023	GCA_014843415_FUN_000017	71	2.539E-01	9.591E-02	1.651E-01	9.037E+00
GCA_014843445_FUN_000023	GCA_014843445_FUN_000019	71	2.539E-01	9.591E-02	1.651E-01	9.037E+00
GCA_014843445_FUN_000023	GCA_014843455_FUN_000007	71	2.537E-01	9.588E-02	1.620E-01	9.036E+00
GCA_014843445_FUN_000023	GCA_014843555_FUN_000006	71	2.539E-01	9.591E-02	1.651E-01	9.037E+00
GCA_014843445_FUN_000023	GCA_021018635_FUN_000007	71	2.537E-01	9.588E-02	1.620E-01	9.036E+00
GCA_014843445_FUN_000023	GCA_032206225_FUN_000003	71	2.537E-01	9.588E-02	1.620E-01	9.036E+00
GCA_014843445_FUN_000023	GCA_013423235_FUN_000001	71	2.540E-01	9.592E-02	1.580E-01	9.014E+00
GCA_014843445_FUN_000023	GCA_016166325_FUN_000030	70	2.250E-01	7.983E-02	1.901E-01	1.188E+01
GCA_014843445_FUN_000023	GCA_016170085_FUN_000014	70	2.250E-01	7.983E-02	1.901E-01	1.188E+01
GCA_014843445_FUN_000023	AJ520_race1_FUN_000054	93	2.451E-01	9.839E-02	9.202E-02	1.783E+01
GCA_014843445_FUN_000023	AJ592_race4_FUN_000037	93	2.451E-01	9.839E-02	9.202E-02	1.783E+01
GCA_014843445_FUN_000023	AJ865_race1_FUN_000053	93	2.451E-01	9.839E-02	9.202E-02	1.783E+01
GCA_014843445_FUN_000023	AJ718_race1_FUN_000294	143	1.762E-01	9.994E-02	8.878E-02	1.547E+01
GCA_014843445_FUN_000023	AJ516_race4_FUN_000033	60	2.732E-01	8.832E-02	4.727E-02	8.661E+00
GCA_014843445_FUN_000023	GCA_020796175_FUN_000123	70	2.365E-01	8.134E-02	1.607E-01	9.743E+00
GCA_014843445_FUN_000023	GCA_000259975_FUN_000015	119	2.049E-01	1.065E-01	1.585E-01	1.453E+01
GCA_014843445_FUN_000023	GCA_002234015_FUN_000068	169	1.658E-01	1.161E-01	1.122E-01	1.507E+01
GCA_014843445_FUN_000023	GCA_001703205_FUN_000069	79	2.200E-01	1.035E-01	9.697E-02	1.639E+01
GCA_014843445_FUN_000023	GCA_023509805_FUN_000022	151	1.611E-01	9.645E-02	6.928E-02	1.650E+01
GCA_014843445_FUN_000023	GCA_049306905_FUN_000029	89	2.102E-01	8.889E-02	4.923E-02	1.280E+01
GCA_014843445_FUN_000023	GCA_049307005_FUN_000032	89	2.102E-01	8.889E-02	4.923E-02	1.280E+01
GCA_014843445_FUN_000023	GCA_038050555_FUN_000006	70	1.804E-01	6.599E-02	1.406E-01	1.357E+01
GCA_014843445_FUN_000023	Fusarium_duoseptatum_ex_type-barcode03_FUN_000086	88	2.085E-01	7.768E-02	1.745E-01	1.414E+01
GCA_014843445_FUN_000023	Fusarium_kalimantanense_ex_type-barcode07_FUN_000007	136	1.564E-01	8.858E-02	1.292E-01	1.475E+01
GCA_014843445_FUN_000023	GCA_015227905_FUN_000281	143	2.021E-01	1.115E-01	1.186E-01	1.439E+01
GCA_014843445_FUN_000023	GCA_048164945_FUN_000024	60	2.740E-01	8.845E-02	4.749E-02	8.656E+00
GCA_014843445_FUN_000023	GCA_048164945_FUN_000019	77	1.929E-01	6.349E-02	1.368E-01	1.508E+01
GCA_014843445_FUN_000023	GCA_018894095_FUN_000071	76	1.881E-01	7.100E-02	1.414E-01	1.461E+01
GCA_014843445_FUN_000023	GCA_019670925_FUN_000040	162	1.836E-01	1.323E-01	1.356E-01	1.470E+01
GCA_014843445_FUN_000023	Fusarium_elaeidis_ex_type_FUN_000039	226	1.139E-01	9.930E-02	1.001E-01	2.401E+01
GCA_014843445_FUN_000023	GCA_049307005_FUN_000001	77	2.298E-01	9.483E-02	9.510E-02	1.426E+01
GCA_014843445_FUN_000023	AJ705_race4_FUN_000009	52	2.242E-01	7.633E-02	7.322E-02	1.183E+01
GCA_014843445_FUN_000023	AJ516_race4_FUN_000027	71	1.999E-01	7.625E-02	1.663E-01	1.209E+01
GCA_014843445_FUN_000023	AJ520_race1_FUN_000015	71	1.999E-01	7.625E-02	1.663E-01	1.209E+01
GCA_014843445_FUN_000023	AJ865_race1_FUN_000014	71	1.999E-01	7.625E-02	1.663E-01	1.209E+01
GCA_014843445_FUN_000023	GCA_025267645_FUN_000212	44	2.500E-01	7.406E-02	8.877E-02	8.013E+00
GCA_014843445_FUN_000023	GCA_018894095_FUN_000077	56	3.247E-01	8.932E-02	4.839E-02	8.315E+00
GCA_014843445_FUN_000023	GCA_025216365_FUN_000109	124	1.255E-01	7.367E-02	3.876E-02	2.223E+01
GCA_014843445_FUN_000023	GCA_023509805_FUN_000049	166	1.210E-01	8.986E-02	1.099E-01	1.544E+01
GCA_014843445_FUN_000023	GCA_002234015_FUN_000078	116	1.369E-01	6.775E-02	4.902E-02	1.637E+01
GCA_014843445_FUN_000023	Fola2ENZA_FUN_000024	23	2.008E-01	5.168E-02	7.333E-02	4.658E+00
GCA_014843445_FUN_000023	Fusarium_phialophorum-barcode15_FUN_000013	23	2.008E-01	5.168E-02	7.333E-02	4.658E+00
GCA_014843445_FUN_000023	GCA_001702495_FUN_000069	25	2.296E-01	5.725E-02	3.995E-02	6.244E+00
GCA_003315725_FUN_000007	GCA_000260495_FUN_000010	141	1.007E+00	1.000E+00	1.000E+00	4.478E-03
GCA_003315725_FUN_000007	GCA_003315725_FUN_000007	141	1.007E+00	1.000E+00	1.000E+00	4.478E-03
GCA_003315725_FUN_000007	GCA_021018635_FUN_000012	141	1.007E+00	1.000E+00	1.000E+00	4.478E-03
GCA_003315725_FUN_000007	GCA_032206225_FUN_000009	141	9.246E-01	9.182E-01	9.182E-01	3.139E+00
GCA_003315725_FUN_000007	AJ705_race4_FUN_000025	125	3.765E-01	3.110E-01	2.678E-01	1.306E+01
GCA_003315725_FUN_000007	GCA_009755825_FUN_000025	192	1.820E-01	1.803E-01	1.231E-01	1.891E+01
GCA_003315725_FUN_000007	GCA_025203755_FUN_000032	138	2.252E-01	1.869E-01	9.922E-02	1.514E+01
GCA_003315725_FUN_000007	GCA_016166325_FUN_000002	31	5.125E-01	1.498E-01	2.162E-01	3.302E+00
GCA_003315725_FUN_000007	GCA_002234045_FUN_000287	102	2.581E-01	1.568E-01	7.453E-02	1.178E+01
GCA_003315725_FUN_000007	GCA_025216365_FUN_000109	90	2.731E-01	2.070E-01	6.983E-02	1.525E+01
GCA_003315725_FUN_000007	GCA_025217005_FUN_000165	121	2.529E-01	2.072E-01	1.116E-01	1.045E+01
GCA_003315725_FUN_000007	AJ520_race1_FUN_000042	70	2.926E-01	1.398E-01	1.459E-01	9.618E+00
GCA_003315725_FUN_000007	AJ592_race4_FUN_000025	70	2.926E-01	1.398E-01	1.459E-01	9.618E+00
GCA_003315725_FUN_000007	AJ865_race1_FUN_000042	70	2.926E-01	1.398E-01	1.459E-01	9.618E+00
GCA_013423235_FUN_000001	GCA_013423235_FUN_000001	122	1.008E+00	1.000E+00	1.000E+00	0.000E+00
GCA_013423235_FUN_000001	Fola3ENZA_FUN_000004	117	8.696E-01	8.265E-01	8.625E-01	3.095E+00
GCA_013423235_FUN_000001	Fusarium_cugenangense_ex_type-barcode01_FUN_000020	117	8.696E-01	8.265E-01	8.625E-01	3.095E+00
GCA_013423235_FUN_000001	GCA_013347535_FUN_000022	117	8.696E-01	8.265E-01	8.625E-01	3.095E+00
GCA_013423235_FUN_000001	GCA_014843415_FUN_000017	117	8.696E-01	8.265E-01	8.625E-01	3.095E+00
GCA_013423235_FUN_000001	GCA_014843445_FUN_000019	117	8.696E-01	8.265E-01	8.625E-01	3.095E+00
GCA_013423235_FUN_000001	GCA_014843555_FUN_000006	117	8.696E-01	8.265E-01	8.625E-01	3.095E+00
GCA_013423235_FUN_000001	Fola4ENZA_FUN_000008	117	8.288E-01	7.889E-01	8.219E-01	5.292E+00
GCA_013423235_FUN_000001	GCA_000260495_FUN_000006	117	8.288E-01	7.889E-01	8.219E-01	5.292E+00
GCA_013423235_FUN_000001	GCA_001702695_FUN_000008	117	8.288E-01	7.889E-01	8.219E-01	5.292E+00
GCA_013423235_FUN_000001	GCA_003315725_FUN_000002	117	8.288E-01	7.889E-01	8.219E-01	5.292E+00
GCA_013423235_FUN_000001	GCA_014843455_FUN_000007	117	8.288E-01	7.889E-01	8.219E-01	5.292E+00
GCA_013423235_FUN_000001	GCA_021018635_FUN_000007	117	8.288E-01	7.889E-01	8.219E-01	5.292E+00
GCA_013423235_FUN_000001	GCA_032206225_FUN_000003	117	8.288E-01	7.889E-01	8.219E-01	5.292E+00
GCA_013423235_FUN_000001	Fusarium_kalimantanense_ex_type-barcode07_FUN_000007	106	2.146E-01	1.424E-01	1.239E-01	1.887E+01
GCA_013423235_FUN_000001	GCA_019670925_FUN_000040	91	2.910E-01	2.043E-01	1.269E-01	1.305E+01
GCA_013423235_FUN_000001	GCA_000259975_FUN_000015	64	3.647E-01	2.026E-01	1.881E-01	7.016E+00
GCA_013423235_FUN_000001	GCA_014839635_FUN_000049	164	1.482E-01	1.313E-01	7.634E-02	1.905E+01
GCA_013423235_FUN_000001	Fola1ENZA_FUN_000069	106	1.984E-01	1.586E-01	9.574E-02	1.558E+01
GCA_013423235_FUN_000001	Fola3ENZA_FUN_000009	99	1.844E-01	1.580E-01	9.554E-02	1.274E+01
GCA_013423235_FUN_000001	GCA_014843445_FUN_000023	99	1.844E-01	1.580E-01	9.554E-02	1.274E+01
GCA_013423235_FUN_000001	GCA_020796175_FUN_000007	106	1.984E-01	1.586E-01	9.574E-02	1.558E+01
GCA_013423235_FUN_000001	Fusarium_duoseptatum_ex_type-barcode03_FUN_000160	106	1.799E-01	1.314E-01	1.063E-01	1.575E+01
GCA_013423235_FUN_000001	GCA_049306905_FUN_000029	79	2.343E-01	1.321E-01	4.124E-02	1.136E+01
GCA_013423235_FUN_000001	GCA_049307005_FUN_000032	79	2.343E-01	1.321E-01	4.124E-02	1.136E+01
GCA_013423235_FUN_000001	GCA_050947165_FUN_000012	73	2.739E-01	1.624E-01	5.242E-02	1.315E+01
GCA_013423235_FUN_000001	GCA_050947235_FUN_000024	73	2.739E-01	1.624E-01	5.242E-02	1.315E+01
GCA_013423235_FUN_000001	GCA_025267645_FUN_000212	66	3.510E-01	1.976E-01	1.406E-01	6.923E+00
GCA_013423235_FUN_000001	Fusarium_fabacearum_ex_type_FUN_000005	96	1.528E-01	1.240E-01	8.622E-02	1.361E+01
GCA_013423235_FUN_000001	GCA_023509805_FUN_000049	93	1.605E-01	1.267E-01	1.001E-01	1.722E+01
GCA_013423235_FUN_000001	GCA_049307005_FUN_000001	95	1.681E-01	1.197E-01	6.816E-02	1.539E+01
GCA_013423235_FUN_000001	GCA_023509805_FUN_000022	130	2.046E-01	1.465E-01	6.866E-02	1.346E+01
GCA_013423235_FUN_000001	GCA_018894095_FUN_000077	105	1.906E-01	1.421E-01	6.179E-02	1.049E+01
GCA_013423235_FUN_000001	GCA_048164945_FUN_000024	78	2.235E-01	1.226E-01	3.984E-02	1.163E+01
GCA_013423235_FUN_000001	AJ705_race4_FUN_000009	84	1.606E-01	1.051E-01	7.291E-02	1.293E+01
GCA_013423235_FUN_000001	GCA_020796175_FUN_000123	96	1.854E-01	1.488E-01	1.749E-01	1.366E+01
GCA_013423235_FUN_000001	Fusarium_cugenangense_ex_type-barcode01_FUN_000019	31	5.224E-01	1.947E-01	2.004E-01	3.463E+00
GCA_013423235_FUN_000001	GCA_013347535_FUN_000021	31	5.224E-01	1.947E-01	2.004E-01	3.463E+00
GCA_013423235_FUN_000001	GCA_014843415_FUN_000016	31	5.224E-01	1.947E-01	2.004E-01	3.463E+00
GCA_013423235_FUN_000001	GCA_014843555_FUN_000005	31	5.224E-01	1.947E-01	2.004E-01	3.463E+00
GCA_013423235_FUN_000001	Fusarium_sp_128_FUN_000003	121	1.577E-01	1.315E-01	5.981E-02	1.404E+01
GCA_013423235_FUN_000001	AJ516_race4_FUN_000013	124	1.911E-01	1.634E-01	1.457E-01	1.984E+01
GCA_013423235_FUN_000001	GCA_000259975_FUN_000028	112	2.077E-01	1.381E-01	9.662E-02	1.160E+01
GCA_013423235_FUN_000001	AJ516_race4_FUN_000027	62	2.149E-01	1.117E-01	1.669E-01	9.629E+00
GCA_013423235_FUN_000001	AJ520_race1_FUN_000015	62	2.149E-01	1.117E-01	1.669E-01	9.629E+00
GCA_013423235_FUN_000001	AJ865_race1_FUN_000014	62	2.149E-01	1.117E-01	1.669E-01	9.629E+00
GCA_013423235_FUN_000001	GCA_018894095_FUN_000071	46	2.117E-01	7.909E-02	9.832E-02	1.654E+01
GCA_013423235_FUN_000001	GCA_019671045_FUN_000060	93	1.979E-01	1.487E-01	1.095E-01	1.364E+01
GCA_013423235_FUN_000001	GCA_025203755_FUN_000021	121	1.803E-01	1.418E-01	8.185E-02	1.365E+01
GCA_013423235_FUN_000001	GCA_025216365_FUN_000109	51	2.105E-01	1.060E-01	2.898E-02	1.820E+01
GCA_013423235_FUN_000001	GCA_016166325_FUN_000030	70	1.741E-01	1.090E-01	1.524E-01	8.044E+00
GCA_013423235_FUN_000001	GCA_016170085_FUN_000014	70	1.741E-01	1.090E-01	1.524E-01	8.044E+00
GCA_013423235_FUN_000001	Fusarium_kalimantanense_ex_type-barcode07_FUN_000026	55	1.986E-01	1.030E-01	1.458E-01	9.034E+00
GCA_013423235_FUN_000001	GCA_013423235_FUN_000011	108	1.962E-01	1.330E-01	1.403E-01	1.386E+01
GCA_013423235_FUN_000001	GCA_025203105_FUN_000005	86	2.038E-01	1.102E-01	8.825E-02	1.469E+01
GCA_013423235_FUN_000001	GCA_025267645_FUN_000218	87	1.473E-01	8.722E-02	5.610E-02	1.487E+01
GCA_013423235_FUN_000001	AJ516_race4_FUN_000033	71	2.552E-01	1.328E-01	4.056E-02	1.165E+01
GCA_013423235_FUN_000001	GCA_019670925_FUN_000002	56	1.839E-01	9.492E-02	6.149E-02	8.578E+00
GCA_013423235_FUN_000001	GCA_019671045_FUN_000019	57	1.855E-01	9.444E-02	6.173E-02	8.681E+00
GCA_013423235_FUN_000001	GCA_025267645_FUN_000197	66	1.493E-01	8.533E-02	7.798E-02	1.307E+01
GCA_015227905_FUN_000281	GCA_015227905_FUN_000281	222	1.005E+00	1.000E+00	1.000E+00	0.000E+00
GCA_015227905_FUN_000281	GCA_025267645_FUN_000218	159	5.355E-01	3.611E-01	3.277E-01	6.846E+00
GCA_015227905_FUN_000281	Fusarium_elaeidis_ex_type_FUN_000039	154	5.165E-01	3.221E-01	3.046E-01	6.824E+00
GCA_015227905_FUN_000281	GCA_009755825_FUN_000023	227	3.366E-01	3.030E-01	1.849E-01	2.002E+01
GCA_015227905_FUN_000281	GCA_009755825_FUN_000084	214	2.640E-01	2.124E-01	2.171E-01	1.870E+01
GCA_015227905_FUN_000281	GCA_002233855_FUN_000172	175	4.389E-01	2.830E-01	1.444E-01	1.222E+01
GCA_015227905_FUN_000281	Fusarium_fabacearum_ex_type_FUN_000005	239	2.209E-01	1.896E-01	1.936E-01	1.822E+01
GCA_015227905_FUN_000281	GCA_001703205_FUN_000069	192	2.404E-01	1.692E-01	1.465E-01	1.864E+01
GCA_015227905_FUN_000281	Fusarium_gossypinum_ex_type_FUN_000050	359	2.951E-01	2.666E-01	1.351E-01	2.235E+01
GCA_015227905_FUN_000281	GCA_001703455_FUN_000315	359	2.951E-01	2.666E-01	1.351E-01	2.235E+01
GCA_015227905_FUN_000281	AJ520_race1_FUN_000054	194	1.815E-01	1.302E-01	1.152E-01	1.789E+01
GCA_015227905_FUN_000281	AJ592_race4_FUN_000037	194	1.815E-01	1.302E-01	1.152E-01	1.789E+01
GCA_015227905_FUN_000281	AJ865_race1_FUN_000053	194	1.815E-01	1.302E-01	1.152E-01	1.789E+01
GCA_015227905_FUN_000281	GCA_025203105_FUN_000007	117	3.937E-01	2.208E-01	2.491E-01	6.907E+00
GCA_015227905_FUN_000281	GCA_019671045_FUN_000019	23	3.884E-01	7.296E-02	6.807E-02	4.100E+00
GCA_015227905_FUN_000281	Fola4ENZA_FUN_000007	94	1.838E-01	9.000E-02	1.421E-01	1.484E+01
GCA_015227905_FUN_000281	Fusarium_phialophorum-barcode15_FUN_000015	94	1.838E-01	9.000E-02	1.421E-01	1.484E+01
GCA_015227905_FUN_000281	Fusarium_sp_128_FUN_000005	94	1.838E-01	9.000E-02	1.421E-01	1.484E+01
GCA_015227905_FUN_000281	GCA_001702695_FUN_000007	94	1.838E-01	9.000E-02	1.421E-01	1.484E+01
GCA_015227905_FUN_000281	GCA_003315725_FUN_000001	94	1.838E-01	9.000E-02	1.421E-01	1.484E+01
GCA_015227905_FUN_000281	GCA_014843455_FUN_000006	94	1.838E-01	9.000E-02	1.421E-01	1.484E+01
GCA_015227905_FUN_000281	GCA_021018635_FUN_000006	94	1.838E-01	9.000E-02	1.421E-01	1.484E+01
GCA_015227905_FUN_000281	GCA_032206225_FUN_000002	94	1.838E-01	9.000E-02	1.421E-01	1.484E+01
GCA_015227905_FUN_000281	GCA_049307005_FUN_000001	21	5.769E-01	8.801E-02	7.984E-02	1.801E+00
GCA_015227905_FUN_000281	GCA_025216365_FUN_000025	157	1.155E-01	6.810E-02	3.682E-02	4.572E+01
GCA_015227905_FUN_000281	GCA_001703455_FUN_000133	207	1.607E-01	1.161E-01	1.273E-01	2.049E+01
GCA_015227905_FUN_000281	GCA_019671045_FUN_000060	56	2.698E-01	1.168E-01	1.255E-01	7.025E+00
GCA_015227905_FUN_000281	Fusarium_sp_128_FUN_000003	113	2.577E-01	1.390E-01	1.010E-01	8.424E+00
GCA_015227905_FUN_000281	Fusarium_cugenangense_ex_type-barcode01_FUN_000019	72	2.006E-01	8.586E-02	1.291E-01	1.496E+01
GCA_015227905_FUN_000281	GCA_013347535_FUN_000021	72	2.006E-01	8.586E-02	1.291E-01	1.496E+01
GCA_015227905_FUN_000281	GCA_014843415_FUN_000016	72	2.006E-01	8.586E-02	1.291E-01	1.496E+01
GCA_015227905_FUN_000281	GCA_014843555_FUN_000005	72	2.006E-01	8.586E-02	1.291E-01	1.496E+01
GCA_015227905_FUN_000281	Fusarium_fabacearum_ex_type_FUN_000114	130	1.675E-01	1.049E-01	9.301E-02	1.558E+01
GCA_015227905_FUN_000281	AJ718_race1_FUN_000292	100	1.926E-01	9.560E-02	7.338E-02	1.267E+01
GCA_015227905_FUN_000281	Fusarium_gossypinum_ex_type_FUN_000315	74	2.057E-01	9.658E-02	6.996E-02	2.029E+01
GCA_015227905_FUN_000281	GCA_016170085_FUN_000003	217	1.293E-01	9.161E-02	1.237E-01	3.682E+01
GCA_015227905_FUN_000281	GCA_001702845_FUN_000128	191	1.411E-01	1.083E-01	1.090E-01	1.633E+01
GCA_015227905_FUN_000281	GCA_002234105_FUN_000094	191	1.411E-01	1.083E-01	1.090E-01	1.633E+01
GCA_015227905_FUN_000281	GCA_019670925_FUN_000040	126	1.641E-01	8.570E-02	8.304E-02	1.630E+01
GCA_015227905_FUN_000281	AJ718_race1_FUN_000294	37	4.235E-01	7.189E-02	5.486E-02	8.048E+00
GCA_015227905_FUN_000281	AJ516_race4_FUN_000033	47	3.568E-01	1.033E-01	5.243E-02	6.135E+00
GCA_015227905_FUN_000281	Fusarium_elaeidis_ex_type_FUN_000250	90	1.619E-01	8.254E-02	1.572E-01	1.705E+01
GCA_015227905_FUN_000281	Fusarium_sp_128_FUN_000001	59	2.791E-01	7.080E-02	1.647E-01	1.173E+01
GCA_015227905_FUN_000281	Fusarium_glycines_ex_type_FUN_000042	38	3.339E-01	7.599E-02	1.153E-01	8.688E+00
GCA_015227905_FUN_000281	GCA_050947165_FUN_000034	211	1.090E-01	9.328E-02	9.397E-02	1.978E+01
GCA_015227905_FUN_000281	GCA_050947235_FUN_000045	211	1.090E-01	9.328E-02	9.397E-02	1.978E+01
GCA_015227905_FUN_000281	GCA_025203755_FUN_000017	191	1.411E-01	1.083E-01	1.090E-01	1.637E+01
GCA_015227905_FUN_000281	GCA_019670925_FUN_000002	25	2.134E-01	6.909E-02	6.481E-02	4.369E+00
GCA_015227905_FUN_000281	AJ592_race4_FUN_000062	118	1.679E-01	8.229E-02	5.232E-02	1.512E+01
GCA_015227905_FUN_000281	AJ705_race4_FUN_000001	118	1.679E-01	8.229E-02	5.232E-02	1.512E+01
GCA_015227905_FUN_000281	GCA_023509805_FUN_000022	121	2.034E-01	1.224E-01	8.100E-02	1.519E+01
GCA_015227905_FUN_000281	GCA_019593505_FUN_000203	51	2.813E-01	7.016E-02	1.467E-01	1.169E+01
GCA_015227905_FUN_000281	GCA_001702495_FUN_000036	29	2.470E-01	6.564E-02	8.505E-02	6.919E+00
GCA_015227905_FUN_000281	GCA_002234015_FUN_000043	156	1.458E-01	9.696E-02	1.239E-01	1.599E+01
GCA_015227905_FUN_000281	GCA_000259975_FUN_000015	92	1.711E-01	7.817E-02	1.098E-01	1.401E+01
GCA_015227905_FUN_000281	Fusarium_duoseptatum_ex_type-barcode03_FUN_000160	106	2.001E-01	1.102E-01	1.308E-01	1.906E+01
GCA_015227905_FUN_000281	GCA_025267645_FUN_000212	51	2.438E-01	6.051E-02	6.657E-02	9.844E+00
GCA_015227905_FUN_000281	GCA_014839635_FUN_000047	156	1.277E-01	7.590E-02	7.933E-02	1.700E+01
GCA_015227905_FUN_000281	GCA_014839635_FUN_000049	142	1.400E-01	8.145E-02	7.374E-02	2.102E+01
AJ516_race4_FUN_000013	AJ516_race4_FUN_000013	144	1.007E+00	1.000E+00	1.000E+00	9.741E-03
AJ516_race4_FUN_000013	Fusarium_kalimantanense_ex_type-barcode07_FUN_000007	144	2.699E-01	2.685E-01	2.685E-01	1.654E+01
AJ516_race4_FUN_000013	GCA_023509805_FUN_000049	105	3.047E-01	2.272E-01	1.913E-01	1.077E+01
AJ516_race4_FUN_000013	GCA_049307005_FUN_000001	36	5.232E-01	1.923E-01	1.203E-01	3.141E+00
AJ516_race4_FUN_000013	Fusarium_glycines_ex_type_FUN_000010	117	1.837E-01	1.380E-01	1.264E-01	2.358E+01
AJ516_race4_FUN_000013	GCA_049306905_FUN_000006	57	2.193E-01	1.124E-01	1.705E-01	1.168E+01
AJ516_race4_FUN_000013	GCA_049307005_FUN_000010	57	2.193E-01	1.124E-01	1.705E-01	1.168E+01
AJ516_race4_FUN_000013	GCA_001703205_FUN_000069	74	1.771E-01	1.093E-01	6.475E-02	3.268E+01
AJ516_race4_FUN_000013	GCA_023509805_FUN_000022	70	1.476E-01	7.172E-02	4.772E-02	1.812E+01
AJ516_race4_FUN_000013	Fola3ENZA_FUN_000004	39	3.316E-01	1.055E-01	1.249E-01	7.305E+00
AJ516_race4_FUN_000013	Fola4ENZA_FUN_000008	39	3.317E-01	1.055E-01	1.250E-01	7.307E+00
AJ516_race4_FUN_000013	Fusarium_cugenangense_ex_type-barcode01_FUN_000020	39	3.316E-01	1.055E-01	1.249E-01	7.305E+00
AJ516_race4_FUN_000013	GCA_000260495_FUN_000006	39	3.317E-01	1.055E-01	1.250E-01	7.307E+00
AJ516_race4_FUN_000013	GCA_001702695_FUN_000008	39	3.317E-01	1.055E-01	1.250E-01	7.307E+00
AJ516_race4_FUN_000013	GCA_003315725_FUN_000002	39	3.317E-01	1.055E-01	1.250E-01	7.307E+00
AJ516_race4_FUN_000013	GCA_013347535_FUN_000022	39	3.316E-01	1.055E-01	1.249E-01	7.305E+00
AJ516_race4_FUN_000013	GCA_014843415_FUN_000017	39	3.316E-01	1.055E-01	1.249E-01	7.305E+00
AJ516_race4_FUN_000013	GCA_014843445_FUN_000019	39	3.316E-01	1.055E-01	1.249E-01	7.305E+00
AJ516_race4_FUN_000013	GCA_014843455_FUN_000007	39	3.317E-01	1.055E-01	1.250E-01	7.307E+00
AJ516_race4_FUN_000013	GCA_014843555_FUN_000006	39	3.316E-01	1.055E-01	1.249E-01	7.305E+00
AJ516_race4_FUN_000013	GCA_021018635_FUN_000007	39	3.317E-01	1.055E-01	1.250E-01	7.307E+00
AJ516_race4_FUN_000013	GCA_032206225_FUN_000003	39	3.317E-01	1.055E-01	1.250E-01	7.307E+00
AJ516_race4_FUN_000013	GCA_048164945_FUN_000024	82	1.988E-01	1.195E-01	5.074E-02	1.654E+01
AJ516_race4_FUN_000013	GCA_019593505_FUN_000157	61	1.488E-01	7.487E-02	1.108E-01	1.120E+01
AJ516_race4_FUN_000013	GCA_013423235_FUN_000001	132	1.638E-01	1.313E-01	1.474E-01	2.025E+01
AJ516_race4_FUN_000013	GCA_018894095_FUN_000086	134	1.582E-01	1.282E-01	1.207E-01	2.527E+01
AJ516_race4_FUN_000013	GCA_019670925_FUN_000050	71	1.926E-01	9.708E-02	7.562E-02	2.083E+01
AJ516_race4_FUN_000013	AJ718_race1_FUN_000294	48	1.956E-01	9.065E-02	5.828E-02	9.771E+00
AJ516_race4_FUN_000013	GCA_018894095_FUN_000077	31	1.987E-01	8.483E-02	2.992E-02	5.794E+00
AJ516_race4_FUN_000013	GCA_050947165_FUN_000012	34	3.046E-01	8.683E-02	3.235E-02	6.598E+00
AJ516_race4_FUN_000013	GCA_050947235_FUN_000024	34	3.046E-01	8.683E-02	3.235E-02	6.598E+00
AJ516_race4_FUN_000013	AJ516_race4_FUN_000033	56	1.914E-01	9.265E-02	3.955E-02	1.443E+01
AJ516_race4_FUN_000013	GCA_001702495_FUN_000069	17	2.233E-01	5.379E-02	2.434E-02	5.626E+00
GCA_019670925_FUN_000002	GCA_019670925_FUN_000002	240	1.004E+00	1.000E+00	1.000E+00	1.322E-02
GCA_019670925_FUN_000002	GCA_019671045_FUN_000019	240	7.978E-01	7.947E-01	7.947E-01	6.163E+00
GCA_019670925_FUN_000002	AJ718_race1_FUN_000294	59	4.717E-01	1.372E-01	1.149E-01	6.231E+00
GCA_019670925_FUN_000002	Fola2ENZA_FUN_000005	49	5.212E-01	1.393E-01	2.157E-01	4.387E+00
GCA_019670925_FUN_000002	GCA_023509805_FUN_000049	104	2.929E-01	1.368E-01	1.671E-01	1.659E+01
GCA_019670925_FUN_000002	Fusarium_duoseptatum_ex_type-barcode03_FUN_000160	93	2.354E-01	8.536E-02	1.058E-01	1.297E+01
GCA_019670925_FUN_000002	AJ705_race4_FUN_000009	90	3.361E-01	8.676E-02	8.156E-02	1.526E+01
GCA_019670925_FUN_000002	Fola2ENZA_FUN_000024	20	5.935E-01	7.577E-02	1.112E-01	1.442E+00
GCA_019670925_FUN_000002	Fusarium_phialophorum-barcode15_FUN_000013	20	5.935E-01	7.577E-02	1.112E-01	1.442E+00
GCA_019670925_FUN_000002	AJ718_race1_FUN_000292	58	3.866E-01	1.371E-01	1.096E-01	5.294E+00
GCA_019670925_FUN_000002	GCA_049306905_FUN_000029	36	4.747E-01	8.845E-02	4.559E-02	4.586E+00
GCA_019670925_FUN_000002	GCA_049307005_FUN_000032	36	4.747E-01	8.845E-02	4.559E-02	4.586E+00
GCA_019670925_FUN_000002	GCA_018894095_FUN_000077	34	3.709E-01	8.776E-02	4.751E-02	4.711E+00
GCA_019670925_FUN_000002	GCA_019670925_FUN_000040	30	3.523E-01	7.098E-02	7.284E-02	5.676E+00
GCA_019670925_FUN_000002	GCA_048164945_FUN_000047	27	5.146E-01	6.467E-02	1.131E-01	6.645E+00
GCA_019670925_FUN_000002	Fusarium_kalimantanense_ex_type-barcode07_FUN_000007	94	2.006E-01	7.944E-02	1.121E-01	1.630E+01
GCA_019670925_FUN_000002	GCA_048164945_FUN_000024	37	2.692E-01	7.479E-02	4.208E-02	6.864E+00
GCA_019670925_FUN_000002	Fusarium_gossypinum_ex_type_FUN_000315	89	2.636E-01	8.357E-02	5.979E-02	1.383E+01
GCA_019670925_FUN_000002	GCA_025203755_FUN_000032	144	1.729E-01	1.014E-01	7.459E-02	1.930E+01
GCA_019670925_FUN_000002	AJ718_race1_FUN_000094	41	2.883E-01	7.536E-02	5.305E-02	7.536E+00
GCA_019670925_FUN_000002	GCA_023509805_FUN_000022	172	1.678E-01	1.037E-01	7.277E-02	1.808E+01
GCA_019670925_FUN_000002	AJ516_race4_FUN_000033	37	2.714E-01	7.487E-02	4.205E-02	6.848E+00
GCA_019670925_FUN_000002	Fola3ENZA_FUN_000004	56	1.836E-01	6.149E-02	9.651E-02	8.580E+00
GCA_019670925_FUN_000002	Fusarium_cugenangense_ex_type-barcode01_FUN_000020	56	1.836E-01	6.149E-02	9.651E-02	8.580E+00
GCA_019670925_FUN_000002	GCA_013347535_FUN_000022	56	1.836E-01	6.149E-02	9.651E-02	8.580E+00
GCA_019670925_FUN_000002	GCA_014843415_FUN_000017	56	1.836E-01	6.149E-02	9.651E-02	8.580E+00
GCA_019670925_FUN_000002	GCA_014843445_FUN_000019	56	1.836E-01	6.149E-02	9.651E-02	8.580E+00
GCA_019670925_FUN_000002	GCA_014843555_FUN_000006	56	1.836E-01	6.149E-02	9.651E-02	8.580E+00
GCA_019670925_FUN_000002	GCA_015227905_FUN_000281	25	2.134E-01	6.481E-02	6.909E-02	4.369E+00
GCA_019670925_FUN_000002	GCA_049307005_FUN_000001	137	1.577E-01	9.992E-02	9.951E-02	1.427E+01
GCA_019670925_FUN_000002	GCA_025217005_FUN_000165	132	1.608E-01	9.797E-02	7.589E-02	1.377E+01
GCA_019670925_FUN_000002	Fusarium_kalimantanense_ex_type-barcode07_FUN_000026	45	2.992E-01	6.709E-02	1.742E-01	7.978E+00
GCA_019670925_FUN_000002	Fola4ENZA_FUN_000008	56	1.835E-01	6.148E-02	9.646E-02	8.581E+00
GCA_019670925_FUN_000002	GCA_000260495_FUN_000006	56	1.835E-01	6.148E-02	9.646E-02	8.581E+00
GCA_019670925_FUN_000002	GCA_001702695_FUN_000008	56	1.835E-01	6.148E-02	9.646E-02	8.581E+00
GCA_019670925_FUN_000002	GCA_003315725_FUN_000002	56	1.835E-01	6.148E-02	9.646E-02	8.581E+00
GCA_019670925_FUN_000002	GCA_014843455_FUN_000007	56	1.835E-01	6.148E-02	9.646E-02	8.581E+00
GCA_019670925_FUN_000002	GCA_021018635_FUN_000007	56	1.835E-01	6.148E-02	9.646E-02	8.581E+00
GCA_019670925_FUN_000002	GCA_032206225_FUN_000003	56	1.835E-01	6.148E-02	9.646E-02	8.581E+00
GCA_019670925_FUN_000002	GCA_013423235_FUN_000001	56	1.839E-01	6.149E-02	9.492E-02	8.578E+00
GCA_019670925_FUN_000002	GCA_050947165_FUN_000004	37	2.307E-01	7.218E-02	7.968E-02	7.302E+00
GCA_019670925_FUN_000002	GCA_050947235_FUN_000004	37	2.307E-01	7.218E-02	7.968E-02	7.302E+00
GCA_019670925_FUN_000002	GCA_009755825_FUN_000084	50	3.446E-01	8.502E-02	9.184E-02	1.035E+01
GCA_019670925_FUN_000002	Fusarium_elaeidis_ex_type_FUN_000039	98	1.764E-01	6.912E-02	6.969E-02	1.202E+01
GCA_019670925_FUN_000002	GCA_002233855_FUN_000172	38	3.270E-01	7.080E-02	4.102E-02	5.956E+00
GCA_019670925_FUN_000002	GCA_050947165_FUN_000012	46	2.596E-01	8.365E-02	4.629E-02	6.923E+00
GCA_019670925_FUN_000002	GCA_050947235_FUN_000024	46	2.596E-01	8.365E-02	4.629E-02	6.923E+00
GCA_019670925_FUN_000002	GCA_025203105_FUN_000005	70	1.662E-01	6.989E-02	7.917E-02	1.661E+01
GCA_019670925_FUN_000002	Fola1ENZA_FUN_000004	41	2.820E-01	6.069E-02	5.964E-02	7.789E+00
GCA_019670925_FUN_000002	Fola4ENZA_FUN_000003	41	2.820E-01	6.069E-02	5.964E-02	7.789E+00
GCA_019670925_FUN_000002	GCA_000260495_FUN_000001	41	2.820E-01	6.069E-02	5.964E-02	7.789E+00
GCA_019670925_FUN_000002	GCA_001702695_FUN_000003	41	2.820E-01	6.069E-02	5.964E-02	7.789E+00
GCA_019670925_FUN_000002	GCA_014843455_FUN_000002	41	2.820E-01	6.069E-02	5.964E-02	7.789E+00
GCA_019670925_FUN_000002	Fusarium_fabacearum_ex_type_FUN_000114	61	2.319E-01	6.176E-02	5.772E-02	8.478E+00
GCA_019670925_FUN_000002	GCA_002234045_FUN_000287	130	1.774E-01	9.743E-02	7.579E-02	1.367E+01
AJ705_race4_FUN_000009	AJ705_race4_FUN_000009	257	1.004E+00	1.000E+00	1.000E+00	6.420E-03
AJ705_race4_FUN_000009	GCA_019671045_FUN_000019	89	3.431E-01	8.807E-02	9.165E-02	1.455E+01
AJ705_race4_FUN_000009	GCA_000259975_FUN_000028	127	1.927E-01	9.649E-02	1.172E-01	1.610E+01
AJ705_race4_FUN_000009	GCA_019670925_FUN_000002	90	3.361E-01	8.156E-02	8.676E-02	1.526E+01
AJ705_race4_FUN_000009	Fusarium_kalimantanense_ex_type-barcode07_FUN_000026	36	2.879E-01	6.987E-02	1.880E-01	8.601E+00
AJ705_race4_FUN_000009	Fusarium_fabacearum_ex_type_FUN_000114	141	1.729E-01	9.159E-02	8.945E-02	1.661E+01
AJ705_race4_FUN_000009	GCA_016166325_FUN_000030	36	2.921E-01	7.041E-02	1.970E-01	8.587E+00
AJ705_race4_FUN_000009	GCA_016170085_FUN_000014	36	2.921E-01	7.041E-02	1.970E-01	8.587E+00
AJ705_race4_FUN_000009	Fusarium_kalimantanense_ex_type-barcode07_FUN_000007	171	1.624E-01	1.217E-01	1.574E-01	1.383E+01
AJ705_race4_FUN_000009	GCA_002234015_FUN_000043	27	3.715E-01	6.113E-02	8.904E-02	5.683E+00
AJ705_race4_FUN_000009	GCA_023509805_FUN_000049	50	3.375E-01	8.043E-02	1.076E-01	1.267E+01
AJ705_race4_FUN_000009	Fusarium_elaeidis_ex_type_FUN_000039	262	1.326E-01	9.451E-02	1.018E-01	1.858E+01
AJ705_race4_FUN_000009	GCA_025267645_FUN_000218	150	1.216E-01	8.144E-02	7.698E-02	1.379E+01
AJ705_race4_FUN_000009	Fola3ENZA_FUN_000004	86	1.614E-01	7.788E-02	1.137E-01	1.310E+01
AJ705_race4_FUN_000009	Fola4ENZA_FUN_000008	86	1.615E-01	7.792E-02	1.138E-01	1.310E+01
AJ705_race4_FUN_000009	Fusarium_cugenangense_ex_type-barcode01_FUN_000020	86	1.614E-01	7.788E-02	1.137E-01	1.310E+01
AJ705_race4_FUN_000009	GCA_000260495_FUN_000006	86	1.615E-01	7.792E-02	1.138E-01	1.310E+01
AJ705_race4_FUN_000009	GCA_001702695_FUN_000008	86	1.615E-01	7.792E-02	1.138E-01	1.310E+01
AJ705_race4_FUN_000009	GCA_003315725_FUN_000002	86	1.615E-01	7.792E-02	1.138E-01	1.310E+01
AJ705_race4_FUN_000009	GCA_013347535_FUN_000022	86	1.614E-01	7.788E-02	1.137E-01	1.310E+01
AJ705_race4_FUN_000009	GCA_014843415_FUN_000017	86	1.614E-01	7.788E-02	1.137E-01	1.310E+01
AJ705_race4_FUN_000009	GCA_014843445_FUN_000019	86	1.614E-01	7.788E-02	1.137E-01	1.310E+01
AJ705_race4_FUN_000009	GCA_014843455_FUN_000007	86	1.615E-01	7.792E-02	1.138E-01	1.310E+01
AJ705_race4_FUN_000009	GCA_014843555_FUN_000006	86	1.614E-01	7.788E-02	1.137E-01	1.310E+01
AJ705_race4_FUN_000009	GCA_021018635_FUN_000007	86	1.615E-01	7.792E-02	1.138E-01	1.310E+01
AJ705_race4_FUN_000009	GCA_032206225_FUN_000003	86	1.615E-01	7.792E-02	1.138E-01	1.310E+01
AJ705_race4_FUN_000009	GCA_013423235_FUN_000001	86	1.611E-01	7.797E-02	1.115E-01	1.309E+01
AJ705_race4_FUN_000009	Fusarium_fabacearum_ex_type_FUN_000005	132	1.668E-01	9.145E-02	1.019E-01	1.498E+01
AJ705_race4_FUN_000009	Fola3ENZA_FUN_000009	116	1.481E-01	7.985E-02	8.314E-02	1.584E+01
AJ705_race4_FUN_000009	GCA_014843445_FUN_000023	116	1.481E-01	7.985E-02	8.314E-02	1.584E+01
AJ705_race4_FUN_000009	AJ718_race1_FUN_000294	122	3.734E-01	1.568E-01	1.387E-01	1.070E+01
AJ705_race4_FUN_000009	Fusarium_sp_128_FUN_000003	115	1.821E-01	9.907E-02	8.200E-02	1.333E+01
AJ705_race4_FUN_000009	GCA_001702495_FUN_000036	23	3.951E-01	6.137E-02	8.920E-02	4.317E+00
AJ705_race4_FUN_000009	Fusarium_duoseptatum_ex_type-barcode03_FUN_000160	83	2.096E-01	7.908E-02	1.003E-01	1.243E+01
AJ705_race4_FUN_000009	GCA_019670925_FUN_000050	151	1.753E-01	1.153E-01	1.306E-01	1.635E+01
AJ705_race4_FUN_000009	GCA_009755825_FUN_000084	164	1.796E-01	1.286E-01	1.423E-01	1.680E+01
AJ705_race4_FUN_000009	AJ718_race1_FUN_000292	121	2.672E-01	1.271E-01	1.091E-01	1.152E+01
AJ705_race4_FUN_000009	GCA_025267645_FUN_000197	61	1.548E-01	4.176E-02	4.479E-02	1.353E+01
AJ705_race4_FUN_000009	Fola1ENZA_FUN_000069	115	1.460E-01	7.331E-02	7.621E-02	1.592E+01
AJ705_race4_FUN_000009	GCA_020796175_FUN_000007	115	1.460E-01	7.331E-02	7.621E-02	1.592E+01
AJ705_race4_FUN_000009	AJ592_race4_FUN_000062	68	2.667E-01	8.963E-02	6.739E-02	1.106E+01
AJ705_race4_FUN_000009	AJ705_race4_FUN_000001	68	2.667E-01	8.963E-02	6.739E-02	1.106E+01
AJ705_race4_FUN_000009	GCA_019671045_FUN_000060	94	1.980E-01	1.037E-01	1.223E-01	1.217E+01
AJ705_race4_FUN_000009	GCA_019670925_FUN_000040	155	1.502E-01	8.388E-02	8.894E-02	1.705E+01
AJ705_race4_FUN_000009	GCA_002234105_FUN_000098	98	1.987E-01	8.323E-02	8.516E-02	2.021E+01
AJ705_race4_FUN_000009	GCA_002233855_FUN_000172	227	1.525E-01	1.026E-01	6.500E-02	1.749E+01
AJ705_race4_FUN_000009	GCA_000259975_FUN_000015	82	2.690E-01	8.966E-02	1.410E-01	1.033E+01
AJ705_race4_FUN_000009	Fola2ENZA_FUN_000024	190	1.370E-01	8.109E-02	1.159E-01	1.686E+01
AJ705_race4_FUN_000009	Fusarium_phialophorum-barcode15_FUN_000013	190	1.370E-01	8.109E-02	1.159E-01	1.686E+01
AJ705_race4_FUN_000009	GCA_025203105_FUN_000007	167	1.675E-01	1.202E-01	1.441E-01	1.484E+01
AJ705_race4_FUN_000009	GCA_014839635_FUN_000047	115	1.091E-01	4.907E-02	5.892E-02	1.812E+01
AJ705_race4_FUN_000009	GCA_001702845_FUN_000132	98	2.137E-01	8.723E-02	8.920E-02	2.007E+01
AJ705_race4_FUN_000009	GCA_001702495_FUN_000061	138	1.589E-01	9.454E-02	9.481E-02	1.319E+01
AJ705_race4_FUN_000009	GCA_014839635_FUN_000049	98	1.623E-01	6.937E-02	6.909E-02	1.217E+01
AJ705_race4_FUN_000009	GCA_018894095_FUN_000077	61	1.774E-01	5.210E-02	2.979E-02	1.164E+01
AJ705_race4_FUN_000009	GCA_049306905_FUN_000029	44	1.930E-01	5.153E-02	2.911E-02	1.384E+01
AJ705_race4_FUN_000009	GCA_049307005_FUN_000032	44	1.930E-01	5.153E-02	2.911E-02	1.384E+01
AJ705_race4_FUN_000009	GCA_025267645_FUN_000212	93	1.694E-01	6.207E-02	8.186E-02	1.221E+01
GCA_013347535_FUN_000020	Fola3ENZA_FUN_000003	224	1.004E+00	1.000E+00	1.000E+00	1.927E-02
GCA_013347535_FUN_000020	Fusarium_cugenangense_ex_type-barcode01_FUN_000018	224	1.004E+00	1.000E+00	1.000E+00	1.927E-02
GCA_013347535_FUN_000020	GCA_013347535_FUN_000020	224	1.004E+00	1.000E+00	1.000E+00	1.927E-02
GCA_013347535_FUN_000020	GCA_014843415_FUN_000015	224	1.004E+00	1.000E+00	1.000E+00	1.927E-02
GCA_013347535_FUN_000020	GCA_014843445_FUN_000018	224	1.004E+00	1.000E+00	1.000E+00	1.927E-02
GCA_013347535_FUN_000020	GCA_014843555_FUN_000004	224	1.004E+00	1.000E+00	1.000E+00	1.927E-02
GCA_013347535_FUN_000020	Fola2ENZA_FUN_000025	224	6.467E-01	6.440E-01	6.440E-01	9.943E+00
GCA_013347535_FUN_000020	Fusarium_phialophorum-barcode15_FUN_000014	209	6.006E-01	5.666E-01	5.901E-01	8.534E+00
GCA_013347535_FUN_000020	GCA_018894095_FUN_000086	133	3.584E-01	1.670E-01	2.330E-01	2.269E+01
GCA_013347535_FUN_000020	GCA_038050555_FUN_000020	132	3.591E-01	1.678E-01	2.450E-01	1.873E+01
GCA_013347535_FUN_000020	Fusarium_glycines_ex_type_FUN_000010	222	2.808E-01	2.200E-01	2.794E-01	2.888E+01
GCA_013347535_FUN_000020	Fusarium_gossypinum_ex_type_FUN_000200	227	2.226E-01	1.719E-01	1.608E-01	2.716E+01
GCA_013347535_FUN_000020	GCA_050947165_FUN_000034	177	1.776E-01	1.120E-01	1.248E-01	2.770E+01
GCA_013347535_FUN_000020	GCA_050947235_FUN_000045	177	1.776E-01	1.120E-01	1.248E-01	2.770E+01
GCA_013347535_FUN_000020	Fola1ENZA_FUN_000069	98	1.866E-01	9.130E-02	8.489E-02	2.018E+01
GCA_013347535_FUN_000020	GCA_020796175_FUN_000007	98	1.866E-01	9.130E-02	8.489E-02	2.018E+01
GCA_013347535_FUN_000020	GCA_049306905_FUN_000006	48	2.469E-01	7.214E-02	1.613E-01	1.167E+01
GCA_013347535_FUN_000020	GCA_049307005_FUN_000010	48	2.469E-01	7.214E-02	1.613E-01	1.167E+01
GCA_013347535_FUN_000020	Fola3ENZA_FUN_000004	57	2.373E-01	7.433E-02	1.173E-01	8.375E+00
GCA_013347535_FUN_000020	Fusarium_cugenangense_ex_type-barcode01_FUN_000020	57	2.373E-01	7.433E-02	1.173E-01	8.375E+00
GCA_013347535_FUN_000020	GCA_013347535_FUN_000022	57	2.373E-01	7.433E-02	1.173E-01	8.375E+00
GCA_013347535_FUN_000020	GCA_014843415_FUN_000017	57	2.373E-01	7.433E-02	1.173E-01	8.375E+00
GCA_013347535_FUN_000020	GCA_014843445_FUN_000019	57	2.373E-01	7.433E-02	1.173E-01	8.375E+00
GCA_013347535_FUN_000020	GCA_014843555_FUN_000006	57	2.373E-01	7.433E-02	1.173E-01	8.375E+00
Fola4ENZA_FUN_000008	Fola4ENZA_FUN_000008	117	1.009E+00	1.000E+00	1.000E+00	0.000E+00
Fola4ENZA_FUN_000008	GCA_000260495_FUN_000006	117	1.009E+00	1.000E+00	1.000E+00	0.000E+00
Fola4ENZA_FUN_000008	GCA_001702695_FUN_000008	117	1.009E+00	1.000E+00	1.000E+00	0.000E+00
Fola4ENZA_FUN_000008	GCA_003315725_FUN_000002	117	1.009E+00	1.000E+00	1.000E+00	0.000E+00
Fola4ENZA_FUN_000008	GCA_014843455_FUN_000007	117	1.009E+00	1.000E+00	1.000E+00	0.000E+00
Fola4ENZA_FUN_000008	GCA_021018635_FUN_000007	117	1.009E+00	1.000E+00	1.000E+00	0.000E+00
Fola4ENZA_FUN_000008	GCA_032206225_FUN_000003	117	1.009E+00	1.000E+00	1.000E+00	0.000E+00
Fola4ENZA_FUN_000008	Fola3ENZA_FUN_000004	117	8.421E-01	8.351E-01	8.351E-01	4.641E+00
Fola4ENZA_FUN_000008	Fusarium_cugenangense_ex_type-barcode01_FUN_000020	117	8.421E-01	8.351E-01	8.351E-01	4.641E+00
Fola4ENZA_FUN_000008	GCA_013347535_FUN_000022	117	8.421E-01	8.351E-01	8.351E-01	4.641E+00
Fola4ENZA_FUN_000008	GCA_014843415_FUN_000017	117	8.421E-01	8.351E-01	8.351E-01	4.641E+00
Fola4ENZA_FUN_000008	GCA_014843445_FUN_000019	117	8.421E-01	8.351E-01	8.351E-01	4.641E+00
Fola4ENZA_FUN_000008	GCA_014843555_FUN_000006	117	8.421E-01	8.351E-01	8.351E-01	4.641E+00
Fola4ENZA_FUN_000008	GCA_013423235_FUN_000001	117	8.288E-01	8.219E-01	7.889E-01	5.292E+00
Fola4ENZA_FUN_000008	GCA_019670925_FUN_000040	91	2.906E-01	2.107E-01	1.269E-01	1.304E+01
Fola4ENZA_FUN_000008	GCA_000259975_FUN_000015	64	3.649E-01	2.095E-01	1.881E-01	7.018E+00
Fola4ENZA_FUN_000008	Fola1ENZA_FUN_000069	103	1.984E-01	1.638E-01	9.571E-02	1.528E+01
Fola4ENZA_FUN_000008	Fola3ENZA_FUN_000009	101	2.045E-01	1.628E-01	9.550E-02	1.402E+01
Fola4ENZA_FUN_000008	GCA_014843445_FUN_000023	101	2.045E-01	1.628E-01	9.550E-02	1.402E+01
Fola4ENZA_FUN_000008	GCA_020796175_FUN_000007	103	1.984E-01	1.638E-01	9.571E-02	1.528E+01
Fola4ENZA_FUN_000008	Fusarium_kalimantanense_ex_type-barcode07_FUN_000007	70	2.728E-01	1.475E-01	1.224E-01	1.115E+01
Fola4ENZA_FUN_000008	GCA_014839635_FUN_000049	157	1.573E-01	1.363E-01	7.598E-02	1.621E+01
Fola4ENZA_FUN_000008	Fusarium_duoseptatum_ex_type-barcode03_FUN_000160	106	1.725E-01	1.334E-01	1.059E-01	1.586E+01
Fola4ENZA_FUN_000008	GCA_049306905_FUN_000029	79	2.338E-01	1.365E-01	4.122E-02	1.136E+01
Fola4ENZA_FUN_000008	GCA_049307005_FUN_000032	79	2.338E-01	1.365E-01	4.122E-02	1.136E+01
Fola4ENZA_FUN_000008	GCA_025267645_FUN_000212	66	3.510E-01	2.037E-01	1.405E-01	6.922E+00
Fola4ENZA_FUN_000008	Fusarium_fabacearum_ex_type_FUN_000005	96	1.666E-01	1.245E-01	8.575E-02	1.359E+01
Fola4ENZA_FUN_000008	GCA_050947165_FUN_000012	66	2.213E-01	1.464E-01	5.218E-02	1.254E+01
Fola4ENZA_FUN_000008	GCA_050947235_FUN_000024	66	2.213E-01	1.464E-01	5.218E-02	1.254E+01
Fola4ENZA_FUN_000008	GCA_023509805_FUN_000049	98	1.324E-01	9.300E-02	8.572E-02	1.885E+01
Fola4ENZA_FUN_000008	GCA_049307005_FUN_000001	98	1.609E-01	1.338E-01	7.811E-02	1.596E+01
Fola4ENZA_FUN_000008	AJ705_race4_FUN_000009	144	1.429E-01	1.163E-01	8.060E-02	1.654E+01
Fola4ENZA_FUN_000008	GCA_048164945_FUN_000024	78	2.231E-01	1.267E-01	3.982E-02	1.163E+01
Fola4ENZA_FUN_000008	GCA_023509805_FUN_000022	131	1.606E-01	1.277E-01	6.444E-02	1.388E+01
Fola4ENZA_FUN_000008	GCA_018894095_FUN_000077	108	1.824E-01	1.376E-01	5.835E-02	1.088E+01
Fola4ENZA_FUN_000008	GCA_020796175_FUN_000123	96	1.854E-01	1.513E-01	1.749E-01	1.434E+01
Fola4ENZA_FUN_000008	Fusarium_cugenangense_ex_type-barcode01_FUN_000019	31	5.223E-01	2.019E-01	2.004E-01	3.464E+00
Fola4ENZA_FUN_000008	GCA_013347535_FUN_000021	31	5.223E-01	2.019E-01	2.004E-01	3.464E+00
Fola4ENZA_FUN_000008	GCA_014843415_FUN_000016	31	5.223E-01	2.019E-01	2.004E-01	3.464E+00
Fola4ENZA_FUN_000008	GCA_014843555_FUN_000005	31	5.223E-01	2.019E-01	2.004E-01	3.464E+00
Fola4ENZA_FUN_000008	GCA_025203755_FUN_000021	133	1.613E-01	1.490E-01	8.180E-02	1.689E+01
Fola4ENZA_FUN_000008	Fusarium_sp_128_FUN_000003	119	1.603E-01	1.361E-01	6.540E-02	1.394E+01
Fola4ENZA_FUN_000008	Fusarium_duoseptatum_ex_type-barcode03_FUN_000086	77	3.012E-01	1.891E-01	2.335E-01	1.433E+01
Fola4ENZA_FUN_000008	GCA_000259975_FUN_000028	112	2.075E-01	1.425E-01	9.607E-02	1.161E+01
Fola4ENZA_FUN_000008	AJ516_race4_FUN_000027	62	2.149E-01	1.154E-01	1.669E-01	9.636E+00
Fola4ENZA_FUN_000008	AJ520_race1_FUN_000015	62	2.149E-01	1.154E-01	1.669E-01	9.636E+00
Fola4ENZA_FUN_000008	AJ865_race1_FUN_000014	62	2.149E-01	1.154E-01	1.669E-01	9.636E+00
Fola4ENZA_FUN_000008	GCA_038050555_FUN_000006	40	2.334E-01	7.910E-02	1.105E-01	1.450E+01
Fola4ENZA_FUN_000008	GCA_019671045_FUN_000060	93	1.979E-01	1.527E-01	1.094E-01	1.365E+01
Fola4ENZA_FUN_000008	GCA_016166325_FUN_000030	70	1.741E-01	1.122E-01	1.525E-01	8.051E+00
Fola4ENZA_FUN_000008	GCA_016170085_FUN_000014	70	1.741E-01	1.122E-01	1.525E-01	8.051E+00
Fola4ENZA_FUN_000008	Fusarium_kalimantanense_ex_type-barcode07_FUN_000026	55	1.989E-01	1.073E-01	1.457E-01	9.046E+00
Fola4ENZA_FUN_000008	AJ516_race4_FUN_000013	136	1.848E-01	1.683E-01	1.441E-01	2.038E+01
Fola4ENZA_FUN_000008	GCA_025203105_FUN_000005	86	2.036E-01	1.220E-01	9.187E-02	1.462E+01
Fola4ENZA_FUN_000008	GCA_019670925_FUN_000002	56	1.835E-01	9.646E-02	6.148E-02	8.581E+00
Fola4ENZA_FUN_000008	GCA_025267645_FUN_000218	87	1.474E-01	8.913E-02	5.610E-02	1.487E+01
Fola4ENZA_FUN_000008	AJ516_race4_FUN_000033	71	2.547E-01	1.372E-01	4.054E-02	1.165E+01
Fola4ENZA_FUN_000008	GCA_019671045_FUN_000019	57	1.851E-01	9.702E-02	6.164E-02	8.684E+00
Fola4ENZA_FUN_000008	GCA_025267645_FUN_000197	66	1.494E-01	8.788E-02	7.798E-02	1.308E+01
GCA_025217005_FUN_000165	GCA_025217005_FUN_000165	354	1.003E+00	1.000E+00	1.000E+00	1.570E-02
GCA_025217005_FUN_000165	GCA_002234045_FUN_000287	354	9.928E-01	9.900E-01	9.900E-01	8.348E-01
GCA_025217005_FUN_000165	Fusarium_glycines_ex_type_FUN_000042	101	8.119E-01	2.460E-01	5.896E-01	3.904E+00
GCA_025217005_FUN_000165	GCA_018894095_FUN_000077	131	2.239E-01	8.830E-02	6.590E-02	1.725E+01
GCA_025217005_FUN_000165	Fusarium_elaeidis_ex_type_FUN_000093	182	2.170E-01	1.006E-01	1.778E-01	2.250E+01
GCA_025217005_FUN_000165	GCA_048164945_FUN_000024	124	2.605E-01	9.713E-02	7.174E-02	1.618E+01
GCA_025217005_FUN_000165	AJ516_race4_FUN_000033	138	2.607E-01	9.692E-02	7.103E-02	1.646E+01
GCA_025217005_FUN_000165	Fusarium_glycines_ex_type_FUN_000047	130	2.218E-01	7.640E-02	1.241E-01	1.433E+01
GCA_025217005_FUN_000165	GCA_009755825_FUN_000025	71	2.657E-01	8.578E-02	1.163E-01	8.736E+00
GCA_025217005_FUN_000165	GCA_049306905_FUN_000029	130	2.336E-01	9.047E-02	6.716E-02	1.750E+01
GCA_025217005_FUN_000165	GCA_049307005_FUN_000032	130	2.336E-01	9.047E-02	6.716E-02	1.750E+01
GCA_025217005_FUN_000165	GCA_050947165_FUN_000012	71	3.411E-01	7.734E-02	5.740E-02	1.038E+01
GCA_025217005_FUN_000165	GCA_050947235_FUN_000024	71	3.411E-01	7.734E-02	5.740E-02	1.038E+01
GCA_025217005_FUN_000165	GCA_049306905_FUN_000037	196	1.655E-01	8.903E-02	1.454E-01	1.808E+01
GCA_025217005_FUN_000165	GCA_019671045_FUN_000062	144	1.688E-01	6.781E-02	9.159E-02	1.453E+01
GCA_025217005_FUN_000165	Fusarium_elaeidis_ex_type_FUN_000039	35	3.713E-01	3.989E-02	5.857E-02	7.312E+00
GCA_025217005_FUN_000165	Fola2ENZA_FUN_000024	118	1.905E-01	7.815E-02	1.259E-01	1.458E+01
GCA_025217005_FUN_000165	Fusarium_phialophorum-barcode15_FUN_000013	118	1.905E-01	7.815E-02	1.259E-01	1.458E+01
GCA_025217005_FUN_000165	GCA_038050555_FUN_000028	45	2.444E-01	6.660E-02	9.596E-02	9.315E+00
GCA_025217005_FUN_000165	AJ520_race1_FUN_000054	55	2.810E-01	4.222E-02	5.245E-02	9.104E+00
GCA_025217005_FUN_000165	AJ592_race4_FUN_000037	55	2.810E-01	4.222E-02	5.245E-02	9.104E+00
GCA_025217005_FUN_000165	AJ865_race1_FUN_000053	55	2.810E-01	4.222E-02	5.245E-02	9.104E+00
GCA_025217005_FUN_000165	GCA_001703205_FUN_000069	55	2.809E-01	4.220E-02	5.193E-02	9.106E+00
GCA_025217005_FUN_000165	Fusarium_gossypinum_ex_type_FUN_000050	135	2.515E-01	1.043E-01	8.143E-02	1.432E+01
GCA_025217005_FUN_000165	GCA_001703455_FUN_000315	135	2.515E-01	1.043E-01	8.143E-02	1.432E+01
GCA_025217005_FUN_000165	GCA_048164945_FUN_000047	135	2.001E-01	8.548E-02	1.715E-01	1.444E+01
GCA_025217005_FUN_000165	GCA_019670925_FUN_000040	19	2.910E-01	3.499E-02	4.954E-02	4.460E+00
GCA_025217005_FUN_000165	GCA_025203755_FUN_000032	108	1.796E-01	4.837E-02	4.850E-02	1.788E+01
GCA_025217005_FUN_000165	GCA_023509805_FUN_000022	26	2.729E-01	4.292E-02	3.951E-02	6.139E+00
GCA_019671045_FUN_000060	GCA_019671045_FUN_000060	199	1.005E+00	1.000E+00	1.000E+00	0.000E+00
GCA_019671045_FUN_000060	GCA_019670925_FUN_000050	198	9.089E-01	9.000E-01	9.044E-01	8.133E+00
GCA_019671045_FUN_000060	GCA_025203105_FUN_000007	189	8.502E-01	7.991E-01	8.379E-01	3.473E+00
GCA_019671045_FUN_000060	Fusarium_fabacearum_ex_type_FUN_000114	253	5.271E-01	4.722E-01	3.753E-01	7.136E+00
GCA_019671045_FUN_000060	GCA_025267645_FUN_000212	144	4.036E-01	2.556E-01	2.637E-01	6.936E+00
GCA_019671045_FUN_000060	GCA_002234015_FUN_000068	228	3.314E-01	2.845E-01	2.396E-01	1.141E+01
GCA_019671045_FUN_000060	GCA_001702495_FUN_000061	227	3.275E-01	2.799E-01	2.368E-01	1.166E+01
GCA_019671045_FUN_000060	GCA_049307005_FUN_000001	144	4.097E-01	2.671E-01	2.286E-01	7.212E+00
GCA_019671045_FUN_000060	Fola2ENZA_FUN_000005	158	1.905E-01	1.145E-01	1.450E-01	1.720E+01
GCA_019671045_FUN_000060	GCA_001703205_FUN_000069	146	1.911E-01	1.211E-01	9.830E-02	1.774E+01
GCA_019671045_FUN_000060	AJ520_race1_FUN_000054	146	1.912E-01	1.212E-01	9.948E-02	1.774E+01
GCA_019671045_FUN_000060	AJ592_race4_FUN_000037	146	1.912E-01	1.212E-01	9.948E-02	1.774E+01
GCA_019671045_FUN_000060	AJ865_race1_FUN_000053	146	1.912E-01	1.212E-01	9.948E-02	1.774E+01
GCA_019671045_FUN_000060	Fusarium_cugenangense_ex_type-barcode01_FUN_000019	119	1.352E-01	8.326E-02	1.186E-01	1.651E+01
GCA_019671045_FUN_000060	GCA_013347535_FUN_000021	119	1.352E-01	8.326E-02	1.186E-01	1.651E+01
GCA_019671045_FUN_000060	GCA_014843415_FUN_000016	119	1.352E-01	8.326E-02	1.186E-01	1.651E+01
GCA_019671045_FUN_000060	GCA_014843555_FUN_000005	119	1.352E-01	8.326E-02	1.186E-01	1.651E+01
GCA_019671045_FUN_000060	Fusarium_kalimantanense_ex_type-barcode07_FUN_000007	109	1.610E-01	8.708E-02	1.118E-01	1.794E+01
GCA_019671045_FUN_000060	Fusarium_fabacearum_ex_type_FUN_000005	148	2.254E-01	1.541E-01	1.474E-01	1.386E+01
GCA_019671045_FUN_000060	GCA_015227905_FUN_000281	104	2.508E-01	1.413E-01	1.321E-01	1.443E+01
GCA_019671045_FUN_000060	GCA_014839635_FUN_000047	225	1.375E-01	1.096E-01	1.051E-01	2.127E+01
GCA_019671045_FUN_000060	Fusarium_duoseptatum_ex_type-barcode03_FUN_000160	174	1.780E-01	1.284E-01	1.371E-01	1.347E+01
GCA_019671045_FUN_000060	GCA_048164945_FUN_000024	71	2.240E-01	7.389E-02	3.837E-02	1.485E+01
GCA_019671045_FUN_000060	Fola4ENZA_FUN_000007	135	1.148E-01	7.076E-02	1.020E-01	1.619E+01
GCA_019671045_FUN_000060	Fusarium_phialophorum-barcode15_FUN_000015	135	1.148E-01	7.076E-02	1.020E-01	1.619E+01
GCA_019671045_FUN_000060	Fusarium_sp_128_FUN_000005	135	1.148E-01	7.076E-02	1.020E-01	1.619E+01
GCA_019671045_FUN_000060	GCA_001702695_FUN_000007	135	1.148E-01	7.076E-02	1.020E-01	1.619E+01
GCA_019671045_FUN_000060	GCA_003315725_FUN_000001	135	1.148E-01	7.076E-02	1.020E-01	1.619E+01
GCA_019671045_FUN_000060	GCA_014843455_FUN_000006	135	1.148E-01	7.076E-02	1.020E-01	1.619E+01
GCA_019671045_FUN_000060	GCA_021018635_FUN_000006	135	1.148E-01	7.076E-02	1.020E-01	1.619E+01
GCA_019671045_FUN_000060	GCA_032206225_FUN_000002	135	1.148E-01	7.076E-02	1.020E-01	1.619E+01
GCA_019671045_FUN_000060	GCA_049306905_FUN_000029	70	2.492E-01	7.769E-02	3.939E-02	1.320E+01
GCA_019671045_FUN_000060	GCA_049307005_FUN_000032	70	2.492E-01	7.769E-02	3.939E-02	1.320E+01
GCA_019671045_FUN_000060	AJ516_race4_FUN_000033	64	2.133E-01	7.426E-02	3.793E-02	1.539E+01
GCA_019671045_FUN_000060	AJ516_race4_FUN_000013	69	1.949E-01	8.141E-02	1.028E-01	1.343E+01
GCA_019671045_FUN_000060	GCA_016170085_FUN_000003	143	1.524E-01	6.859E-02	8.677E-02	3.143E+01
GCA_019671045_FUN_000060	GCA_001702845_FUN_000128	226	1.060E-01	9.584E-02	9.207E-02	1.856E+01
GCA_019671045_FUN_000060	GCA_002234105_FUN_000094	226	1.060E-01	9.584E-02	9.207E-02	1.856E+01
GCA_019671045_FUN_000060	AJ705_race4_FUN_000009	92	2.118E-01	1.236E-01	1.056E-01	1.155E+01
GCA_019671045_FUN_000060	Fola3ENZA_FUN_000004	96	1.248E-01	8.449E-02	1.061E-01	1.360E+01
GCA_019671045_FUN_000060	Fola4ENZA_FUN_000008	96	1.248E-01	8.448E-02	1.061E-01	1.360E+01
GCA_019671045_FUN_000060	Fusarium_cugenangense_ex_type-barcode01_FUN_000020	96	1.248E-01	8.449E-02	1.061E-01	1.360E+01
GCA_019671045_FUN_000060	GCA_000260495_FUN_000006	96	1.248E-01	8.448E-02	1.061E-01	1.360E+01
GCA_019671045_FUN_000060	GCA_001702695_FUN_000008	96	1.248E-01	8.448E-02	1.061E-01	1.360E+01
GCA_019671045_FUN_000060	GCA_003315725_FUN_000002	96	1.248E-01	8.448E-02	1.061E-01	1.360E+01
GCA_019671045_FUN_000060	GCA_013347535_FUN_000022	96	1.248E-01	8.449E-02	1.061E-01	1.360E+01
GCA_019671045_FUN_000060	GCA_014843415_FUN_000017	96	1.248E-01	8.449E-02	1.061E-01	1.360E+01
GCA_019671045_FUN_000060	GCA_014843445_FUN_000019	96	1.248E-01	8.449E-02	1.061E-01	1.360E+01
GCA_019671045_FUN_000060	GCA_014843455_FUN_000007	96	1.248E-01	8.448E-02	1.061E-01	1.360E+01
GCA_019671045_FUN_000060	GCA_014843555_FUN_000006	96	1.248E-01	8.449E-02	1.061E-01	1.360E+01
GCA_019671045_FUN_000060	GCA_021018635_FUN_000007	96	1.248E-01	8.448E-02	1.061E-01	1.360E+01
GCA_019671045_FUN_000060	GCA_032206225_FUN_000003	96	1.248E-01	8.448E-02	1.061E-01	1.360E+01
GCA_019671045_FUN_000060	GCA_013423235_FUN_000001	96	1.270E-01	8.767E-02	1.002E-01	1.360E+01
GCA_019671045_FUN_000060	GCA_025203755_FUN_000017	219	1.056E-01	9.338E-02	8.701E-02	1.772E+01
GCA_048164945_FUN_000019	GCA_048164945_FUN_000019	79	1.013E+00	1.000E+00	1.000E+00	6.032E-03
GCA_048164945_FUN_000019	GCA_038050555_FUN_000006	78	7.840E-01	7.668E-01	7.585E-01	3.007E+00
GCA_048164945_FUN_000019	GCA_018894095_FUN_000071	79	7.683E-01	7.599E-01	7.205E-01	3.137E+00
GCA_048164945_FUN_000019	GCA_016166325_FUN_000030	78	8.279E-01	7.064E-01	7.963E-01	2.314E+00
GCA_048164945_FUN_000019	GCA_016170085_FUN_000014	78	8.279E-01	7.064E-01	7.963E-01	2.314E+00
GCA_048164945_FUN_000019	Fusarium_kalimantanense_ex_type-barcode07_FUN_000026	79	7.794E-01	6.739E-01	7.317E-01	3.452E+00
GCA_048164945_FUN_000019	AJ516_race4_FUN_000027	79	8.305E-01	7.173E-01	7.890E-01	3.204E+00
GCA_048164945_FUN_000019	AJ520_race1_FUN_000015	79	8.305E-01	7.173E-01	7.890E-01	3.204E+00
GCA_048164945_FUN_000019	AJ865_race1_FUN_000014	79	8.305E-01	7.173E-01	7.890E-01	3.204E+00
GCA_048164945_FUN_000019	GCA_020796175_FUN_000123	84	3.194E-01	2.970E-01	2.702E-01	7.946E+00
GCA_048164945_FUN_000019	Fusarium_duoseptatum_ex_type-barcode03_FUN_000086	80	3.708E-01	3.165E-01	2.839E-01	9.297E+00
GCA_048164945_FUN_000019	GCA_050947165_FUN_000012	38	5.572E-01	2.281E-01	4.389E-02	4.041E+00
GCA_048164945_FUN_000019	GCA_050947235_FUN_000024	38	5.572E-01	2.281E-01	4.389E-02	4.041E+00
GCA_048164945_FUN_000019	GCA_001702495_FUN_000061	43	3.924E-01	1.928E-01	6.676E-02	7.707E+00
GCA_048164945_FUN_000019	GCA_002234015_FUN_000068	43	3.941E-01	1.933E-01	6.788E-02	7.698E+00
GCA_048164945_FUN_000019	GCA_023509805_FUN_000049	19	3.320E-01	8.754E-02	4.026E-02	8.130E+00
GCA_048164945_FUN_000019	Fusarium_duoseptatum_ex_type-barcode03_FUN_000160	46	1.641E-01	1.153E-01	7.036E-02	1.094E+01
GCA_009755825_FUN_000023	GCA_009755825_FUN_000023	390	1.003E+00	1.000E+00	1.000E+00	1.082E-02
GCA_009755825_FUN_000023	Fusarium_gossypinum_ex_type_FUN_000050	131	6.616E-01	1.998E-01	1.650E-01	4.378E+00
GCA_009755825_FUN_000023	GCA_001703455_FUN_000315	131	6.616E-01	1.998E-01	1.650E-01	4.378E+00
GCA_009755825_FUN_000023	Fusarium_fabacearum_ex_type_FUN_000005	121	5.709E-01	1.870E-01	3.124E-01	4.738E+00
GCA_009755825_FUN_000023	GCA_025267645_FUN_000218	142	5.631E-01	1.982E-01	2.964E-01	1.100E+01
GCA_009755825_FUN_000023	GCA_009755825_FUN_000084	283	3.537E-01	2.147E-01	3.484E-01	1.847E+01
GCA_009755825_FUN_000023	GCA_001703205_FUN_000069	205	3.816E-01	2.054E-01	2.822E-01	2.076E+01
GCA_009755825_FUN_000023	AJ520_race1_FUN_000054	201	3.833E-01	2.055E-01	2.850E-01	2.198E+01
GCA_009755825_FUN_000023	AJ592_race4_FUN_000037	201	3.833E-01	2.055E-01	2.850E-01	2.198E+01
GCA_009755825_FUN_000023	AJ865_race1_FUN_000053	201	3.833E-01	2.055E-01	2.850E-01	2.198E+01
GCA_009755825_FUN_000023	GCA_002233855_FUN_000172	346	2.716E-01	1.966E-01	1.727E-01	3.314E+01
GCA_009755825_FUN_000023	Fusarium_sp_128_FUN_000003	182	5.220E-01	1.786E-01	1.931E-01	6.939E+00
GCA_009755825_FUN_000023	GCA_015227905_FUN_000281	127	5.782E-01	1.871E-01	3.065E-01	5.998E+00
GCA_009755825_FUN_000023	Fusarium_elaeidis_ex_type_FUN_000039	124	4.393E-01	1.542E-01	2.323E-01	6.770E+00
GCA_009755825_FUN_000023	GCA_001703455_FUN_000133	209	1.941E-01	1.087E-01	1.694E-01	1.482E+01
GCA_009755825_FUN_000023	Fola4ENZA_FUN_000007	92	2.812E-01	8.313E-02	1.990E-01	1.191E+01
GCA_009755825_FUN_000023	Fusarium_phialophorum-barcode15_FUN_000015	92	2.812E-01	8.313E-02	1.990E-01	1.191E+01
GCA_009755825_FUN_000023	Fusarium_sp_128_FUN_000005	92	2.812E-01	8.313E-02	1.990E-01	1.191E+01
GCA_009755825_FUN_000023	GCA_001702695_FUN_000007	92	2.812E-01	8.313E-02	1.990E-01	1.191E+01
GCA_009755825_FUN_000023	GCA_003315725_FUN_000001	92	2.812E-01	8.313E-02	1.990E-01	1.191E+01
GCA_009755825_FUN_000023	GCA_014843455_FUN_000006	92	2.812E-01	8.313E-02	1.990E-01	1.191E+01
GCA_009755825_FUN_000023	GCA_021018635_FUN_000006	92	2.812E-01	8.313E-02	1.990E-01	1.191E+01
GCA_009755825_FUN_000023	GCA_032206225_FUN_000002	92	2.812E-01	8.313E-02	1.990E-01	1.191E+01
GCA_009755825_FUN_000023	Fusarium_cugenangense_ex_type-barcode01_FUN_000019	89	2.483E-01	7.635E-02	1.738E-01	1.192E+01
GCA_009755825_FUN_000023	GCA_013347535_FUN_000021	89	2.483E-01	7.635E-02	1.738E-01	1.192E+01
GCA_009755825_FUN_000023	GCA_014843415_FUN_000016	89	2.483E-01	7.635E-02	1.738E-01	1.192E+01
GCA_009755825_FUN_000023	GCA_014843555_FUN_000005	89	2.483E-01	7.635E-02	1.738E-01	1.192E+01
GCA_009755825_FUN_000023	Fola2ENZA_FUN_000005	98	2.775E-01	8.417E-02	1.770E-01	1.372E+01
GCA_009755825_FUN_000023	GCA_025267645_FUN_000212	131	1.931E-01	8.788E-02	1.402E-01	1.492E+01
GCA_009755825_FUN_000023	GCA_002234015_FUN_000068	138	1.810E-01	6.617E-02	8.650E-02	1.404E+01
GCA_009755825_FUN_000023	GCA_019671045_FUN_000060	96	4.247E-01	1.225E-01	2.084E-01	7.674E+00
GCA_009755825_FUN_000023	GCA_000259975_FUN_000015	86	2.517E-01	6.715E-02	1.564E-01	1.119E+01
GCA_009755825_FUN_000023	GCA_025203105_FUN_000007	85	2.630E-01	6.774E-02	1.134E-01	1.098E+01
GCA_009755825_FUN_000023	GCA_025203105_FUN_000005	50	3.790E-01	4.769E-02	8.885E-02	1.427E+01
GCA_009755825_FUN_000023	GCA_001702495_FUN_000061	135	1.774E-01	7.405E-02	9.903E-02	1.271E+01
GCA_009755825_FUN_000023	GCA_049307005_FUN_000001	115	1.841E-01	7.193E-02	9.950E-02	1.324E+01
GCA_009755825_FUN_000023	Fusarium_gossypinum_ex_type_FUN_000315	100	1.716E-01	4.944E-02	5.478E-02	1.328E+01
GCA_009755825_FUN_000023	GCA_019593505_FUN_000203	63	2.653E-01	6.686E-02	1.904E-01	1.148E+01
GCA_009755825_FUN_000023	GCA_019670925_FUN_000050	95	2.527E-01	6.867E-02	1.162E-01	1.425E+01
GCA_009755825_FUN_000023	GCA_001702845_FUN_000128	120	1.844E-01	6.221E-02	9.653E-02	1.379E+01
GCA_009755825_FUN_000023	GCA_002234105_FUN_000094	120	1.844E-01	6.221E-02	9.653E-02	1.379E+01
GCA_009755825_FUN_000023	GCA_025203755_FUN_000017	120	1.892E-01	6.221E-02	9.652E-02	1.380E+01
GCA_009755825_FUN_000023	Fola3ENZA_FUN_000004	95	3.297E-01	9.108E-02	2.212E-01	9.737E+00
GCA_009755825_FUN_000023	Fola4ENZA_FUN_000008	95	3.297E-01	9.108E-02	2.212E-01	9.738E+00
GCA_009755825_FUN_000023	Fusarium_cugenangense_ex_type-barcode01_FUN_000020	95	3.297E-01	9.108E-02	2.212E-01	9.737E+00
GCA_009755825_FUN_000023	GCA_000260495_FUN_000006	95	3.297E-01	9.108E-02	2.212E-01	9.738E+00
GCA_009755825_FUN_000023	GCA_001702695_FUN_000008	95	3.297E-01	9.108E-02	2.212E-01	9.738E+00
GCA_009755825_FUN_000023	GCA_003315725_FUN_000002	95	3.297E-01	9.108E-02	2.212E-01	9.738E+00
GCA_009755825_FUN_000023	GCA_013347535_FUN_000022	95	3.297E-01	9.108E-02	2.212E-01	9.737E+00
GCA_009755825_FUN_000023	GCA_014843415_FUN_000017	95	3.297E-01	9.108E-02	2.212E-01	9.737E+00
GCA_009755825_FUN_000023	GCA_014843445_FUN_000019	95	3.297E-01	9.108E-02	2.212E-01	9.737E+00
GCA_009755825_FUN_000023	GCA_014843455_FUN_000007	95	3.297E-01	9.108E-02	2.212E-01	9.738E+00
GCA_009755825_FUN_000023	GCA_014843555_FUN_000006	95	3.297E-01	9.108E-02	2.212E-01	9.737E+00
GCA_009755825_FUN_000023	GCA_021018635_FUN_000007	95	3.297E-01	9.108E-02	2.212E-01	9.738E+00
GCA_009755825_FUN_000023	GCA_032206225_FUN_000003	95	3.297E-01	9.108E-02	2.212E-01	9.738E+00
GCA_009755825_FUN_000023	GCA_013423235_FUN_000001	95	3.299E-01	9.109E-02	2.179E-01	9.729E+00
GCA_009755825_FUN_000023	GCA_014839635_FUN_000047	123	1.544E-01	5.973E-02	9.022E-02	1.651E+01
GCA_009755825_FUN_000023	GCA_001702495_FUN_000036	64	1.754E-01	4.888E-02	8.425E-02	1.079E+01
GCA_009755825_FUN_000023	Fusarium_fabacearum_ex_type_FUN_000114	97	1.821E-01	5.234E-02	6.300E-02	1.409E+01
GCA_009755825_FUN_000023	Fusarium_duoseptatum_ex_type-barcode03_FUN_000160	93	1.627E-01	5.984E-02	9.676E-02	1.526E+01
GCA_009755825_FUN_000023	Fusarium_gossypinum_ex_type_FUN_000200	154	1.446E-01	6.557E-02	9.234E-02	2.758E+01
GCA_009755825_FUN_000023	AJ718_race1_FUN_000294	110	2.363E-01	8.468E-02	1.039E-01	1.220E+01
GCA_009755825_FUN_000023	Fola2ENZA_FUN_000024	24	2.487E-01	3.963E-02	8.355E-02	5.821E+00
GCA_009755825_FUN_000023	Fusarium_phialophorum-barcode15_FUN_000013	24	2.487E-01	3.963E-02	8.355E-02	5.821E+00
GCA_009755825_FUN_000023	GCA_019593505_FUN_000075	31	1.591E-01	4.005E-02	5.469E-02	6.658E+00
GCA_009755825_FUN_000023	AJ718_race1_FUN_000292	116	2.163E-01	7.336E-02	8.464E-02	1.480E+01
GCA_009755825_FUN_000023	Fusarium_fabacearum_ex_type_FUN_000267	22	2.240E-01	4.369E-02	1.082E-01	3.499E+00
GCA_009755825_FUN_000023	GCA_002233855_FUN_000349	22	2.240E-01	4.369E-02	1.082E-01	3.499E+00
GCA_009755825_FUN_000023	GCA_000259975_FUN_000028	128	1.267E-01	4.766E-02	7.251E-02	1.571E+01
GCA_009755825_FUN_000023	GCA_025267645_FUN_000197	101	1.480E-01	4.256E-02	6.375E-02	1.530E+01
GCA_009755825_FUN_000023	Fola1ENZA_FUN_000069	68	1.776E-01	4.931E-02	6.718E-02	1.246E+01
GCA_009755825_FUN_000023	Fola3ENZA_FUN_000009	68	1.778E-01	4.975E-02	6.764E-02	1.243E+01
GCA_009755825_FUN_000023	GCA_014843445_FUN_000023	68	1.778E-01	4.975E-02	6.764E-02	1.243E+01
GCA_009755825_FUN_000023	GCA_020796175_FUN_000007	68	1.776E-01	4.931E-02	6.718E-02	1.246E+01
GCA_009755825_FUN_000023	GCA_023509805_FUN_000022	200	1.374E-01	8.311E-02	8.311E-02	2.079E+01
GCA_009755825_FUN_000023	GCA_018894095_FUN_000077	63	2.351E-01	3.555E-02	2.886E-02	1.339E+01
GCA_009755825_FUN_000023	GCA_025216365_FUN_000025	129	9.493E-02	3.851E-02	3.359E-02	4.739E+01
GCA_001702495_FUN_000036	GCA_001702495_FUN_000036	161	1.006E+00	1.000E+00	1.000E+00	0.000E+00
GCA_001702495_FUN_000036	GCA_002234015_FUN_000043	161	9.473E-01	9.416E-01	9.416E-01	1.558E+00
GCA_001702495_FUN_000036	GCA_013423235_FUN_000011	117	6.419E-01	3.733E-01	4.593E-01	6.958E+00
GCA_001702495_FUN_000036	Fusarium_sp_128_FUN_000001	107	7.757E-01	4.030E-01	7.040E-01	4.035E+00
GCA_001702495_FUN_000036	Fola4ENZA_FUN_000007	120	5.888E-01	3.869E-01	5.029E-01	4.465E+00
GCA_001702495_FUN_000036	Fusarium_phialophorum-barcode15_FUN_000015	120	5.888E-01	3.869E-01	5.029E-01	4.465E+00
GCA_001702495_FUN_000036	Fusarium_sp_128_FUN_000005	120	5.888E-01	3.869E-01	5.029E-01	4.465E+00
GCA_001702495_FUN_000036	GCA_001702695_FUN_000007	120	5.888E-01	3.869E-01	5.029E-01	4.465E+00
GCA_001702495_FUN_000036	GCA_003315725_FUN_000001	120	5.888E-01	3.869E-01	5.029E-01	4.465E+00
GCA_001702495_FUN_000036	GCA_014843455_FUN_000006	120	5.888E-01	3.869E-01	5.029E-01	4.465E+00
GCA_001702495_FUN_000036	GCA_021018635_FUN_000006	120	5.888E-01	3.869E-01	5.029E-01	4.465E+00
GCA_001702495_FUN_000036	GCA_032206225_FUN_000002	120	5.888E-01	3.869E-01	5.029E-01	4.465E+00
GCA_001702495_FUN_000036	Fusarium_cugenangense_ex_type-barcode01_FUN_000019	120	5.487E-01	3.574E-01	4.655E-01	6.263E+00
GCA_001702495_FUN_000036	GCA_013347535_FUN_000021	120	5.487E-01	3.574E-01	4.655E-01	6.263E+00
GCA_001702495_FUN_000036	GCA_014843415_FUN_000016	120	5.487E-01	3.574E-01	4.655E-01	6.263E+00
GCA_001702495_FUN_000036	GCA_014843555_FUN_000005	120	5.487E-01	3.574E-01	4.655E-01	6.263E+00
GCA_001702495_FUN_000036	GCA_019593505_FUN_000203	127	5.000E-01	2.999E-01	4.727E-01	1.065E+01
GCA_001702495_FUN_000036	GCA_000259975_FUN_000015	56	5.011E-01	1.319E-01	1.534E-01	6.973E+00
GCA_001702495_FUN_000036	GCA_001703205_FUN_000018	52	3.330E-01	1.225E-01	2.417E-01	1.005E+01
GCA_001702495_FUN_000036	GCA_009755825_FUN_000023	118	1.789E-01	1.141E-01	6.119E-02	1.417E+01
GCA_001702495_FUN_000036	Fusarium_fabacearum_ex_type_FUN_000267	25	4.972E-01	1.046E-01	1.238E-01	2.226E+00
GCA_001702495_FUN_000036	GCA_002233855_FUN_000349	25	4.972E-01	1.046E-01	1.238E-01	2.226E+00
GCA_001702495_FUN_000036	GCA_015227905_FUN_000281	145	1.649E-01	1.254E-01	9.597E-02	1.603E+01
GCA_001702495_FUN_000036	Fusarium_elaeidis_ex_type_FUN_000039	58	2.018E-01	8.604E-02	6.941E-02	1.160E+01
GCA_001702495_FUN_000036	GCA_025203105_FUN_000007	32	2.236E-01	7.319E-02	6.666E-02	6.330E+00
GCA_001702495_FUN_000036	GCA_014839635_FUN_000047	9	5.846E-01	5.130E-02	3.999E-02	1.669E+00
GCA_001702495_FUN_000036	AJ718_race1_FUN_000292	83	1.620E-01	8.541E-02	5.487E-02	1.472E+01
GCA_001702495_FUN_000036	Fusarium_sp_128_FUN_000003	76	1.840E-01	8.246E-02	4.840E-02	1.070E+01
GCA_001702495_FUN_000036	AJ592_race4_FUN_000062	88	1.787E-01	9.729E-02	5.461E-02	1.469E+01
GCA_001702495_FUN_000036	AJ705_race4_FUN_000001	88	1.787E-01	9.729E-02	5.461E-02	1.469E+01
GCA_021018635_FUN_000012	GCA_000260495_FUN_000010	141	1.007E+00	1.000E+00	1.000E+00	4.478E-03
GCA_021018635_FUN_000012	GCA_003315725_FUN_000007	141	1.007E+00	1.000E+00	1.000E+00	4.478E-03
GCA_021018635_FUN_000012	GCA_021018635_FUN_000012	141	1.007E+00	1.000E+00	1.000E+00	4.478E-03
GCA_021018635_FUN_000012	GCA_032206225_FUN_000009	141	9.246E-01	9.182E-01	9.182E-01	3.139E+00
GCA_021018635_FUN_000012	AJ705_race4_FUN_000025	125	3.765E-01	3.110E-01	2.678E-01	1.306E+01
GCA_021018635_FUN_000012	GCA_009755825_FUN_000025	192	1.820E-01	1.803E-01	1.231E-01	1.891E+01
GCA_021018635_FUN_000012	GCA_025203755_FUN_000032	138	2.252E-01	1.869E-01	9.922E-02	1.514E+01
GCA_021018635_FUN_000012	GCA_016166325_FUN_000002	31	5.125E-01	1.498E-01	2.162E-01	3.302E+00
GCA_021018635_FUN_000012	GCA_002234045_FUN_000287	102	2.581E-01	1.568E-01	7.453E-02	1.178E+01
GCA_021018635_FUN_000012	GCA_025216365_FUN_000109	90	2.731E-01	2.070E-01	6.983E-02	1.525E+01
GCA_021018635_FUN_000012	GCA_025217005_FUN_000165	121	2.529E-01	2.072E-01	1.116E-01	1.045E+01
GCA_021018635_FUN_000012	AJ520_race1_FUN_000042	70	2.926E-01	1.398E-01	1.459E-01	9.618E+00
GCA_021018635_FUN_000012	AJ592_race4_FUN_000025	70	2.926E-01	1.398E-01	1.459E-01	9.618E+00
GCA_021018635_FUN_000012	AJ865_race1_FUN_000042	70	2.926E-01	1.398E-01	1.459E-01	9.618E+00
GCA_015227905_FUN_000046	GCA_015227905_FUN_000046	43	1.024E+00	1.000E+00	1.000E+00	4.892E-03
GCA_015227905_FUN_000133	GCA_015227905_FUN_000133	331	1.003E+00	1.000E+00	1.000E+00	0.000E+00
GCA_015227905_FUN_000133	GCA_025216365_FUN_000109	240	3.329E-01	2.232E-01	1.179E-01	1.954E+01
GCA_015227905_FUN_000133	GCA_002234105_FUN_000098	128	3.338E-01	1.257E-01	1.581E-01	1.526E+01
GCA_015227905_FUN_000133	GCA_025203755_FUN_000021	135	3.499E-01	1.315E-01	1.669E-01	1.754E+01
GCA_015227905_FUN_000133	GCA_050947165_FUN_000034	86	1.970E-01	7.296E-02	1.053E-01	1.532E+01
GCA_015227905_FUN_000133	GCA_050947235_FUN_000045	86	1.970E-01	7.296E-02	1.053E-01	1.532E+01
GCA_015227905_FUN_000133	Fola3ENZA_FUN_000003	38	3.761E-01	7.971E-02	1.058E-01	5.713E+00
GCA_015227905_FUN_000133	Fusarium_cugenangense_ex_type-barcode01_FUN_000018	38	3.761E-01	7.971E-02	1.058E-01	5.713E+00
GCA_015227905_FUN_000133	GCA_013347535_FUN_000020	38	3.761E-01	7.971E-02	1.058E-01	5.713E+00
GCA_015227905_FUN_000133	GCA_014843415_FUN_000015	38	3.761E-01	7.971E-02	1.058E-01	5.713E+00
GCA_015227905_FUN_000133	GCA_014843445_FUN_000018	38	3.761E-01	7.971E-02	1.058E-01	5.713E+00
GCA_015227905_FUN_000133	GCA_014843555_FUN_000004	38	3.761E-01	7.971E-02	1.058E-01	5.713E+00
GCA_015227905_FUN_000133	Fusarium_gossypinum_ex_type_FUN_000200	126	1.432E-01	5.994E-02	7.866E-02	3.004E+01
GCA_015227905_FUN_000133	Fusarium_gossypinum_ex_type_FUN_000315	98	1.658E-01	6.279E-02	6.177E-02	1.403E+01
GCA_015227905_FUN_000133	GCA_001702845_FUN_000132	134	3.092E-01	1.183E-01	1.496E-01	1.734E+01
GCA_015227905_FUN_000133	GCA_001703455_FUN_000164	118	1.479E-01	6.033E-02	7.868E-02	2.861E+01
GCA_015227905_FUN_000133	GCA_018894095_FUN_000086	120	1.541E-01	7.355E-02	1.255E-01	2.392E+01
GCA_015227905_FUN_000133	Fola3ENZA_FUN_000009	112	1.632E-01	5.793E-02	7.731E-02	2.944E+01
GCA_015227905_FUN_000133	GCA_014843445_FUN_000023	112	1.632E-01	5.793E-02	7.731E-02	2.944E+01
GCA_015227905_FUN_000133	GCA_025216365_FUN_000025	88	1.689E-01	5.672E-02	4.361E-02	1.871E+01
GCA_015227905_FUN_000133	Fusarium_kalimantanense_ex_type-barcode07_FUN_000007	66	2.043E-01	4.778E-02	9.381E-02	1.299E+01
GCA_015227905_FUN_000133	Fusarium_phialophorum-barcode15_FUN_000014	103	1.426E-01	5.267E-02	7.418E-02	3.203E+01
GCA_015227905_FUN_000133	GCA_025267645_FUN_000197	88	1.319E-01	6.865E-02	5.773E-02	1.266E+01
GCA_015227905_FUN_000133	GCA_001702845_FUN_000128	87	1.584E-01	5.418E-02	7.557E-02	1.367E+01
GCA_015227905_FUN_000133	GCA_002234105_FUN_000094	87	1.584E-01	5.418E-02	7.557E-02	1.367E+01
GCA_015227905_FUN_000133	GCA_025203755_FUN_000017	87	1.584E-01	5.418E-02	7.557E-02	1.367E+01
GCA_015227905_FUN_000133	Fola1ENZA_FUN_000069	112	1.527E-01	5.237E-02	6.905E-02	2.961E+01
GCA_015227905_FUN_000133	GCA_020796175_FUN_000007	112	1.527E-01	5.237E-02	6.905E-02	2.961E+01
GCA_015227905_FUN_000133	AJ718_race1_FUN_000094	80	1.408E-01	5.711E-02	5.391E-02	1.162E+01
GCA_015227905_FUN_000133	GCA_015227905_FUN_000281	24	2.104E-01	3.505E-02	4.783E-02	9.292E+00
GCA_015227905_FUN_000133	GCA_025267645_FUN_000218	20	2.519E-01	2.941E-02	3.766E-02	9.502E+00
GCA_014843555_FUN_000004	Fola3ENZA_FUN_000003	224	1.004E+00	1.000E+00	1.000E+00	1.927E-02
GCA_014843555_FUN_000004	Fusarium_cugenangense_ex_type-barcode01_FUN_000018	224	1.004E+00	1.000E+00	1.000E+00	1.927E-02
GCA_014843555_FUN_000004	GCA_013347535_FUN_000020	224	1.004E+00	1.000E+00	1.000E+00	1.927E-02
GCA_014843555_FUN_000004	GCA_014843415_FUN_000015	224	1.004E+00	1.000E+00	1.000E+00	1.927E-02
GCA_014843555_FUN_000004	GCA_014843445_FUN_000018	224	1.004E+00	1.000E+00	1.000E+00	1.927E-02
GCA_014843555_FUN_000004	GCA_014843555_FUN_000004	224	1.004E+00	1.000E+00	1.000E+00	1.927E-02
GCA_014843555_FUN_000004	Fola2ENZA_FUN_000025	224	6.467E-01	6.440E-01	6.440E-01	9.943E+00
GCA_014843555_FUN_000004	Fusarium_phialophorum-barcode15_FUN_000014	209	6.006E-01	5.666E-01	5.901E-01	8.534E+00
GCA_014843555_FUN_000004	GCA_018894095_FUN_000086	133	3.584E-01	1.670E-01	2.330E-01	2.269E+01
GCA_014843555_FUN_000004	GCA_038050555_FUN_000020	132	3.591E-01	1.678E-01	2.450E-01	1.873E+01
GCA_014843555_FUN_000004	Fusarium_glycines_ex_type_FUN_000010	222	2.808E-01	2.200E-01	2.794E-01	2.888E+01
GCA_014843555_FUN_000004	Fusarium_gossypinum_ex_type_FUN_000200	227	2.226E-01	1.719E-01	1.608E-01	2.716E+01
GCA_014843555_FUN_000004	GCA_050947165_FUN_000034	177	1.776E-01	1.120E-01	1.248E-01	2.770E+01
GCA_014843555_FUN_000004	GCA_050947235_FUN_000045	177	1.776E-01	1.120E-01	1.248E-01	2.770E+01
GCA_014843555_FUN_000004	Fola1ENZA_FUN_000069	98	1.866E-01	9.130E-02	8.489E-02	2.018E+01
GCA_014843555_FUN_000004	GCA_020796175_FUN_000007	98	1.866E-01	9.130E-02	8.489E-02	2.018E+01
GCA_014843555_FUN_000004	GCA_049306905_FUN_000006	48	2.469E-01	7.214E-02	1.613E-01	1.167E+01
GCA_014843555_FUN_000004	GCA_049307005_FUN_000010	48	2.469E-01	7.214E-02	1.613E-01	1.167E+01
GCA_014843555_FUN_000004	Fola3ENZA_FUN_000004	57	2.373E-01	7.433E-02	1.173E-01	8.375E+00
GCA_014843555_FUN_000004	Fusarium_cugenangense_ex_type-barcode01_FUN_000020	57	2.373E-01	7.433E-02	1.173E-01	8.375E+00
GCA_014843555_FUN_000004	GCA_013347535_FUN_000022	57	2.373E-01	7.433E-02	1.173E-01	8.375E+00
GCA_014843555_FUN_000004	GCA_014843415_FUN_000017	57	2.373E-01	7.433E-02	1.173E-01	8.375E+00
GCA_014843555_FUN_000004	GCA_014843445_FUN_000019	57	2.373E-01	7.433E-02	1.173E-01	8.375E+00
GCA_014843555_FUN_000004	GCA_014843555_FUN_000006	57	2.373E-01	7.433E-02	1.173E-01	8.375E+00
AJ516_race4_FUN_000033	AJ516_race4_FUN_000033	509	1.002E+00	1.000E+00	1.000E+00	0.000E+00
AJ516_race4_FUN_000033	GCA_048164945_FUN_000024	504	8.211E-01	8.116E-01	8.147E-01	1.164E+01
AJ516_race4_FUN_000033	GCA_049306905_FUN_000029	504	8.131E-01	8.037E-01	8.068E-01	1.193E+01
AJ516_race4_FUN_000033	GCA_049307005_FUN_000032	504	8.131E-01	8.037E-01	8.068E-01	1.193E+01
AJ516_race4_FUN_000033	GCA_018894095_FUN_000077	504	7.792E-01	7.706E-01	7.735E-01	9.899E+00
AJ516_race4_FUN_000033	GCA_050947165_FUN_000012	504	6.568E-01	6.495E-01	6.519E-01	1.347E+01
AJ516_race4_FUN_000033	GCA_050947235_FUN_000024	504	6.568E-01	6.495E-01	6.519E-01	1.347E+01
AJ516_race4_FUN_000033	GCA_018894095_FUN_000086	51	4.868E-01	5.721E-02	1.537E-01	7.274E+00
AJ516_race4_FUN_000033	GCA_049306905_FUN_000006	26	3.673E-01	3.838E-02	1.905E-01	4.207E+00
AJ516_race4_FUN_000033	GCA_049307005_FUN_000010	26	3.673E-01	3.838E-02	1.905E-01	4.207E+00
AJ516_race4_FUN_000033	Fola1ENZA_FUN_000069	72	2.052E-01	4.708E-02	8.831E-02	1.237E+01
AJ516_race4_FUN_000033	GCA_020796175_FUN_000007	72	2.052E-01	4.708E-02	8.831E-02	1.237E+01
AJ516_race4_FUN_000033	Fusarium_duoseptatum_ex_type-barcode03_FUN_000160	54	2.884E-01	4.001E-02	8.680E-02	8.804E+00
AJ516_race4_FUN_000033	GCA_025217005_FUN_000165	94	3.200E-01	7.149E-02	9.592E-02	1.405E+01
AJ516_race4_FUN_000033	Fola3ENZA_FUN_000009	71	2.415E-01	4.523E-02	8.509E-02	1.288E+01
AJ516_race4_FUN_000033	GCA_014843445_FUN_000023	71	2.415E-01	4.523E-02	8.509E-02	1.288E+01
AJ516_race4_FUN_000033	GCA_002234045_FUN_000287	94	3.201E-01	7.150E-02	9.594E-02	1.402E+01
AJ516_race4_FUN_000033	Fusarium_sp_128_FUN_000001	56	2.538E-01	4.633E-02	1.739E-01	9.930E+00
AJ516_race4_FUN_000033	GCA_013423235_FUN_000011	60	2.145E-01	5.589E-02	1.632E-01	8.878E+00
AJ516_race4_FUN_000033	GCA_032206225_FUN_000009	19	4.931E-01	3.357E-02	1.070E-01	3.186E+00
AJ516_race4_FUN_000033	GCA_016170085_FUN_000003	79	2.251E-01	4.935E-02	1.303E-01	4.884E+01
AJ516_race4_FUN_000033	AJ718_race1_FUN_000294	44	4.868E-01	5.476E-02	9.016E-02	5.070E+00
AJ516_race4_FUN_000033	Fola2ENZA_FUN_000005	36	3.999E-01	5.101E-02	1.465E-01	4.159E+00
AJ516_race4_FUN_000033	GCA_019593505_FUN_000075	84	2.252E-01	6.056E-02	1.032E-01	8.631E+00
AJ516_race4_FUN_000033	GCA_019670925_FUN_000002	64	1.727E-01	4.067E-02	6.706E-02	1.222E+01
AJ516_race4_FUN_000033	GCA_049307005_FUN_000001	37	3.485E-01	4.269E-02	7.415E-02	6.061E+00
AJ516_race4_FUN_000033	AJ718_race1_FUN_000094	45	2.628E-01	4.884E-02	6.391E-02	7.077E+00
AJ516_race4_FUN_000033	Fusarium_duoseptatum_ex_type-barcode03_FUN_000086	64	1.835E-01	4.069E-02	1.175E-01	1.110E+01
AJ516_race4_FUN_000033	GCA_000259975_FUN_000015	58	2.321E-01	4.337E-02	1.183E-01	9.791E+00
AJ516_race4_FUN_000033	AJ516_race4_FUN_000013	88	1.758E-01	4.576E-02	1.095E-01	1.409E+01
AJ516_race4_FUN_000033	GCA_025203105_FUN_000007	36	3.497E-01	3.629E-02	8.741E-02	6.849E+00
AJ516_race4_FUN_000033	GCA_025203105_FUN_000005	44	2.553E-01	4.642E-02	9.055E-02	6.684E+00
AJ516_race4_FUN_000033	GCA_019671045_FUN_000019	37	2.734E-01	4.220E-02	7.420E-02	6.823E+00
AJ516_race4_FUN_000033	GCA_014839635_FUN_000049	81	1.821E-01	4.232E-02	5.804E-02	1.311E+01
AJ516_race4_FUN_000033	GCA_019671045_FUN_000060	60	1.938E-01	3.581E-02	7.325E-02	1.440E+01
AJ516_race4_FUN_000033	GCA_014839635_FUN_000047	39	3.147E-01	4.696E-02	9.191E-02	6.538E+00
AJ516_race4_FUN_000033	GCA_025267645_FUN_000197	31	2.534E-01	2.161E-02	4.381E-02	8.755E+00
AJ516_race4_FUN_000033	GCA_038050555_FUN_000028	84	1.982E-01	5.014E-02	7.422E-02	1.112E+01
AJ516_race4_FUN_000033	GCA_019671045_FUN_000062	94	2.140E-01	5.341E-02	9.182E-02	9.203E+00
AJ516_race4_FUN_000033	GCA_000259975_FUN_000002	60	1.798E-01	5.775E-02	8.598E-02	8.837E+00
AJ516_race4_FUN_000033	GCA_049306905_FUN_000037	85	1.592E-01	4.614E-02	7.421E-02	9.990E+00
AJ516_race4_FUN_000033	GCA_002233855_FUN_000172	128	8.580E-02	3.355E-02	3.511E-02	1.964E+01
Fola3ENZA_FUN_000004	Fola3ENZA_FUN_000004	117	1.009E+00	1.000E+00	1.000E+00	0.000E+00
Fola3ENZA_FUN_000004	Fusarium_cugenangense_ex_type-barcode01_FUN_000020	117	1.009E+00	1.000E+00	1.000E+00	0.000E+00
Fola3ENZA_FUN_000004	GCA_013347535_FUN_000022	117	1.009E+00	1.000E+00	1.000E+00	0.000E+00
Fola3ENZA_FUN_000004	GCA_014843415_FUN_000017	117	1.009E+00	1.000E+00	1.000E+00	0.000E+00
Fola3ENZA_FUN_000004	GCA_014843445_FUN_000019	117	1.009E+00	1.000E+00	1.000E+00	0.000E+00
Fola3ENZA_FUN_000004	GCA_014843555_FUN_000006	117	1.009E+00	1.000E+00	1.000E+00	0.000E+00
Fola3ENZA_FUN_000004	GCA_013423235_FUN_000001	117	8.696E-01	8.625E-01	8.265E-01	3.095E+00
Fola3ENZA_FUN_000004	Fola4ENZA_FUN_000008	117	8.421E-01	8.351E-01	8.351E-01	4.641E+00
Fola3ENZA_FUN_000004	GCA_000260495_FUN_000006	117	8.421E-01	8.351E-01	8.351E-01	4.641E+00
Fola3ENZA_FUN_000004	GCA_001702695_FUN_000008	117	8.421E-01	8.351E-01	8.351E-01	4.641E+00
Fola3ENZA_FUN_000004	GCA_003315725_FUN_000002	117	8.421E-01	8.351E-01	8.351E-01	4.641E+00
Fola3ENZA_FUN_000004	GCA_014843455_FUN_000007	117	8.421E-01	8.351E-01	8.351E-01	4.641E+00
Fola3ENZA_FUN_000004	GCA_021018635_FUN_000007	117	8.421E-01	8.351E-01	8.351E-01	4.641E+00
Fola3ENZA_FUN_000004	GCA_032206225_FUN_000003	117	8.421E-01	8.351E-01	8.351E-01	4.641E+00
Fola3ENZA_FUN_000004	GCA_019670925_FUN_000040	91	2.906E-01	2.107E-01	1.269E-01	1.305E+01
Fola3ENZA_FUN_000004	GCA_000259975_FUN_000015	64	3.648E-01	2.095E-01	1.881E-01	7.018E+00
Fola3ENZA_FUN_000004	Fusarium_kalimantanense_ex_type-barcode07_FUN_000007	106	2.152E-01	1.481E-01	1.239E-01	1.999E+01
Fola3ENZA_FUN_000004	Fola1ENZA_FUN_000069	116	1.954E-01	1.652E-01	9.573E-02	1.887E+01
Fola3ENZA_FUN_000004	Fola3ENZA_FUN_000009	116	1.967E-01	1.647E-01	9.578E-02	1.869E+01
Fola3ENZA_FUN_000004	GCA_014843445_FUN_000023	116	1.967E-01	1.647E-01	9.578E-02	1.869E+01
Fola3ENZA_FUN_000004	GCA_020796175_FUN_000007	116	1.954E-01	1.652E-01	9.573E-02	1.887E+01
Fola3ENZA_FUN_000004	GCA_014839635_FUN_000049	162	1.509E-01	1.364E-01	7.745E-02	1.898E+01
Fola3ENZA_FUN_000004	Fusarium_duoseptatum_ex_type-barcode03_FUN_000160	106	1.734E-01	1.336E-01	1.037E-01	1.588E+01
Fola3ENZA_FUN_000004	GCA_049306905_FUN_000029	79	2.340E-01	1.365E-01	4.123E-02	1.136E+01
Fola3ENZA_FUN_000004	GCA_049307005_FUN_000032	79	2.340E-01	1.365E-01	4.123E-02	1.136E+01
Fola3ENZA_FUN_000004	GCA_050947165_FUN_000012	71	2.815E-01	1.672E-01	5.203E-02	1.324E+01
Fola3ENZA_FUN_000004	GCA_050947235_FUN_000024	71	2.815E-01	1.672E-01	5.203E-02	1.324E+01
Fola3ENZA_FUN_000004	GCA_023509805_FUN_000049	93	1.867E-01	1.425E-01	1.079E-01	1.729E+01
Fola3ENZA_FUN_000004	GCA_025267645_FUN_000212	66	3.511E-01	2.037E-01	1.405E-01	6.920E+00
Fola3ENZA_FUN_000004	Fusarium_fabacearum_ex_type_FUN_000005	96	1.529E-01	1.275E-01	8.577E-02	1.359E+01
Fola3ENZA_FUN_000004	Fusarium_sp_128_FUN_000003	123	1.528E-01	1.361E-01	7.328E-02	1.380E+01
Fola3ENZA_FUN_000004	GCA_048164945_FUN_000024	78	2.232E-01	1.268E-01	3.983E-02	1.163E+01
Fola3ENZA_FUN_000004	GCA_049307005_FUN_000001	98	1.395E-01	1.115E-01	6.489E-02	1.610E+01
Fola3ENZA_FUN_000004	AJ705_race4_FUN_000009	84	1.609E-01	1.073E-01	7.289E-02	1.294E+01
Fola3ENZA_FUN_000004	GCA_023509805_FUN_000022	130	1.803E-01	1.538E-01	7.150E-02	1.356E+01
Fola3ENZA_FUN_000004	GCA_018894095_FUN_000077	93	1.973E-01	1.418E-01	5.616E-02	1.074E+01
Fola3ENZA_FUN_000004	Fusarium_cugenangense_ex_type-barcode01_FUN_000019	31	5.224E-01	2.019E-01	2.004E-01	3.464E+00
Fola3ENZA_FUN_000004	GCA_013347535_FUN_000021	31	5.224E-01	2.019E-01	2.004E-01	3.464E+00
Fola3ENZA_FUN_000004	GCA_014843415_FUN_000016	31	5.224E-01	2.019E-01	2.004E-01	3.464E+00
Fola3ENZA_FUN_000004	GCA_014843555_FUN_000005	31	5.224E-01	2.019E-01	2.004E-01	3.464E+00
Fola3ENZA_FUN_000004	GCA_020796175_FUN_000123	96	1.857E-01	1.558E-01	1.766E-01	1.374E+01
Fola3ENZA_FUN_000004	GCA_000259975_FUN_000028	112	2.075E-01	1.425E-01	9.606E-02	1.161E+01
Fola3ENZA_FUN_000004	AJ516_race4_FUN_000027	62	2.150E-01	1.154E-01	1.669E-01	9.637E+00
Fola3ENZA_FUN_000004	AJ520_race1_FUN_000015	62	2.150E-01	1.154E-01	1.669E-01	9.637E+00
Fola3ENZA_FUN_000004	AJ865_race1_FUN_000014	62	2.150E-01	1.154E-01	1.669E-01	9.637E+00
Fola3ENZA_FUN_000004	GCA_018894095_FUN_000071	46	2.301E-01	1.073E-01	1.372E-01	1.570E+01
Fola3ENZA_FUN_000004	Fusarium_duoseptatum_ex_type-barcode03_FUN_000086	79	3.011E-01	1.891E-01	2.334E-01	1.574E+01
Fola3ENZA_FUN_000004	AJ516_race4_FUN_000013	133	2.135E-01	1.697E-01	1.483E-01	1.179E+01
Fola3ENZA_FUN_000004	GCA_019671045_FUN_000060	93	1.979E-01	1.527E-01	1.094E-01	1.365E+01
Fola3ENZA_FUN_000004	GCA_019670925_FUN_000002	56	1.836E-01	9.651E-02	6.149E-02	8.580E+00
Fola3ENZA_FUN_000004	GCA_025203755_FUN_000021	119	1.794E-01	1.464E-01	8.180E-02	1.376E+01
Fola3ENZA_FUN_000004	GCA_016166325_FUN_000030	70	1.741E-01	1.122E-01	1.524E-01	8.052E+00
Fola3ENZA_FUN_000004	GCA_016170085_FUN_000014	70	1.741E-01	1.122E-01	1.524E-01	8.052E+00
Fola3ENZA_FUN_000004	Fusarium_kalimantanense_ex_type-barcode07_FUN_000026	55	1.988E-01	1.073E-01	1.458E-01	9.048E+00
Fola3ENZA_FUN_000004	GCA_049306905_FUN_000006	53	2.211E-01	1.139E-01	1.546E-01	9.113E+00
Fola3ENZA_FUN_000004	GCA_049307005_FUN_000010	53	2.211E-01	1.139E-01	1.546E-01	9.113E+00
Fola3ENZA_FUN_000004	GCA_025203105_FUN_000005	86	2.036E-01	1.124E-01	8.827E-02	1.458E+01
Fola3ENZA_FUN_000004	GCA_025267645_FUN_000218	87	1.475E-01	8.914E-02	5.610E-02	1.488E+01
Fola3ENZA_FUN_000004	AJ516_race4_FUN_000033	71	2.549E-01	1.372E-01	4.055E-02	1.165E+01
Fola3ENZA_FUN_000004	GCA_019671045_FUN_000019	57	1.853E-01	9.709E-02	6.164E-02	8.683E+00
Fola3ENZA_FUN_000004	GCA_025267645_FUN_000197	66	1.494E-01	8.789E-02	7.797E-02	1.308E+01
Fusarium_elaeidis_ex_type_FUN_000250	Fusarium_elaeidis_ex_type_FUN_000250	79	1.013E+00	1.000E+00	1.000E+00	0.000E+00
Fusarium_elaeidis_ex_type_FUN_000250	GCA_025267645_FUN_000197	22	5.019E-01	1.718E-01	6.869E-02	4.161E+00
Fusarium_elaeidis_ex_type_FUN_000250	GCA_019593505_FUN_000075	18	5.883E-01	2.009E-01	7.064E-02	1.717E+00
Fusarium_elaeidis_ex_type_FUN_000250	GCA_002234015_FUN_000043	16	5.107E-01	1.582E-01	8.239E-02	2.987E+00
Fusarium_elaeidis_ex_type_FUN_000250	GCA_025203105_FUN_000007	16	5.135E-01	1.522E-01	7.054E-02	3.005E+00
Fusarium_elaeidis_ex_type_FUN_000250	Fola3ENZA_FUN_000003	10	8.705E-01	1.241E-01	4.430E-02	5.640E-01
Fusarium_elaeidis_ex_type_FUN_000250	Fusarium_cugenangense_ex_type-barcode01_FUN_000018	10	8.705E-01	1.241E-01	4.430E-02	5.640E-01
Fusarium_elaeidis_ex_type_FUN_000250	GCA_013347535_FUN_000020	10	8.705E-01	1.241E-01	4.430E-02	5.640E-01
Fusarium_elaeidis_ex_type_FUN_000250	GCA_014843415_FUN_000015	10	8.705E-01	1.241E-01	4.430E-02	5.640E-01
Fusarium_elaeidis_ex_type_FUN_000250	GCA_014843445_FUN_000018	10	8.705E-01	1.241E-01	4.430E-02	5.640E-01
Fusarium_elaeidis_ex_type_FUN_000250	GCA_014843555_FUN_000004	10	8.705E-01	1.241E-01	4.430E-02	5.640E-01
Fusarium_elaeidis_ex_type_FUN_000250	GCA_001703205_FUN_000018	26	2.882E-01	1.637E-01	1.818E-01	4.949E+00
Fusarium_elaeidis_ex_type_FUN_000250	GCA_019593505_FUN_000203	25	3.547E-01	1.746E-01	1.499E-01	3.933E+00
Fusarium_elaeidis_ex_type_FUN_000250	Fusarium_gossypinum_ex_type_FUN_000200	42	3.225E-01	1.708E-01	6.248E-02	1.862E+01
Fusarium_elaeidis_ex_type_FUN_000250	GCA_025216365_FUN_000109	20	2.046E-01	1.249E-01	2.114E-02	7.128E+00
Fusarium_elaeidis_ex_type_FUN_000250	GCA_049306905_FUN_000006	29	2.507E-01	1.676E-01	1.731E-01	4.586E+00
Fusarium_elaeidis_ex_type_FUN_000250	GCA_049307005_FUN_000010	29	2.507E-01	1.676E-01	1.731E-01	4.586E+00
Fusarium_elaeidis_ex_type_FUN_000250	GCA_020796175_FUN_000123	20	2.939E-01	1.353E-01	1.195E-01	4.046E+00
Fusarium_elaeidis_ex_type_FUN_000250	GCA_001703455_FUN_000164	66	2.242E-01	1.719E-01	6.243E-02	2.166E+01
Fusarium_elaeidis_ex_type_FUN_000250	GCA_001703205_FUN_000069	12	5.217E-01	1.327E-01	4.269E-02	1.613E+00
Fusarium_elaeidis_ex_type_FUN_000250	GCA_016170085_FUN_000003	23	3.104E-01	1.245E-01	7.094E-02	6.092E+00
Fusarium_elaeidis_ex_type_FUN_000250	GCA_023509805_FUN_000049	20	2.317E-01	1.015E-01	5.714E-02	5.288E+00
GCA_002234105_FUN_000094	GCA_001702845_FUN_000128	220	1.005E+00	1.000E+00	1.000E+00	0.000E+00
GCA_002234105_FUN_000094	GCA_002234105_FUN_000094	220	1.005E+00	1.000E+00	1.000E+00	0.000E+00
GCA_002234105_FUN_000094	GCA_025203755_FUN_000017	220	1.003E+00	9.989E-01	9.989E-01	2.099E-01
GCA_002234105_FUN_000094	GCA_025267645_FUN_000212	188	2.099E-01	1.322E-01	1.511E-01	1.833E+01
GCA_002234105_FUN_000094	Fusarium_duoseptatum_ex_type-barcode03_FUN_000160	186	2.024E-01	1.474E-01	1.682E-01	1.644E+01
GCA_002234105_FUN_000094	Fusarium_sp_128_FUN_000001	93	2.888E-01	1.374E-01	2.696E-01	1.180E+01
GCA_002234105_FUN_000094	GCA_009755825_FUN_000084	163	1.485E-01	1.044E-01	1.058E-01	1.787E+01
GCA_002234105_FUN_000094	GCA_025267645_FUN_000197	238	1.733E-01	1.501E-01	1.521E-01	1.462E+01
GCA_002234105_FUN_000094	GCA_000259975_FUN_000015	174	1.592E-01	1.047E-01	1.449E-01	1.522E+01
GCA_002234105_FUN_000094	GCA_025203755_FUN_000021	100	2.781E-01	1.136E-01	1.024E-01	1.224E+01
GCA_002234105_FUN_000094	Fusarium_gossypinum_ex_type_FUN_000315	154	2.215E-01	1.213E-01	8.226E-02	1.877E+01
GCA_002234105_FUN_000094	GCA_009755825_FUN_000023	184	1.396E-01	1.059E-01	6.963E-02	1.846E+01
GCA_002234105_FUN_000094	GCA_015227905_FUN_000281	191	1.411E-01	1.090E-01	1.083E-01	1.633E+01
GCA_002234105_FUN_000094	GCA_001702845_FUN_000132	98	2.865E-01	1.160E-01	1.043E-01	1.139E+01
GCA_002234105_FUN_000094	GCA_002234105_FUN_000098	98	2.864E-01	1.160E-01	1.043E-01	1.138E+01
GCA_002234105_FUN_000094	GCA_019593505_FUN_000203	120	1.811E-01	1.013E-01	1.504E-01	1.165E+01
GCA_002234105_FUN_000094	GCA_000259975_FUN_000028	227	1.680E-01	1.439E-01	1.535E-01	1.530E+01
GCA_002234105_FUN_000094	GCA_014839635_FUN_000049	200	2.050E-01	1.526E-01	1.302E-01	1.817E+01
GCA_002234105_FUN_000094	GCA_023509805_FUN_000022	102	2.086E-01	1.097E-01	7.513E-02	9.631E+00
GCA_002234105_FUN_000094	GCA_025216365_FUN_000109	100	1.987E-01	9.335E-02	4.317E-02	1.223E+01
GCA_002234105_FUN_000094	GCA_019670925_FUN_000050	195	1.547E-01	1.191E-01	1.260E-01	1.888E+01
GCA_002234105_FUN_000094	Fusarium_fabacearum_ex_type_FUN_000005	197	1.491E-01	1.191E-01	1.182E-01	1.753E+01
GCA_002234105_FUN_000094	Fusarium_elaeidis_ex_type_FUN_000039	161	1.193E-01	7.980E-02	7.308E-02	1.772E+01
GCA_002234105_FUN_000094	GCA_049307005_FUN_000001	145	1.441E-01	7.991E-02	7.452E-02	1.449E+01
GCA_002234105_FUN_000094	GCA_025216365_FUN_000025	254	1.020E-01	9.959E-02	5.106E-02	3.994E+01
GCA_002234105_FUN_000094	Fusarium_gossypinum_ex_type_FUN_000050	121	1.834E-01	1.123E-01	6.670E-02	1.484E+01
GCA_002234105_FUN_000094	GCA_001703455_FUN_000315	121	1.834E-01	1.123E-01	6.670E-02	1.484E+01
GCA_002234105_FUN_000094	GCA_049306905_FUN_000029	73	1.696E-01	8.805E-02	5.227E-02	1.152E+01
GCA_002234105_FUN_000094	GCA_049307005_FUN_000032	73	1.696E-01	8.805E-02	5.227E-02	1.152E+01
GCA_002234105_FUN_000094	Fusarium_cugenangense_ex_type-barcode01_FUN_000019	122	1.706E-01	9.067E-02	1.373E-01	1.451E+01
GCA_002234105_FUN_000094	GCA_013347535_FUN_000021	122	1.706E-01	9.067E-02	1.373E-01	1.451E+01
GCA_002234105_FUN_000094	GCA_014843415_FUN_000016	122	1.706E-01	9.067E-02	1.373E-01	1.451E+01
GCA_002234105_FUN_000094	GCA_014843555_FUN_000005	122	1.706E-01	9.067E-02	1.373E-01	1.451E+01
GCA_002234105_FUN_000094	Fola2ENZA_FUN_000005	128	1.926E-01	1.124E-01	1.525E-01	1.507E+01
GCA_002234105_FUN_000094	GCA_019671045_FUN_000060	219	1.219E-01	1.009E-01	1.060E-01	1.874E+01
GCA_002234105_FUN_000094	GCA_025267645_FUN_000218	50	1.923E-01	5.225E-02	4.922E-02	1.003E+01
GCA_002234105_FUN_000094	Fusarium_fabacearum_ex_type_FUN_000114	185	1.112E-01	8.120E-02	7.224E-02	1.648E+01
GCA_002234105_FUN_000094	GCA_001703205_FUN_000069	238	1.325E-01	1.197E-01	1.080E-01	1.813E+01
GCA_002234105_FUN_000094	Fusarium_kalimantanense_ex_type-barcode07_FUN_000007	103	1.334E-01	7.424E-02	9.470E-02	1.425E+01
GCA_002234105_FUN_000094	GCA_019671045_FUN_000019	48	2.113E-01	7.217E-02	6.761E-02	1.022E+01
GCA_002234105_FUN_000094	AJ718_race1_FUN_000292	160	1.570E-01	1.068E-01	8.725E-02	1.585E+01
GCA_002234105_FUN_000094	AJ718_race1_FUN_000094	207	1.290E-01	1.055E-01	7.740E-02	1.678E+01
GCA_002234105_FUN_000094	GCA_002233855_FUN_000172	102	1.841E-01	9.236E-02	5.269E-02	1.419E+01
GCA_002233855_FUN_000172	GCA_002233855_FUN_000172	464	1.002E+00	1.000E+00	1.000E+00	1.064E-02
GCA_002233855_FUN_000172	Fusarium_elaeidis_ex_type_FUN_000039	195	5.185E-01	1.945E-01	3.525E-01	9.381E+00
GCA_002233855_FUN_000172	Fusarium_gossypinum_ex_type_FUN_000050	151	5.269E-01	1.693E-01	1.643E-01	7.598E+00
GCA_002233855_FUN_000172	GCA_001703455_FUN_000315	151	5.269E-01	1.693E-01	1.643E-01	7.598E+00
GCA_002233855_FUN_000172	GCA_009755825_FUN_000023	155	4.656E-01	1.529E-01	1.768E-01	9.856E+00
GCA_002233855_FUN_000172	GCA_009755825_FUN_000084	172	4.885E-01	1.651E-01	3.162E-01	5.469E+00
GCA_002233855_FUN_000172	Fusarium_fabacearum_ex_type_FUN_000005	153	4.634E-01	1.592E-01	2.939E-01	6.022E+00
GCA_002233855_FUN_000172	AJ520_race1_FUN_000054	199	3.532E-01	1.445E-01	2.296E-01	1.290E+01
GCA_002233855_FUN_000172	AJ592_race4_FUN_000037	199	3.532E-01	1.445E-01	2.296E-01	1.290E+01
GCA_002233855_FUN_000172	AJ865_race1_FUN_000053	199	3.532E-01	1.445E-01	2.296E-01	1.290E+01
GCA_002233855_FUN_000172	GCA_001703205_FUN_000069	184	3.897E-01	1.466E-01	2.317E-01	1.100E+01
GCA_002233855_FUN_000172	GCA_025267645_FUN_000218	158	4.065E-01	1.320E-01	2.224E-01	1.010E+01
GCA_002233855_FUN_000172	GCA_015227905_FUN_000281	167	4.674E-01	1.480E-01	2.879E-01	1.108E+01
GCA_002233855_FUN_000172	GCA_000259975_FUN_000015	63	6.176E-01	7.940E-02	2.396E-01	3.890E+00
GCA_002233855_FUN_000172	Fusarium_sp_128_FUN_000003	90	5.140E-01	1.083E-01	1.365E-01	6.123E+00
GCA_002233855_FUN_000172	GCA_025267645_FUN_000212	135	2.874E-01	9.569E-02	1.873E-01	1.248E+01
GCA_002233855_FUN_000172	GCA_049307005_FUN_000001	147	2.344E-01	8.116E-02	1.250E-01	1.254E+01
GCA_002233855_FUN_000172	GCA_001703455_FUN_000133	138	3.064E-01	8.649E-02	1.673E-01	1.195E+01
GCA_002233855_FUN_000172	Fusarium_fabacearum_ex_type_FUN_000114	109	2.056E-01	6.767E-02	9.780E-02	1.322E+01
GCA_002233855_FUN_000172	Fola2ENZA_FUN_000005	138	1.838E-01	6.770E-02	1.434E-01	1.882E+01
GCA_002233855_FUN_000172	GCA_025203105_FUN_000007	166	1.595E-01	5.917E-02	1.067E-01	1.543E+01
GCA_002233855_FUN_000172	GCA_019671045_FUN_000060	120	2.931E-01	7.824E-02	1.556E-01	1.307E+01
GCA_002233855_FUN_000172	GCA_000259975_FUN_000028	160	2.222E-01	9.744E-02	1.625E-01	1.297E+01
GCA_002233855_FUN_000172	GCA_019670925_FUN_000050	197	1.867E-01	8.125E-02	1.507E-01	1.538E+01
GCA_002233855_FUN_000172	GCA_002234015_FUN_000068	175	1.724E-01	7.273E-02	1.117E-01	1.399E+01
GCA_002233855_FUN_000172	Fusarium_cugenangense_ex_type-barcode01_FUN_000019	84	2.087E-01	4.706E-02	1.359E-01	1.187E+01
GCA_002233855_FUN_000172	GCA_013347535_FUN_000021	84	2.087E-01	4.706E-02	1.359E-01	1.187E+01
GCA_002233855_FUN_000172	GCA_014843415_FUN_000016	84	2.087E-01	4.706E-02	1.359E-01	1.187E+01
GCA_002233855_FUN_000172	GCA_014843555_FUN_000005	84	2.087E-01	4.706E-02	1.359E-01	1.187E+01
GCA_002233855_FUN_000172	GCA_001702495_FUN_000061	175	1.541E-01	7.016E-02	1.061E-01	1.433E+01
GCA_002233855_FUN_000172	GCA_014839635_FUN_000049	181	1.122E-01	6.192E-02	7.622E-02	1.973E+01
GCA_002233855_FUN_000172	Fola3ENZA_FUN_000004	70	1.674E-01	3.073E-02	8.504E-02	1.395E+01
GCA_002233855_FUN_000172	Fusarium_cugenangense_ex_type-barcode01_FUN_000020	70	1.674E-01	3.073E-02	8.504E-02	1.395E+01
GCA_002233855_FUN_000172	GCA_013347535_FUN_000022	70	1.674E-01	3.073E-02	8.504E-02	1.395E+01
GCA_002233855_FUN_000172	GCA_014843415_FUN_000017	70	1.674E-01	3.073E-02	8.504E-02	1.395E+01
GCA_002233855_FUN_000172	GCA_014843445_FUN_000019	70	1.674E-01	3.073E-02	8.504E-02	1.395E+01
GCA_002233855_FUN_000172	GCA_014843555_FUN_000006	70	1.674E-01	3.073E-02	8.504E-02	1.395E+01
GCA_002233855_FUN_000172	GCA_023509805_FUN_000049	50	1.909E-01	2.868E-02	5.433E-02	1.343E+01
GCA_002233855_FUN_000172	GCA_019670925_FUN_000002	38	3.270E-01	4.102E-02	7.080E-02	5.956E+00
GCA_002233855_FUN_000172	AJ705_race4_FUN_000009	14	5.996E-01	2.921E-02	5.178E-02	1.559E+00
GCA_002233855_FUN_000172	AJ718_race1_FUN_000294	44	2.547E-01	4.204E-02	5.852E-02	6.457E+00
GCA_002233855_FUN_000172	AJ718_race1_FUN_000292	88	1.577E-01	3.305E-02	3.758E-02	1.572E+01
GCA_002233855_FUN_000172	Fola4ENZA_FUN_000008	70	1.674E-01	3.073E-02	8.501E-02	1.395E+01
GCA_002233855_FUN_000172	GCA_000260495_FUN_000006	70	1.674E-01	3.073E-02	8.501E-02	1.395E+01
GCA_002233855_FUN_000172	GCA_001702695_FUN_000008	70	1.674E-01	3.073E-02	8.501E-02	1.395E+01
GCA_002233855_FUN_000172	GCA_003315725_FUN_000002	70	1.674E-01	3.073E-02	8.501E-02	1.395E+01
GCA_002233855_FUN_000172	GCA_014843455_FUN_000007	70	1.674E-01	3.073E-02	8.501E-02	1.395E+01
GCA_002233855_FUN_000172	GCA_021018635_FUN_000007	70	1.674E-01	3.073E-02	8.501E-02	1.395E+01
GCA_002233855_FUN_000172	GCA_032206225_FUN_000003	70	1.674E-01	3.073E-02	8.501E-02	1.395E+01
GCA_002233855_FUN_000172	GCA_013423235_FUN_000001	70	1.673E-01	3.023E-02	8.186E-02	1.395E+01
GCA_002233855_FUN_000172	Fusarium_duoseptatum_ex_type-barcode03_FUN_000160	83	1.920E-01	3.654E-02	7.453E-02	1.468E+01
GCA_002233855_FUN_000172	GCA_014839635_FUN_000047	133	2.571E-01	6.732E-02	1.213E-01	1.552E+01
GCA_002233855_FUN_000172	GCA_001702845_FUN_000128	63	1.504E-01	3.120E-02	5.502E-02	1.430E+01
GCA_002233855_FUN_000172	GCA_002234105_FUN_000094	63	1.504E-01	3.120E-02	5.502E-02	1.430E+01
GCA_002233855_FUN_000172	GCA_025203755_FUN_000017	63	1.504E-01	3.119E-02	5.502E-02	1.430E+01
GCA_002233855_FUN_000172	Fusarium_gossypinum_ex_type_FUN_000315	93	1.640E-01	3.919E-02	4.928E-02	1.330E+01
GCA_002233855_FUN_000172	Fusarium_kalimantanense_ex_type-barcode07_FUN_000007	107	1.437E-01	4.257E-02	9.927E-02	1.411E+01
GCA_002233855_FUN_000172	GCA_023509805_FUN_000022	159	1.569E-01	7.116E-02	7.934E-02	1.584E+01
Fola4ENZA_FUN_000003	Fola1ENZA_FUN_000004	245	1.004E+00	1.000E+00	1.000E+00	0.000E+00
Fola4ENZA_FUN_000003	Fola4ENZA_FUN_000003	245	1.004E+00	1.000E+00	1.000E+00	0.000E+00
Fola4ENZA_FUN_000003	GCA_000260495_FUN_000001	245	1.004E+00	1.000E+00	1.000E+00	0.000E+00
Fola4ENZA_FUN_000003	GCA_001702695_FUN_000003	245	1.004E+00	1.000E+00	1.000E+00	0.000E+00
Fola4ENZA_FUN_000003	GCA_014843455_FUN_000002	245	1.004E+00	1.000E+00	1.000E+00	0.000E+00
Fola4ENZA_FUN_000003	GCA_025203105_FUN_000005	130	5.420E-01	2.545E-01	3.101E-01	6.049E+00
Fola4ENZA_FUN_000003	Fola2ENZA_FUN_000024	134	4.952E-01	2.640E-01	3.779E-01	1.042E+01
Fola4ENZA_FUN_000003	Fusarium_phialophorum-barcode15_FUN_000013	134	4.952E-01	2.640E-01	3.779E-01	1.042E+01
Fola4ENZA_FUN_000003	GCA_025203755_FUN_000021	112	2.465E-01	1.088E-01	1.071E-01	1.178E+01
Fola4ENZA_FUN_000003	Fola4ENZA_FUN_000008	22	4.571E-01	5.075E-02	9.682E-02	3.545E+00
Fola4ENZA_FUN_000003	GCA_000260495_FUN_000006	22	4.571E-01	5.075E-02	9.682E-02	3.545E+00
Fola4ENZA_FUN_000003	GCA_001702695_FUN_000008	22	4.571E-01	5.075E-02	9.682E-02	3.545E+00
Fola4ENZA_FUN_000003	GCA_003315725_FUN_000002	22	4.571E-01	5.075E-02	9.682E-02	3.545E+00
Fola4ENZA_FUN_000003	GCA_014843455_FUN_000007	22	4.571E-01	5.075E-02	9.682E-02	3.545E+00
Fola4ENZA_FUN_000003	GCA_021018635_FUN_000007	22	4.571E-01	5.075E-02	9.682E-02	3.545E+00
Fola4ENZA_FUN_000003	GCA_032206225_FUN_000003	22	4.571E-01	5.075E-02	9.682E-02	3.545E+00
Fola4ENZA_FUN_000003	GCA_049307005_FUN_000001	72	1.999E-01	8.412E-02	8.387E-02	9.306E+00
Fola4ENZA_FUN_000003	GCA_001702845_FUN_000132	112	2.465E-01	1.089E-01	1.072E-01	1.176E+01
Fola4ENZA_FUN_000003	GCA_002234105_FUN_000098	112	2.467E-01	1.089E-01	1.072E-01	1.177E+01
Fola4ENZA_FUN_000003	AJ592_race4_FUN_000062	130	1.352E-01	7.804E-02	6.186E-02	1.272E+01
Fola4ENZA_FUN_000003	AJ705_race4_FUN_000001	130	1.352E-01	7.804E-02	6.186E-02	1.272E+01
Fola4ENZA_FUN_000003	Fola3ENZA_FUN_000004	22	4.575E-01	5.075E-02	9.683E-02	3.547E+00
Fola4ENZA_FUN_000003	Fusarium_cugenangense_ex_type-barcode01_FUN_000020	22	4.575E-01	5.075E-02	9.683E-02	3.547E+00
Fola4ENZA_FUN_000003	GCA_013347535_FUN_000022	22	4.575E-01	5.075E-02	9.683E-02	3.547E+00
Fola4ENZA_FUN_000003	GCA_014843415_FUN_000017	22	4.575E-01	5.075E-02	9.683E-02	3.547E+00
Fola4ENZA_FUN_000003	GCA_014843445_FUN_000019	22	4.575E-01	5.075E-02	9.683E-02	3.547E+00
Fola4ENZA_FUN_000003	GCA_014843555_FUN_000006	22	4.575E-01	5.075E-02	9.683E-02	3.547E+00
Fola4ENZA_FUN_000003	GCA_013423235_FUN_000001	22	4.565E-01	5.074E-02	9.344E-02	3.547E+00
Fola4ENZA_FUN_000003	Fusarium_duoseptatum_ex_type-barcode03_FUN_000160	36	2.875E-01	7.014E-02	8.598E-02	7.144E+00
Fola4ENZA_FUN_000003	GCA_025203105_FUN_000007	41	2.503E-01	8.738E-02	1.055E-01	5.841E+00
Fola4ENZA_FUN_000003	AJ516_race4_FUN_000027	37	1.659E-01	4.180E-02	9.593E-02	1.077E+01
Fola4ENZA_FUN_000003	AJ520_race1_FUN_000015	37	1.659E-01	4.180E-02	9.593E-02	1.077E+01
Fola4ENZA_FUN_000003	AJ865_race1_FUN_000014	37	1.659E-01	4.180E-02	9.593E-02	1.077E+01
Fola4ENZA_FUN_000003	GCA_023509805_FUN_000049	77	1.812E-01	8.557E-02	9.628E-02	1.204E+01
Fola4ENZA_FUN_000003	GCA_025267645_FUN_000212	139	1.446E-01	7.907E-02	9.542E-02	1.730E+01
Fola4ENZA_FUN_000003	GCA_001703455_FUN_000133	94	1.711E-01	6.969E-02	8.135E-02	1.837E+01
Fola4ENZA_FUN_000003	GCA_019670925_FUN_000040	68	2.492E-01	8.283E-02	8.512E-02	9.956E+00
Fola4ENZA_FUN_000003	Fola3ENZA_FUN_000009	111	1.350E-01	6.487E-02	6.506E-02	1.874E+01
Fola4ENZA_FUN_000003	GCA_014843445_FUN_000023	111	1.350E-01	6.487E-02	6.506E-02	1.874E+01
Fola4ENZA_FUN_000003	GCA_016166325_FUN_000030	37	1.762E-01	4.847E-02	1.167E-01	1.016E+01
Fola4ENZA_FUN_000003	GCA_016170085_FUN_000014	37	1.762E-01	4.847E-02	1.167E-01	1.016E+01
Fola4ENZA_FUN_000003	GCA_038050555_FUN_000006	58	1.802E-01	5.355E-02	1.249E-01	1.285E+01
Fola4ENZA_FUN_000003	Fola1ENZA_FUN_000069	111	1.367E-01	6.543E-02	6.563E-02	1.852E+01
Fola4ENZA_FUN_000003	GCA_020796175_FUN_000007	111	1.367E-01	6.543E-02	6.563E-02	1.852E+01
Fola4ENZA_FUN_000003	AJ520_race1_FUN_000054	121	1.295E-01	6.937E-02	6.976E-02	2.015E+01
Fola4ENZA_FUN_000003	AJ592_race4_FUN_000037	121	1.295E-01	6.937E-02	6.976E-02	2.015E+01
Fola4ENZA_FUN_000003	AJ865_race1_FUN_000053	121	1.295E-01	6.937E-02	6.976E-02	2.015E+01
Fola4ENZA_FUN_000003	GCA_001703205_FUN_000069	121	1.295E-01	6.934E-02	6.919E-02	2.061E+01
Fola4ENZA_FUN_000003	GCA_014839635_FUN_000049	85	2.046E-01	1.017E-01	9.551E-02	9.487E+00
Fola4ENZA_FUN_000003	Fusarium_gossypinum_ex_type_FUN_000315	98	1.621E-01	6.592E-02	5.323E-02	1.472E+01
Fola4ENZA_FUN_000003	GCA_009755825_FUN_000023	143	1.424E-01	8.655E-02	6.551E-02	1.857E+01
Fola4ENZA_FUN_000003	GCA_025216365_FUN_000025	196	1.081E-01	6.330E-02	3.721E-02	4.221E+01
Fola4ENZA_FUN_000003	GCA_002233855_FUN_000172	141	1.698E-01	8.807E-02	5.730E-02	2.282E+01
Fola4ENZA_FUN_000003	GCA_048164945_FUN_000024	39	1.766E-01	4.464E-02	2.693E-02	1.031E+01
GCA_025267645_FUN_000212	GCA_025267645_FUN_000212	190	1.005E+00	1.000E+00	1.000E+00	9.805E-03
GCA_025267645_FUN_000212	GCA_025203105_FUN_000007	144	4.549E-01	2.689E-01	2.701E-01	6.838E+00
GCA_025267645_FUN_000212	GCA_019670925_FUN_000050	138	4.471E-01	2.561E-01	2.487E-01	6.853E+00
GCA_025267645_FUN_000212	GCA_049307005_FUN_000001	98	4.775E-01	2.691E-01	2.194E-01	5.312E+00
GCA_025267645_FUN_000212	GCA_019671045_FUN_000060	142	3.602E-01	2.315E-01	2.252E-01	8.719E+00
GCA_025267645_FUN_000212	Fusarium_elaeidis_ex_type_FUN_000039	80	5.243E-01	2.269E-01	1.891E-01	4.391E+00
GCA_025267645_FUN_000212	Fola4ENZA_FUN_000007	86	4.526E-01	2.153E-01	3.084E-01	5.055E+00
GCA_025267645_FUN_000212	Fusarium_phialophorum-barcode15_FUN_000015	86	4.526E-01	2.153E-01	3.084E-01	5.055E+00
GCA_025267645_FUN_000212	Fusarium_sp_128_FUN_000005	86	4.526E-01	2.153E-01	3.084E-01	5.055E+00
GCA_025267645_FUN_000212	GCA_001702695_FUN_000007	86	4.526E-01	2.153E-01	3.084E-01	5.055E+00
GCA_025267645_FUN_000212	GCA_003315725_FUN_000001	86	4.526E-01	2.153E-01	3.084E-01	5.055E+00
GCA_025267645_FUN_000212	GCA_014843455_FUN_000006	86	4.526E-01	2.153E-01	3.084E-01	5.055E+00
GCA_025267645_FUN_000212	GCA_021018635_FUN_000006	86	4.526E-01	2.153E-01	3.084E-01	5.055E+00
GCA_025267645_FUN_000212	GCA_032206225_FUN_000002	86	4.526E-01	2.153E-01	3.084E-01	5.055E+00
GCA_025267645_FUN_000212	Fola2ENZA_FUN_000005	105	4.056E-01	2.199E-01	2.681E-01	8.248E+00
GCA_025267645_FUN_000212	GCA_002234015_FUN_000068	175	4.328E-01	2.397E-01	1.884E-01	8.079E+00
GCA_025267645_FUN_000212	Fusarium_cugenangense_ex_type-barcode01_FUN_000019	93	4.336E-01	2.234E-01	3.181E-01	5.365E+00
GCA_025267645_FUN_000212	GCA_013347535_FUN_000021	93	4.336E-01	2.234E-01	3.181E-01	5.365E+00
GCA_025267645_FUN_000212	GCA_014843415_FUN_000016	93	4.336E-01	2.234E-01	3.181E-01	5.365E+00
GCA_025267645_FUN_000212	GCA_014843555_FUN_000005	93	4.336E-01	2.234E-01	3.181E-01	5.365E+00
GCA_025267645_FUN_000212	Fusarium_fabacearum_ex_type_FUN_000114	163	3.677E-01	2.064E-01	1.598E-01	9.013E+00
GCA_025267645_FUN_000212	GCA_001702495_FUN_000061	141	3.472E-01	1.978E-01	1.549E-01	1.434E+01
GCA_025267645_FUN_000212	GCA_002233855_FUN_000172	135	2.874E-01	1.873E-01	9.569E-02	1.248E+01
GCA_025267645_FUN_000212	GCA_001703205_FUN_000069	117	2.933E-01	1.709E-01	1.336E-01	9.481E+00
GCA_025267645_FUN_000212	Fusarium_kalimantanense_ex_type-barcode07_FUN_000007	94	2.132E-01	9.486E-02	1.164E-01	1.920E+01
GCA_025267645_FUN_000212	GCA_001702845_FUN_000128	137	2.625E-01	1.511E-01	1.328E-01	1.778E+01
GCA_025267645_FUN_000212	GCA_002234105_FUN_000094	137	2.625E-01	1.511E-01	1.328E-01	1.778E+01
GCA_025267645_FUN_000212	GCA_025203755_FUN_000017	137	2.621E-01	1.509E-01	1.325E-01	1.766E+01
GCA_025267645_FUN_000212	AJ520_race1_FUN_000054	117	2.804E-01	1.740E-01	1.418E-01	9.053E+00
GCA_025267645_FUN_000212	AJ592_race4_FUN_000037	117	2.804E-01	1.740E-01	1.418E-01	9.053E+00
GCA_025267645_FUN_000212	AJ865_race1_FUN_000053	117	2.804E-01	1.740E-01	1.418E-01	9.053E+00
GCA_025267645_FUN_000212	GCA_009755825_FUN_000023	131	1.931E-01	1.402E-01	8.788E-02	1.492E+01
GCA_025267645_FUN_000212	GCA_009755825_FUN_000084	147	2.580E-01	1.563E-01	1.433E-01	1.427E+01
GCA_025267645_FUN_000212	Fola3ENZA_FUN_000004	37	3.795E-01	1.249E-01	1.823E-01	4.326E+00
GCA_025267645_FUN_000212	Fola4ENZA_FUN_000008	37	3.794E-01	1.249E-01	1.823E-01	4.326E+00
GCA_025267645_FUN_000212	Fusarium_cugenangense_ex_type-barcode01_FUN_000020	37	3.795E-01	1.249E-01	1.823E-01	4.326E+00
GCA_025267645_FUN_000212	GCA_000260495_FUN_000006	37	3.794E-01	1.249E-01	1.823E-01	4.326E+00
GCA_025267645_FUN_000212	GCA_001702695_FUN_000008	37	3.794E-01	1.249E-01	1.823E-01	4.326E+00
GCA_025267645_FUN_000212	GCA_003315725_FUN_000002	37	3.794E-01	1.249E-01	1.823E-01	4.326E+00
GCA_025267645_FUN_000212	GCA_013347535_FUN_000022	37	3.795E-01	1.249E-01	1.823E-01	4.326E+00
GCA_025267645_FUN_000212	GCA_014843415_FUN_000017	37	3.795E-01	1.249E-01	1.823E-01	4.326E+00
GCA_025267645_FUN_000212	GCA_014843445_FUN_000019	37	3.795E-01	1.249E-01	1.823E-01	4.326E+00
GCA_025267645_FUN_000212	GCA_014843455_FUN_000007	37	3.794E-01	1.249E-01	1.823E-01	4.326E+00
GCA_025267645_FUN_000212	GCA_014843555_FUN_000006	37	3.795E-01	1.249E-01	1.823E-01	4.326E+00
GCA_025267645_FUN_000212	GCA_021018635_FUN_000007	37	3.794E-01	1.249E-01	1.823E-01	4.326E+00
GCA_025267645_FUN_000212	GCA_032206225_FUN_000003	37	3.794E-01	1.249E-01	1.823E-01	4.326E+00
GCA_025267645_FUN_000212	GCA_013423235_FUN_000001	37	3.794E-01	1.249E-01	1.767E-01	4.322E+00
GCA_025267645_FUN_000212	Fusarium_gossypinum_ex_type_FUN_000315	120	2.287E-01	1.147E-01	8.301E-02	1.782E+01
GCA_025267645_FUN_000212	Fusarium_fabacearum_ex_type_FUN_000005	119	2.533E-01	1.334E-01	1.249E-01	9.856E+00
GCA_025267645_FUN_000212	GCA_000259975_FUN_000028	126	2.489E-01	1.251E-01	1.221E-01	1.539E+01
GCA_025267645_FUN_000212	GCA_016170085_FUN_000003	122	1.230E-01	6.467E-02	8.061E-02	3.443E+01
GCA_025267645_FUN_000212	GCA_001703455_FUN_000133	144	3.485E-01	1.974E-01	1.924E-01	1.085E+01
GCA_025267645_FUN_000212	GCA_025216365_FUN_000109	54	3.205E-01	1.149E-01	4.155E-02	5.927E+00
GCA_025267645_FUN_000212	Fusarium_sp_128_FUN_000001	74	1.925E-01	8.258E-02	1.467E-01	1.415E+01
GCA_025267645_FUN_000212	GCA_020796175_FUN_000123	56	1.492E-01	5.115E-02	8.662E-02	1.130E+01
GCA_025267645_FUN_000212	GCA_000259975_FUN_000015	74	2.043E-01	6.488E-02	8.804E-02	1.381E+01
GCA_025267645_FUN_000212	Fola1ENZA_FUN_000069	44	2.531E-01	9.051E-02	7.559E-02	7.973E+00
GCA_025267645_FUN_000212	Fola3ENZA_FUN_000009	44	2.500E-01	8.877E-02	7.406E-02	8.013E+00
GCA_025267645_FUN_000212	GCA_014843445_FUN_000023	44	2.500E-01	8.877E-02	7.406E-02	8.013E+00
GCA_025267645_FUN_000212	GCA_020796175_FUN_000007	44	2.531E-01	9.051E-02	7.559E-02	7.973E+00
GCA_025267645_FUN_000212	Fusarium_glycines_ex_type_FUN_000042	9	5.085E-01	3.579E-02	4.769E-02	4.577E+00
GCA_025267645_FUN_000212	GCA_014839635_FUN_000047	151	1.139E-01	6.295E-02	5.928E-02	1.877E+01
GCA_025267645_FUN_000212	Fusarium_duoseptatum_ex_type-barcode03_FUN_000160	34	2.354E-01	6.235E-02	6.636E-02	1.039E+01
GCA_025267645_FUN_000212	GCA_015227905_FUN_000281	51	2.438E-01	6.657E-02	6.051E-02	9.980E+00
GCA_025267645_FUN_000212	GCA_014839635_FUN_000049	85	1.443E-01	6.795E-02	5.303E-02	1.659E+01
GCA_025267645_FUN_000212	Fusarium_gossypinum_ex_type_FUN_000050	11	5.419E-01	5.409E-02	2.215E-02	1.620E+00
GCA_025267645_FUN_000212	GCA_001703455_FUN_000315	11	5.419E-01	5.409E-02	2.215E-02	1.620E+00
GCA_025267645_FUN_000212	AJ516_race4_FUN_000033	32	3.356E-01	7.535E-02	3.205E-02	1.040E+01
GCA_025267645_FUN_000212	Fola2ENZA_FUN_000024	16	3.664E-01	5.907E-02	6.815E-02	3.309E+00
GCA_025267645_FUN_000212	Fusarium_phialophorum-barcode15_FUN_000013	16	3.664E-01	5.907E-02	6.815E-02	3.309E+00
GCA_025267645_FUN_000212	GCA_001702845_FUN_000132	55	1.890E-01	5.735E-02	4.672E-02	1.160E+01
GCA_025267645_FUN_000212	GCA_002234105_FUN_000098	55	1.893E-01	5.738E-02	4.674E-02	1.160E+01
GCA_025267645_FUN_000212	GCA_048164945_FUN_000024	28	2.824E-01	5.779E-02	2.504E-02	1.017E+01
GCA_025267645_FUN_000212	GCA_050947165_FUN_000012	40	2.544E-01	8.373E-02	3.780E-02	1.353E+01
GCA_025267645_FUN_000212	GCA_050947235_FUN_000024	40	2.544E-01	8.373E-02	3.780E-02	1.353E+01
GCA_014843415_FUN_000015	Fola3ENZA_FUN_000003	224	1.004E+00	1.000E+00	1.000E+00	1.927E-02
GCA_014843415_FUN_000015	Fusarium_cugenangense_ex_type-barcode01_FUN_000018	224	1.004E+00	1.000E+00	1.000E+00	1.927E-02
GCA_014843415_FUN_000015	GCA_013347535_FUN_000020	224	1.004E+00	1.000E+00	1.000E+00	1.927E-02
GCA_014843415_FUN_000015	GCA_014843415_FUN_000015	224	1.004E+00	1.000E+00	1.000E+00	1.927E-02
GCA_014843415_FUN_000015	GCA_014843445_FUN_000018	224	1.004E+00	1.000E+00	1.000E+00	1.927E-02
GCA_014843415_FUN_000015	GCA_014843555_FUN_000004	224	1.004E+00	1.000E+00	1.000E+00	1.927E-02
GCA_014843415_FUN_000015	Fola2ENZA_FUN_000025	224	6.467E-01	6.440E-01	6.440E-01	9.943E+00
GCA_014843415_FUN_000015	Fusarium_phialophorum-barcode15_FUN_000014	209	6.006E-01	5.666E-01	5.901E-01	8.534E+00
GCA_014843415_FUN_000015	GCA_018894095_FUN_000086	133	3.584E-01	1.670E-01	2.330E-01	2.269E+01
GCA_014843415_FUN_000015	GCA_038050555_FUN_000020	132	3.591E-01	1.678E-01	2.450E-01	1.873E+01
GCA_014843415_FUN_000015	Fusarium_glycines_ex_type_FUN_000010	222	2.808E-01	2.200E-01	2.794E-01	2.888E+01
GCA_014843415_FUN_000015	Fusarium_gossypinum_ex_type_FUN_000200	227	2.226E-01	1.719E-01	1.608E-01	2.716E+01
GCA_014843415_FUN_000015	GCA_050947165_FUN_000034	177	1.776E-01	1.120E-01	1.248E-01	2.770E+01
GCA_014843415_FUN_000015	GCA_050947235_FUN_000045	177	1.776E-01	1.120E-01	1.248E-01	2.770E+01
GCA_014843415_FUN_000015	Fola1ENZA_FUN_000069	98	1.866E-01	9.130E-02	8.489E-02	2.018E+01
GCA_014843415_FUN_000015	GCA_020796175_FUN_000007	98	1.866E-01	9.130E-02	8.489E-02	2.018E+01
GCA_014843415_FUN_000015	GCA_049306905_FUN_000006	48	2.469E-01	7.214E-02	1.613E-01	1.167E+01
GCA_014843415_FUN_000015	GCA_049307005_FUN_000010	48	2.469E-01	7.214E-02	1.613E-01	1.167E+01
GCA_014843415_FUN_000015	Fola3ENZA_FUN_000004	57	2.373E-01	7.433E-02	1.173E-01	8.375E+00
GCA_014843415_FUN_000015	Fusarium_cugenangense_ex_type-barcode01_FUN_000020	57	2.373E-01	7.433E-02	1.173E-01	8.375E+00
GCA_014843415_FUN_000015	GCA_013347535_FUN_000022	57	2.373E-01	7.433E-02	1.173E-01	8.375E+00
GCA_014843415_FUN_000015	GCA_014843415_FUN_000017	57	2.373E-01	7.433E-02	1.173E-01	8.375E+00
GCA_014843415_FUN_000015	GCA_014843445_FUN_000019	57	2.373E-01	7.433E-02	1.173E-01	8.375E+00
GCA_014843415_FUN_000015	GCA_014843555_FUN_000006	57	2.373E-01	7.433E-02	1.173E-01	8.375E+00
GCA_014843415_FUN_000017	Fola3ENZA_FUN_000004	117	1.009E+00	1.000E+00	1.000E+00	0.000E+00
GCA_014843415_FUN_000017	Fusarium_cugenangense_ex_type-barcode01_FUN_000020	117	1.009E+00	1.000E+00	1.000E+00	0.000E+00
GCA_014843415_FUN_000017	GCA_013347535_FUN_000022	117	1.009E+00	1.000E+00	1.000E+00	0.000E+00
GCA_014843415_FUN_000017	GCA_014843415_FUN_000017	117	1.009E+00	1.000E+00	1.000E+00	0.000E+00
GCA_014843415_FUN_000017	GCA_014843445_FUN_000019	117	1.009E+00	1.000E+00	1.000E+00	0.000E+00
GCA_014843415_FUN_000017	GCA_014843555_FUN_000006	117	1.009E+00	1.000E+00	1.000E+00	0.000E+00
GCA_014843415_FUN_000017	GCA_013423235_FUN_000001	117	8.696E-01	8.625E-01	8.265E-01	3.095E+00
GCA_014843415_FUN_000017	Fola4ENZA_FUN_000008	117	8.421E-01	8.351E-01	8.351E-01	4.641E+00
GCA_014843415_FUN_000017	GCA_000260495_FUN_000006	117	8.421E-01	8.351E-01	8.351E-01	4.641E+00
GCA_014843415_FUN_000017	GCA_001702695_FUN_000008	117	8.421E-01	8.351E-01	8.351E-01	4.641E+00
GCA_014843415_FUN_000017	GCA_003315725_FUN_000002	117	8.421E-01	8.351E-01	8.351E-01	4.641E+00
GCA_014843415_FUN_000017	GCA_014843455_FUN_000007	117	8.421E-01	8.351E-01	8.351E-01	4.641E+00
GCA_014843415_FUN_000017	GCA_021018635_FUN_000007	117	8.421E-01	8.351E-01	8.351E-01	4.641E+00
GCA_014843415_FUN_000017	GCA_032206225_FUN_000003	117	8.421E-01	8.351E-01	8.351E-01	4.641E+00
GCA_014843415_FUN_000017	GCA_019670925_FUN_000040	91	2.906E-01	2.107E-01	1.269E-01	1.305E+01
GCA_014843415_FUN_000017	GCA_000259975_FUN_000015	64	3.648E-01	2.095E-01	1.881E-01	7.018E+00
GCA_014843415_FUN_000017	Fusarium_kalimantanense_ex_type-barcode07_FUN_000007	106	2.152E-01	1.481E-01	1.239E-01	1.999E+01
GCA_014843415_FUN_000017	Fola1ENZA_FUN_000069	116	1.954E-01	1.652E-01	9.573E-02	1.887E+01
GCA_014843415_FUN_000017	Fola3ENZA_FUN_000009	116	1.967E-01	1.647E-01	9.578E-02	1.869E+01
GCA_014843415_FUN_000017	GCA_014843445_FUN_000023	116	1.967E-01	1.647E-01	9.578E-02	1.869E+01
GCA_014843415_FUN_000017	GCA_020796175_FUN_000007	116	1.954E-01	1.652E-01	9.573E-02	1.887E+01
GCA_014843415_FUN_000017	GCA_014839635_FUN_000049	162	1.509E-01	1.364E-01	7.745E-02	1.898E+01
GCA_014843415_FUN_000017	Fusarium_duoseptatum_ex_type-barcode03_FUN_000160	106	1.734E-01	1.336E-01	1.037E-01	1.588E+01
GCA_014843415_FUN_000017	GCA_049306905_FUN_000029	79	2.340E-01	1.365E-01	4.123E-02	1.136E+01
GCA_014843415_FUN_000017	GCA_049307005_FUN_000032	79	2.340E-01	1.365E-01	4.123E-02	1.136E+01
GCA_014843415_FUN_000017	GCA_050947165_FUN_000012	71	2.815E-01	1.672E-01	5.203E-02	1.324E+01
GCA_014843415_FUN_000017	GCA_050947235_FUN_000024	71	2.815E-01	1.672E-01	5.203E-02	1.324E+01
GCA_014843415_FUN_000017	GCA_023509805_FUN_000049	93	1.867E-01	1.425E-01	1.079E-01	1.729E+01
GCA_014843415_FUN_000017	GCA_025267645_FUN_000212	66	3.511E-01	2.037E-01	1.405E-01	6.920E+00
GCA_014843415_FUN_000017	Fusarium_fabacearum_ex_type_FUN_000005	96	1.529E-01	1.275E-01	8.577E-02	1.359E+01
GCA_014843415_FUN_000017	Fusarium_sp_128_FUN_000003	123	1.528E-01	1.361E-01	7.328E-02	1.380E+01
GCA_014843415_FUN_000017	GCA_048164945_FUN_000024	78	2.232E-01	1.268E-01	3.983E-02	1.163E+01
GCA_014843415_FUN_000017	GCA_049307005_FUN_000001	98	1.395E-01	1.115E-01	6.489E-02	1.610E+01
GCA_014843415_FUN_000017	AJ705_race4_FUN_000009	84	1.609E-01	1.073E-01	7.289E-02	1.294E+01
GCA_014843415_FUN_000017	GCA_023509805_FUN_000022	130	1.803E-01	1.538E-01	7.150E-02	1.356E+01
GCA_014843415_FUN_000017	GCA_018894095_FUN_000077	93	1.973E-01	1.418E-01	5.616E-02	1.074E+01
GCA_014843415_FUN_000017	Fusarium_cugenangense_ex_type-barcode01_FUN_000019	31	5.224E-01	2.019E-01	2.004E-01	3.464E+00
GCA_014843415_FUN_000017	GCA_013347535_FUN_000021	31	5.224E-01	2.019E-01	2.004E-01	3.464E+00
GCA_014843415_FUN_000017	GCA_014843415_FUN_000016	31	5.224E-01	2.019E-01	2.004E-01	3.464E+00
GCA_014843415_FUN_000017	GCA_014843555_FUN_000005	31	5.224E-01	2.019E-01	2.004E-01	3.464E+00
GCA_014843415_FUN_000017	GCA_020796175_FUN_000123	96	1.857E-01	1.558E-01	1.766E-01	1.374E+01
GCA_014843415_FUN_000017	GCA_000259975_FUN_000028	112	2.075E-01	1.425E-01	9.606E-02	1.161E+01
GCA_014843415_FUN_000017	AJ516_race4_FUN_000027	62	2.150E-01	1.154E-01	1.669E-01	9.637E+00
GCA_014843415_FUN_000017	AJ520_race1_FUN_000015	62	2.150E-01	1.154E-01	1.669E-01	9.637E+00
GCA_014843415_FUN_000017	AJ865_race1_FUN_000014	62	2.150E-01	1.154E-01	1.669E-01	9.637E+00
GCA_014843415_FUN_000017	GCA_018894095_FUN_000071	46	2.301E-01	1.073E-01	1.372E-01	1.570E+01
GCA_014843415_FUN_000017	Fusarium_duoseptatum_ex_type-barcode03_FUN_000086	79	3.011E-01	1.891E-01	2.334E-01	1.574E+01
GCA_014843415_FUN_000017	AJ516_race4_FUN_000013	133	2.135E-01	1.697E-01	1.483E-01	1.179E+01
GCA_014843415_FUN_000017	GCA_019671045_FUN_000060	93	1.979E-01	1.527E-01	1.094E-01	1.365E+01
GCA_014843415_FUN_000017	GCA_019670925_FUN_000002	56	1.836E-01	9.651E-02	6.149E-02	8.580E+00
GCA_014843415_FUN_000017	GCA_025203755_FUN_000021	119	1.794E-01	1.464E-01	8.180E-02	1.376E+01
GCA_014843415_FUN_000017	GCA_016166325_FUN_000030	70	1.741E-01	1.122E-01	1.524E-01	8.052E+00
GCA_014843415_FUN_000017	GCA_016170085_FUN_000014	70	1.741E-01	1.122E-01	1.524E-01	8.052E+00
GCA_014843415_FUN_000017	Fusarium_kalimantanense_ex_type-barcode07_FUN_000026	55	1.988E-01	1.073E-01	1.458E-01	9.048E+00
GCA_014843415_FUN_000017	GCA_049306905_FUN_000006	53	2.211E-01	1.139E-01	1.546E-01	9.113E+00
GCA_014843415_FUN_000017	GCA_049307005_FUN_000010	53	2.211E-01	1.139E-01	1.546E-01	9.113E+00
GCA_014843415_FUN_000017	GCA_025203105_FUN_000005	86	2.036E-01	1.124E-01	8.827E-02	1.458E+01
GCA_014843415_FUN_000017	GCA_025267645_FUN_000218	87	1.475E-01	8.914E-02	5.610E-02	1.488E+01
GCA_014843415_FUN_000017	AJ516_race4_FUN_000033	71	2.549E-01	1.372E-01	4.055E-02	1.165E+01
GCA_014843415_FUN_000017	GCA_019671045_FUN_000019	57	1.853E-01	9.709E-02	6.164E-02	8.683E+00
GCA_014843415_FUN_000017	GCA_025267645_FUN_000197	66	1.494E-01	8.789E-02	7.797E-02	1.308E+01
Fola1ENZA_FUN_000004	Fola1ENZA_FUN_000004	245	1.004E+00	1.000E+00	1.000E+00	0.000E+00
Fola1ENZA_FUN_000004	Fola4ENZA_FUN_000003	245	1.004E+00	1.000E+00	1.000E+00	0.000E+00
Fola1ENZA_FUN_000004	GCA_000260495_FUN_000001	245	1.004E+00	1.000E+00	1.000E+00	0.000E+00
Fola1ENZA_FUN_000004	GCA_001702695_FUN_000003	245	1.004E+00	1.000E+00	1.000E+00	0.000E+00
Fola1ENZA_FUN_000004	GCA_014843455_FUN_000002	245	1.004E+00	1.000E+00	1.000E+00	0.000E+00
Fola1ENZA_FUN_000004	GCA_025203105_FUN_000005	130	5.420E-01	2.545E-01	3.101E-01	6.049E+00
Fola1ENZA_FUN_000004	Fola2ENZA_FUN_000024	134	4.952E-01	2.640E-01	3.779E-01	1.042E+01
Fola1ENZA_FUN_000004	Fusarium_phialophorum-barcode15_FUN_000013	134	4.952E-01	2.640E-01	3.779E-01	1.042E+01
Fola1ENZA_FUN_000004	GCA_025203755_FUN_000021	112	2.465E-01	1.088E-01	1.071E-01	1.178E+01
Fola1ENZA_FUN_000004	Fola4ENZA_FUN_000008	22	4.571E-01	5.075E-02	9.682E-02	3.545E+00
Fola1ENZA_FUN_000004	GCA_000260495_FUN_000006	22	4.571E-01	5.075E-02	9.682E-02	3.545E+00
Fola1ENZA_FUN_000004	GCA_001702695_FUN_000008	22	4.571E-01	5.075E-02	9.682E-02	3.545E+00
Fola1ENZA_FUN_000004	GCA_003315725_FUN_000002	22	4.571E-01	5.075E-02	9.682E-02	3.545E+00
Fola1ENZA_FUN_000004	GCA_014843455_FUN_000007	22	4.571E-01	5.075E-02	9.682E-02	3.545E+00
Fola1ENZA_FUN_000004	GCA_021018635_FUN_000007	22	4.571E-01	5.075E-02	9.682E-02	3.545E+00
Fola1ENZA_FUN_000004	GCA_032206225_FUN_000003	22	4.571E-01	5.075E-02	9.682E-02	3.545E+00
Fola1ENZA_FUN_000004	GCA_049307005_FUN_000001	72	1.999E-01	8.412E-02	8.387E-02	9.306E+00
Fola1ENZA_FUN_000004	GCA_001702845_FUN_000132	112	2.465E-01	1.089E-01	1.072E-01	1.176E+01
Fola1ENZA_FUN_000004	GCA_002234105_FUN_000098	112	2.467E-01	1.089E-01	1.072E-01	1.177E+01
Fola1ENZA_FUN_000004	AJ592_race4_FUN_000062	130	1.352E-01	7.804E-02	6.186E-02	1.272E+01
Fola1ENZA_FUN_000004	AJ705_race4_FUN_000001	130	1.352E-01	7.804E-02	6.186E-02	1.272E+01
Fola1ENZA_FUN_000004	Fola3ENZA_FUN_000004	22	4.575E-01	5.075E-02	9.683E-02	3.547E+00
Fola1ENZA_FUN_000004	Fusarium_cugenangense_ex_type-barcode01_FUN_000020	22	4.575E-01	5.075E-02	9.683E-02	3.547E+00
Fola1ENZA_FUN_000004	GCA_013347535_FUN_000022	22	4.575E-01	5.075E-02	9.683E-02	3.547E+00
Fola1ENZA_FUN_000004	GCA_014843415_FUN_000017	22	4.575E-01	5.075E-02	9.683E-02	3.547E+00
Fola1ENZA_FUN_000004	GCA_014843445_FUN_000019	22	4.575E-01	5.075E-02	9.683E-02	3.547E+00
Fola1ENZA_FUN_000004	GCA_014843555_FUN_000006	22	4.575E-01	5.075E-02	9.683E-02	3.547E+00
Fola1ENZA_FUN_000004	GCA_013423235_FUN_000001	22	4.565E-01	5.074E-02	9.344E-02	3.547E+00
Fola1ENZA_FUN_000004	Fusarium_duoseptatum_ex_type-barcode03_FUN_000160	36	2.875E-01	7.014E-02	8.598E-02	7.144E+00
Fola1ENZA_FUN_000004	GCA_025203105_FUN_000007	41	2.503E-01	8.738E-02	1.055E-01	5.841E+00
Fola1ENZA_FUN_000004	AJ516_race4_FUN_000027	37	1.659E-01	4.180E-02	9.593E-02	1.077E+01
Fola1ENZA_FUN_000004	AJ520_race1_FUN_000015	37	1.659E-01	4.180E-02	9.593E-02	1.077E+01
Fola1ENZA_FUN_000004	AJ865_race1_FUN_000014	37	1.659E-01	4.180E-02	9.593E-02	1.077E+01
Fola1ENZA_FUN_000004	GCA_023509805_FUN_000049	77	1.812E-01	8.557E-02	9.628E-02	1.204E+01
Fola1ENZA_FUN_000004	GCA_025267645_FUN_000212	139	1.446E-01	7.907E-02	9.542E-02	1.730E+01
Fola1ENZA_FUN_000004	GCA_001703455_FUN_000133	94	1.711E-01	6.969E-02	8.135E-02	1.837E+01
Fola1ENZA_FUN_000004	GCA_019670925_FUN_000040	68	2.492E-01	8.283E-02	8.512E-02	9.956E+00
Fola1ENZA_FUN_000004	Fola3ENZA_FUN_000009	111	1.350E-01	6.487E-02	6.506E-02	1.874E+01
Fola1ENZA_FUN_000004	GCA_014843445_FUN_000023	111	1.350E-01	6.487E-02	6.506E-02	1.874E+01
Fola1ENZA_FUN_000004	GCA_016166325_FUN_000030	37	1.762E-01	4.847E-02	1.167E-01	1.016E+01
Fola1ENZA_FUN_000004	GCA_016170085_FUN_000014	37	1.762E-01	4.847E-02	1.167E-01	1.016E+01
Fola1ENZA_FUN_000004	GCA_038050555_FUN_000006	58	1.802E-01	5.355E-02	1.249E-01	1.285E+01
Fola1ENZA_FUN_000004	Fola1ENZA_FUN_000069	111	1.367E-01	6.543E-02	6.563E-02	1.852E+01
Fola1ENZA_FUN_000004	GCA_020796175_FUN_000007	111	1.367E-01	6.543E-02	6.563E-02	1.852E+01
Fola1ENZA_FUN_000004	AJ520_race1_FUN_000054	121	1.295E-01	6.937E-02	6.976E-02	2.015E+01
Fola1ENZA_FUN_000004	AJ592_race4_FUN_000037	121	1.295E-01	6.937E-02	6.976E-02	2.015E+01
Fola1ENZA_FUN_000004	AJ865_race1_FUN_000053	121	1.295E-01	6.937E-02	6.976E-02	2.015E+01
Fola1ENZA_FUN_000004	GCA_001703205_FUN_000069	121	1.295E-01	6.934E-02	6.919E-02	2.061E+01
Fola1ENZA_FUN_000004	GCA_014839635_FUN_000049	85	2.046E-01	1.017E-01	9.551E-02	9.487E+00
Fola1ENZA_FUN_000004	Fusarium_gossypinum_ex_type_FUN_000315	98	1.621E-01	6.592E-02	5.323E-02	1.472E+01
Fola1ENZA_FUN_000004	GCA_009755825_FUN_000023	143	1.424E-01	8.655E-02	6.551E-02	1.857E+01
Fola1ENZA_FUN_000004	GCA_025216365_FUN_000025	196	1.081E-01	6.330E-02	3.721E-02	4.221E+01
Fola1ENZA_FUN_000004	GCA_002233855_FUN_000172	141	1.698E-01	8.807E-02	5.730E-02	2.282E+01
Fola1ENZA_FUN_000004	GCA_048164945_FUN_000024	39	1.766E-01	4.464E-02	2.693E-02	1.031E+01
GCA_038050555_FUN_000028	GCA_038050555_FUN_000028	219	1.005E+00	1.000E+00	1.000E+00	0.000E+00
GCA_038050555_FUN_000028	GCA_049306905_FUN_000037	220	7.056E-01	6.296E-01	7.025E-01	5.803E+00
GCA_038050555_FUN_000028	GCA_001702495_FUN_000069	64	4.621E-01	1.659E-01	1.001E-01	3.984E+00
GCA_038050555_FUN_000028	GCA_019671045_FUN_000062	210	2.372E-01	1.910E-01	1.827E-01	1.818E+01
GCA_038050555_FUN_000028	GCA_002234015_FUN_000078	60	4.706E-01	1.512E-01	9.091E-02	4.041E+00
GCA_038050555_FUN_000028	GCA_000259975_FUN_000002	71	2.719E-01	1.110E-01	9.114E-02	1.078E+01
GCA_038050555_FUN_000028	GCA_025216365_FUN_000109	77	2.684E-01	7.799E-02	2.858E-02	1.672E+01
GCA_038050555_FUN_000028	GCA_019593505_FUN_000075	163	2.400E-01	1.540E-01	1.436E-01	1.530E+01
GCA_038050555_FUN_000028	Fusarium_glycines_ex_type_FUN_000042	82	2.397E-01	8.171E-02	1.149E-01	1.102E+01
GCA_038050555_FUN_000028	GCA_050947165_FUN_000004	71	2.396E-01	8.689E-02	9.259E-02	1.090E+01
GCA_038050555_FUN_000028	GCA_050947235_FUN_000004	71	2.396E-01	8.689E-02	9.259E-02	1.090E+01
GCA_038050555_FUN_000028	GCA_016170085_FUN_000049	89	2.135E-01	9.552E-02	1.452E-01	1.618E+01
GCA_038050555_FUN_000028	GCA_048164945_FUN_000047	149	1.435E-01	9.466E-02	1.320E-01	1.320E+01
GCA_038050555_FUN_000028	GCA_002234045_FUN_000302	75	2.439E-01	1.022E-01	6.237E-02	1.613E+01
GCA_038050555_FUN_000028	AJ705_race4_FUN_000025	54	2.634E-01	8.614E-02	1.034E-01	1.271E+01
GCA_038050555_FUN_000028	GCA_048164945_FUN_000024	91	3.196E-01	1.120E-01	5.096E-02	1.061E+01
GCA_038050555_FUN_000028	AJ516_race4_FUN_000033	84	1.982E-01	7.422E-02	5.014E-02	1.112E+01
GCA_038050555_FUN_000028	GCA_018894095_FUN_000077	89	1.718E-01	8.473E-02	4.968E-02	1.160E+01
AJ520_race1_FUN_000015	AJ516_race4_FUN_000027	71	1.014E+00	1.000E+00	1.000E+00	2.395E-03
AJ520_race1_FUN_000015	AJ520_race1_FUN_000015	71	1.014E+00	1.000E+00	1.000E+00	2.395E-03
AJ520_race1_FUN_000015	AJ865_race1_FUN_000014	71	1.014E+00	1.000E+00	1.000E+00	2.395E-03
AJ520_race1_FUN_000015	GCA_038050555_FUN_000006	80	8.930E-01	8.582E-01	7.685E-01	1.753E+00
AJ520_race1_FUN_000015	GCA_018894095_FUN_000071	82	8.360E-01	8.252E-01	7.090E-01	2.651E+00
AJ520_race1_FUN_000015	GCA_016166325_FUN_000030	65	8.700E-01	7.910E-01	8.121E-01	2.162E+00
AJ520_race1_FUN_000015	GCA_016170085_FUN_000014	65	8.700E-01	7.910E-01	8.121E-01	2.162E+00
AJ520_race1_FUN_000015	Fusarium_kalimantanense_ex_type-barcode07_FUN_000026	71	7.922E-01	7.823E-01	7.726E-01	2.942E+00
AJ520_race1_FUN_000015	GCA_048164945_FUN_000019	79	8.386E-01	7.968E-01	7.247E-01	2.641E+00
AJ520_race1_FUN_000015	Fusarium_duoseptatum_ex_type-barcode03_FUN_000086	86	3.585E-01	3.153E-01	2.587E-01	9.674E+00
AJ520_race1_FUN_000015	GCA_001703205_FUN_000018	60	4.312E-01	3.563E-01	3.683E-01	9.297E+00
AJ520_race1_FUN_000015	GCA_020796175_FUN_000123	67	3.979E-01	3.354E-01	2.777E-01	6.380E+00
AJ520_race1_FUN_000015	GCA_049307005_FUN_000001	44	2.513E-01	1.532E-01	6.646E-02	6.470E+00
AJ520_race1_FUN_000015	GCA_014839635_FUN_000049	50	2.925E-01	1.767E-01	5.841E-02	1.151E+01
AJ520_race1_FUN_000015	Fola3ENZA_FUN_000004	60	1.917E-01	1.464E-01	1.017E-01	9.763E+00
AJ520_race1_FUN_000015	Fola4ENZA_FUN_000008	60	1.917E-01	1.464E-01	1.017E-01	9.761E+00
AJ520_race1_FUN_000015	Fusarium_cugenangense_ex_type-barcode01_FUN_000020	60	1.917E-01	1.464E-01	1.017E-01	9.763E+00
AJ520_race1_FUN_000015	GCA_000260495_FUN_000006	60	1.917E-01	1.464E-01	1.017E-01	9.761E+00
AJ520_race1_FUN_000015	GCA_001702695_FUN_000008	60	1.917E-01	1.464E-01	1.017E-01	9.761E+00
AJ520_race1_FUN_000015	GCA_003315725_FUN_000002	60	1.917E-01	1.464E-01	1.017E-01	9.761E+00
AJ520_race1_FUN_000015	GCA_013347535_FUN_000022	60	1.917E-01	1.464E-01	1.017E-01	9.763E+00
AJ520_race1_FUN_000015	GCA_014843415_FUN_000017	60	1.917E-01	1.464E-01	1.017E-01	9.763E+00
AJ520_race1_FUN_000015	GCA_014843445_FUN_000019	60	1.917E-01	1.464E-01	1.017E-01	9.763E+00
AJ520_race1_FUN_000015	GCA_014843455_FUN_000007	60	1.917E-01	1.464E-01	1.017E-01	9.761E+00
AJ520_race1_FUN_000015	GCA_014843555_FUN_000006	60	1.917E-01	1.464E-01	1.017E-01	9.763E+00
AJ520_race1_FUN_000015	GCA_021018635_FUN_000007	60	1.917E-01	1.464E-01	1.017E-01	9.761E+00
AJ520_race1_FUN_000015	GCA_032206225_FUN_000003	60	1.917E-01	1.464E-01	1.017E-01	9.761E+00
AJ520_race1_FUN_000015	GCA_013423235_FUN_000001	60	1.918E-01	1.465E-01	9.842E-02	9.754E+00
AJ520_race1_FUN_000015	AJ516_race4_FUN_000013	52	1.805E-01	1.501E-01	9.610E-02	1.055E+01
AJ520_race1_FUN_000015	GCA_025203105_FUN_000005	53	1.900E-01	1.133E-01	5.696E-02	9.255E+00
GCA_025203755_FUN_000021	GCA_025203755_FUN_000021	250	1.004E+00	1.000E+00	1.000E+00	2.088E-03
GCA_025203755_FUN_000021	GCA_001702845_FUN_000132	250	7.223E-01	7.197E-01	7.197E-01	5.772E+00
GCA_025203755_FUN_000021	GCA_002234105_FUN_000098	250	6.361E-01	6.338E-01	6.338E-01	8.413E+00
GCA_025203755_FUN_000021	GCA_015227905_FUN_000133	103	4.539E-01	1.623E-01	1.277E-01	8.753E+00
GCA_025203755_FUN_000021	Fola1ENZA_FUN_000004	112	2.465E-01	1.071E-01	1.088E-01	1.178E+01
GCA_025203755_FUN_000021	Fola4ENZA_FUN_000003	112	2.465E-01	1.071E-01	1.088E-01	1.178E+01
GCA_025203755_FUN_000021	GCA_000260495_FUN_000001	112	2.465E-01	1.071E-01	1.088E-01	1.178E+01
GCA_025203755_FUN_000021	GCA_001702695_FUN_000003	112	2.465E-01	1.071E-01	1.088E-01	1.178E+01
GCA_025203755_FUN_000021	GCA_014843455_FUN_000002	112	2.465E-01	1.071E-01	1.088E-01	1.178E+01
GCA_025203755_FUN_000021	GCA_025216365_FUN_000109	100	5.215E-01	2.027E-01	8.743E-02	4.806E+00
GCA_025203755_FUN_000021	GCA_002234015_FUN_000078	54	4.351E-01	1.217E-01	8.318E-02	6.824E+00
GCA_025203755_FUN_000021	GCA_025216365_FUN_000064	52	2.883E-01	8.195E-02	1.436E-01	1.304E+01
GCA_025203755_FUN_000021	GCA_049307005_FUN_000001	83	2.778E-01	1.098E-01	1.109E-01	1.236E+01
GCA_025203755_FUN_000021	Fola3ENZA_FUN_000003	87	2.272E-01	9.671E-02	1.048E-01	1.541E+01
GCA_025203755_FUN_000021	Fusarium_cugenangense_ex_type-barcode01_FUN_000018	87	2.272E-01	9.671E-02	1.048E-01	1.541E+01
GCA_025203755_FUN_000021	GCA_013347535_FUN_000020	87	2.272E-01	9.671E-02	1.048E-01	1.541E+01
GCA_025203755_FUN_000021	GCA_014843415_FUN_000015	87	2.272E-01	9.671E-02	1.048E-01	1.541E+01
GCA_025203755_FUN_000021	GCA_014843445_FUN_000018	87	2.272E-01	9.671E-02	1.048E-01	1.541E+01
GCA_025203755_FUN_000021	GCA_014843555_FUN_000004	87	2.272E-01	9.671E-02	1.048E-01	1.541E+01
GCA_025203755_FUN_000021	GCA_025203105_FUN_000005	57	3.165E-01	6.344E-02	7.753E-02	1.349E+01
GCA_025203755_FUN_000021	GCA_025267645_FUN_000197	81	2.001E-01	8.009E-02	8.836E-02	1.293E+01
GCA_025203755_FUN_000021	Fusarium_duoseptatum_ex_type-barcode03_FUN_000160	43	3.796E-01	9.294E-02	1.223E-01	5.315E+00
GCA_025203755_FUN_000021	AJ516_race4_FUN_000027	59	3.182E-01	5.355E-02	1.627E-01	9.696E+00
GCA_025203755_FUN_000021	AJ520_race1_FUN_000015	59	3.182E-01	5.355E-02	1.627E-01	9.696E+00
GCA_025203755_FUN_000021	AJ865_race1_FUN_000014	59	3.182E-01	5.355E-02	1.627E-01	9.696E+00
GCA_025203755_FUN_000021	GCA_048164945_FUN_000019	9	4.562E-01	3.148E-02	8.254E-02	2.586E+00
GCA_025203755_FUN_000021	Fusarium_kalimantanense_ex_type-barcode07_FUN_000007	90	1.442E-01	6.762E-02	9.209E-02	1.520E+01
GCA_025203755_FUN_000021	GCA_025203105_FUN_000007	98	1.804E-01	6.907E-02	8.652E-02	1.457E+01
GCA_025203755_FUN_000021	GCA_014839635_FUN_000047	48	3.641E-01	6.275E-02	7.204E-02	1.388E+01
GCA_025203755_FUN_000021	GCA_001702495_FUN_000061	40	2.025E-01	5.068E-02	4.977E-02	9.765E+00
GCA_025203755_FUN_000021	GCA_002234015_FUN_000068	40	2.019E-01	5.067E-02	4.976E-02	9.772E+00
GCA_025203755_FUN_000021	Fusarium_fabacearum_ex_type_FUN_000114	36	1.545E-01	4.708E-02	4.480E-02	1.234E+01
GCA_025203755_FUN_000021	Fusarium_kalimantanense_ex_type-barcode07_FUN_000026	10	3.401E-01	3.332E-02	1.013E-01	1.927E+00
GCA_025203755_FUN_000021	Fusarium_fabacearum_ex_type_FUN_000267	17	2.856E-01	5.077E-02	8.673E-02	3.019E+00
GCA_025203755_FUN_000021	GCA_002233855_FUN_000349	17	2.856E-01	5.077E-02	8.673E-02	3.019E+00
GCA_025203755_FUN_000021	GCA_025267645_FUN_000212	48	2.139E-01	5.832E-02	7.332E-02	1.025E+01
GCA_025203755_FUN_000021	GCA_019670925_FUN_000040	21	1.996E-01	4.033E-02	4.288E-02	7.172E+00
Fola3ENZA_FUN_000003	Fola3ENZA_FUN_000003	224	1.004E+00	1.000E+00	1.000E+00	1.927E-02
Fola3ENZA_FUN_000003	Fusarium_cugenangense_ex_type-barcode01_FUN_000018	224	1.004E+00	1.000E+00	1.000E+00	1.927E-02
Fola3ENZA_FUN_000003	GCA_013347535_FUN_000020	224	1.004E+00	1.000E+00	1.000E+00	1.927E-02
Fola3ENZA_FUN_000003	GCA_014843415_FUN_000015	224	1.004E+00	1.000E+00	1.000E+00	1.927E-02
Fola3ENZA_FUN_000003	GCA_014843445_FUN_000018	224	1.004E+00	1.000E+00	1.000E+00	1.927E-02
Fola3ENZA_FUN_000003	GCA_014843555_FUN_000004	224	1.004E+00	1.000E+00	1.000E+00	1.927E-02
Fola3ENZA_FUN_000003	Fola2ENZA_FUN_000025	224	6.467E-01	6.440E-01	6.440E-01	9.943E+00
Fola3ENZA_FUN_000003	Fusarium_phialophorum-barcode15_FUN_000014	209	6.006E-01	5.666E-01	5.901E-01	8.534E+00
Fola3ENZA_FUN_000003	GCA_018894095_FUN_000086	133	3.584E-01	1.670E-01	2.330E-01	2.269E+01
Fola3ENZA_FUN_000003	GCA_038050555_FUN_000020	132	3.591E-01	1.678E-01	2.450E-01	1.873E+01
Fola3ENZA_FUN_000003	Fusarium_glycines_ex_type_FUN_000010	222	2.808E-01	2.200E-01	2.794E-01	2.888E+01
Fola3ENZA_FUN_000003	Fusarium_gossypinum_ex_type_FUN_000200	227	2.226E-01	1.719E-01	1.608E-01	2.716E+01
Fola3ENZA_FUN_000003	GCA_050947165_FUN_000034	177	1.776E-01	1.120E-01	1.248E-01	2.770E+01
Fola3ENZA_FUN_000003	GCA_050947235_FUN_000045	177	1.776E-01	1.120E-01	1.248E-01	2.770E+01
Fola3ENZA_FUN_000003	Fola1ENZA_FUN_000069	98	1.866E-01	9.130E-02	8.489E-02	2.018E+01
Fola3ENZA_FUN_000003	GCA_020796175_FUN_000007	98	1.866E-01	9.130E-02	8.489E-02	2.018E+01
Fola3ENZA_FUN_000003	GCA_049306905_FUN_000006	48	2.469E-01	7.214E-02	1.613E-01	1.167E+01
Fola3ENZA_FUN_000003	GCA_049307005_FUN_000010	48	2.469E-01	7.214E-02	1.613E-01	1.167E+01
Fola3ENZA_FUN_000003	Fola3ENZA_FUN_000004	57	2.373E-01	7.433E-02	1.173E-01	8.375E+00
Fola3ENZA_FUN_000003	Fusarium_cugenangense_ex_type-barcode01_FUN_000020	57	2.373E-01	7.433E-02	1.173E-01	8.375E+00
Fola3ENZA_FUN_000003	GCA_013347535_FUN_000022	57	2.373E-01	7.433E-02	1.173E-01	8.375E+00
Fola3ENZA_FUN_000003	GCA_014843415_FUN_000017	57	2.373E-01	7.433E-02	1.173E-01	8.375E+00
Fola3ENZA_FUN_000003	GCA_014843445_FUN_000019	57	2.373E-01	7.433E-02	1.173E-01	8.375E+00
Fola3ENZA_FUN_000003	GCA_014843555_FUN_000006	57	2.373E-01	7.433E-02	1.173E-01	8.375E+00
GCA_019593505_FUN_000157	GCA_019593505_FUN_000157	75	1.014E+00	1.000E+00	1.000E+00	5.749E-03
GCA_019593505_FUN_000157	Fusarium_fabacearum_ex_type_FUN_000114	22	3.080E-01	1.638E-01	6.114E-02	4.392E+00
GCA_019593505_FUN_000157	GCA_049306905_FUN_000006	58	1.899E-01	1.673E-01	1.673E-01	1.070E+01
GCA_019593505_FUN_000157	GCA_049307005_FUN_000010	58	1.899E-01	1.673E-01	1.673E-01	1.070E+01
GCA_019593505_FUN_000157	GCA_023509805_FUN_000022	80	2.461E-01	2.230E-01	6.291E-02	1.409E+01
GCA_019593505_FUN_000157	GCA_020796175_FUN_000123	57	2.188E-01	1.597E-01	1.391E-01	9.556E+00
GCA_019593505_FUN_000157	Fusarium_sp_128_FUN_000003	16	6.402E-01	1.300E-01	3.124E-02	3.824E+00
GCA_019593505_FUN_000157	GCA_009755825_FUN_000084	36	3.461E-01	1.133E-01	4.392E-02	7.861E+00
GCA_019593505_FUN_000157	GCA_050947165_FUN_000012	36	2.217E-01	1.638E-01	3.971E-02	4.576E+00
GCA_019593505_FUN_000157	GCA_050947235_FUN_000024	36	2.217E-01	1.638E-01	3.971E-02	4.576E+00
GCA_019593505_FUN_000157	Fola2ENZA_FUN_000005	42	2.331E-01	1.683E-01	1.074E-01	7.391E+00
GCA_019593505_FUN_000157	AJ516_race4_FUN_000013	44	2.985E-01	2.048E-01	1.292E-01	7.943E+00
GCA_019593505_FUN_000157	GCA_018894095_FUN_000086	48	2.253E-01	1.535E-01	8.695E-02	1.369E+01
GCA_019593505_FUN_000157	GCA_048164945_FUN_000024	36	2.183E-01	1.631E-01	3.978E-02	4.567E+00
GCA_000259975_FUN_000028	GCA_000259975_FUN_000028	198	1.005E+00	1.000E+00	1.000E+00	9.361E-03
GCA_000259975_FUN_000028	GCA_001702495_FUN_000061	135	5.767E-01	3.805E-01	3.076E-01	4.767E+00
GCA_000259975_FUN_000028	GCA_002234015_FUN_000068	136	5.748E-01	3.800E-01	3.067E-01	4.598E+00
GCA_000259975_FUN_000028	Fusarium_fabacearum_ex_type_FUN_000114	133	4.352E-01	2.977E-01	2.402E-01	6.929E+00
GCA_000259975_FUN_000028	Fola3ENZA_FUN_000009	148	1.922E-01	1.371E-01	1.227E-01	1.397E+01
GCA_000259975_FUN_000028	GCA_014843445_FUN_000023	148	1.922E-01	1.371E-01	1.227E-01	1.397E+01
GCA_000259975_FUN_000028	Fola1ENZA_FUN_000069	147	1.898E-01	1.337E-01	1.157E-01	1.400E+01
GCA_000259975_FUN_000028	GCA_020796175_FUN_000007	147	1.898E-01	1.337E-01	1.157E-01	1.400E+01
GCA_000259975_FUN_000028	Fusarium_kalimantanense_ex_type-barcode07_FUN_000007	135	2.072E-01	1.456E-01	1.866E-01	1.586E+01
GCA_000259975_FUN_000028	Fusarium_duoseptatum_ex_type-barcode03_FUN_000160	185	1.577E-01	1.189E-01	1.280E-01	1.755E+01
GCA_000259975_FUN_000028	GCA_014839635_FUN_000049	218	1.176E-01	1.015E-01	8.291E-02	1.797E+01
GCA_000259975_FUN_000028	AJ705_race4_FUN_000009	127	1.927E-01	1.172E-01	9.649E-02	1.610E+01
GCA_000259975_FUN_000028	GCA_023509805_FUN_000049	56	3.806E-01	1.263E-01	1.337E-01	1.038E+01
GCA_000259975_FUN_000028	Fusarium_fabacearum_ex_type_FUN_000005	198	1.325E-01	1.153E-01	1.083E-01	1.887E+01
GCA_000259975_FUN_000028	GCA_025267645_FUN_000197	212	1.377E-01	1.228E-01	1.164E-01	1.778E+01
GCA_000259975_FUN_000028	GCA_009755825_FUN_000084	187	1.398E-01	1.224E-01	1.150E-01	1.779E+01
GCA_000259975_FUN_000028	AJ718_race1_FUN_000294	242	2.544E-01	2.216E-01	1.687E-01	1.544E+01
GCA_000259975_FUN_000028	Fusarium_gossypinum_ex_type_FUN_000315	171	2.025E-01	1.315E-01	9.788E-02	1.520E+01
GCA_000259975_FUN_000028	GCA_025203105_FUN_000007	137	3.209E-01	2.095E-01	2.178E-01	1.638E+01
GCA_000259975_FUN_000028	GCA_019593505_FUN_000203	97	2.471E-01	9.690E-02	1.836E-01	1.207E+01
GCA_000259975_FUN_000028	Fola3ENZA_FUN_000004	63	2.381E-01	1.114E-01	1.531E-01	9.341E+00
GCA_000259975_FUN_000028	Fola4ENZA_FUN_000008	63	2.381E-01	1.114E-01	1.531E-01	9.341E+00
GCA_000259975_FUN_000028	Fusarium_cugenangense_ex_type-barcode01_FUN_000020	63	2.381E-01	1.114E-01	1.531E-01	9.341E+00
GCA_000259975_FUN_000028	GCA_000260495_FUN_000006	63	2.381E-01	1.114E-01	1.531E-01	9.341E+00
GCA_000259975_FUN_000028	GCA_001702695_FUN_000008	63	2.381E-01	1.114E-01	1.531E-01	9.341E+00
GCA_000259975_FUN_000028	GCA_003315725_FUN_000002	63	2.381E-01	1.114E-01	1.531E-01	9.341E+00
GCA_000259975_FUN_000028	GCA_013347535_FUN_000022	63	2.381E-01	1.114E-01	1.531E-01	9.341E+00
GCA_000259975_FUN_000028	GCA_014843415_FUN_000017	63	2.381E-01	1.114E-01	1.531E-01	9.341E+00
GCA_000259975_FUN_000028	GCA_014843445_FUN_000019	63	2.381E-01	1.114E-01	1.531E-01	9.341E+00
GCA_000259975_FUN_000028	GCA_014843455_FUN_000007	63	2.381E-01	1.114E-01	1.531E-01	9.341E+00
GCA_000259975_FUN_000028	GCA_014843555_FUN_000006	63	2.381E-01	1.114E-01	1.531E-01	9.341E+00
GCA_000259975_FUN_000028	GCA_021018635_FUN_000007	63	2.381E-01	1.114E-01	1.531E-01	9.341E+00
GCA_000259975_FUN_000028	GCA_032206225_FUN_000003	63	2.381E-01	1.114E-01	1.531E-01	9.341E+00
GCA_000259975_FUN_000028	GCA_013423235_FUN_000001	63	2.383E-01	1.114E-01	1.493E-01	9.334E+00
GCA_000259975_FUN_000028	GCA_000259975_FUN_000015	115	2.024E-01	1.089E-01	1.339E-01	9.442E+00
GCA_000259975_FUN_000028	GCA_016170085_FUN_000003	177	9.993E-02	7.485E-02	9.409E-02	4.160E+01
GCA_000259975_FUN_000028	GCA_025267645_FUN_000212	112	2.336E-01	1.146E-01	1.189E-01	1.649E+01
GCA_000259975_FUN_000028	GCA_014839635_FUN_000047	219	1.530E-01	1.325E-01	1.268E-01	2.031E+01
GCA_000259975_FUN_000028	Fusarium_sp_128_FUN_000003	113	2.067E-01	1.284E-01	8.496E-02	1.376E+01
GCA_000259975_FUN_000028	AJ516_race4_FUN_000033	56	3.539E-01	9.032E-02	4.176E-02	9.129E+00
GCA_000259975_FUN_000028	GCA_025267645_FUN_000218	126	1.644E-01	1.046E-01	9.275E-02	1.713E+01
GCA_000259975_FUN_000028	Fusarium_glycines_ex_type_FUN_000042	41	2.295E-01	8.218E-02	1.045E-01	8.087E+00
GCA_000259975_FUN_000028	GCA_001702845_FUN_000128	228	1.694E-01	1.535E-01	1.439E-01	1.522E+01
GCA_000259975_FUN_000028	GCA_002234105_FUN_000094	228	1.694E-01	1.535E-01	1.439E-01	1.522E+01
GCA_000259975_FUN_000028	GCA_025203755_FUN_000017	226	1.741E-01	1.535E-01	1.439E-01	1.480E+01
GCA_000259975_FUN_000028	AJ718_race1_FUN_000094	25	3.323E-01	8.808E-02	5.066E-02	3.003E+00
GCA_000259975_FUN_000028	GCA_023509805_FUN_000022	342	1.238E-01	1.205E-01	8.981E-02	1.832E+01
GCA_000259975_FUN_000028	Fusarium_gossypinum_ex_type_FUN_000050	112	1.357E-01	9.382E-02	6.186E-02	1.610E+01
GCA_000259975_FUN_000028	GCA_001703455_FUN_000315	112	1.357E-01	9.382E-02	6.186E-02	1.610E+01
GCA_000259975_FUN_000028	GCA_018894095_FUN_000077	55	2.134E-01	6.883E-02	3.441E-02	1.233E+01
GCA_000259975_FUN_000028	GCA_049306905_FUN_000029	53	2.090E-01	6.929E-02	3.446E-02	1.182E+01
GCA_000259975_FUN_000028	GCA_049307005_FUN_000032	53	2.090E-01	6.929E-02	3.446E-02	1.182E+01
GCA_000259975_FUN_000028	GCA_020796175_FUN_000123	80	2.055E-01	1.096E-01	1.717E-01	1.241E+01
GCA_000259975_FUN_000028	GCA_001703455_FUN_000133	189	1.392E-01	1.075E-01	1.084E-01	2.025E+01
GCA_000259975_FUN_000028	GCA_049307005_FUN_000001	155	1.590E-01	1.002E-01	8.863E-02	1.430E+01
GCA_000259975_FUN_000028	GCA_002233855_FUN_000172	224	1.664E-01	1.542E-01	9.422E-02	2.081E+01
GCA_000259975_FUN_000028	GCA_048164945_FUN_000024	53	2.086E-01	6.908E-02	3.430E-02	1.202E+01
GCA_000259975_FUN_000028	GCA_025203105_FUN_000005	124	1.458E-01	7.160E-02	7.242E-02	1.755E+01
GCA_000259975_FUN_000028	GCA_009755825_FUN_000023	128	1.267E-01	7.251E-02	4.766E-02	1.578E+01
GCA_000259975_FUN_000028	GCA_025216365_FUN_000025	282	9.562E-02	9.485E-02	4.863E-02	4.560E+01
GCA_049307005_FUN_000001	GCA_049307005_FUN_000001	246	1.004E+00	1.000E+00	1.000E+00	0.000E+00
GCA_049307005_FUN_000001	GCA_025267645_FUN_000212	101	4.836E-01	2.270E-01	2.786E-01	5.389E+00
GCA_049307005_FUN_000001	GCA_019670925_FUN_000050	134	3.566E-01	1.882E-01	2.217E-01	8.451E+00
GCA_049307005_FUN_000001	Fola2ENZA_FUN_000005	127	2.376E-01	1.265E-01	1.758E-01	1.211E+01
GCA_049307005_FUN_000001	GCA_019671045_FUN_000060	134	3.526E-01	1.874E-01	2.197E-01	8.197E+00
GCA_049307005_FUN_000001	GCA_000259975_FUN_000015	89	4.292E-01	1.152E-01	1.945E-01	7.224E+00
GCA_049307005_FUN_000001	GCA_025203105_FUN_000007	148	3.206E-01	1.592E-01	1.963E-01	9.756E+00
GCA_049307005_FUN_000001	Fusarium_fabacearum_ex_type_FUN_000005	149	1.792E-01	1.153E-01	1.180E-01	1.279E+01
GCA_049307005_FUN_000001	Fusarium_fabacearum_ex_type_FUN_000114	150	3.115E-01	1.533E-01	1.445E-01	7.514E+00
GCA_049307005_FUN_000001	AJ718_race1_FUN_000292	37	4.814E-01	1.009E-01	8.172E-02	5.013E+00
GCA_049307005_FUN_000001	GCA_002233855_FUN_000172	147	2.344E-01	1.250E-01	8.116E-02	1.254E+01
GCA_049307005_FUN_000001	Fusarium_duoseptatum_ex_type-barcode03_FUN_000160	221	1.552E-01	1.192E-01	1.403E-01	2.024E+01
GCA_049307005_FUN_000001	GCA_015227905_FUN_000281	21	5.769E-01	7.984E-02	8.801E-02	1.801E+00
GCA_049307005_FUN_000001	GCA_009755825_FUN_000023	116	1.848E-01	9.950E-02	7.425E-02	1.323E+01
GCA_049307005_FUN_000001	GCA_009755825_FUN_000084	124	1.696E-01	1.002E-01	1.074E-01	1.571E+01
GCA_049307005_FUN_000001	Fola1ENZA_FUN_000069	104	1.825E-01	9.819E-02	9.878E-02	1.729E+01
GCA_049307005_FUN_000001	GCA_020796175_FUN_000007	104	1.825E-01	9.819E-02	9.878E-02	1.729E+01
GCA_049307005_FUN_000001	GCA_014839635_FUN_000049	216	1.481E-01	1.168E-01	1.094E-01	2.440E+01
GCA_049307005_FUN_000001	AJ516_race4_FUN_000013	45	4.838E-01	1.205E-01	1.919E-01	5.033E+00
GCA_049307005_FUN_000001	Fola3ENZA_FUN_000009	104	1.831E-01	9.806E-02	9.865E-02	1.735E+01
GCA_049307005_FUN_000001	GCA_014843445_FUN_000023	104	1.831E-01	9.806E-02	9.865E-02	1.735E+01
GCA_049307005_FUN_000001	GCA_002234105_FUN_000098	107	2.288E-01	1.156E-01	1.142E-01	1.249E+01
GCA_049307005_FUN_000001	Fusarium_gossypinum_ex_type_FUN_000315	227	1.302E-01	1.097E-01	8.987E-02	1.908E+01
GCA_049307005_FUN_000001	Fola3ENZA_FUN_000004	98	1.395E-01	6.489E-02	1.115E-01	1.610E+01
GCA_049307005_FUN_000001	Fola4ENZA_FUN_000008	98	1.609E-01	7.811E-02	1.338E-01	1.596E+01
GCA_049307005_FUN_000001	Fusarium_cugenangense_ex_type-barcode01_FUN_000020	98	1.395E-01	6.489E-02	1.115E-01	1.610E+01
GCA_049307005_FUN_000001	GCA_000260495_FUN_000006	98	1.609E-01	7.811E-02	1.338E-01	1.596E+01
GCA_049307005_FUN_000001	GCA_001702695_FUN_000008	98	1.609E-01	7.811E-02	1.338E-01	1.596E+01
GCA_049307005_FUN_000001	GCA_003315725_FUN_000002	98	1.609E-01	7.811E-02	1.338E-01	1.596E+01
GCA_049307005_FUN_000001	GCA_013347535_FUN_000022	98	1.395E-01	6.489E-02	1.115E-01	1.610E+01
GCA_049307005_FUN_000001	GCA_014843415_FUN_000017	98	1.395E-01	6.489E-02	1.115E-01	1.610E+01
GCA_049307005_FUN_000001	GCA_014843445_FUN_000019	98	1.395E-01	6.489E-02	1.115E-01	1.610E+01
GCA_049307005_FUN_000001	GCA_014843455_FUN_000007	98	1.609E-01	7.811E-02	1.338E-01	1.596E+01
GCA_049307005_FUN_000001	GCA_014843555_FUN_000006	98	1.395E-01	6.489E-02	1.115E-01	1.610E+01
GCA_049307005_FUN_000001	GCA_021018635_FUN_000007	98	1.609E-01	7.811E-02	1.338E-01	1.596E+01
GCA_049307005_FUN_000001	GCA_032206225_FUN_000003	98	1.609E-01	7.811E-02	1.338E-01	1.596E+01
GCA_049307005_FUN_000001	GCA_013423235_FUN_000001	97	1.440E-01	7.293E-02	1.109E-01	1.578E+01
GCA_049307005_FUN_000001	Fusarium_kalimantanense_ex_type-barcode07_FUN_000007	124	2.025E-01	1.086E-01	1.562E-01	1.573E+01
GCA_049307005_FUN_000001	GCA_016170085_FUN_000003	100	1.674E-01	6.176E-02	9.617E-02	3.123E+01
GCA_049307005_FUN_000001	GCA_023509805_FUN_000022	104	2.149E-01	7.090E-02	5.279E-02	2.107E+01
GCA_049307005_FUN_000001	GCA_001703205_FUN_000018	59	3.320E-01	7.891E-02	2.500E-01	1.020E+01
GCA_049307005_FUN_000001	AJ516_race4_FUN_000027	44	2.513E-01	6.646E-02	1.532E-01	6.470E+00
GCA_049307005_FUN_000001	AJ520_race1_FUN_000015	44	2.513E-01	6.646E-02	1.532E-01	6.470E+00
GCA_049307005_FUN_000001	AJ865_race1_FUN_000014	44	2.513E-01	6.646E-02	1.532E-01	6.470E+00
GCA_049307005_FUN_000001	Fusarium_sp_128_FUN_000001	52	2.189E-01	5.938E-02	1.337E-01	1.066E+01
GCA_049307005_FUN_000001	GCA_000259975_FUN_000028	145	1.720E-01	8.862E-02	1.002E-01	1.334E+01
GCA_049307005_FUN_000001	GCA_001702845_FUN_000128	63	1.707E-01	7.307E-02	7.942E-02	9.252E+00
GCA_049307005_FUN_000001	GCA_002234105_FUN_000094	63	1.707E-01	7.307E-02	7.942E-02	9.252E+00
GCA_049307005_FUN_000001	GCA_025203755_FUN_000017	63	1.707E-01	7.306E-02	7.941E-02	9.253E+00
GCA_049307005_FUN_000001	GCA_001702845_FUN_000132	99	2.234E-01	1.166E-01	1.152E-01	1.257E+01
GCA_049307005_FUN_000001	GCA_002234015_FUN_000068	135	2.262E-01	8.842E-02	8.754E-02	1.546E+01
GCA_049307005_FUN_000001	GCA_001703205_FUN_000069	74	1.982E-01	8.633E-02	8.154E-02	1.161E+01
GCA_049307005_FUN_000001	Fusarium_sp_128_FUN_000003	184	1.934E-01	1.079E-01	8.044E-02	1.516E+01
GCA_049307005_FUN_000001	GCA_016166325_FUN_000030	84	2.464E-01	8.550E-02	2.247E-01	1.004E+01
GCA_049307005_FUN_000001	GCA_016170085_FUN_000014	84	2.464E-01	8.550E-02	2.247E-01	1.004E+01
GCA_049307005_FUN_000001	Fusarium_kalimantanense_ex_type-barcode07_FUN_000026	85	2.395E-01	7.478E-02	2.109E-01	8.810E+00
GCA_049307005_FUN_000001	GCA_038050555_FUN_000006	78	2.199E-01	9.042E-02	1.772E-01	8.385E+00
GCA_049307005_FUN_000001	Fusarium_cugenangense_ex_type-barcode01_FUN_000019	99	1.795E-01	8.122E-02	1.325E-01	1.353E+01
GCA_049307005_FUN_000001	GCA_013347535_FUN_000021	99	1.795E-01	8.122E-02	1.325E-01	1.353E+01
GCA_049307005_FUN_000001	GCA_014843415_FUN_000016	99	1.795E-01	8.122E-02	1.325E-01	1.353E+01
GCA_049307005_FUN_000001	GCA_014843555_FUN_000005	99	1.795E-01	8.122E-02	1.325E-01	1.353E+01
GCA_049307005_FUN_000001	GCA_014839635_FUN_000047	165	1.678E-01	9.054E-02	1.001E-01	2.034E+01
GCA_049307005_FUN_000001	GCA_025267645_FUN_000197	206	1.575E-01	1.149E-01	1.256E-01	1.908E+01
GCA_049307005_FUN_000001	Fola1ENZA_FUN_000004	72	1.999E-01	8.387E-02	8.412E-02	9.306E+00
GCA_049307005_FUN_000001	Fola4ENZA_FUN_000003	72	1.999E-01	8.387E-02	8.412E-02	9.306E+00
GCA_049307005_FUN_000001	GCA_000260495_FUN_000001	72	1.999E-01	8.387E-02	8.412E-02	9.306E+00
GCA_049307005_FUN_000001	GCA_001702695_FUN_000003	72	1.999E-01	8.387E-02	8.412E-02	9.306E+00
GCA_049307005_FUN_000001	GCA_014843455_FUN_000002	72	1.999E-01	8.387E-02	8.412E-02	9.306E+00
GCA_049307005_FUN_000001	GCA_001702495_FUN_000061	137	2.227E-01	9.801E-02	9.447E-02	1.522E+01
GCA_049307005_FUN_000001	AJ520_race1_FUN_000054	74	1.983E-01	8.633E-02	8.228E-02	1.161E+01
GCA_049307005_FUN_000001	AJ592_race4_FUN_000037	74	1.983E-01	8.633E-02	8.228E-02	1.161E+01
GCA_049307005_FUN_000001	AJ865_race1_FUN_000053	74	1.983E-01	8.633E-02	8.228E-02	1.161E+01
GCA_049307005_FUN_000001	GCA_018894095_FUN_000077	40	2.990E-01	8.717E-02	4.849E-02	5.421E+00
GCA_049307005_FUN_000001	GCA_048164945_FUN_000024	59	2.200E-01	7.135E-02	3.992E-02	1.239E+01
GCA_049307005_FUN_000001	GCA_049306905_FUN_000029	36	3.058E-01	5.746E-02	3.634E-02	7.748E+00
GCA_049307005_FUN_000001	GCA_049307005_FUN_000032	36	3.058E-01	5.746E-02	3.634E-02	7.748E+00
GCA_049307005_FUN_000001	GCA_048164945_FUN_000019	69	2.291E-01	7.590E-02	1.694E-01	8.345E+00
GCA_049307005_FUN_000001	GCA_018894095_FUN_000071	75	2.378E-01	9.780E-02	1.908E-01	8.164E+00
GCA_049307005_FUN_000001	GCA_020796175_FUN_000123	111	1.473E-01	7.162E-02	1.309E-01	1.587E+01
GCA_049307005_FUN_000001	Fola4ENZA_FUN_000007	103	1.765E-01	8.231E-02	1.377E-01	1.487E+01
GCA_049307005_FUN_000001	Fusarium_phialophorum-barcode15_FUN_000015	103	1.765E-01	8.231E-02	1.377E-01	1.487E+01
GCA_049307005_FUN_000001	Fusarium_sp_128_FUN_000005	103	1.765E-01	8.231E-02	1.377E-01	1.487E+01
GCA_049307005_FUN_000001	GCA_001702695_FUN_000007	103	1.765E-01	8.231E-02	1.377E-01	1.487E+01
GCA_049307005_FUN_000001	GCA_003315725_FUN_000001	103	1.765E-01	8.231E-02	1.377E-01	1.487E+01
GCA_049307005_FUN_000001	GCA_014843455_FUN_000006	103	1.765E-01	8.231E-02	1.377E-01	1.487E+01
GCA_049307005_FUN_000001	GCA_021018635_FUN_000006	103	1.765E-01	8.231E-02	1.377E-01	1.487E+01
GCA_049307005_FUN_000001	GCA_032206225_FUN_000002	103	1.765E-01	8.231E-02	1.377E-01	1.487E+01
GCA_049307005_FUN_000001	GCA_013423235_FUN_000011	98	2.173E-01	7.931E-02	1.310E-01	1.108E+01
GCA_049307005_FUN_000001	Fusarium_fabacearum_ex_type_FUN_000267	16	4.099E-01	5.199E-02	9.103E-02	2.165E+00
GCA_049307005_FUN_000001	GCA_002233855_FUN_000349	16	4.099E-01	5.199E-02	9.103E-02	2.165E+00
GCA_049307005_FUN_000001	Fusarium_elaeidis_ex_type_FUN_000039	144	1.389E-01	7.693E-02	7.807E-02	1.712E+01
GCA_049307005_FUN_000001	GCA_025203755_FUN_000021	99	2.231E-01	1.171E-01	1.165E-01	1.292E+01
GCA_049307005_FUN_000001	AJ516_race4_FUN_000033	37	3.088E-01	7.043E-02	4.187E-02	6.502E+00
GCA_049307005_FUN_000001	Fusarium_duoseptatum_ex_type-barcode03_FUN_000086	70	1.784E-01	7.105E-02	1.375E-01	1.115E+01
GCA_049307005_FUN_000001	GCA_038050555_FUN_000020	79	2.249E-01	9.589E-02	1.394E-01	1.348E+01
GCA_013347535_FUN_000022	Fola3ENZA_FUN_000004	117	1.009E+00	1.000E+00	1.000E+00	0.000E+00
GCA_013347535_FUN_000022	Fusarium_cugenangense_ex_type-barcode01_FUN_000020	117	1.009E+00	1.000E+00	1.000E+00	0.000E+00
GCA_013347535_FUN_000022	GCA_013347535_FUN_000022	117	1.009E+00	1.000E+00	1.000E+00	0.000E+00
GCA_013347535_FUN_000022	GCA_014843415_FUN_000017	117	1.009E+00	1.000E+00	1.000E+00	0.000E+00
GCA_013347535_FUN_000022	GCA_014843445_FUN_000019	117	1.009E+00	1.000E+00	1.000E+00	0.000E+00
GCA_013347535_FUN_000022	GCA_014843555_FUN_000006	117	1.009E+00	1.000E+00	1.000E+00	0.000E+00
GCA_013347535_FUN_000022	GCA_013423235_FUN_000001	117	8.696E-01	8.625E-01	8.265E-01	3.095E+00
GCA_013347535_FUN_000022	Fola4ENZA_FUN_000008	117	8.421E-01	8.351E-01	8.351E-01	4.641E+00
GCA_013347535_FUN_000022	GCA_000260495_FUN_000006	117	8.421E-01	8.351E-01	8.351E-01	4.641E+00
GCA_013347535_FUN_000022	GCA_001702695_FUN_000008	117	8.421E-01	8.351E-01	8.351E-01	4.641E+00
GCA_013347535_FUN_000022	GCA_003315725_FUN_000002	117	8.421E-01	8.351E-01	8.351E-01	4.641E+00
GCA_013347535_FUN_000022	GCA_014843455_FUN_000007	117	8.421E-01	8.351E-01	8.351E-01	4.641E+00
GCA_013347535_FUN_000022	GCA_021018635_FUN_000007	117	8.421E-01	8.351E-01	8.351E-01	4.641E+00
GCA_013347535_FUN_000022	GCA_032206225_FUN_000003	117	8.421E-01	8.351E-01	8.351E-01	4.641E+00
GCA_013347535_FUN_000022	GCA_019670925_FUN_000040	91	2.906E-01	2.107E-01	1.269E-01	1.305E+01
GCA_013347535_FUN_000022	GCA_000259975_FUN_000015	64	3.648E-01	2.095E-01	1.881E-01	7.018E+00
GCA_013347535_FUN_000022	Fusarium_kalimantanense_ex_type-barcode07_FUN_000007	106	2.152E-01	1.481E-01	1.239E-01	1.999E+01
GCA_013347535_FUN_000022	Fola1ENZA_FUN_000069	116	1.954E-01	1.652E-01	9.573E-02	1.887E+01
GCA_013347535_FUN_000022	Fola3ENZA_FUN_000009	116	1.967E-01	1.647E-01	9.578E-02	1.869E+01
GCA_013347535_FUN_000022	GCA_014843445_FUN_000023	116	1.967E-01	1.647E-01	9.578E-02	1.869E+01
GCA_013347535_FUN_000022	GCA_020796175_FUN_000007	116	1.954E-01	1.652E-01	9.573E-02	1.887E+01
GCA_013347535_FUN_000022	GCA_014839635_FUN_000049	162	1.509E-01	1.364E-01	7.745E-02	1.898E+01
GCA_013347535_FUN_000022	Fusarium_duoseptatum_ex_type-barcode03_FUN_000160	106	1.734E-01	1.336E-01	1.037E-01	1.588E+01
GCA_013347535_FUN_000022	GCA_049306905_FUN_000029	79	2.340E-01	1.365E-01	4.123E-02	1.136E+01
GCA_013347535_FUN_000022	GCA_049307005_FUN_000032	79	2.340E-01	1.365E-01	4.123E-02	1.136E+01
GCA_013347535_FUN_000022	GCA_050947165_FUN_000012	71	2.815E-01	1.672E-01	5.203E-02	1.324E+01
GCA_013347535_FUN_000022	GCA_050947235_FUN_000024	71	2.815E-01	1.672E-01	5.203E-02	1.324E+01
GCA_013347535_FUN_000022	GCA_023509805_FUN_000049	93	1.867E-01	1.425E-01	1.079E-01	1.729E+01
GCA_013347535_FUN_000022	GCA_025267645_FUN_000212	66	3.511E-01	2.037E-01	1.405E-01	6.920E+00
GCA_013347535_FUN_000022	Fusarium_fabacearum_ex_type_FUN_000005	96	1.529E-01	1.275E-01	8.577E-02	1.359E+01
GCA_013347535_FUN_000022	Fusarium_sp_128_FUN_000003	123	1.528E-01	1.361E-01	7.328E-02	1.380E+01
GCA_013347535_FUN_000022	GCA_048164945_FUN_000024	78	2.232E-01	1.268E-01	3.983E-02	1.163E+01
GCA_013347535_FUN_000022	GCA_049307005_FUN_000001	98	1.395E-01	1.115E-01	6.489E-02	1.610E+01
GCA_013347535_FUN_000022	AJ705_race4_FUN_000009	84	1.609E-01	1.073E-01	7.289E-02	1.294E+01
GCA_013347535_FUN_000022	GCA_023509805_FUN_000022	130	1.803E-01	1.538E-01	7.150E-02	1.356E+01
GCA_013347535_FUN_000022	GCA_018894095_FUN_000077	93	1.973E-01	1.418E-01	5.616E-02	1.074E+01
GCA_013347535_FUN_000022	Fusarium_cugenangense_ex_type-barcode01_FUN_000019	31	5.224E-01	2.019E-01	2.004E-01	3.464E+00
GCA_013347535_FUN_000022	GCA_013347535_FUN_000021	31	5.224E-01	2.019E-01	2.004E-01	3.464E+00
GCA_013347535_FUN_000022	GCA_014843415_FUN_000016	31	5.224E-01	2.019E-01	2.004E-01	3.464E+00
GCA_013347535_FUN_000022	GCA_014843555_FUN_000005	31	5.224E-01	2.019E-01	2.004E-01	3.464E+00
GCA_013347535_FUN_000022	GCA_020796175_FUN_000123	96	1.857E-01	1.558E-01	1.766E-01	1.374E+01
GCA_013347535_FUN_000022	GCA_000259975_FUN_000028	112	2.075E-01	1.425E-01	9.606E-02	1.161E+01
GCA_013347535_FUN_000022	AJ516_race4_FUN_000027	62	2.150E-01	1.154E-01	1.669E-01	9.637E+00
GCA_013347535_FUN_000022	AJ520_race1_FUN_000015	62	2.150E-01	1.154E-01	1.669E-01	9.637E+00
GCA_013347535_FUN_000022	AJ865_race1_FUN_000014	62	2.150E-01	1.154E-01	1.669E-01	9.637E+00
GCA_013347535_FUN_000022	GCA_018894095_FUN_000071	46	2.301E-01	1.073E-01	1.372E-01	1.570E+01
GCA_013347535_FUN_000022	Fusarium_duoseptatum_ex_type-barcode03_FUN_000086	79	3.011E-01	1.891E-01	2.334E-01	1.574E+01
GCA_013347535_FUN_000022	AJ516_race4_FUN_000013	133	2.135E-01	1.697E-01	1.483E-01	1.179E+01
GCA_013347535_FUN_000022	GCA_019671045_FUN_000060	93	1.979E-01	1.527E-01	1.094E-01	1.365E+01
GCA_013347535_FUN_000022	GCA_019670925_FUN_000002	56	1.836E-01	9.651E-02	6.149E-02	8.580E+00
GCA_013347535_FUN_000022	GCA_025203755_FUN_000021	119	1.794E-01	1.464E-01	8.180E-02	1.376E+01
GCA_013347535_FUN_000022	GCA_016166325_FUN_000030	70	1.741E-01	1.122E-01	1.524E-01	8.052E+00
GCA_013347535_FUN_000022	GCA_016170085_FUN_000014	70	1.741E-01	1.122E-01	1.524E-01	8.052E+00
GCA_013347535_FUN_000022	Fusarium_kalimantanense_ex_type-barcode07_FUN_000026	55	1.988E-01	1.073E-01	1.458E-01	9.048E+00
GCA_013347535_FUN_000022	GCA_049306905_FUN_000006	53	2.211E-01	1.139E-01	1.546E-01	9.113E+00
GCA_013347535_FUN_000022	GCA_049307005_FUN_000010	53	2.211E-01	1.139E-01	1.546E-01	9.113E+00
GCA_013347535_FUN_000022	GCA_025203105_FUN_000005	86	2.036E-01	1.124E-01	8.827E-02	1.458E+01
GCA_013347535_FUN_000022	GCA_025267645_FUN_000218	87	1.475E-01	8.914E-02	5.610E-02	1.488E+01
GCA_013347535_FUN_000022	AJ516_race4_FUN_000033	71	2.549E-01	1.372E-01	4.055E-02	1.165E+01
GCA_013347535_FUN_000022	GCA_019671045_FUN_000019	57	1.853E-01	9.709E-02	6.164E-02	8.683E+00
GCA_013347535_FUN_000022	GCA_025267645_FUN_000197	66	1.494E-01	8.789E-02	7.797E-02	1.308E+01
GCA_038050555_FUN_000006	GCA_038050555_FUN_000006	80	1.013E+00	1.000E+00	1.000E+00	7.344E-03
GCA_038050555_FUN_000006	GCA_018894095_FUN_000071	81	9.509E-01	9.394E-01	8.962E-01	1.369E+00
GCA_038050555_FUN_000006	AJ516_race4_FUN_000027	81	8.491E-01	7.397E-01	8.268E-01	2.353E+00
GCA_038050555_FUN_000006	AJ520_race1_FUN_000015	81	8.491E-01	7.397E-01	8.268E-01	2.353E+00
GCA_038050555_FUN_000006	AJ865_race1_FUN_000014	81	8.491E-01	7.397E-01	8.268E-01	2.353E+00
GCA_038050555_FUN_000006	GCA_048164945_FUN_000019	78	7.840E-01	7.585E-01	7.668E-01	3.007E+00
GCA_038050555_FUN_000006	Fusarium_kalimantanense_ex_type-barcode07_FUN_000026	80	7.648E-01	6.596E-01	7.262E-01	3.612E+00
GCA_038050555_FUN_000006	GCA_016166325_FUN_000030	80	7.613E-01	6.586E-01	7.514E-01	3.615E+00
GCA_038050555_FUN_000006	GCA_016170085_FUN_000014	80	7.613E-01	6.586E-01	7.514E-01	3.615E+00
GCA_038050555_FUN_000006	Fusarium_duoseptatum_ex_type-barcode03_FUN_000086	81	3.843E-01	3.339E-01	3.043E-01	1.071E+01
GCA_038050555_FUN_000006	GCA_001703205_FUN_000018	57	4.039E-01	2.891E-01	3.280E-01	9.607E+00
GCA_038050555_FUN_000006	GCA_049307005_FUN_000001	72	2.413E-01	2.016E-01	9.234E-02	9.840E+00
GCA_038050555_FUN_000006	Fusarium_gossypinum_ex_type_FUN_000315	53	2.474E-01	1.931E-01	7.312E-02	7.852E+00
GCA_038050555_FUN_000006	GCA_002234015_FUN_000078	45	3.116E-01	2.161E-01	6.264E-02	8.572E+00
GCA_038050555_FUN_000006	GCA_025203105_FUN_000005	43	1.569E-01	9.558E-02	5.422E-02	8.398E+00
GCA_038050555_FUN_000006	GCA_014839635_FUN_000049	72	1.798E-01	1.315E-01	5.840E-02	2.079E+01
GCA_038050555_FUN_000006	GCA_049306905_FUN_000006	46	2.010E-01	1.328E-01	1.381E-01	8.365E+00
GCA_038050555_FUN_000006	GCA_049307005_FUN_000010	46	2.010E-01	1.328E-01	1.381E-01	8.365E+00
GCA_038050555_FUN_000006	GCA_001702845_FUN_000128	18	4.552E-01	1.105E-01	4.517E-02	4.408E+00
GCA_038050555_FUN_000006	GCA_002234105_FUN_000094	18	4.552E-01	1.105E-01	4.517E-02	4.408E+00
GCA_038050555_FUN_000006	GCA_025203755_FUN_000017	18	4.550E-01	1.105E-01	4.517E-02	4.408E+00
GCA_038050555_FUN_000006	Fola3ENZA_FUN_000009	70	1.804E-01	1.406E-01	6.599E-02	1.357E+01
GCA_038050555_FUN_000006	GCA_014843445_FUN_000023	70	1.804E-01	1.406E-01	6.599E-02	1.357E+01
GCA_038050555_FUN_000006	GCA_025267645_FUN_000218	77	2.310E-01	1.305E-01	5.306E-02	1.105E+01
GCA_014843555_FUN_000006	Fola3ENZA_FUN_000004	117	1.009E+00	1.000E+00	1.000E+00	0.000E+00
GCA_014843555_FUN_000006	Fusarium_cugenangense_ex_type-barcode01_FUN_000020	117	1.009E+00	1.000E+00	1.000E+00	0.000E+00
GCA_014843555_FUN_000006	GCA_013347535_FUN_000022	117	1.009E+00	1.000E+00	1.000E+00	0.000E+00
GCA_014843555_FUN_000006	GCA_014843415_FUN_000017	117	1.009E+00	1.000E+00	1.000E+00	0.000E+00
GCA_014843555_FUN_000006	GCA_014843445_FUN_000019	117	1.009E+00	1.000E+00	1.000E+00	0.000E+00
GCA_014843555_FUN_000006	GCA_014843555_FUN_000006	117	1.009E+00	1.000E+00	1.000E+00	0.000E+00
GCA_014843555_FUN_000006	GCA_013423235_FUN_000001	117	8.696E-01	8.625E-01	8.265E-01	3.095E+00
GCA_014843555_FUN_000006	Fola4ENZA_FUN_000008	117	8.421E-01	8.351E-01	8.351E-01	4.641E+00
GCA_014843555_FUN_000006	GCA_000260495_FUN_000006	117	8.421E-01	8.351E-01	8.351E-01	4.641E+00
GCA_014843555_FUN_000006	GCA_001702695_FUN_000008	117	8.421E-01	8.351E-01	8.351E-01	4.641E+00
GCA_014843555_FUN_000006	GCA_003315725_FUN_000002	117	8.421E-01	8.351E-01	8.351E-01	4.641E+00
GCA_014843555_FUN_000006	GCA_014843455_FUN_000007	117	8.421E-01	8.351E-01	8.351E-01	4.641E+00
GCA_014843555_FUN_000006	GCA_021018635_FUN_000007	117	8.421E-01	8.351E-01	8.351E-01	4.641E+00
GCA_014843555_FUN_000006	GCA_032206225_FUN_000003	117	8.421E-01	8.351E-01	8.351E-01	4.641E+00
GCA_014843555_FUN_000006	GCA_019670925_FUN_000040	91	2.906E-01	2.107E-01	1.269E-01	1.305E+01
GCA_014843555_FUN_000006	GCA_000259975_FUN_000015	64	3.648E-01	2.095E-01	1.881E-01	7.018E+00
GCA_014843555_FUN_000006	Fusarium_kalimantanense_ex_type-barcode07_FUN_000007	106	2.152E-01	1.481E-01	1.239E-01	1.999E+01
GCA_014843555_FUN_000006	Fola1ENZA_FUN_000069	116	1.954E-01	1.652E-01	9.573E-02	1.887E+01
GCA_014843555_FUN_000006	Fola3ENZA_FUN_000009	116	1.967E-01	1.647E-01	9.578E-02	1.869E+01
GCA_014843555_FUN_000006	GCA_014843445_FUN_000023	116	1.967E-01	1.647E-01	9.578E-02	1.869E+01
GCA_014843555_FUN_000006	GCA_020796175_FUN_000007	116	1.954E-01	1.652E-01	9.573E-02	1.887E+01
GCA_014843555_FUN_000006	GCA_014839635_FUN_000049	162	1.509E-01	1.364E-01	7.745E-02	1.898E+01
GCA_014843555_FUN_000006	Fusarium_duoseptatum_ex_type-barcode03_FUN_000160	106	1.734E-01	1.336E-01	1.037E-01	1.588E+01
GCA_014843555_FUN_000006	GCA_049306905_FUN_000029	79	2.340E-01	1.365E-01	4.123E-02	1.136E+01
GCA_014843555_FUN_000006	GCA_049307005_FUN_000032	79	2.340E-01	1.365E-01	4.123E-02	1.136E+01
GCA_014843555_FUN_000006	GCA_050947165_FUN_000012	71	2.815E-01	1.672E-01	5.203E-02	1.324E+01
GCA_014843555_FUN_000006	GCA_050947235_FUN_000024	71	2.815E-01	1.672E-01	5.203E-02	1.324E+01
GCA_014843555_FUN_000006	GCA_023509805_FUN_000049	93	1.867E-01	1.425E-01	1.079E-01	1.729E+01
GCA_014843555_FUN_000006	GCA_025267645_FUN_000212	66	3.511E-01	2.037E-01	1.405E-01	6.920E+00
GCA_014843555_FUN_000006	Fusarium_fabacearum_ex_type_FUN_000005	96	1.529E-01	1.275E-01	8.577E-02	1.359E+01
GCA_014843555_FUN_000006	Fusarium_sp_128_FUN_000003	123	1.528E-01	1.361E-01	7.328E-02	1.380E+01
GCA_014843555_FUN_000006	GCA_048164945_FUN_000024	78	2.232E-01	1.268E-01	3.983E-02	1.163E+01
GCA_014843555_FUN_000006	GCA_049307005_FUN_000001	98	1.395E-01	1.115E-01	6.489E-02	1.610E+01
GCA_014843555_FUN_000006	AJ705_race4_FUN_000009	84	1.609E-01	1.073E-01	7.289E-02	1.294E+01
GCA_014843555_FUN_000006	GCA_023509805_FUN_000022	130	1.803E-01	1.538E-01	7.150E-02	1.356E+01
GCA_014843555_FUN_000006	GCA_018894095_FUN_000077	93	1.973E-01	1.418E-01	5.616E-02	1.074E+01
GCA_014843555_FUN_000006	Fusarium_cugenangense_ex_type-barcode01_FUN_000019	31	5.224E-01	2.019E-01	2.004E-01	3.464E+00
GCA_014843555_FUN_000006	GCA_013347535_FUN_000021	31	5.224E-01	2.019E-01	2.004E-01	3.464E+00
GCA_014843555_FUN_000006	GCA_014843415_FUN_000016	31	5.224E-01	2.019E-01	2.004E-01	3.464E+00
GCA_014843555_FUN_000006	GCA_014843555_FUN_000005	31	5.224E-01	2.019E-01	2.004E-01	3.464E+00
GCA_014843555_FUN_000006	GCA_020796175_FUN_000123	96	1.857E-01	1.558E-01	1.766E-01	1.374E+01
GCA_014843555_FUN_000006	GCA_000259975_FUN_000028	112	2.075E-01	1.425E-01	9.606E-02	1.161E+01
GCA_014843555_FUN_000006	AJ516_race4_FUN_000027	62	2.150E-01	1.154E-01	1.669E-01	9.637E+00
GCA_014843555_FUN_000006	AJ520_race1_FUN_000015	62	2.150E-01	1.154E-01	1.669E-01	9.637E+00
GCA_014843555_FUN_000006	AJ865_race1_FUN_000014	62	2.150E-01	1.154E-01	1.669E-01	9.637E+00
GCA_014843555_FUN_000006	GCA_018894095_FUN_000071	46	2.301E-01	1.073E-01	1.372E-01	1.570E+01
GCA_014843555_FUN_000006	Fusarium_duoseptatum_ex_type-barcode03_FUN_000086	79	3.011E-01	1.891E-01	2.334E-01	1.574E+01
GCA_014843555_FUN_000006	AJ516_race4_FUN_000013	133	2.135E-01	1.697E-01	1.483E-01	1.179E+01
GCA_014843555_FUN_000006	GCA_019671045_FUN_000060	93	1.979E-01	1.527E-01	1.094E-01	1.365E+01
GCA_014843555_FUN_000006	GCA_019670925_FUN_000002	56	1.836E-01	9.651E-02	6.149E-02	8.580E+00
GCA_014843555_FUN_000006	GCA_025203755_FUN_000021	119	1.794E-01	1.464E-01	8.180E-02	1.376E+01
GCA_014843555_FUN_000006	GCA_016166325_FUN_000030	70	1.741E-01	1.122E-01	1.524E-01	8.052E+00
GCA_014843555_FUN_000006	GCA_016170085_FUN_000014	70	1.741E-01	1.122E-01	1.524E-01	8.052E+00
GCA_014843555_FUN_000006	Fusarium_kalimantanense_ex_type-barcode07_FUN_000026	55	1.988E-01	1.073E-01	1.458E-01	9.048E+00
GCA_014843555_FUN_000006	GCA_049306905_FUN_000006	53	2.211E-01	1.139E-01	1.546E-01	9.113E+00
GCA_014843555_FUN_000006	GCA_049307005_FUN_000010	53	2.211E-01	1.139E-01	1.546E-01	9.113E+00
GCA_014843555_FUN_000006	GCA_025203105_FUN_000005	86	2.036E-01	1.124E-01	8.827E-02	1.458E+01
GCA_014843555_FUN_000006	GCA_025267645_FUN_000218	87	1.475E-01	8.914E-02	5.610E-02	1.488E+01
GCA_014843555_FUN_000006	AJ516_race4_FUN_000033	71	2.549E-01	1.372E-01	4.055E-02	1.165E+01
GCA_014843555_FUN_000006	GCA_019671045_FUN_000019	57	1.853E-01	9.709E-02	6.164E-02	8.683E+00
GCA_014843555_FUN_000006	GCA_025267645_FUN_000197	66	1.494E-01	8.789E-02	7.797E-02	1.308E+01
AJ865_race1_FUN_000042	AJ520_race1_FUN_000042	133	1.008E+00	1.000E+00	1.000E+00	5.515E-03
AJ865_race1_FUN_000042	AJ592_race4_FUN_000025	133	1.008E+00	1.000E+00	1.000E+00	5.515E-03
AJ865_race1_FUN_000042	AJ865_race1_FUN_000042	133	1.008E+00	1.000E+00	1.000E+00	5.515E-03
AJ865_race1_FUN_000042	GCA_048164945_FUN_000047	133	4.497E-01	4.500E-01	4.500E-01	1.077E+01
AJ865_race1_FUN_000042	GCA_016170085_FUN_000049	133	2.996E-01	2.980E-01	2.980E-01	1.464E+01
AJ865_race1_FUN_000042	GCA_001703205_FUN_000057	133	3.388E-01	3.369E-01	3.369E-01	1.423E+01
AJ865_race1_FUN_000042	GCA_016166325_FUN_000066	132	2.513E-01	2.496E-01	2.399E-01	1.441E+01
AJ705_race4_FUN_000001	AJ592_race4_FUN_000062	367	1.003E+00	1.000E+00	1.000E+00	8.127E-03
AJ705_race4_FUN_000001	AJ705_race4_FUN_000001	367	1.003E+00	1.000E+00	1.000E+00	8.127E-03
AJ705_race4_FUN_000001	GCA_025203105_FUN_000005	92	1.607E-01	5.161E-02	7.734E-02	1.234E+01
AJ705_race4_FUN_000001	Fola1ENZA_FUN_000004	102	1.998E-01	6.396E-02	8.511E-02	1.155E+01
AJ705_race4_FUN_000001	Fola4ENZA_FUN_000003	102	1.998E-01	6.396E-02	8.511E-02	1.155E+01
AJ705_race4_FUN_000001	GCA_000260495_FUN_000001	102	1.998E-01	6.396E-02	8.511E-02	1.155E+01
AJ705_race4_FUN_000001	GCA_001702695_FUN_000003	102	1.998E-01	6.396E-02	8.511E-02	1.155E+01
AJ705_race4_FUN_000001	GCA_014843455_FUN_000002	102	1.998E-01	6.396E-02	8.511E-02	1.155E+01
AJ705_race4_FUN_000001	GCA_023509805_FUN_000022	86	3.078E-01	5.125E-02	4.845E-02	1.188E+01
AJ705_race4_FUN_000001	GCA_025267645_FUN_000218	53	2.318E-01	5.181E-02	6.628E-02	9.474E+00
AJ705_race4_FUN_000001	Fusarium_kalimantanense_ex_type-barcode07_FUN_000007	98	1.655E-01	7.538E-02	1.237E-01	1.277E+01
AJ705_race4_FUN_000001	Fola4ENZA_FUN_000007	85	1.633E-01	4.232E-02	1.054E-01	1.455E+01
AJ705_race4_FUN_000001	Fusarium_phialophorum-barcode15_FUN_000015	85	1.633E-01	4.232E-02	1.054E-01	1.455E+01
AJ705_race4_FUN_000001	Fusarium_sp_128_FUN_000005	85	1.633E-01	4.232E-02	1.054E-01	1.455E+01
AJ705_race4_FUN_000001	GCA_001702695_FUN_000007	85	1.633E-01	4.232E-02	1.054E-01	1.455E+01
AJ705_race4_FUN_000001	GCA_003315725_FUN_000001	85	1.633E-01	4.232E-02	1.054E-01	1.455E+01
AJ705_race4_FUN_000001	GCA_014843455_FUN_000006	85	1.633E-01	4.232E-02	1.054E-01	1.455E+01
AJ705_race4_FUN_000001	GCA_021018635_FUN_000006	85	1.633E-01	4.232E-02	1.054E-01	1.455E+01
AJ705_race4_FUN_000001	GCA_032206225_FUN_000002	85	1.633E-01	4.232E-02	1.054E-01	1.455E+01
AJ705_race4_FUN_000001	GCA_015227905_FUN_000281	30	2.883E-01	3.833E-02	5.996E-02	8.525E+00
AJ705_race4_FUN_000001	GCA_001702495_FUN_000061	97	1.658E-01	5.776E-02	7.210E-02	1.368E+01
AJ705_race4_FUN_000001	GCA_002234015_FUN_000068	143	1.353E-01	6.526E-02	7.770E-02	1.571E+01
AJ705_race4_FUN_000001	GCA_001702495_FUN_000069	83	1.712E-01	6.185E-02	5.858E-02	1.133E+01
AJ705_race4_FUN_000001	GCA_002234015_FUN_000078	83	1.710E-01	6.186E-02	5.836E-02	1.133E+01
AJ705_race4_FUN_000001	Fusarium_kalimantanense_ex_type-barcode07_FUN_000026	40	2.578E-01	6.211E-02	1.966E-01	6.049E+00
AJ705_race4_FUN_000001	GCA_014839635_FUN_000046	32	3.434E-01	4.198E-02	1.184E-01	7.143E+00
AJ705_race4_FUN_000001	Fusarium_cugenangense_ex_type-barcode01_FUN_000019	86	1.634E-01	4.557E-02	1.054E-01	1.439E+01
AJ705_race4_FUN_000001	GCA_013347535_FUN_000021	86	1.634E-01	4.557E-02	1.054E-01	1.439E+01
AJ705_race4_FUN_000001	GCA_014843415_FUN_000016	86	1.634E-01	4.557E-02	1.054E-01	1.439E+01
AJ705_race4_FUN_000001	GCA_014843555_FUN_000005	86	1.634E-01	4.557E-02	1.054E-01	1.439E+01
AJ705_race4_FUN_000001	Fola2ENZA_FUN_000024	92	1.954E-01	4.594E-02	8.778E-02	1.423E+01
AJ705_race4_FUN_000001	Fusarium_phialophorum-barcode15_FUN_000013	92	1.954E-01	4.594E-02	8.778E-02	1.423E+01
AJ705_race4_FUN_000001	GCA_009755825_FUN_000084	59	2.624E-01	4.918E-02	7.058E-02	8.204E+00
AJ705_race4_FUN_000001	GCA_025267645_FUN_000197	85	2.969E-01	7.402E-02	1.165E-01	1.307E+01
AJ705_race4_FUN_000001	Fusarium_gossypinum_ex_type_FUN_000200	66	2.347E-01	5.588E-02	7.713E-02	1.287E+01
AJ705_race4_FUN_000001	GCA_001703455_FUN_000164	66	2.346E-01	5.592E-02	7.717E-02	1.286E+01
AJ705_race4_FUN_000001	AJ520_race1_FUN_000054	146	1.224E-01	5.322E-02	6.449E-02	1.558E+01
AJ705_race4_FUN_000001	AJ592_race4_FUN_000037	146	1.224E-01	5.322E-02	6.449E-02	1.558E+01
AJ705_race4_FUN_000001	AJ865_race1_FUN_000053	146	1.224E-01	5.322E-02	6.449E-02	1.558E+01
AJ705_race4_FUN_000001	GCA_001703205_FUN_000069	146	1.225E-01	5.325E-02	6.393E-02	1.558E+01
AJ705_race4_FUN_000001	GCA_014839635_FUN_000049	92	1.314E-01	4.321E-02	4.678E-02	1.321E+01
AJ705_race4_FUN_000001	GCA_025216365_FUN_000025	369	6.929E-02	5.194E-02	4.244E-02	4.721E+01
AJ705_race4_FUN_000001	GCA_016170085_FUN_000003	96	1.717E-01	4.307E-02	8.364E-02	1.799E+01
AJ705_race4_FUN_000001	Fusarium_fabacearum_ex_type_FUN_000114	90	2.009E-01	6.484E-02	8.348E-02	1.204E+01
AJ705_race4_FUN_000001	AJ718_race1_FUN_000294	119	1.522E-01	5.965E-02	6.906E-02	1.541E+01
AJ705_race4_FUN_000001	Fusarium_sp_128_FUN_000003	160	1.257E-01	5.732E-02	5.861E-02	1.666E+01
AJ705_race4_FUN_000001	GCA_025216365_FUN_000109	65	1.677E-01	3.462E-02	2.472E-02	1.338E+01
GCA_000260495_FUN_000006	Fola4ENZA_FUN_000008	117	1.009E+00	1.000E+00	1.000E+00	0.000E+00
GCA_000260495_FUN_000006	GCA_000260495_FUN_000006	117	1.009E+00	1.000E+00	1.000E+00	0.000E+00
GCA_000260495_FUN_000006	GCA_001702695_FUN_000008	117	1.009E+00	1.000E+00	1.000E+00	0.000E+00
GCA_000260495_FUN_000006	GCA_003315725_FUN_000002	117	1.009E+00	1.000E+00	1.000E+00	0.000E+00
GCA_000260495_FUN_000006	GCA_014843455_FUN_000007	117	1.009E+00	1.000E+00	1.000E+00	0.000E+00
GCA_000260495_FUN_000006	GCA_021018635_FUN_000007	117	1.009E+00	1.000E+00	1.000E+00	0.000E+00
GCA_000260495_FUN_000006	GCA_032206225_FUN_000003	117	1.009E+00	1.000E+00	1.000E+00	0.000E+00
GCA_000260495_FUN_000006	Fola3ENZA_FUN_000004	117	8.421E-01	8.351E-01	8.351E-01	4.641E+00
GCA_000260495_FUN_000006	Fusarium_cugenangense_ex_type-barcode01_FUN_000020	117	8.421E-01	8.351E-01	8.351E-01	4.641E+00
GCA_000260495_FUN_000006	GCA_013347535_FUN_000022	117	8.421E-01	8.351E-01	8.351E-01	4.641E+00
GCA_000260495_FUN_000006	GCA_014843415_FUN_000017	117	8.421E-01	8.351E-01	8.351E-01	4.641E+00
GCA_000260495_FUN_000006	GCA_014843445_FUN_000019	117	8.421E-01	8.351E-01	8.351E-01	4.641E+00
GCA_000260495_FUN_000006	GCA_014843555_FUN_000006	117	8.421E-01	8.351E-01	8.351E-01	4.641E+00
GCA_000260495_FUN_000006	GCA_013423235_FUN_000001	117	8.288E-01	8.219E-01	7.889E-01	5.292E+00
GCA_000260495_FUN_000006	GCA_019670925_FUN_000040	91	2.906E-01	2.107E-01	1.269E-01	1.304E+01
GCA_000260495_FUN_000006	GCA_000259975_FUN_000015	64	3.649E-01	2.095E-01	1.881E-01	7.018E+00
GCA_000260495_FUN_000006	Fola1ENZA_FUN_000069	103	1.984E-01	1.638E-01	9.571E-02	1.528E+01
GCA_000260495_FUN_000006	Fola3ENZA_FUN_000009	101	2.045E-01	1.628E-01	9.550E-02	1.402E+01
GCA_000260495_FUN_000006	GCA_014843445_FUN_000023	101	2.045E-01	1.628E-01	9.550E-02	1.402E+01
GCA_000260495_FUN_000006	GCA_020796175_FUN_000007	103	1.984E-01	1.638E-01	9.571E-02	1.528E+01
GCA_000260495_FUN_000006	Fusarium_kalimantanense_ex_type-barcode07_FUN_000007	70	2.728E-01	1.475E-01	1.224E-01	1.115E+01
GCA_000260495_FUN_000006	GCA_014839635_FUN_000049	157	1.573E-01	1.363E-01	7.598E-02	1.621E+01
GCA_000260495_FUN_000006	Fusarium_duoseptatum_ex_type-barcode03_FUN_000160	106	1.725E-01	1.334E-01	1.059E-01	1.586E+01
GCA_000260495_FUN_000006	GCA_049306905_FUN_000029	79	2.338E-01	1.365E-01	4.122E-02	1.136E+01
GCA_000260495_FUN_000006	GCA_049307005_FUN_000032	79	2.338E-01	1.365E-01	4.122E-02	1.136E+01
GCA_000260495_FUN_000006	GCA_025267645_FUN_000212	66	3.510E-01	2.037E-01	1.405E-01	6.922E+00
GCA_000260495_FUN_000006	Fusarium_fabacearum_ex_type_FUN_000005	96	1.666E-01	1.245E-01	8.575E-02	1.359E+01
GCA_000260495_FUN_000006	GCA_050947165_FUN_000012	66	2.213E-01	1.464E-01	5.218E-02	1.254E+01
GCA_000260495_FUN_000006	GCA_050947235_FUN_000024	66	2.213E-01	1.464E-01	5.218E-02	1.254E+01
GCA_000260495_FUN_000006	GCA_023509805_FUN_000049	98	1.324E-01	9.300E-02	8.572E-02	1.885E+01
GCA_000260495_FUN_000006	GCA_049307005_FUN_000001	98	1.609E-01	1.338E-01	7.811E-02	1.596E+01
GCA_000260495_FUN_000006	AJ705_race4_FUN_000009	144	1.429E-01	1.163E-01	8.060E-02	1.654E+01
GCA_000260495_FUN_000006	GCA_048164945_FUN_000024	78	2.231E-01	1.267E-01	3.982E-02	1.163E+01
GCA_000260495_FUN_000006	GCA_023509805_FUN_000022	131	1.606E-01	1.277E-01	6.444E-02	1.388E+01
GCA_000260495_FUN_000006	GCA_018894095_FUN_000077	108	1.824E-01	1.376E-01	5.835E-02	1.088E+01
GCA_000260495_FUN_000006	GCA_020796175_FUN_000123	96	1.854E-01	1.513E-01	1.749E-01	1.434E+01
GCA_000260495_FUN_000006	Fusarium_cugenangense_ex_type-barcode01_FUN_000019	31	5.223E-01	2.019E-01	2.004E-01	3.464E+00
GCA_000260495_FUN_000006	GCA_013347535_FUN_000021	31	5.223E-01	2.019E-01	2.004E-01	3.464E+00
GCA_000260495_FUN_000006	GCA_014843415_FUN_000016	31	5.223E-01	2.019E-01	2.004E-01	3.464E+00
GCA_000260495_FUN_000006	GCA_014843555_FUN_000005	31	5.223E-01	2.019E-01	2.004E-01	3.464E+00
GCA_000260495_FUN_000006	GCA_025203755_FUN_000021	133	1.613E-01	1.490E-01	8.180E-02	1.689E+01
GCA_000260495_FUN_000006	Fusarium_sp_128_FUN_000003	119	1.603E-01	1.361E-01	6.540E-02	1.394E+01
GCA_000260495_FUN_000006	Fusarium_duoseptatum_ex_type-barcode03_FUN_000086	77	3.012E-01	1.891E-01	2.335E-01	1.433E+01
GCA_000260495_FUN_000006	GCA_000259975_FUN_000028	112	2.075E-01	1.425E-01	9.607E-02	1.161E+01
GCA_000260495_FUN_000006	AJ516_race4_FUN_000027	62	2.149E-01	1.154E-01	1.669E-01	9.636E+00
GCA_000260495_FUN_000006	AJ520_race1_FUN_000015	62	2.149E-01	1.154E-01	1.669E-01	9.636E+00
GCA_000260495_FUN_000006	AJ865_race1_FUN_000014	62	2.149E-01	1.154E-01	1.669E-01	9.636E+00
GCA_000260495_FUN_000006	GCA_038050555_FUN_000006	40	2.334E-01	7.910E-02	1.105E-01	1.450E+01
GCA_000260495_FUN_000006	GCA_019671045_FUN_000060	93	1.979E-01	1.527E-01	1.094E-01	1.365E+01
GCA_000260495_FUN_000006	GCA_016166325_FUN_000030	70	1.741E-01	1.122E-01	1.525E-01	8.051E+00
GCA_000260495_FUN_000006	GCA_016170085_FUN_000014	70	1.741E-01	1.122E-01	1.525E-01	8.051E+00
GCA_000260495_FUN_000006	Fusarium_kalimantanense_ex_type-barcode07_FUN_000026	55	1.989E-01	1.073E-01	1.457E-01	9.046E+00
GCA_000260495_FUN_000006	AJ516_race4_FUN_000013	136	1.848E-01	1.683E-01	1.441E-01	2.038E+01
GCA_000260495_FUN_000006	GCA_025203105_FUN_000005	86	2.036E-01	1.220E-01	9.187E-02	1.462E+01
GCA_000260495_FUN_000006	GCA_019670925_FUN_000002	56	1.835E-01	9.646E-02	6.148E-02	8.581E+00
GCA_000260495_FUN_000006	GCA_025267645_FUN_000218	87	1.474E-01	8.913E-02	5.610E-02	1.487E+01
GCA_000260495_FUN_000006	AJ516_race4_FUN_000033	71	2.547E-01	1.372E-01	4.054E-02	1.165E+01
GCA_000260495_FUN_000006	GCA_019671045_FUN_000019	57	1.851E-01	9.702E-02	6.164E-02	8.684E+00
GCA_000260495_FUN_000006	GCA_025267645_FUN_000197	66	1.494E-01	8.788E-02	7.798E-02	1.308E+01
GCA_018894095_FUN_000077	GCA_018894095_FUN_000077	507	1.002E+00	1.000E+00	1.000E+00	1.612E-02
GCA_018894095_FUN_000077	GCA_049306905_FUN_000029	507	8.661E-01	8.645E-01	8.645E-01	4.373E+00
GCA_018894095_FUN_000077	GCA_049307005_FUN_000032	507	8.661E-01	8.645E-01	8.645E-01	4.373E+00
GCA_018894095_FUN_000077	GCA_048164945_FUN_000024	507	8.739E-01	8.723E-01	8.723E-01	3.962E+00
GCA_018894095_FUN_000077	AJ516_race4_FUN_000033	504	7.792E-01	7.735E-01	7.706E-01	9.899E+00
GCA_018894095_FUN_000077	GCA_050947165_FUN_000012	507	7.629E-01	7.615E-01	7.615E-01	9.420E+00
GCA_018894095_FUN_000077	GCA_050947235_FUN_000024	507	7.629E-01	7.615E-01	7.615E-01	9.420E+00
GCA_018894095_FUN_000077	GCA_019671045_FUN_000019	35	7.150E-01	6.117E-02	1.247E-01	2.525E+00
GCA_018894095_FUN_000077	Fusarium_duoseptatum_ex_type-barcode03_FUN_000086	35	2.671E-01	3.883E-02	1.285E-01	6.394E+00
GCA_018894095_FUN_000077	Fusarium_duoseptatum_ex_type-barcode03_FUN_000160	37	3.467E-01	4.762E-02	1.127E-01	4.608E+00
GCA_018894095_FUN_000077	GCA_019670925_FUN_000002	34	3.709E-01	4.751E-02	8.776E-02	4.711E+00
GCA_018894095_FUN_000077	Fola1ENZA_FUN_000069	76	2.538E-01	5.035E-02	8.931E-02	1.280E+01
GCA_018894095_FUN_000077	GCA_020796175_FUN_000007	76	2.538E-01	5.035E-02	8.931E-02	1.280E+01
GCA_018894095_FUN_000077	GCA_002234045_FUN_000287	131	2.240E-01	6.592E-02	8.832E-02	1.726E+01
GCA_018894095_FUN_000077	GCA_025217005_FUN_000165	131	2.239E-01	6.590E-02	8.830E-02	1.725E+01
GCA_018894095_FUN_000077	GCA_049306905_FUN_000006	41	3.660E-01	3.837E-02	1.879E-01	6.826E+00
GCA_018894095_FUN_000077	GCA_049307005_FUN_000010	41	3.660E-01	3.837E-02	1.879E-01	6.826E+00
GCA_018894095_FUN_000077	Fola3ENZA_FUN_000004	91	2.072E-01	5.296E-02	1.408E-01	1.084E+01
GCA_018894095_FUN_000077	Fola4ENZA_FUN_000008	108	1.716E-01	5.810E-02	1.315E-01	1.087E+01
GCA_018894095_FUN_000077	Fusarium_cugenangense_ex_type-barcode01_FUN_000020	91	2.072E-01	5.296E-02	1.408E-01	1.084E+01
GCA_018894095_FUN_000077	GCA_000260495_FUN_000006	108	1.716E-01	5.810E-02	1.315E-01	1.087E+01
GCA_018894095_FUN_000077	GCA_001702695_FUN_000008	108	1.716E-01	5.810E-02	1.315E-01	1.087E+01
GCA_018894095_FUN_000077	GCA_003315725_FUN_000002	108	1.716E-01	5.810E-02	1.315E-01	1.087E+01
GCA_018894095_FUN_000077	GCA_013347535_FUN_000022	91	2.072E-01	5.296E-02	1.408E-01	1.084E+01
GCA_018894095_FUN_000077	GCA_014843415_FUN_000017	91	2.072E-01	5.296E-02	1.408E-01	1.084E+01
GCA_018894095_FUN_000077	GCA_014843445_FUN_000019	91	2.072E-01	5.296E-02	1.408E-01	1.084E+01
GCA_018894095_FUN_000077	GCA_014843455_FUN_000007	108	1.716E-01	5.810E-02	1.315E-01	1.087E+01
GCA_018894095_FUN_000077	GCA_014843555_FUN_000006	91	2.072E-01	5.296E-02	1.408E-01	1.084E+01
GCA_018894095_FUN_000077	GCA_021018635_FUN_000007	108	1.716E-01	5.810E-02	1.315E-01	1.087E+01
GCA_018894095_FUN_000077	GCA_032206225_FUN_000003	108	1.716E-01	5.810E-02	1.315E-01	1.087E+01
GCA_018894095_FUN_000077	GCA_013423235_FUN_000001	107	1.777E-01	5.770E-02	1.351E-01	1.085E+01
GCA_018894095_FUN_000077	Fola3ENZA_FUN_000009	72	2.659E-01	4.802E-02	8.818E-02	1.246E+01
GCA_018894095_FUN_000077	GCA_014843445_FUN_000023	72	2.659E-01	4.802E-02	8.818E-02	1.246E+01
GCA_018894095_FUN_000077	GCA_002234015_FUN_000068	82	2.365E-01	4.679E-02	7.634E-02	1.409E+01
GCA_018894095_FUN_000077	AJ718_race1_FUN_000094	37	3.354E-01	4.717E-02	6.043E-02	6.177E+00
GCA_018894095_FUN_000077	Fusarium_sp_128_FUN_000001	68	2.369E-01	5.237E-02	1.769E-01	1.022E+01
GCA_018894095_FUN_000077	Fola2ENZA_FUN_000005	37	3.291E-01	4.913E-02	1.386E-01	4.300E+00
GCA_018894095_FUN_000077	GCA_049306905_FUN_000037	86	1.579E-01	4.868E-02	7.629E-02	9.891E+00
GCA_018894095_FUN_000077	GCA_025203105_FUN_000005	32	2.567E-01	3.792E-02	7.777E-02	6.333E+00
GCA_018894095_FUN_000077	GCA_009755825_FUN_000084	45	2.928E-01	4.688E-02	9.733E-02	1.020E+01
GCA_018894095_FUN_000077	GCA_025267645_FUN_000197	71	2.929E-01	5.075E-02	9.819E-02	6.257E+00
GCA_018894095_FUN_000077	GCA_001702495_FUN_000061	82	2.369E-01	4.596E-02	7.636E-02	1.374E+01
GCA_018894095_FUN_000077	Fusarium_kalimantanense_ex_type-barcode07_FUN_000026	64	2.317E-01	4.320E-02	1.897E-01	1.129E+01
GCA_018894095_FUN_000077	AJ516_race4_FUN_000027	50	2.915E-01	4.433E-02	1.992E-01	1.056E+01
GCA_018894095_FUN_000077	AJ520_race1_FUN_000015	50	2.915E-01	4.433E-02	1.992E-01	1.056E+01
GCA_018894095_FUN_000077	AJ865_race1_FUN_000014	50	2.915E-01	4.433E-02	1.992E-01	1.056E+01
GCA_018894095_FUN_000077	GCA_013423235_FUN_000011	60	2.103E-01	5.541E-02	1.353E-01	8.862E+00
GCA_018894095_FUN_000077	Fusarium_kalimantanense_ex_type-barcode07_FUN_000007	69	2.711E-01	5.831E-02	1.528E-01	1.351E+01
GCA_018894095_FUN_000077	GCA_000259975_FUN_000028	66	1.992E-01	3.556E-02	7.363E-02	1.220E+01
GCA_018894095_FUN_000077	AJ718_race1_FUN_000292	50	2.540E-01	3.942E-02	5.647E-02	9.388E+00
GCA_018894095_FUN_000077	Fusarium_sp_128_FUN_000003	88	2.830E-01	3.580E-02	4.685E-02	1.515E+01
GCA_018894095_FUN_000077	AJ705_race4_FUN_000025	93	1.896E-01	5.354E-02	1.138E-01	1.654E+01
GCA_018894095_FUN_000077	GCA_025203105_FUN_000007	34	2.119E-01	2.538E-02	4.415E-02	9.765E+00
GCA_018894095_FUN_000077	GCA_025267645_FUN_000212	62	2.462E-01	3.099E-02	6.826E-02	1.415E+01
GCA_018894095_FUN_000077	GCA_014839635_FUN_000047	95	1.621E-01	2.813E-02	5.537E-02	2.068E+01
GCA_018894095_FUN_000077	GCA_049307005_FUN_000001	40	2.990E-01	4.849E-02	8.717E-02	5.421E+00
GCA_018894095_FUN_000077	AJ705_race4_FUN_000009	61	1.774E-01	2.979E-02	5.210E-02	1.164E+01
GCA_018894095_FUN_000077	AJ592_race4_FUN_000062	51	2.697E-01	4.471E-02	5.647E-02	7.252E+00
GCA_018894095_FUN_000077	AJ705_race4_FUN_000001	51	2.697E-01	4.471E-02	5.647E-02	7.252E+00
GCA_018894095_FUN_000077	GCA_020796175_FUN_000123	64	1.236E-01	3.674E-02	8.999E-02	1.164E+01
GCA_018894095_FUN_000077	GCA_016170085_FUN_000003	106	1.076E-01	3.803E-02	7.179E-02	4.561E+01
GCA_018894095_FUN_000077	GCA_023509805_FUN_000049	68	1.720E-01	3.519E-02	6.957E-02	1.346E+01
GCA_018894095_FUN_000077	GCA_050947165_FUN_000034	44	1.676E-01	3.275E-02	5.936E-02	1.071E+01
GCA_018894095_FUN_000077	GCA_050947235_FUN_000045	44	1.676E-01	3.275E-02	5.936E-02	1.071E+01
GCA_000260495_FUN_000001	Fola1ENZA_FUN_000004	245	1.004E+00	1.000E+00	1.000E+00	0.000E+00
GCA_000260495_FUN_000001	Fola4ENZA_FUN_000003	245	1.004E+00	1.000E+00	1.000E+00	0.000E+00
GCA_000260495_FUN_000001	GCA_000260495_FUN_000001	245	1.004E+00	1.000E+00	1.000E+00	0.000E+00
GCA_000260495_FUN_000001	GCA_001702695_FUN_000003	245	1.004E+00	1.000E+00	1.000E+00	0.000E+00
GCA_000260495_FUN_000001	GCA_014843455_FUN_000002	245	1.004E+00	1.000E+00	1.000E+00	0.000E+00
GCA_000260495_FUN_000001	GCA_025203105_FUN_000005	130	5.420E-01	2.545E-01	3.101E-01	6.049E+00
GCA_000260495_FUN_000001	Fola2ENZA_FUN_000024	134	4.952E-01	2.640E-01	3.779E-01	1.042E+01
GCA_000260495_FUN_000001	Fusarium_phialophorum-barcode15_FUN_000013	134	4.952E-01	2.640E-01	3.779E-01	1.042E+01
GCA_000260495_FUN_000001	GCA_025203755_FUN_000021	112	2.465E-01	1.088E-01	1.071E-01	1.178E+01
GCA_000260495_FUN_000001	Fola4ENZA_FUN_000008	22	4.571E-01	5.075E-02	9.682E-02	3.545E+00
GCA_000260495_FUN_000001	GCA_000260495_FUN_000006	22	4.571E-01	5.075E-02	9.682E-02	3.545E+00
GCA_000260495_FUN_000001	GCA_001702695_FUN_000008	22	4.571E-01	5.075E-02	9.682E-02	3.545E+00
GCA_000260495_FUN_000001	GCA_003315725_FUN_000002	22	4.571E-01	5.075E-02	9.682E-02	3.545E+00
GCA_000260495_FUN_000001	GCA_014843455_FUN_000007	22	4.571E-01	5.075E-02	9.682E-02	3.545E+00
GCA_000260495_FUN_000001	GCA_021018635_FUN_000007	22	4.571E-01	5.075E-02	9.682E-02	3.545E+00
GCA_000260495_FUN_000001	GCA_032206225_FUN_000003	22	4.571E-01	5.075E-02	9.682E-02	3.545E+00
GCA_000260495_FUN_000001	GCA_049307005_FUN_000001	72	1.999E-01	8.412E-02	8.387E-02	9.306E+00
GCA_000260495_FUN_000001	GCA_001702845_FUN_000132	112	2.465E-01	1.089E-01	1.072E-01	1.176E+01
GCA_000260495_FUN_000001	GCA_002234105_FUN_000098	112	2.467E-01	1.089E-01	1.072E-01	1.177E+01
GCA_000260495_FUN_000001	AJ592_race4_FUN_000062	130	1.352E-01	7.804E-02	6.186E-02	1.272E+01
GCA_000260495_FUN_000001	AJ705_race4_FUN_000001	130	1.352E-01	7.804E-02	6.186E-02	1.272E+01
GCA_000260495_FUN_000001	Fola3ENZA_FUN_000004	22	4.575E-01	5.075E-02	9.683E-02	3.547E+00
GCA_000260495_FUN_000001	Fusarium_cugenangense_ex_type-barcode01_FUN_000020	22	4.575E-01	5.075E-02	9.683E-02	3.547E+00
GCA_000260495_FUN_000001	GCA_013347535_FUN_000022	22	4.575E-01	5.075E-02	9.683E-02	3.547E+00
GCA_000260495_FUN_000001	GCA_014843415_FUN_000017	22	4.575E-01	5.075E-02	9.683E-02	3.547E+00
GCA_000260495_FUN_000001	GCA_014843445_FUN_000019	22	4.575E-01	5.075E-02	9.683E-02	3.547E+00
GCA_000260495_FUN_000001	GCA_014843555_FUN_000006	22	4.575E-01	5.075E-02	9.683E-02	3.547E+00
GCA_000260495_FUN_000001	GCA_013423235_FUN_000001	22	4.565E-01	5.074E-02	9.344E-02	3.547E+00
GCA_000260495_FUN_000001	Fusarium_duoseptatum_ex_type-barcode03_FUN_000160	36	2.875E-01	7.014E-02	8.598E-02	7.144E+00
GCA_000260495_FUN_000001	GCA_025203105_FUN_000007	41	2.503E-01	8.738E-02	1.055E-01	5.841E+00
GCA_000260495_FUN_000001	AJ516_race4_FUN_000027	37	1.659E-01	4.180E-02	9.593E-02	1.077E+01
GCA_000260495_FUN_000001	AJ520_race1_FUN_000015	37	1.659E-01	4.180E-02	9.593E-02	1.077E+01
GCA_000260495_FUN_000001	AJ865_race1_FUN_000014	37	1.659E-01	4.180E-02	9.593E-02	1.077E+01
GCA_000260495_FUN_000001	GCA_023509805_FUN_000049	77	1.812E-01	8.557E-02	9.628E-02	1.204E+01
GCA_000260495_FUN_000001	GCA_025267645_FUN_000212	139	1.446E-01	7.907E-02	9.542E-02	1.730E+01
GCA_000260495_FUN_000001	GCA_001703455_FUN_000133	94	1.711E-01	6.969E-02	8.135E-02	1.837E+01
GCA_000260495_FUN_000001	GCA_019670925_FUN_000040	68	2.492E-01	8.283E-02	8.512E-02	9.956E+00
GCA_000260495_FUN_000001	Fola3ENZA_FUN_000009	111	1.350E-01	6.487E-02	6.506E-02	1.874E+01
GCA_000260495_FUN_000001	GCA_014843445_FUN_000023	111	1.350E-01	6.487E-02	6.506E-02	1.874E+01
GCA_000260495_FUN_000001	GCA_016166325_FUN_000030	37	1.762E-01	4.847E-02	1.167E-01	1.016E+01
GCA_000260495_FUN_000001	GCA_016170085_FUN_000014	37	1.762E-01	4.847E-02	1.167E-01	1.016E+01
GCA_000260495_FUN_000001	GCA_038050555_FUN_000006	58	1.802E-01	5.355E-02	1.249E-01	1.285E+01
GCA_000260495_FUN_000001	Fola1ENZA_FUN_000069	111	1.367E-01	6.543E-02	6.563E-02	1.852E+01
GCA_000260495_FUN_000001	GCA_020796175_FUN_000007	111	1.367E-01	6.543E-02	6.563E-02	1.852E+01
GCA_000260495_FUN_000001	AJ520_race1_FUN_000054	121	1.295E-01	6.937E-02	6.976E-02	2.015E+01
GCA_000260495_FUN_000001	AJ592_race4_FUN_000037	121	1.295E-01	6.937E-02	6.976E-02	2.015E+01
GCA_000260495_FUN_000001	AJ865_race1_FUN_000053	121	1.295E-01	6.937E-02	6.976E-02	2.015E+01
GCA_000260495_FUN_000001	GCA_001703205_FUN_000069	121	1.295E-01	6.934E-02	6.919E-02	2.061E+01
GCA_000260495_FUN_000001	GCA_014839635_FUN_000049	85	2.046E-01	1.017E-01	9.551E-02	9.487E+00
GCA_000260495_FUN_000001	Fusarium_gossypinum_ex_type_FUN_000315	98	1.621E-01	6.592E-02	5.323E-02	1.472E+01
GCA_000260495_FUN_000001	GCA_009755825_FUN_000023	143	1.424E-01	8.655E-02	6.551E-02	1.857E+01
GCA_000260495_FUN_000001	GCA_025216365_FUN_000025	196	1.081E-01	6.330E-02	3.721E-02	4.221E+01
GCA_000260495_FUN_000001	GCA_002233855_FUN_000172	141	1.698E-01	8.807E-02	5.730E-02	2.282E+01
GCA_000260495_FUN_000001	GCA_048164945_FUN_000024	39	1.766E-01	4.464E-02	2.693E-02	1.031E+01
Fola3ENZA_FUN_000009	Fola3ENZA_FUN_000009	244	1.004E+00	1.000E+00	1.000E+00	0.000E+00
Fola3ENZA_FUN_000009	GCA_014843445_FUN_000023	244	1.004E+00	1.000E+00	1.000E+00	0.000E+00
Fola3ENZA_FUN_000009	Fola1ENZA_FUN_000069	244	9.443E-01	9.406E-01	9.406E-01	1.882E+00
Fola3ENZA_FUN_000009	GCA_020796175_FUN_000007	244	9.443E-01	9.406E-01	9.406E-01	1.882E+00
Fola3ENZA_FUN_000009	Fusarium_gossypinum_ex_type_FUN_000315	177	5.765E-01	3.565E-01	2.709E-01	5.860E+00
Fola3ENZA_FUN_000009	Fusarium_duoseptatum_ex_type-barcode03_FUN_000160	172	5.526E-01	3.581E-01	4.604E-01	5.408E+00
Fola3ENZA_FUN_000009	GCA_014839635_FUN_000049	246	2.682E-01	2.448E-01	2.281E-01	2.622E+01
Fola3ENZA_FUN_000009	GCA_025267645_FUN_000197	185	2.883E-01	1.875E-01	2.046E-01	1.226E+01
Fola3ENZA_FUN_000009	GCA_000259975_FUN_000028	142	1.858E-01	1.135E-01	1.269E-01	1.423E+01
Fola3ENZA_FUN_000009	AJ718_race1_FUN_000292	188	1.633E-01	1.204E-01	1.018E-01	1.712E+01
Fola3ENZA_FUN_000009	GCA_001702495_FUN_000061	173	1.891E-01	1.354E-01	1.316E-01	1.459E+01
Fola3ENZA_FUN_000009	Fusarium_kalimantanense_ex_type-barcode07_FUN_000026	73	2.024E-01	6.778E-02	1.557E-01	1.313E+01
Fola3ENZA_FUN_000009	Fola3ENZA_FUN_000004	71	2.539E-01	9.591E-02	1.651E-01	9.037E+00
Fola3ENZA_FUN_000009	Fola4ENZA_FUN_000008	71	2.537E-01	9.588E-02	1.620E-01	9.036E+00
Fola3ENZA_FUN_000009	Fusarium_cugenangense_ex_type-barcode01_FUN_000020	71	2.539E-01	9.591E-02	1.651E-01	9.037E+00
Fola3ENZA_FUN_000009	GCA_000260495_FUN_000006	71	2.537E-01	9.588E-02	1.620E-01	9.036E+00
Fola3ENZA_FUN_000009	GCA_001702695_FUN_000008	71	2.537E-01	9.588E-02	1.620E-01	9.036E+00
Fola3ENZA_FUN_000009	GCA_003315725_FUN_000002	71	2.537E-01	9.588E-02	1.620E-01	9.036E+00
Fola3ENZA_FUN_000009	GCA_013347535_FUN_000022	71	2.539E-01	9.591E-02	1.651E-01	9.037E+00
Fola3ENZA_FUN_000009	GCA_014843415_FUN_000017	71	2.539E-01	9.591E-02	1.651E-01	9.037E+00
Fola3ENZA_FUN_000009	GCA_014843445_FUN_000019	71	2.539E-01	9.591E-02	1.651E-01	9.037E+00
Fola3ENZA_FUN_000009	GCA_014843455_FUN_000007	71	2.537E-01	9.588E-02	1.620E-01	9.036E+00
Fola3ENZA_FUN_000009	GCA_014843555_FUN_000006	71	2.539E-01	9.591E-02	1.651E-01	9.037E+00
Fola3ENZA_FUN_000009	GCA_021018635_FUN_000007	71	2.537E-01	9.588E-02	1.620E-01	9.036E+00
Fola3ENZA_FUN_000009	GCA_032206225_FUN_000003	71	2.537E-01	9.588E-02	1.620E-01	9.036E+00
Fola3ENZA_FUN_000009	GCA_013423235_FUN_000001	71	2.540E-01	9.592E-02	1.580E-01	9.014E+00
Fola3ENZA_FUN_000009	GCA_016166325_FUN_000030	70	2.250E-01	7.983E-02	1.901E-01	1.188E+01
Fola3ENZA_FUN_000009	GCA_016170085_FUN_000014	70	2.250E-01	7.983E-02	1.901E-01	1.188E+01
Fola3ENZA_FUN_000009	AJ520_race1_FUN_000054	93	2.451E-01	9.839E-02	9.202E-02	1.783E+01
Fola3ENZA_FUN_000009	AJ592_race4_FUN_000037	93	2.451E-01	9.839E-02	9.202E-02	1.783E+01
Fola3ENZA_FUN_000009	AJ865_race1_FUN_000053	93	2.451E-01	9.839E-02	9.202E-02	1.783E+01
Fola3ENZA_FUN_000009	AJ718_race1_FUN_000294	143	1.762E-01	9.994E-02	8.878E-02	1.547E+01
Fola3ENZA_FUN_000009	AJ516_race4_FUN_000033	60	2.732E-01	8.832E-02	4.727E-02	8.661E+00
Fola3ENZA_FUN_000009	GCA_020796175_FUN_000123	70	2.365E-01	8.134E-02	1.607E-01	9.743E+00
Fola3ENZA_FUN_000009	GCA_000259975_FUN_000015	119	2.049E-01	1.065E-01	1.585E-01	1.453E+01
Fola3ENZA_FUN_000009	GCA_002234015_FUN_000068	169	1.658E-01	1.161E-01	1.122E-01	1.507E+01
Fola3ENZA_FUN_000009	GCA_001703205_FUN_000069	79	2.200E-01	1.035E-01	9.697E-02	1.639E+01
Fola3ENZA_FUN_000009	GCA_023509805_FUN_000022	151	1.611E-01	9.645E-02	6.928E-02	1.650E+01
Fola3ENZA_FUN_000009	GCA_049306905_FUN_000029	89	2.102E-01	8.889E-02	4.923E-02	1.280E+01
Fola3ENZA_FUN_000009	GCA_049307005_FUN_000032	89	2.102E-01	8.889E-02	4.923E-02	1.280E+01
Fola3ENZA_FUN_000009	GCA_038050555_FUN_000006	70	1.804E-01	6.599E-02	1.406E-01	1.357E+01
Fola3ENZA_FUN_000009	Fusarium_duoseptatum_ex_type-barcode03_FUN_000086	88	2.085E-01	7.768E-02	1.745E-01	1.414E+01
Fola3ENZA_FUN_000009	Fusarium_kalimantanense_ex_type-barcode07_FUN_000007	136	1.564E-01	8.858E-02	1.292E-01	1.475E+01
Fola3ENZA_FUN_000009	GCA_015227905_FUN_000281	143	2.021E-01	1.115E-01	1.186E-01	1.439E+01
Fola3ENZA_FUN_000009	GCA_048164945_FUN_000024	60	2.740E-01	8.845E-02	4.749E-02	8.656E+00
Fola3ENZA_FUN_000009	GCA_048164945_FUN_000019	77	1.929E-01	6.349E-02	1.368E-01	1.508E+01
Fola3ENZA_FUN_000009	GCA_018894095_FUN_000071	76	1.881E-01	7.100E-02	1.414E-01	1.461E+01
Fola3ENZA_FUN_000009	GCA_019670925_FUN_000040	162	1.836E-01	1.323E-01	1.356E-01	1.470E+01
Fola3ENZA_FUN_000009	Fusarium_elaeidis_ex_type_FUN_000039	226	1.139E-01	9.930E-02	1.001E-01	2.401E+01
Fola3ENZA_FUN_000009	GCA_049307005_FUN_000001	77	2.298E-01	9.483E-02	9.510E-02	1.426E+01
Fola3ENZA_FUN_000009	AJ705_race4_FUN_000009	52	2.242E-01	7.633E-02	7.322E-02	1.183E+01
Fola3ENZA_FUN_000009	AJ516_race4_FUN_000027	71	1.999E-01	7.625E-02	1.663E-01	1.209E+01
Fola3ENZA_FUN_000009	AJ520_race1_FUN_000015	71	1.999E-01	7.625E-02	1.663E-01	1.209E+01
Fola3ENZA_FUN_000009	AJ865_race1_FUN_000014	71	1.999E-01	7.625E-02	1.663E-01	1.209E+01
Fola3ENZA_FUN_000009	GCA_025267645_FUN_000212	44	2.500E-01	7.406E-02	8.877E-02	8.013E+00
Fola3ENZA_FUN_000009	GCA_018894095_FUN_000077	56	3.247E-01	8.932E-02	4.839E-02	8.315E+00
Fola3ENZA_FUN_000009	GCA_025216365_FUN_000109	124	1.255E-01	7.367E-02	3.876E-02	2.223E+01
Fola3ENZA_FUN_000009	GCA_023509805_FUN_000049	166	1.210E-01	8.986E-02	1.099E-01	1.544E+01
Fola3ENZA_FUN_000009	GCA_002234015_FUN_000078	116	1.369E-01	6.775E-02	4.902E-02	1.637E+01
Fola3ENZA_FUN_000009	Fola2ENZA_FUN_000024	23	2.008E-01	5.168E-02	7.333E-02	4.658E+00
Fola3ENZA_FUN_000009	Fusarium_phialophorum-barcode15_FUN_000013	23	2.008E-01	5.168E-02	7.333E-02	4.658E+00
Fola3ENZA_FUN_000009	GCA_001702495_FUN_000069	25	2.296E-01	5.725E-02	3.995E-02	6.244E+00
GCA_050947165_FUN_000004	GCA_050947165_FUN_000004	197	1.005E+00	1.000E+00	1.000E+00	9.826E-03
GCA_050947165_FUN_000004	GCA_050947235_FUN_000004	197	1.005E+00	1.000E+00	1.000E+00	9.826E-03
GCA_050947165_FUN_000004	GCA_023509805_FUN_000022	85	1.994E-01	9.197E-02	5.594E-02	1.322E+01
GCA_001703455_FUN_000315	Fusarium_gossypinum_ex_type_FUN_000050	480	1.002E+00	1.000E+00	1.000E+00	0.000E+00
GCA_001703455_FUN_000315	GCA_001703455_FUN_000315	480	1.002E+00	1.000E+00	1.000E+00	0.000E+00
GCA_001703455_FUN_000315	GCA_025267645_FUN_000218	250	8.122E-01	3.973E-01	7.415E-01	2.893E+00
GCA_001703455_FUN_000315	GCA_009755825_FUN_000023	403	2.671E-01	1.581E-01	1.918E-01	3.429E+01
GCA_001703455_FUN_000315	Fusarium_fabacearum_ex_type_FUN_000005	190	4.578E-01	1.659E-01	3.419E-01	1.138E+01
GCA_001703455_FUN_000315	GCA_025216365_FUN_000109	153	4.852E-01	1.353E-01	9.957E-02	2.038E+01
GCA_001703455_FUN_000315	GCA_002233855_FUN_000172	237	3.681E-01	1.685E-01	1.737E-01	2.113E+01
GCA_001703455_FUN_000315	AJ520_race1_FUN_000054	309	3.859E-01	2.091E-01	3.482E-01	2.179E+01
GCA_001703455_FUN_000315	AJ592_race4_FUN_000037	309	3.859E-01	2.091E-01	3.482E-01	2.179E+01
GCA_001703455_FUN_000315	AJ865_race1_FUN_000053	309	3.859E-01	2.091E-01	3.482E-01	2.179E+01
GCA_001703455_FUN_000315	GCA_001703205_FUN_000069	298	3.945E-01	2.100E-01	3.490E-01	2.195E+01
GCA_001703455_FUN_000315	Fusarium_elaeidis_ex_type_FUN_000039	155	5.164E-01	1.449E-01	2.711E-01	8.698E+00
GCA_001703455_FUN_000315	GCA_009755825_FUN_000084	248	3.222E-01	1.415E-01	2.724E-01	2.234E+01
GCA_001703455_FUN_000315	GCA_015227905_FUN_000281	207	4.264E-01	1.903E-01	3.548E-01	9.579E+00
GCA_001703455_FUN_000315	Fusarium_sp_128_FUN_000003	247	3.782E-01	1.501E-01	1.915E-01	1.106E+01
GCA_001703455_FUN_000315	AJ705_race4_FUN_000025	131	2.085E-01	7.107E-02	1.538E-01	2.030E+01
GCA_001703455_FUN_000315	Fusarium_fabacearum_ex_type_FUN_000114	158	1.610E-01	7.109E-02	1.041E-01	1.658E+01
GCA_001703455_FUN_000315	GCA_001703455_FUN_000133	188	2.297E-01	8.859E-02	1.751E-01	1.635E+01
GCA_001703455_FUN_000315	AJ718_race1_FUN_000294	143	1.635E-01	5.699E-02	7.887E-02	1.897E+01
GCA_001703455_FUN_000315	GCA_019670925_FUN_000040	132	2.204E-01	7.406E-02	1.248E-01	1.348E+01
GCA_001703455_FUN_000315	GCA_009755825_FUN_000025	47	5.966E-01	8.509E-02	1.593E-01	3.213E+00
GCA_001703455_FUN_000315	GCA_014839635_FUN_000049	139	1.810E-01	6.391E-02	9.749E-02	1.520E+01
GCA_001703455_FUN_000315	GCA_025203105_FUN_000007	73	2.371E-01	5.161E-02	1.070E-01	1.391E+01
GCA_001703455_FUN_000315	GCA_000259975_FUN_000028	112	1.357E-01	6.186E-02	9.382E-02	1.610E+01
GCA_001703455_FUN_000315	GCA_025267645_FUN_000197	188	1.924E-01	6.528E-02	1.156E-01	1.478E+01
GCA_001703455_FUN_000315	GCA_025203755_FUN_000021	129	1.449E-01	6.375E-02	1.050E-01	2.947E+01
GCA_001703455_FUN_000315	GCA_002234015_FUN_000068	165	1.518E-01	6.881E-02	1.039E-01	1.425E+01
GCA_001703455_FUN_000315	AJ718_race1_FUN_000292	93	1.976E-01	5.106E-02	7.043E-02	1.851E+01
GCA_001703455_FUN_000315	Fola4ENZA_FUN_000007	81	2.325E-01	4.798E-02	1.436E-01	1.198E+01
GCA_001703455_FUN_000315	Fusarium_cugenangense_ex_type-barcode01_FUN_000019	81	1.983E-01	4.286E-02	1.249E-01	1.189E+01
GCA_001703455_FUN_000315	Fusarium_phialophorum-barcode15_FUN_000015	81	2.325E-01	4.798E-02	1.436E-01	1.198E+01
GCA_001703455_FUN_000315	Fusarium_sp_128_FUN_000005	81	2.325E-01	4.798E-02	1.436E-01	1.198E+01
GCA_001703455_FUN_000315	GCA_001702695_FUN_000007	81	2.325E-01	4.798E-02	1.436E-01	1.198E+01
GCA_001703455_FUN_000315	GCA_003315725_FUN_000001	81	2.325E-01	4.798E-02	1.436E-01	1.198E+01
GCA_001703455_FUN_000315	GCA_013347535_FUN_000021	81	1.983E-01	4.286E-02	1.249E-01	1.189E+01
GCA_001703455_FUN_000315	GCA_014843415_FUN_000016	81	1.983E-01	4.286E-02	1.249E-01	1.189E+01
GCA_001703455_FUN_000315	GCA_014843455_FUN_000006	81	2.325E-01	4.798E-02	1.436E-01	1.198E+01
GCA_001703455_FUN_000315	GCA_014843555_FUN_000005	81	1.983E-01	4.286E-02	1.249E-01	1.189E+01
GCA_001703455_FUN_000315	GCA_021018635_FUN_000006	81	2.325E-01	4.798E-02	1.436E-01	1.198E+01
GCA_001703455_FUN_000315	GCA_032206225_FUN_000002	81	2.325E-01	4.798E-02	1.436E-01	1.198E+01
GCA_001703455_FUN_000315	GCA_014839635_FUN_000047	220	1.366E-01	5.665E-02	9.893E-02	1.944E+01
GCA_001703455_FUN_000315	GCA_001702495_FUN_000061	149	1.164E-01	4.792E-02	7.366E-02	1.733E+01
GCA_001703455_FUN_000315	Fusarium_gossypinum_ex_type_FUN_000315	319	1.387E-01	8.763E-02	1.098E-01	2.322E+01
GCA_001703455_FUN_000315	GCA_002234045_FUN_000302	83	1.444E-01	4.145E-02	4.556E-02	2.403E+01
GCA_001703455_FUN_000315	GCA_025217005_FUN_000180	83	1.348E-01	3.599E-02	4.042E-02	2.091E+01
GCA_001703455_FUN_000315	Fusarium_sp_128_FUN_000001	142	2.385E-01	7.380E-02	2.333E-01	1.293E+01
GCA_001703455_FUN_000315	Fola2ENZA_FUN_000005	136	1.456E-01	4.669E-02	9.452E-02	1.303E+01
GCA_001703455_FUN_000315	Fusarium_duoseptatum_ex_type-barcode03_FUN_000160	36	2.891E-01	4.063E-02	8.956E-02	6.233E+00
GCA_001703455_FUN_000315	GCA_001702845_FUN_000128	127	1.616E-01	5.390E-02	9.782E-02	1.504E+01
GCA_001703455_FUN_000315	GCA_002234105_FUN_000094	127	1.616E-01	5.390E-02	9.782E-02	1.504E+01
GCA_001703455_FUN_000315	GCA_025203755_FUN_000017	127	1.616E-01	5.389E-02	9.781E-02	1.504E+01
GCA_001703455_FUN_000315	GCA_023509805_FUN_000022	144	1.293E-01	5.353E-02	6.214E-02	1.507E+01
GCA_001703455_FUN_000315	GCA_000259975_FUN_000015	85	1.735E-01	4.189E-02	1.023E-01	1.415E+01
GCA_001703455_FUN_000315	Fusarium_kalimantanense_ex_type-barcode07_FUN_000007	59	2.132E-01	4.338E-02	8.313E-02	9.016E+00
GCA_020796175_FUN_000039	Fola1ENZA_FUN_000100	185	1.005E+00	1.000E+00	1.000E+00	1.283E-02
GCA_020796175_FUN_000039	GCA_020796175_FUN_000039	185	1.005E+00	1.000E+00	1.000E+00	1.283E-02
GCA_020796175_FUN_000039	GCA_001703205_FUN_000069	69	2.076E-01	7.268E-02	5.567E-02	2.542E+01
GCA_049307005_FUN_000032	GCA_049306905_FUN_000029	507	1.002E+00	1.000E+00	1.000E+00	0.000E+00
GCA_049307005_FUN_000032	GCA_049307005_FUN_000032	507	1.002E+00	1.000E+00	1.000E+00	0.000E+00
GCA_049307005_FUN_000032	GCA_048164945_FUN_000024	507	9.637E-01	9.619E-01	9.619E-01	1.814E+00
GCA_049307005_FUN_000032	AJ516_race4_FUN_000033	504	8.131E-01	8.068E-01	8.037E-01	1.193E+01
GCA_049307005_FUN_000032	GCA_018894095_FUN_000077	507	8.661E-01	8.645E-01	8.645E-01	4.373E+00
GCA_049307005_FUN_000032	GCA_050947165_FUN_000012	507	7.565E-01	7.551E-01	7.551E-01	8.586E+00
GCA_049307005_FUN_000032	GCA_050947235_FUN_000024	507	7.565E-01	7.551E-01	7.551E-01	8.586E+00
GCA_049307005_FUN_000032	GCA_019671045_FUN_000019	35	6.449E-01	5.991E-02	1.208E-01	2.894E+00
GCA_049307005_FUN_000032	GCA_019670925_FUN_000002	36	4.747E-01	4.559E-02	8.845E-02	4.586E+00
GCA_049307005_FUN_000032	Fola3ENZA_FUN_000004	79	2.340E-01	4.123E-02	1.365E-01	1.136E+01
GCA_049307005_FUN_000032	Fola4ENZA_FUN_000008	79	2.338E-01	4.122E-02	1.365E-01	1.136E+01
GCA_049307005_FUN_000032	Fusarium_cugenangense_ex_type-barcode01_FUN_000020	79	2.340E-01	4.123E-02	1.365E-01	1.136E+01
GCA_049307005_FUN_000032	GCA_000260495_FUN_000006	79	2.338E-01	4.122E-02	1.365E-01	1.136E+01
GCA_049307005_FUN_000032	GCA_001702695_FUN_000008	79	2.338E-01	4.122E-02	1.365E-01	1.136E+01
GCA_049307005_FUN_000032	GCA_003315725_FUN_000002	79	2.338E-01	4.122E-02	1.365E-01	1.136E+01
GCA_049307005_FUN_000032	GCA_013347535_FUN_000022	79	2.340E-01	4.123E-02	1.365E-01	1.136E+01
GCA_049307005_FUN_000032	GCA_014843415_FUN_000017	79	2.340E-01	4.123E-02	1.365E-01	1.136E+01
GCA_049307005_FUN_000032	GCA_014843445_FUN_000019	79	2.340E-01	4.123E-02	1.365E-01	1.136E+01
GCA_049307005_FUN_000032	GCA_014843455_FUN_000007	79	2.338E-01	4.122E-02	1.365E-01	1.136E+01
GCA_049307005_FUN_000032	GCA_014843555_FUN_000006	79	2.340E-01	4.123E-02	1.365E-01	1.136E+01
GCA_049307005_FUN_000032	GCA_021018635_FUN_000007	79	2.338E-01	4.122E-02	1.365E-01	1.136E+01
GCA_049307005_FUN_000032	GCA_032206225_FUN_000003	79	2.338E-01	4.122E-02	1.365E-01	1.136E+01
GCA_049307005_FUN_000032	GCA_013423235_FUN_000001	79	2.343E-01	4.124E-02	1.321E-01	1.136E+01
GCA_049307005_FUN_000032	Fusarium_duoseptatum_ex_type-barcode03_FUN_000160	52	2.529E-01	3.672E-02	8.118E-02	9.006E+00
GCA_049307005_FUN_000032	GCA_050947165_FUN_000034	24	5.961E-01	4.360E-02	1.053E-01	1.799E+00
GCA_049307005_FUN_000032	GCA_050947235_FUN_000045	24	5.961E-01	4.360E-02	1.053E-01	1.799E+00
GCA_049307005_FUN_000032	Fola1ENZA_FUN_000069	72	2.398E-01	4.679E-02	8.742E-02	1.270E+01
GCA_049307005_FUN_000032	Fola3ENZA_FUN_000009	72	2.402E-01	4.680E-02	8.746E-02	1.257E+01
GCA_049307005_FUN_000032	GCA_014843445_FUN_000023	72	2.402E-01	4.680E-02	8.746E-02	1.257E+01
GCA_049307005_FUN_000032	GCA_020796175_FUN_000007	72	2.398E-01	4.679E-02	8.742E-02	1.270E+01
GCA_049307005_FUN_000032	GCA_000259975_FUN_000015	56	2.616E-01	4.072E-02	9.666E-02	9.172E+00
GCA_049307005_FUN_000032	GCA_002234045_FUN_000287	126	2.357E-01	6.794E-02	9.090E-02	1.692E+01
GCA_049307005_FUN_000032	GCA_025217005_FUN_000165	128	2.371E-01	6.713E-02	9.045E-02	1.676E+01
GCA_049307005_FUN_000032	AJ718_race1_FUN_000094	46	2.614E-01	4.657E-02	5.986E-02	7.356E+00
GCA_049307005_FUN_000032	GCA_049306905_FUN_000006	41	3.634E-01	3.858E-02	1.876E-01	7.020E+00
GCA_049307005_FUN_000032	GCA_049307005_FUN_000010	41	3.634E-01	3.858E-02	1.876E-01	7.020E+00
GCA_049307005_FUN_000032	Fola2ENZA_FUN_000005	36	3.809E-01	5.078E-02	1.451E-01	4.407E+00
GCA_049307005_FUN_000032	Fusarium_kalimantanense_ex_type-barcode07_FUN_000007	70	2.546E-01	5.401E-02	1.382E-01	1.381E+01
GCA_049307005_FUN_000032	GCA_000259975_FUN_000028	53	2.090E-01	3.446E-02	6.929E-02	1.182E+01
GCA_049307005_FUN_000032	GCA_001702845_FUN_000128	142	2.093E-01	5.987E-02	1.192E-01	1.458E+01
GCA_049307005_FUN_000032	GCA_002234105_FUN_000094	142	2.093E-01	5.987E-02	1.192E-01	1.458E+01
GCA_049307005_FUN_000032	GCA_025203755_FUN_000017	140	2.097E-01	6.073E-02	1.199E-01	1.462E+01
GCA_049307005_FUN_000032	GCA_049307005_FUN_000001	36	3.058E-01	3.634E-02	5.746E-02	7.748E+00
GCA_049307005_FUN_000032	Fusarium_kalimantanense_ex_type-barcode07_FUN_000026	64	2.649E-01	4.029E-02	2.125E-01	1.199E+01
GCA_049307005_FUN_000032	GCA_013423235_FUN_000011	60	2.075E-01	5.325E-02	1.331E-01	8.922E+00
GCA_049307005_FUN_000032	GCA_016170085_FUN_000003	72	1.858E-01	3.303E-02	9.033E-02	4.108E+01
GCA_049307005_FUN_000032	GCA_001702495_FUN_000061	36	3.255E-01	3.942E-02	6.966E-02	6.410E+00
GCA_049307005_FUN_000032	GCA_002234015_FUN_000068	36	3.255E-01	3.941E-02	6.963E-02	6.414E+00
GCA_049307005_FUN_000032	AJ705_race4_FUN_000009	44	1.930E-01	2.911E-02	5.153E-02	1.384E+01
GCA_049307005_FUN_000032	GCA_014839635_FUN_000049	69	3.144E-01	5.963E-02	1.013E-01	9.564E+00
GCA_049307005_FUN_000032	AJ718_race1_FUN_000292	50	2.575E-01	3.776E-02	5.274E-02	9.729E+00
GCA_049307005_FUN_000032	AJ516_race4_FUN_000027	66	2.634E-01	4.095E-02	2.084E-01	1.195E+01
GCA_049307005_FUN_000032	AJ520_race1_FUN_000015	66	2.634E-01	4.095E-02	2.084E-01	1.195E+01
GCA_049307005_FUN_000032	AJ865_race1_FUN_000014	66	2.634E-01	4.095E-02	2.084E-01	1.195E+01
GCA_049307005_FUN_000032	Fusarium_duoseptatum_ex_type-barcode03_FUN_000086	62	2.159E-01	4.068E-02	1.440E-01	1.075E+01
GCA_049307005_FUN_000032	GCA_020796175_FUN_000123	89	1.854E-01	4.955E-02	1.564E-01	1.273E+01
GCA_049307005_FUN_000032	GCA_019671045_FUN_000060	66	2.163E-01	3.648E-02	7.368E-02	1.305E+01
GCA_049307005_FUN_000032	GCA_025203105_FUN_000007	47	1.659E-01	3.617E-02	6.936E-02	1.395E+01
GCA_049307005_FUN_000032	GCA_019671045_FUN_000062	87	1.948E-01	4.405E-02	7.318E-02	9.251E+00
GCA_049307005_FUN_000032	GCA_019593505_FUN_000075	110	1.416E-01	5.783E-02	9.164E-02	1.041E+01
GCA_003315725_FUN_000002	Fola4ENZA_FUN_000008	117	1.009E+00	1.000E+00	1.000E+00	0.000E+00
GCA_003315725_FUN_000002	GCA_000260495_FUN_000006	117	1.009E+00	1.000E+00	1.000E+00	0.000E+00
GCA_003315725_FUN_000002	GCA_001702695_FUN_000008	117	1.009E+00	1.000E+00	1.000E+00	0.000E+00
GCA_003315725_FUN_000002	GCA_003315725_FUN_000002	117	1.009E+00	1.000E+00	1.000E+00	0.000E+00
GCA_003315725_FUN_000002	GCA_014843455_FUN_000007	117	1.009E+00	1.000E+00	1.000E+00	0.000E+00
GCA_003315725_FUN_000002	GCA_021018635_FUN_000007	117	1.009E+00	1.000E+00	1.000E+00	0.000E+00
GCA_003315725_FUN_000002	GCA_032206225_FUN_000003	117	1.009E+00	1.000E+00	1.000E+00	0.000E+00
GCA_003315725_FUN_000002	Fola3ENZA_FUN_000004	117	8.421E-01	8.351E-01	8.351E-01	4.641E+00
GCA_003315725_FUN_000002	Fusarium_cugenangense_ex_type-barcode01_FUN_000020	117	8.421E-01	8.351E-01	8.351E-01	4.641E+00
GCA_003315725_FUN_000002	GCA_013347535_FUN_000022	117	8.421E-01	8.351E-01	8.351E-01	4.641E+00
GCA_003315725_FUN_000002	GCA_014843415_FUN_000017	117	8.421E-01	8.351E-01	8.351E-01	4.641E+00
GCA_003315725_FUN_000002	GCA_014843445_FUN_000019	117	8.421E-01	8.351E-01	8.351E-01	4.641E+00
GCA_003315725_FUN_000002	GCA_014843555_FUN_000006	117	8.421E-01	8.351E-01	8.351E-01	4.641E+00
GCA_003315725_FUN_000002	GCA_013423235_FUN_000001	117	8.288E-01	8.219E-01	7.889E-01	5.292E+00
GCA_003315725_FUN_000002	GCA_019670925_FUN_000040	91	2.906E-01	2.107E-01	1.269E-01	1.304E+01
GCA_003315725_FUN_000002	GCA_000259975_FUN_000015	64	3.649E-01	2.095E-01	1.881E-01	7.018E+00
GCA_003315725_FUN_000002	Fola1ENZA_FUN_000069	103	1.984E-01	1.638E-01	9.571E-02	1.528E+01
GCA_003315725_FUN_000002	Fola3ENZA_FUN_000009	101	2.045E-01	1.628E-01	9.550E-02	1.402E+01
GCA_003315725_FUN_000002	GCA_014843445_FUN_000023	101	2.045E-01	1.628E-01	9.550E-02	1.402E+01
GCA_003315725_FUN_000002	GCA_020796175_FUN_000007	103	1.984E-01	1.638E-01	9.571E-02	1.528E+01
GCA_003315725_FUN_000002	Fusarium_kalimantanense_ex_type-barcode07_FUN_000007	70	2.728E-01	1.475E-01	1.224E-01	1.115E+01
GCA_003315725_FUN_000002	GCA_014839635_FUN_000049	157	1.573E-01	1.363E-01	7.598E-02	1.621E+01
GCA_003315725_FUN_000002	Fusarium_duoseptatum_ex_type-barcode03_FUN_000160	106	1.725E-01	1.334E-01	1.059E-01	1.586E+01
GCA_003315725_FUN_000002	GCA_049306905_FUN_000029	79	2.338E-01	1.365E-01	4.122E-02	1.136E+01
GCA_003315725_FUN_000002	GCA_049307005_FUN_000032	79	2.338E-01	1.365E-01	4.122E-02	1.136E+01
GCA_003315725_FUN_000002	GCA_025267645_FUN_000212	66	3.510E-01	2.037E-01	1.405E-01	6.922E+00
GCA_003315725_FUN_000002	Fusarium_fabacearum_ex_type_FUN_000005	96	1.666E-01	1.245E-01	8.575E-02	1.359E+01
GCA_003315725_FUN_000002	GCA_050947165_FUN_000012	66	2.213E-01	1.464E-01	5.218E-02	1.254E+01
GCA_003315725_FUN_000002	GCA_050947235_FUN_000024	66	2.213E-01	1.464E-01	5.218E-02	1.254E+01
GCA_003315725_FUN_000002	GCA_023509805_FUN_000049	98	1.324E-01	9.300E-02	8.572E-02	1.885E+01
GCA_003315725_FUN_000002	GCA_049307005_FUN_000001	98	1.609E-01	1.338E-01	7.811E-02	1.596E+01
GCA_003315725_FUN_000002	AJ705_race4_FUN_000009	144	1.429E-01	1.163E-01	8.060E-02	1.654E+01
GCA_003315725_FUN_000002	GCA_048164945_FUN_000024	78	2.231E-01	1.267E-01	3.982E-02	1.163E+01
GCA_003315725_FUN_000002	GCA_023509805_FUN_000022	131	1.606E-01	1.277E-01	6.444E-02	1.388E+01
GCA_003315725_FUN_000002	GCA_018894095_FUN_000077	108	1.824E-01	1.376E-01	5.835E-02	1.088E+01
GCA_003315725_FUN_000002	GCA_020796175_FUN_000123	96	1.854E-01	1.513E-01	1.749E-01	1.434E+01
GCA_003315725_FUN_000002	Fusarium_cugenangense_ex_type-barcode01_FUN_000019	31	5.223E-01	2.019E-01	2.004E-01	3.464E+00
GCA_003315725_FUN_000002	GCA_013347535_FUN_000021	31	5.223E-01	2.019E-01	2.004E-01	3.464E+00
GCA_003315725_FUN_000002	GCA_014843415_FUN_000016	31	5.223E-01	2.019E-01	2.004E-01	3.464E+00
GCA_003315725_FUN_000002	GCA_014843555_FUN_000005	31	5.223E-01	2.019E-01	2.004E-01	3.464E+00
GCA_003315725_FUN_000002	GCA_025203755_FUN_000021	133	1.613E-01	1.490E-01	8.180E-02	1.689E+01
GCA_003315725_FUN_000002	Fusarium_sp_128_FUN_000003	119	1.603E-01	1.361E-01	6.540E-02	1.394E+01
GCA_003315725_FUN_000002	Fusarium_duoseptatum_ex_type-barcode03_FUN_000086	77	3.012E-01	1.891E-01	2.335E-01	1.433E+01
GCA_003315725_FUN_000002	GCA_000259975_FUN_000028	112	2.075E-01	1.425E-01	9.607E-02	1.161E+01
GCA_003315725_FUN_000002	AJ516_race4_FUN_000027	62	2.149E-01	1.154E-01	1.669E-01	9.636E+00
GCA_003315725_FUN_000002	AJ520_race1_FUN_000015	62	2.149E-01	1.154E-01	1.669E-01	9.636E+00
GCA_003315725_FUN_000002	AJ865_race1_FUN_000014	62	2.149E-01	1.154E-01	1.669E-01	9.636E+00
GCA_003315725_FUN_000002	GCA_038050555_FUN_000006	40	2.334E-01	7.910E-02	1.105E-01	1.450E+01
GCA_003315725_FUN_000002	GCA_019671045_FUN_000060	93	1.979E-01	1.527E-01	1.094E-01	1.365E+01
GCA_003315725_FUN_000002	GCA_016166325_FUN_000030	70	1.741E-01	1.122E-01	1.525E-01	8.051E+00
GCA_003315725_FUN_000002	GCA_016170085_FUN_000014	70	1.741E-01	1.122E-01	1.525E-01	8.051E+00
GCA_003315725_FUN_000002	Fusarium_kalimantanense_ex_type-barcode07_FUN_000026	55	1.989E-01	1.073E-01	1.457E-01	9.046E+00
GCA_003315725_FUN_000002	AJ516_race4_FUN_000013	136	1.848E-01	1.683E-01	1.441E-01	2.038E+01
GCA_003315725_FUN_000002	GCA_025203105_FUN_000005	86	2.036E-01	1.220E-01	9.187E-02	1.462E+01
GCA_003315725_FUN_000002	GCA_019670925_FUN_000002	56	1.835E-01	9.646E-02	6.148E-02	8.581E+00
GCA_003315725_FUN_000002	GCA_025267645_FUN_000218	87	1.474E-01	8.913E-02	5.610E-02	1.487E+01
GCA_003315725_FUN_000002	AJ516_race4_FUN_000033	71	2.547E-01	1.372E-01	4.054E-02	1.165E+01
GCA_003315725_FUN_000002	GCA_019671045_FUN_000019	57	1.851E-01	9.702E-02	6.164E-02	8.684E+00
GCA_003315725_FUN_000002	GCA_025267645_FUN_000197	66	1.494E-01	8.788E-02	7.798E-02	1.308E+01
GCA_032206225_FUN_000003	Fola4ENZA_FUN_000008	117	1.009E+00	1.000E+00	1.000E+00	0.000E+00
GCA_032206225_FUN_000003	GCA_000260495_FUN_000006	117	1.009E+00	1.000E+00	1.000E+00	0.000E+00
GCA_032206225_FUN_000003	GCA_001702695_FUN_000008	117	1.009E+00	1.000E+00	1.000E+00	0.000E+00
GCA_032206225_FUN_000003	GCA_003315725_FUN_000002	117	1.009E+00	1.000E+00	1.000E+00	0.000E+00
GCA_032206225_FUN_000003	GCA_014843455_FUN_000007	117	1.009E+00	1.000E+00	1.000E+00	0.000E+00
GCA_032206225_FUN_000003	GCA_021018635_FUN_000007	117	1.009E+00	1.000E+00	1.000E+00	0.000E+00
GCA_032206225_FUN_000003	GCA_032206225_FUN_000003	117	1.009E+00	1.000E+00	1.000E+00	0.000E+00
GCA_032206225_FUN_000003	Fola3ENZA_FUN_000004	117	8.421E-01	8.351E-01	8.351E-01	4.641E+00
GCA_032206225_FUN_000003	Fusarium_cugenangense_ex_type-barcode01_FUN_000020	117	8.421E-01	8.351E-01	8.351E-01	4.641E+00
GCA_032206225_FUN_000003	GCA_013347535_FUN_000022	117	8.421E-01	8.351E-01	8.351E-01	4.641E+00
GCA_032206225_FUN_000003	GCA_014843415_FUN_000017	117	8.421E-01	8.351E-01	8.351E-01	4.641E+00
GCA_032206225_FUN_000003	GCA_014843445_FUN_000019	117	8.421E-01	8.351E-01	8.351E-01	4.641E+00
GCA_032206225_FUN_000003	GCA_014843555_FUN_000006	117	8.421E-01	8.351E-01	8.351E-01	4.641E+00
GCA_032206225_FUN_000003	GCA_013423235_FUN_000001	117	8.288E-01	8.219E-01	7.889E-01	5.292E+00
GCA_032206225_FUN_000003	GCA_019670925_FUN_000040	91	2.906E-01	2.107E-01	1.269E-01	1.304E+01
GCA_032206225_FUN_000003	GCA_000259975_FUN_000015	64	3.649E-01	2.095E-01	1.881E-01	7.018E+00
GCA_032206225_FUN_000003	Fola1ENZA_FUN_000069	103	1.984E-01	1.638E-01	9.571E-02	1.528E+01
GCA_032206225_FUN_000003	Fola3ENZA_FUN_000009	101	2.045E-01	1.628E-01	9.550E-02	1.402E+01
GCA_032206225_FUN_000003	GCA_014843445_FUN_000023	101	2.045E-01	1.628E-01	9.550E-02	1.402E+01
GCA_032206225_FUN_000003	GCA_020796175_FUN_000007	103	1.984E-01	1.638E-01	9.571E-02	1.528E+01
GCA_032206225_FUN_000003	Fusarium_kalimantanense_ex_type-barcode07_FUN_000007	70	2.728E-01	1.475E-01	1.224E-01	1.115E+01
GCA_032206225_FUN_000003	GCA_014839635_FUN_000049	157	1.573E-01	1.363E-01	7.598E-02	1.621E+01
GCA_032206225_FUN_000003	Fusarium_duoseptatum_ex_type-barcode03_FUN_000160	106	1.725E-01	1.334E-01	1.059E-01	1.586E+01
GCA_032206225_FUN_000003	GCA_049306905_FUN_000029	79	2.338E-01	1.365E-01	4.122E-02	1.136E+01
GCA_032206225_FUN_000003	GCA_049307005_FUN_000032	79	2.338E-01	1.365E-01	4.122E-02	1.136E+01
GCA_032206225_FUN_000003	GCA_025267645_FUN_000212	66	3.510E-01	2.037E-01	1.405E-01	6.922E+00
GCA_032206225_FUN_000003	Fusarium_fabacearum_ex_type_FUN_000005	96	1.666E-01	1.245E-01	8.575E-02	1.359E+01
GCA_032206225_FUN_000003	GCA_050947165_FUN_000012	66	2.213E-01	1.464E-01	5.218E-02	1.254E+01
GCA_032206225_FUN_000003	GCA_050947235_FUN_000024	66	2.213E-01	1.464E-01	5.218E-02	1.254E+01
GCA_032206225_FUN_000003	GCA_023509805_FUN_000049	98	1.324E-01	9.300E-02	8.572E-02	1.885E+01
GCA_032206225_FUN_000003	GCA_049307005_FUN_000001	98	1.609E-01	1.338E-01	7.811E-02	1.596E+01
GCA_032206225_FUN_000003	AJ705_race4_FUN_000009	144	1.429E-01	1.163E-01	8.060E-02	1.654E+01
GCA_032206225_FUN_000003	GCA_048164945_FUN_000024	78	2.231E-01	1.267E-01	3.982E-02	1.163E+01
GCA_032206225_FUN_000003	GCA_023509805_FUN_000022	131	1.606E-01	1.277E-01	6.444E-02	1.388E+01
GCA_032206225_FUN_000003	GCA_018894095_FUN_000077	108	1.824E-01	1.376E-01	5.835E-02	1.088E+01
GCA_032206225_FUN_000003	GCA_020796175_FUN_000123	96	1.854E-01	1.513E-01	1.749E-01	1.434E+01
GCA_032206225_FUN_000003	Fusarium_cugenangense_ex_type-barcode01_FUN_000019	31	5.223E-01	2.019E-01	2.004E-01	3.464E+00
GCA_032206225_FUN_000003	GCA_013347535_FUN_000021	31	5.223E-01	2.019E-01	2.004E-01	3.464E+00
GCA_032206225_FUN_000003	GCA_014843415_FUN_000016	31	5.223E-01	2.019E-01	2.004E-01	3.464E+00
GCA_032206225_FUN_000003	GCA_014843555_FUN_000005	31	5.223E-01	2.019E-01	2.004E-01	3.464E+00
GCA_032206225_FUN_000003	GCA_025203755_FUN_000021	133	1.613E-01	1.490E-01	8.180E-02	1.689E+01
GCA_032206225_FUN_000003	Fusarium_sp_128_FUN_000003	119	1.603E-01	1.361E-01	6.540E-02	1.394E+01
GCA_032206225_FUN_000003	Fusarium_duoseptatum_ex_type-barcode03_FUN_000086	77	3.012E-01	1.891E-01	2.335E-01	1.433E+01
GCA_032206225_FUN_000003	GCA_000259975_FUN_000028	112	2.075E-01	1.425E-01	9.607E-02	1.161E+01
GCA_032206225_FUN_000003	AJ516_race4_FUN_000027	62	2.149E-01	1.154E-01	1.669E-01	9.636E+00
GCA_032206225_FUN_000003	AJ520_race1_FUN_000015	62	2.149E-01	1.154E-01	1.669E-01	9.636E+00
GCA_032206225_FUN_000003	AJ865_race1_FUN_000014	62	2.149E-01	1.154E-01	1.669E-01	9.636E+00
GCA_032206225_FUN_000003	GCA_038050555_FUN_000006	40	2.334E-01	7.910E-02	1.105E-01	1.450E+01
GCA_032206225_FUN_000003	GCA_019671045_FUN_000060	93	1.979E-01	1.527E-01	1.094E-01	1.365E+01
GCA_032206225_FUN_000003	GCA_016166325_FUN_000030	70	1.741E-01	1.122E-01	1.525E-01	8.051E+00
GCA_032206225_FUN_000003	GCA_016170085_FUN_000014	70	1.741E-01	1.122E-01	1.525E-01	8.051E+00
GCA_032206225_FUN_000003	Fusarium_kalimantanense_ex_type-barcode07_FUN_000026	55	1.989E-01	1.073E-01	1.457E-01	9.046E+00
GCA_032206225_FUN_000003	AJ516_race4_FUN_000013	136	1.848E-01	1.683E-01	1.441E-01	2.038E+01
GCA_032206225_FUN_000003	GCA_025203105_FUN_000005	86	2.036E-01	1.220E-01	9.187E-02	1.462E+01
GCA_032206225_FUN_000003	GCA_019670925_FUN_000002	56	1.835E-01	9.646E-02	6.148E-02	8.581E+00
GCA_032206225_FUN_000003	GCA_025267645_FUN_000218	87	1.474E-01	8.913E-02	5.610E-02	1.487E+01
GCA_032206225_FUN_000003	AJ516_race4_FUN_000033	71	2.547E-01	1.372E-01	4.054E-02	1.165E+01
GCA_032206225_FUN_000003	GCA_019671045_FUN_000019	57	1.851E-01	9.702E-02	6.164E-02	8.684E+00
GCA_032206225_FUN_000003	GCA_025267645_FUN_000197	66	1.494E-01	8.788E-02	7.798E-02	1.308E+01
AJ865_race1_FUN_000014	AJ516_race4_FUN_000027	71	1.014E+00	1.000E+00	1.000E+00	2.395E-03
AJ865_race1_FUN_000014	AJ520_race1_FUN_000015	71	1.014E+00	1.000E+00	1.000E+00	2.395E-03
AJ865_race1_FUN_000014	AJ865_race1_FUN_000014	71	1.014E+00	1.000E+00	1.000E+00	2.395E-03
AJ865_race1_FUN_000014	GCA_038050555_FUN_000006	80	8.930E-01	8.582E-01	7.685E-01	1.753E+00
AJ865_race1_FUN_000014	GCA_018894095_FUN_000071	82	8.360E-01	8.252E-01	7.090E-01	2.651E+00
AJ865_race1_FUN_000014	GCA_016166325_FUN_000030	65	8.700E-01	7.910E-01	8.121E-01	2.162E+00
AJ865_race1_FUN_000014	GCA_016170085_FUN_000014	65	8.700E-01	7.910E-01	8.121E-01	2.162E+00
AJ865_race1_FUN_000014	Fusarium_kalimantanense_ex_type-barcode07_FUN_000026	71	7.922E-01	7.823E-01	7.726E-01	2.942E+00
AJ865_race1_FUN_000014	GCA_048164945_FUN_000019	79	8.386E-01	7.968E-01	7.247E-01	2.641E+00
AJ865_race1_FUN_000014	Fusarium_duoseptatum_ex_type-barcode03_FUN_000086	86	3.585E-01	3.153E-01	2.587E-01	9.674E+00
AJ865_race1_FUN_000014	GCA_001703205_FUN_000018	60	4.312E-01	3.563E-01	3.683E-01	9.297E+00
AJ865_race1_FUN_000014	GCA_020796175_FUN_000123	67	3.979E-01	3.354E-01	2.777E-01	6.380E+00
AJ865_race1_FUN_000014	GCA_049307005_FUN_000001	44	2.513E-01	1.532E-01	6.646E-02	6.470E+00
AJ865_race1_FUN_000014	GCA_014839635_FUN_000049	50	2.925E-01	1.767E-01	5.841E-02	1.151E+01
AJ865_race1_FUN_000014	Fola3ENZA_FUN_000004	60	1.917E-01	1.464E-01	1.017E-01	9.763E+00
AJ865_race1_FUN_000014	Fola4ENZA_FUN_000008	60	1.917E-01	1.464E-01	1.017E-01	9.761E+00
AJ865_race1_FUN_000014	Fusarium_cugenangense_ex_type-barcode01_FUN_000020	60	1.917E-01	1.464E-01	1.017E-01	9.763E+00
AJ865_race1_FUN_000014	GCA_000260495_FUN_000006	60	1.917E-01	1.464E-01	1.017E-01	9.761E+00
AJ865_race1_FUN_000014	GCA_001702695_FUN_000008	60	1.917E-01	1.464E-01	1.017E-01	9.761E+00
AJ865_race1_FUN_000014	GCA_003315725_FUN_000002	60	1.917E-01	1.464E-01	1.017E-01	9.761E+00
AJ865_race1_FUN_000014	GCA_013347535_FUN_000022	60	1.917E-01	1.464E-01	1.017E-01	9.763E+00
AJ865_race1_FUN_000014	GCA_014843415_FUN_000017	60	1.917E-01	1.464E-01	1.017E-01	9.763E+00
AJ865_race1_FUN_000014	GCA_014843445_FUN_000019	60	1.917E-01	1.464E-01	1.017E-01	9.763E+00
AJ865_race1_FUN_000014	GCA_014843455_FUN_000007	60	1.917E-01	1.464E-01	1.017E-01	9.761E+00
AJ865_race1_FUN_000014	GCA_014843555_FUN_000006	60	1.917E-01	1.464E-01	1.017E-01	9.763E+00
AJ865_race1_FUN_000014	GCA_021018635_FUN_000007	60	1.917E-01	1.464E-01	1.017E-01	9.761E+00
AJ865_race1_FUN_000014	GCA_032206225_FUN_000003	60	1.917E-01	1.464E-01	1.017E-01	9.761E+00
AJ865_race1_FUN_000014	GCA_013423235_FUN_000001	60	1.918E-01	1.465E-01	9.842E-02	9.754E+00
AJ865_race1_FUN_000014	AJ516_race4_FUN_000013	52	1.805E-01	1.501E-01	9.610E-02	1.055E+01
AJ865_race1_FUN_000014	GCA_025203105_FUN_000005	53	1.900E-01	1.133E-01	5.696E-02	9.255E+00
GCA_025203105_FUN_000003	GCA_025203105_FUN_000003	55	1.019E+00	1.000E+00	1.000E+00	4.964E-03
GCA_025203105_FUN_000003	GCA_032206225_FUN_000009	29	4.297E-01	2.492E-01	1.076E-01	7.051E+00
Fusarium_sp_128_FUN_000005	Fola4ENZA_FUN_000007	118	1.009E+00	1.000E+00	1.000E+00	0.000E+00
Fusarium_sp_128_FUN_000005	Fusarium_phialophorum-barcode15_FUN_000015	118	1.009E+00	1.000E+00	1.000E+00	0.000E+00
Fusarium_sp_128_FUN_000005	Fusarium_sp_128_FUN_000005	118	1.009E+00	1.000E+00	1.000E+00	0.000E+00
Fusarium_sp_128_FUN_000005	GCA_001702695_FUN_000007	118	1.009E+00	1.000E+00	1.000E+00	0.000E+00
Fusarium_sp_128_FUN_000005	GCA_003315725_FUN_000001	118	1.009E+00	1.000E+00	1.000E+00	0.000E+00
Fusarium_sp_128_FUN_000005	GCA_014843455_FUN_000006	118	1.009E+00	1.000E+00	1.000E+00	0.000E+00
Fusarium_sp_128_FUN_000005	GCA_021018635_FUN_000006	118	1.009E+00	1.000E+00	1.000E+00	0.000E+00
Fusarium_sp_128_FUN_000005	GCA_032206225_FUN_000002	118	1.009E+00	1.000E+00	1.000E+00	0.000E+00
Fusarium_sp_128_FUN_000005	Fusarium_cugenangense_ex_type-barcode01_FUN_000019	118	9.689E-01	9.612E-01	9.612E-01	1.176E+00
Fusarium_sp_128_FUN_000005	GCA_013347535_FUN_000021	118	9.689E-01	9.612E-01	9.612E-01	1.176E+00
Fusarium_sp_128_FUN_000005	GCA_014843415_FUN_000016	118	9.689E-01	9.612E-01	9.612E-01	1.176E+00
Fusarium_sp_128_FUN_000005	GCA_014843555_FUN_000005	118	9.689E-01	9.612E-01	9.612E-01	1.176E+00
Fusarium_sp_128_FUN_000005	Fusarium_sp_128_FUN_000001	100	7.762E-01	5.542E-01	7.227E-01	2.904E+00
Fusarium_sp_128_FUN_000005	GCA_019593505_FUN_000203	106	6.607E-01	5.000E-01	5.983E-01	3.692E+00
Fusarium_sp_128_FUN_000005	GCA_013423235_FUN_000011	107	6.230E-01	5.126E-01	4.743E-01	7.143E+00
Fusarium_sp_128_FUN_000005	GCA_002234015_FUN_000043	118	5.486E-01	4.605E-01	3.544E-01	7.646E+00
Fusarium_sp_128_FUN_000005	GCA_001702495_FUN_000036	119	5.892E-01	4.981E-01	3.834E-01	4.454E+00
Fusarium_sp_128_FUN_000005	GCA_025267645_FUN_000212	87	4.635E-01	3.128E-01	2.177E-01	4.792E+00
Fusarium_sp_128_FUN_000005	GCA_009755825_FUN_000023	92	2.897E-01	2.082E-01	8.668E-02	1.164E+01
Fusarium_sp_128_FUN_000005	GCA_001703205_FUN_000069	118	2.496E-01	1.896E-01	1.025E-01	1.862E+01
Fusarium_sp_128_FUN_000005	AJ520_race1_FUN_000054	118	2.497E-01	1.896E-01	1.034E-01	1.855E+01
Fusarium_sp_128_FUN_000005	AJ592_race4_FUN_000037	118	2.497E-01	1.896E-01	1.034E-01	1.855E+01
Fusarium_sp_128_FUN_000005	AJ865_race1_FUN_000053	118	2.497E-01	1.896E-01	1.034E-01	1.855E+01
Fusarium_sp_128_FUN_000005	GCA_025203105_FUN_000007	139	1.679E-01	1.423E-01	1.012E-01	1.371E+01
Fusarium_sp_128_FUN_000005	GCA_019670925_FUN_000050	131	2.035E-01	1.638E-01	1.116E-01	1.142E+01
Fusarium_sp_128_FUN_000005	Fusarium_kalimantanense_ex_type-barcode07_FUN_000007	59	3.842E-01	1.607E-01	1.354E-01	1.224E+01
Fusarium_sp_128_FUN_000005	GCA_015227905_FUN_000281	94	1.838E-01	1.421E-01	9.000E-02	1.484E+01
Fusarium_sp_128_FUN_000005	GCA_020796175_FUN_000123	90	2.327E-01	1.533E-01	1.748E-01	1.164E+01
Fusarium_sp_128_FUN_000005	Fola2ENZA_FUN_000005	102	2.198E-01	1.670E-01	1.449E-01	1.131E+01
Fusarium_sp_128_FUN_000005	Fusarium_duoseptatum_ex_type-barcode03_FUN_000160	181	2.204E-01	2.139E-01	1.660E-01	1.569E+01
Fusarium_sp_128_FUN_000005	Fusarium_fabacearum_ex_type_FUN_000005	112	1.738E-01	1.221E-01	8.275E-02	1.547E+01
Fusarium_sp_128_FUN_000005	GCA_009755825_FUN_000084	36	2.149E-01	1.175E-01	7.807E-02	4.929E+00
Fusarium_sp_128_FUN_000005	Fusarium_elaeidis_ex_type_FUN_000039	110	2.079E-01	1.763E-01	1.139E-01	1.391E+01
Fusarium_sp_128_FUN_000005	AJ592_race4_FUN_000062	85	1.633E-01	1.054E-01	4.232E-02	1.455E+01
Fusarium_sp_128_FUN_000005	AJ705_race4_FUN_000001	85	1.633E-01	1.054E-01	4.232E-02	1.455E+01
Fusarium_sp_128_FUN_000005	GCA_025216365_FUN_000025	88	1.705E-01	1.217E-01	3.912E-02	4.549E+01
Fusarium_sp_128_FUN_000005	Fusarium_duoseptatum_ex_type-barcode03_FUN_000086	71	1.404E-01	9.131E-02	1.083E-01	1.463E+01
Fusarium_sp_128_FUN_000005	GCA_000259975_FUN_000015	134	2.301E-01	2.051E-01	1.920E-01	1.202E+01
Fusarium_sp_128_FUN_000005	GCA_019671045_FUN_000060	127	1.141E-01	1.013E-01	7.122E-02	1.631E+01
Fusarium_sp_128_FUN_000005	GCA_050947165_FUN_000034	98	1.488E-01	1.100E-01	7.102E-02	2.128E+01
Fusarium_sp_128_FUN_000005	GCA_050947235_FUN_000045	98	1.488E-01	1.100E-01	7.102E-02	2.128E+01
Fusarium_sp_128_FUN_000005	GCA_049307005_FUN_000001	104	1.147E-01	9.050E-02	6.486E-02	1.584E+01
Fusarium_sp_128_FUN_000005	Fusarium_sp_128_FUN_000003	115	2.178E-01	1.629E-01	7.237E-02	1.183E+01
Fusarium_sp_128_FUN_000005	Fusarium_gossypinum_ex_type_FUN_000050	54	2.792E-01	1.397E-01	4.653E-02	6.050E+00
Fusarium_sp_128_FUN_000005	GCA_001703455_FUN_000315	54	2.792E-01	1.397E-01	4.653E-02	6.050E+00
Fusarium_sp_128_FUN_000005	GCA_025216365_FUN_000109	121	1.903E-01	1.637E-01	5.471E-02	1.339E+01
Fusarium_sp_128_FUN_000005	GCA_025267645_FUN_000218	46	2.282E-01	1.200E-01	7.202E-02	6.475E+00
Fusarium_sp_128_FUN_000005	GCA_023509805_FUN_000022	15	3.423E-01	6.254E-02	2.299E-02	4.072E+00
GCA_019670925_FUN_000040	GCA_019670925_FUN_000040	232	1.004E+00	1.000E+00	1.000E+00	0.000E+00
GCA_019670925_FUN_000040	AJ718_race1_FUN_000294	259	6.981E-01	6.427E-01	5.191E-01	4.803E+00
GCA_019670925_FUN_000040	AJ718_race1_FUN_000292	249	5.150E-01	4.600E-01	3.527E-01	8.678E+00
GCA_019670925_FUN_000040	GCA_023509805_FUN_000022	240	5.556E-01	5.121E-01	3.390E-01	5.550E+00
GCA_019670925_FUN_000040	Fola3ENZA_FUN_000004	91	2.906E-01	1.269E-01	2.107E-01	1.305E+01
GCA_019670925_FUN_000040	Fola4ENZA_FUN_000008	91	2.906E-01	1.269E-01	2.107E-01	1.304E+01
GCA_019670925_FUN_000040	Fusarium_cugenangense_ex_type-barcode01_FUN_000020	91	2.906E-01	1.269E-01	2.107E-01	1.305E+01
GCA_019670925_FUN_000040	GCA_000260495_FUN_000006	91	2.906E-01	1.269E-01	2.107E-01	1.304E+01
GCA_019670925_FUN_000040	GCA_001702695_FUN_000008	91	2.906E-01	1.269E-01	2.107E-01	1.304E+01
GCA_019670925_FUN_000040	GCA_003315725_FUN_000002	91	2.906E-01	1.269E-01	2.107E-01	1.304E+01
GCA_019670925_FUN_000040	GCA_013347535_FUN_000022	91	2.906E-01	1.269E-01	2.107E-01	1.305E+01
GCA_019670925_FUN_000040	GCA_014843415_FUN_000017	91	2.906E-01	1.269E-01	2.107E-01	1.305E+01
GCA_019670925_FUN_000040	GCA_014843445_FUN_000019	91	2.906E-01	1.269E-01	2.107E-01	1.305E+01
GCA_019670925_FUN_000040	GCA_014843455_FUN_000007	91	2.906E-01	1.269E-01	2.107E-01	1.304E+01
GCA_019670925_FUN_000040	GCA_014843555_FUN_000006	91	2.906E-01	1.269E-01	2.107E-01	1.305E+01
GCA_019670925_FUN_000040	GCA_021018635_FUN_000007	91	2.906E-01	1.269E-01	2.107E-01	1.304E+01
GCA_019670925_FUN_000040	GCA_032206225_FUN_000003	91	2.906E-01	1.269E-01	2.107E-01	1.304E+01
GCA_019670925_FUN_000040	GCA_013423235_FUN_000001	91	2.910E-01	1.269E-01	2.043E-01	1.305E+01
GCA_019670925_FUN_000040	Fola2ENZA_FUN_000024	20	4.763E-01	8.021E-02	1.130E-01	1.833E+00
GCA_019670925_FUN_000040	Fusarium_phialophorum-barcode15_FUN_000013	20	4.763E-01	8.021E-02	1.130E-01	1.833E+00
GCA_019670925_FUN_000040	GCA_023509805_FUN_000049	74	2.525E-01	9.910E-02	1.148E-01	1.153E+01
GCA_019670925_FUN_000040	GCA_019670925_FUN_000002	78	2.917E-01	1.161E-01	1.132E-01	1.050E+01
GCA_019670925_FUN_000040	GCA_019671045_FUN_000019	77	3.102E-01	1.092E-01	1.064E-01	8.692E+00
GCA_019670925_FUN_000040	GCA_001702495_FUN_000061	112	2.894E-01	1.439E-01	1.323E-01	1.285E+01
GCA_019670925_FUN_000040	Fusarium_fabacearum_ex_type_FUN_000114	106	2.507E-01	1.194E-01	1.071E-01	1.479E+01
GCA_019670925_FUN_000040	GCA_014839635_FUN_000049	182	1.773E-01	1.352E-01	1.242E-01	1.525E+01
GCA_019670925_FUN_000040	GCA_001703205_FUN_000018	64	1.776E-01	8.247E-02	1.533E-01	9.120E+00
GCA_019670925_FUN_000040	GCA_002234015_FUN_000068	112	2.890E-01	1.433E-01	1.322E-01	1.285E+01
GCA_019670925_FUN_000040	Fusarium_glycines_ex_type_FUN_000042	17	5.583E-01	4.594E-02	7.466E-02	8.490E+00
GCA_019670925_FUN_000040	Fusarium_duoseptatum_ex_type-barcode03_FUN_000160	227	1.649E-01	1.295E-01	1.549E-01	1.842E+01
GCA_019670925_FUN_000040	GCA_014839635_FUN_000047	138	1.984E-01	8.658E-02	9.286E-02	1.539E+01
GCA_019670925_FUN_000040	GCA_015227905_FUN_000281	155	1.591E-01	1.022E-01	1.056E-01	1.654E+01
GCA_019670925_FUN_000040	Fola1ENZA_FUN_000069	164	1.826E-01	1.367E-01	1.321E-01	1.504E+01
GCA_019670925_FUN_000040	Fola3ENZA_FUN_000009	186	1.658E-01	1.356E-01	1.303E-01	1.692E+01
GCA_019670925_FUN_000040	GCA_014843445_FUN_000023	186	1.658E-01	1.356E-01	1.303E-01	1.692E+01
GCA_019670925_FUN_000040	GCA_020796175_FUN_000007	164	1.826E-01	1.367E-01	1.321E-01	1.504E+01
GCA_019670925_FUN_000040	Fusarium_gossypinum_ex_type_FUN_000050	132	2.235E-01	1.248E-01	7.406E-02	1.367E+01
GCA_019670925_FUN_000040	GCA_001703455_FUN_000315	132	2.235E-01	1.248E-01	7.406E-02	1.367E+01
GCA_019670925_FUN_000040	AJ520_race1_FUN_000054	220	1.562E-01	1.245E-01	1.167E-01	1.556E+01
GCA_019670925_FUN_000040	AJ592_race4_FUN_000037	220	1.562E-01	1.245E-01	1.167E-01	1.556E+01
GCA_019670925_FUN_000040	AJ865_race1_FUN_000053	220	1.562E-01	1.245E-01	1.167E-01	1.556E+01
GCA_019670925_FUN_000040	Fusarium_gossypinum_ex_type_FUN_000315	137	1.704E-01	1.035E-01	8.137E-02	1.496E+01
GCA_019670925_FUN_000040	GCA_019593505_FUN_000157	32	2.963E-01	6.696E-02	1.517E-01	5.433E+00
GCA_019670925_FUN_000040	GCA_049306905_FUN_000006	64	3.134E-01	7.762E-02	1.680E-01	8.380E+00
GCA_019670925_FUN_000040	GCA_049307005_FUN_000010	64	3.134E-01	7.762E-02	1.680E-01	8.380E+00
GCA_019670925_FUN_000040	GCA_020796175_FUN_000123	38	2.876E-01	7.683E-02	1.427E-01	5.932E+00
GCA_019670925_FUN_000040	GCA_000259975_FUN_000028	200	1.846E-01	1.456E-01	1.620E-01	1.789E+01
GCA_019670925_FUN_000040	GCA_025267645_FUN_000197	238	1.788E-01	1.469E-01	1.543E-01	1.631E+01
GCA_019670925_FUN_000040	GCA_019593505_FUN_000075	26	4.125E-01	5.433E-02	5.275E-02	5.618E+00
GCA_019670925_FUN_000040	Fola1ENZA_FUN_000004	80	2.339E-01	7.821E-02	7.577E-02	1.347E+01
GCA_019670925_FUN_000040	Fola4ENZA_FUN_000003	80	2.339E-01	7.821E-02	7.577E-02	1.347E+01
GCA_019670925_FUN_000040	GCA_000260495_FUN_000001	80	2.339E-01	7.821E-02	7.577E-02	1.347E+01
GCA_019670925_FUN_000040	GCA_001702695_FUN_000003	80	2.339E-01	7.821E-02	7.577E-02	1.347E+01
GCA_019670925_FUN_000040	GCA_014843455_FUN_000002	80	2.339E-01	7.821E-02	7.577E-02	1.347E+01
GCA_019670925_FUN_000040	GCA_049307005_FUN_000001	80	2.842E-01	1.120E-01	1.011E-01	1.169E+01
GCA_019670925_FUN_000040	GCA_025267645_FUN_000218	238	1.419E-01	1.062E-01	1.010E-01	1.675E+01
GCA_019670925_FUN_000040	Fusarium_sp_128_FUN_000003	157	1.623E-01	8.799E-02	6.363E-02	2.126E+01
GCA_019670925_FUN_000040	GCA_019593505_FUN_000203	45	1.798E-01	6.484E-02	1.069E-01	8.994E+00
GCA_019670925_FUN_000040	Fola2ENZA_FUN_000005	86	1.463E-01	5.580E-02	7.791E-02	1.264E+01
GCA_019670925_FUN_000040	AJ705_race4_FUN_000009	155	1.502E-01	8.894E-02	8.388E-02	1.705E+01
GCA_019670925_FUN_000040	GCA_001703205_FUN_000069	220	1.534E-01	1.204E-01	1.123E-01	1.554E+01
GCA_019670925_FUN_000040	GCA_002234045_FUN_000287	19	2.913E-01	4.955E-02	3.500E-02	4.459E+00
GCA_019670925_FUN_000040	GCA_025217005_FUN_000165	19	2.910E-01	4.954E-02	3.499E-02	4.460E+00
GCA_019670925_FUN_000040	GCA_050947165_FUN_000012	71	2.430E-01	6.859E-02	3.541E-02	1.158E+01
GCA_019670925_FUN_000040	GCA_050947235_FUN_000024	71	2.430E-01	6.859E-02	3.541E-02	1.158E+01
GCA_002234105_FUN_000098	GCA_002234105_FUN_000098	250	1.004E+00	1.000E+00	1.000E+00	1.373E-02
GCA_002234105_FUN_000098	GCA_001702845_FUN_000132	250	8.285E-01	8.255E-01	8.255E-01	4.516E+00
GCA_002234105_FUN_000098	GCA_025203755_FUN_000021	250	6.361E-01	6.338E-01	6.338E-01	8.413E+00
GCA_002234105_FUN_000098	GCA_015227905_FUN_000133	104	4.096E-01	1.495E-01	1.188E-01	9.420E+00
GCA_002234105_FUN_000098	Fusarium_elaeidis_ex_type_FUN_000039	185	1.716E-01	1.148E-01	1.184E-01	2.535E+01
GCA_002234105_FUN_000098	Fola1ENZA_FUN_000004	112	2.467E-01	1.072E-01	1.089E-01	1.177E+01
GCA_002234105_FUN_000098	Fola4ENZA_FUN_000003	112	2.467E-01	1.072E-01	1.089E-01	1.177E+01
GCA_002234105_FUN_000098	GCA_000260495_FUN_000001	112	2.467E-01	1.072E-01	1.089E-01	1.177E+01
GCA_002234105_FUN_000098	GCA_001702695_FUN_000003	112	2.467E-01	1.072E-01	1.089E-01	1.177E+01
GCA_002234105_FUN_000098	GCA_014843455_FUN_000002	112	2.467E-01	1.072E-01	1.089E-01	1.177E+01
GCA_002234105_FUN_000098	GCA_002234015_FUN_000078	65	3.876E-01	1.218E-01	8.359E-02	8.092E+00
GCA_002234105_FUN_000098	GCA_001702845_FUN_000128	99	2.852E-01	1.026E-01	1.145E-01	1.114E+01
GCA_002234105_FUN_000098	GCA_002234105_FUN_000094	99	2.852E-01	1.026E-01	1.145E-01	1.114E+01
GCA_002234105_FUN_000098	GCA_025203755_FUN_000017	99	2.852E-01	1.026E-01	1.146E-01	1.114E+01
GCA_002234105_FUN_000098	GCA_049307005_FUN_000001	96	2.523E-01	1.162E-01	1.168E-01	1.262E+01
GCA_002234105_FUN_000098	Fola2ENZA_FUN_000024	121	1.995E-01	9.475E-02	1.284E-01	1.427E+01
GCA_002234105_FUN_000098	Fusarium_phialophorum-barcode15_FUN_000013	121	1.995E-01	9.475E-02	1.284E-01	1.427E+01
GCA_002234105_FUN_000098	Fusarium_kalimantanense_ex_type-barcode07_FUN_000007	87	1.695E-01	6.900E-02	9.925E-02	1.468E+01
GCA_002234105_FUN_000098	Fusarium_duoseptatum_ex_type-barcode03_FUN_000160	89	2.711E-01	1.135E-01	1.471E-01	8.369E+00
GCA_002234105_FUN_000098	GCA_025267645_FUN_000197	46	2.445E-01	7.559E-02	8.503E-02	8.057E+00
GCA_002234105_FUN_000098	GCA_048164945_FUN_000019	12	3.299E-01	3.401E-02	8.511E-02	5.310E+00
GCA_002234105_FUN_000098	GCA_023509805_FUN_000017	38	2.421E-01	4.911E-02	8.069E-02	7.912E+00
GCA_002234105_FUN_000098	GCA_025267645_FUN_000212	95	1.948E-01	7.926E-02	9.713E-02	1.144E+01
GCA_002234105_FUN_000098	GCA_000259975_FUN_000028	12	5.027E-01	4.061E-02	5.018E-02	3.494E+00
GCA_002234105_FUN_000098	Fusarium_fabacearum_ex_type_FUN_000114	36	1.798E-01	4.343E-02	4.127E-02	1.243E+01
GCA_002234105_FUN_000098	GCA_025216365_FUN_000109	222	1.262E-01	8.799E-02	3.827E-02	3.559E+01
GCA_002234105_FUN_000098	GCA_025203105_FUN_000007	56	2.685E-01	5.978E-02	7.483E-02	1.060E+01
GCA_002234105_FUN_000098	Fola1ENZA_FUN_000069	111	1.378E-01	7.411E-02	7.550E-02	2.147E+01
GCA_002234105_FUN_000098	GCA_020796175_FUN_000007	111	1.378E-01	7.411E-02	7.550E-02	2.147E+01
GCA_002234105_FUN_000098	GCA_001702495_FUN_000061	40	2.021E-01	5.066E-02	4.975E-02	9.766E+00
GCA_002234105_FUN_000098	GCA_002234015_FUN_000068	40	2.015E-01	5.065E-02	4.974E-02	9.773E+00
GCA_002234105_FUN_000098	GCA_019670925_FUN_000040	21	1.905E-01	4.017E-02	4.270E-02	7.232E+00
GCA_049306905_FUN_000037	GCA_049306905_FUN_000037	193	1.005E+00	1.000E+00	1.000E+00	6.739E-03
GCA_049306905_FUN_000037	GCA_038050555_FUN_000028	220	7.056E-01	7.025E-01	6.296E-01	5.803E+00
GCA_049306905_FUN_000037	GCA_000259975_FUN_000002	50	4.542E-01	1.732E-01	1.248E-01	3.660E+00
GCA_049306905_FUN_000037	GCA_019671045_FUN_000062	233	2.699E-01	2.557E-01	2.243E-01	1.149E+01
GCA_049306905_FUN_000037	Fusarium_glycines_ex_type_FUN_000047	109	2.230E-01	1.159E-01	1.172E-01	1.551E+01
GCA_049306905_FUN_000037	Fusarium_elaeidis_ex_type_FUN_000093	192	1.406E-01	1.161E-01	1.235E-01	2.114E+01
GCA_049306905_FUN_000037	GCA_048164945_FUN_000047	101	2.260E-01	1.041E-01	1.414E-01	1.395E+01
GCA_049306905_FUN_000037	GCA_049307005_FUN_000001	81	2.492E-01	8.633E-02	7.211E-02	1.649E+01
GCA_049306905_FUN_000037	GCA_025203755_FUN_000032	49	2.763E-01	9.095E-02	6.178E-02	8.188E+00
GCA_049306905_FUN_000037	GCA_025217005_FUN_000165	219	1.524E-01	1.416E-01	8.780E-02	1.803E+01
GCA_049306905_FUN_000037	GCA_018894095_FUN_000077	86	1.579E-01	8.353E-02	4.951E-02	9.825E+00
GCA_049306905_FUN_000037	Fola2ENZA_FUN_000024	13	3.782E-01	5.197E-02	6.017E-02	3.394E+00
GCA_049306905_FUN_000037	Fusarium_phialophorum-barcode15_FUN_000013	13	3.782E-01	5.197E-02	6.017E-02	3.394E+00
GCA_049306905_FUN_000037	GCA_002234045_FUN_000287	219	1.524E-01	1.416E-01	8.780E-02	1.796E+01
GCA_049306905_FUN_000037	GCA_048164945_FUN_000024	65	2.091E-01	7.907E-02	3.843E-02	9.759E+00
GCA_049306905_FUN_000037	GCA_049306905_FUN_000029	65	2.087E-01	8.023E-02	3.845E-02	9.757E+00
GCA_049306905_FUN_000037	GCA_049307005_FUN_000032	65	2.087E-01	8.023E-02	3.845E-02	9.757E+00
GCA_049306905_FUN_000037	AJ516_race4_FUN_000033	65	2.092E-01	7.910E-02	3.832E-02	9.765E+00
GCA_014839635_FUN_000047	GCA_014839635_FUN_000047	210	1.005E+00	1.000E+00	1.000E+00	0.000E+00
GCA_014839635_FUN_000047	GCA_025216365_FUN_000025	262	1.276E-01	1.230E-01	6.849E-02	4.704E+01
GCA_014839635_FUN_000047	GCA_019593505_FUN_000075	32	3.938E-01	8.402E-02	7.512E-02	5.461E+00
GCA_014839635_FUN_000047	Fola2ENZA_FUN_000005	88	2.771E-01	9.100E-02	1.276E-01	1.702E+01
GCA_014839635_FUN_000047	Fusarium_fabacearum_ex_type_FUN_000114	101	1.680E-01	8.153E-02	6.772E-02	1.967E+01
GCA_014839635_FUN_000047	GCA_025203105_FUN_000005	226	1.458E-01	1.255E-01	1.314E-01	1.903E+01
GCA_014839635_FUN_000047	Fusarium_elaeidis_ex_type_FUN_000039	173	1.329E-01	1.065E-01	9.774E-02	1.877E+01
GCA_014839635_FUN_000047	GCA_000259975_FUN_000028	220	1.613E-01	1.241E-01	1.299E-01	2.033E+01
GCA_014839635_FUN_000047	Fusarium_gossypinum_ex_type_FUN_000200	59	2.893E-01	1.039E-01	9.519E-02	9.757E+00
GCA_014839635_FUN_000047	GCA_025267645_FUN_000218	239	9.826E-02	9.234E-02	8.552E-02	1.834E+01
GCA_014839635_FUN_000047	GCA_001702495_FUN_000061	230	1.055E-01	8.297E-02	7.336E-02	2.124E+01
GCA_014839635_FUN_000047	Fola2ENZA_FUN_000024	180	1.088E-01	8.223E-02	9.532E-02	2.129E+01
GCA_014839635_FUN_000047	Fusarium_phialophorum-barcode15_FUN_000013	180	1.088E-01	8.223E-02	9.532E-02	2.129E+01
GCA_014839635_FUN_000047	GCA_019670925_FUN_000040	138	1.984E-01	9.286E-02	8.658E-02	1.539E+01
GCA_014839635_FUN_000047	GCA_002234015_FUN_000068	213	1.143E-01	8.905E-02	7.769E-02	2.095E+01
GCA_014839635_FUN_000047	AJ520_race1_FUN_000054	96	1.516E-01	7.124E-02	6.135E-02	1.792E+01
GCA_014839635_FUN_000047	AJ592_race4_FUN_000037	96	1.516E-01	7.124E-02	6.135E-02	1.792E+01
GCA_014839635_FUN_000047	AJ865_race1_FUN_000053	96	1.516E-01	7.124E-02	6.135E-02	1.792E+01
GCA_014839635_FUN_000047	Fusarium_elaeidis_ex_type_FUN_000250	46	2.701E-01	9.413E-02	1.892E-01	8.882E+00
GCA_014839635_FUN_000047	GCA_016170085_FUN_000003	120	2.026E-01	1.083E-01	1.406E-01	3.539E+01
GCA_014839635_FUN_000047	GCA_025267645_FUN_000212	143	1.308E-01	6.892E-02	7.493E-02	1.839E+01
GCA_014839635_FUN_000047	GCA_019670925_FUN_000050	223	1.246E-01	1.175E-01	1.117E-01	2.302E+01
GCA_014839635_FUN_000047	GCA_019671045_FUN_000060	225	1.332E-01	1.062E-01	1.102E-01	2.127E+01
GCA_014839635_FUN_000047	GCA_025267645_FUN_000197	215	1.384E-01	1.010E-01	9.883E-02	1.670E+01
GCA_014839635_FUN_000047	GCA_001703455_FUN_000164	59	2.877E-01	1.035E-01	9.475E-02	9.776E+00
GCA_014839635_FUN_000047	GCA_001703205_FUN_000069	96	1.515E-01	7.123E-02	6.050E-02	1.792E+01
GCA_014839635_FUN_000047	AJ718_race1_FUN_000294	96	1.957E-01	6.696E-02	5.007E-02	1.700E+01
GCA_014839635_FUN_000047	GCA_019593505_FUN_000203	94	1.491E-01	7.024E-02	1.246E-01	1.770E+01
GCA_014839635_FUN_000047	GCA_001702845_FUN_000132	68	3.051E-01	8.161E-02	6.987E-02	1.775E+01
GCA_014839635_FUN_000047	GCA_009755825_FUN_000023	123	1.544E-01	9.022E-02	5.973E-02	1.651E+01
GCA_014839635_FUN_000047	GCA_001702495_FUN_000069	113	1.891E-01	8.370E-02	4.852E-02	1.851E+01
GCA_014839635_FUN_000047	Fusarium_fabacearum_ex_type_FUN_000267	46	1.949E-01	5.261E-02	6.925E-02	1.082E+01
GCA_014839635_FUN_000047	GCA_002233855_FUN_000349	46	1.949E-01	5.261E-02	6.925E-02	1.082E+01
GCA_014839635_FUN_000047	Fusarium_kalimantanense_ex_type-barcode07_FUN_000007	175	1.382E-01	8.867E-02	1.150E-01	2.057E+01
GCA_014839635_FUN_000047	GCA_001702495_FUN_000036	9	5.846E-01	3.999E-02	5.130E-02	1.669E+00
GCA_014839635_FUN_000047	GCA_023509805_FUN_000049	74	1.768E-01	6.423E-02	7.228E-02	1.564E+01
GCA_014839635_FUN_000047	GCA_025203105_FUN_000007	191	1.145E-01	8.307E-02	9.058E-02	1.993E+01
GCA_014839635_FUN_000047	GCA_049307005_FUN_000001	209	1.611E-01	1.159E-01	1.032E-01	2.068E+01
GCA_014839635_FUN_000047	GCA_025203755_FUN_000021	69	3.046E-01	8.528E-02	7.303E-02	1.795E+01
GCA_014839635_FUN_000047	Fusarium_gossypinum_ex_type_FUN_000050	134	1.608E-01	8.849E-02	4.648E-02	1.782E+01
GCA_014839635_FUN_000047	GCA_001703455_FUN_000315	134	1.608E-01	8.849E-02	4.648E-02	1.782E+01
GCA_014839635_FUN_000047	Fusarium_fabacearum_ex_type_FUN_000005	165	1.106E-01	8.708E-02	8.668E-02	1.752E+01
GCA_014839635_FUN_000047	GCA_015227905_FUN_000281	156	1.277E-01	7.933E-02	7.590E-02	1.661E+01
GCA_014839635_FUN_000047	Fola1ENZA_FUN_000069	114	1.221E-01	5.836E-02	5.449E-02	1.611E+01
GCA_014839635_FUN_000047	Fola3ENZA_FUN_000009	115	1.083E-01	5.336E-02	4.769E-02	1.377E+01
GCA_014839635_FUN_000047	GCA_014843445_FUN_000023	115	1.083E-01	5.336E-02	4.769E-02	1.377E+01
GCA_014839635_FUN_000047	GCA_020796175_FUN_000007	114	1.221E-01	5.836E-02	5.449E-02	1.611E+01
GCA_014839635_FUN_000047	GCA_014839635_FUN_000049	72	1.640E-01	7.994E-02	7.006E-02	1.208E+01
GCA_014839635_FUN_000047	GCA_023509805_FUN_000022	110	1.169E-01	5.062E-02	3.204E-02	1.493E+01
GCA_014839635_FUN_000047	GCA_002234015_FUN_000078	134	1.801E-01	8.410E-02	5.273E-02	1.869E+01
GCA_014839635_FUN_000047	AJ705_race4_FUN_000009	112	1.259E-01	6.074E-02	5.182E-02	1.840E+01
GCA_016170085_FUN_000049	GCA_016170085_FUN_000049	133	1.008E+00	1.000E+00	1.000E+00	1.249E-02
GCA_016170085_FUN_000049	GCA_016166325_FUN_000066	132	4.230E-01	4.187E-01	3.972E-01	9.088E+00
GCA_016170085_FUN_000049	GCA_048164945_FUN_000047	133	3.432E-01	3.411E-01	3.411E-01	1.474E+01
GCA_016170085_FUN_000049	GCA_001703205_FUN_000057	133	3.308E-01	3.289E-01	3.289E-01	1.202E+01
GCA_016170085_FUN_000049	AJ520_race1_FUN_000042	133	2.996E-01	2.980E-01	2.980E-01	1.464E+01
GCA_016170085_FUN_000049	AJ592_race4_FUN_000025	133	2.996E-01	2.980E-01	2.980E-01	1.464E+01
GCA_016170085_FUN_000049	AJ865_race1_FUN_000042	133	2.996E-01	2.980E-01	2.980E-01	1.464E+01
GCA_016170085_FUN_000049	GCA_038050555_FUN_000028	26	4.195E-01	1.367E-01	8.934E-02	3.989E+00
GCA_016170085_FUN_000049	GCA_025217005_FUN_000165	89	3.197E-01	2.120E-01	1.122E-01	7.505E+00
Fola2ENZA_FUN_000025	Fola2ENZA_FUN_000025	224	1.004E+00	1.000E+00	1.000E+00	0.000E+00
Fola2ENZA_FUN_000025	Fola3ENZA_FUN_000003	224	6.467E-01	6.440E-01	6.440E-01	9.943E+00
Fola2ENZA_FUN_000025	Fusarium_cugenangense_ex_type-barcode01_FUN_000018	224	6.467E-01	6.440E-01	6.440E-01	9.943E+00
Fola2ENZA_FUN_000025	GCA_013347535_FUN_000020	224	6.467E-01	6.440E-01	6.440E-01	9.943E+00
Fola2ENZA_FUN_000025	GCA_014843415_FUN_000015	224	6.467E-01	6.440E-01	6.440E-01	9.943E+00
Fola2ENZA_FUN_000025	GCA_014843445_FUN_000018	224	6.467E-01	6.440E-01	6.440E-01	9.943E+00
Fola2ENZA_FUN_000025	GCA_014843555_FUN_000004	224	6.467E-01	6.440E-01	6.440E-01	9.943E+00
Fola2ENZA_FUN_000025	Fusarium_phialophorum-barcode15_FUN_000014	211	5.234E-01	4.921E-01	5.132E-01	1.323E+01
Fola2ENZA_FUN_000025	GCA_018894095_FUN_000086	155	2.835E-01	1.719E-01	2.369E-01	2.579E+01
Fola2ENZA_FUN_000025	Fusarium_glycines_ex_type_FUN_000010	222	2.933E-01	2.272E-01	2.919E-01	3.179E+01
Fola2ENZA_FUN_000025	GCA_038050555_FUN_000020	151	2.735E-01	1.663E-01	2.399E-01	2.769E+01
Fola2ENZA_FUN_000025	Fusarium_gossypinum_ex_type_FUN_000200	224	2.243E-01	1.713E-01	1.619E-01	2.576E+01
Fola2ENZA_FUN_000025	Fola3ENZA_FUN_000004	32	3.478E-01	7.424E-02	1.282E-01	1.319E+01
Fola2ENZA_FUN_000025	Fusarium_cugenangense_ex_type-barcode01_FUN_000020	32	3.478E-01	7.424E-02	1.282E-01	1.319E+01
Fola2ENZA_FUN_000025	GCA_013347535_FUN_000022	32	3.478E-01	7.424E-02	1.282E-01	1.319E+01
Fola2ENZA_FUN_000025	GCA_014843415_FUN_000017	32	3.478E-01	7.424E-02	1.282E-01	1.319E+01
Fola2ENZA_FUN_000025	GCA_014843445_FUN_000019	32	3.478E-01	7.424E-02	1.282E-01	1.319E+01
Fola2ENZA_FUN_000025	GCA_014843555_FUN_000006	32	3.478E-01	7.424E-02	1.282E-01	1.319E+01
Fola2ENZA_FUN_000025	GCA_015227905_FUN_000133	110	1.705E-01	7.933E-02	5.792E-02	2.596E+01
Fola2ENZA_FUN_000025	Fola4ENZA_FUN_000008	29	3.643E-01	6.228E-02	1.119E-01	1.168E+01
Fola2ENZA_FUN_000025	GCA_000260495_FUN_000006	29	3.643E-01	6.228E-02	1.119E-01	1.168E+01
Fola2ENZA_FUN_000025	GCA_001702695_FUN_000008	29	3.643E-01	6.228E-02	1.119E-01	1.168E+01
Fola2ENZA_FUN_000025	GCA_003315725_FUN_000002	29	3.643E-01	6.228E-02	1.119E-01	1.168E+01
Fola2ENZA_FUN_000025	GCA_014843455_FUN_000007	29	3.643E-01	6.228E-02	1.119E-01	1.168E+01
Fola2ENZA_FUN_000025	GCA_021018635_FUN_000007	29	3.643E-01	6.228E-02	1.119E-01	1.168E+01
Fola2ENZA_FUN_000025	GCA_032206225_FUN_000003	29	3.643E-01	6.228E-02	1.119E-01	1.168E+01
Fola2ENZA_FUN_000025	GCA_019593505_FUN_000075	10	1.021E+00	4.451E-02	4.155E-02	3.535E-01
Fola2ENZA_FUN_000025	GCA_016170085_FUN_000003	57	2.527E-01	8.696E-02	1.179E-01	1.399E+01
Fola2ENZA_FUN_000025	GCA_025267645_FUN_000197	15	6.587E-01	5.286E-02	5.472E-02	6.011E+00
Fola2ENZA_FUN_000025	Fola1ENZA_FUN_000069	100	1.897E-01	9.311E-02	8.652E-02	2.940E+01
Fola2ENZA_FUN_000025	GCA_020796175_FUN_000007	100	1.897E-01	9.311E-02	8.652E-02	2.940E+01
Fola2ENZA_FUN_000025	GCA_023509805_FUN_000017	64	1.994E-01	9.076E-02	1.195E-01	7.744E+00
GCA_001702695_FUN_000003	Fola1ENZA_FUN_000004	245	1.004E+00	1.000E+00	1.000E+00	0.000E+00
GCA_001702695_FUN_000003	Fola4ENZA_FUN_000003	245	1.004E+00	1.000E+00	1.000E+00	0.000E+00
GCA_001702695_FUN_000003	GCA_000260495_FUN_000001	245	1.004E+00	1.000E+00	1.000E+00	0.000E+00
GCA_001702695_FUN_000003	GCA_001702695_FUN_000003	245	1.004E+00	1.000E+00	1.000E+00	0.000E+00
GCA_001702695_FUN_000003	GCA_014843455_FUN_000002	245	1.004E+00	1.000E+00	1.000E+00	0.000E+00
GCA_001702695_FUN_000003	GCA_025203105_FUN_000005	130	5.420E-01	2.545E-01	3.101E-01	6.049E+00
GCA_001702695_FUN_000003	Fola2ENZA_FUN_000024	134	4.952E-01	2.640E-01	3.779E-01	1.042E+01
GCA_001702695_FUN_000003	Fusarium_phialophorum-barcode15_FUN_000013	134	4.952E-01	2.640E-01	3.779E-01	1.042E+01
GCA_001702695_FUN_000003	GCA_025203755_FUN_000021	112	2.465E-01	1.088E-01	1.071E-01	1.178E+01
GCA_001702695_FUN_000003	Fola4ENZA_FUN_000008	22	4.571E-01	5.075E-02	9.682E-02	3.545E+00
GCA_001702695_FUN_000003	GCA_000260495_FUN_000006	22	4.571E-01	5.075E-02	9.682E-02	3.545E+00
GCA_001702695_FUN_000003	GCA_001702695_FUN_000008	22	4.571E-01	5.075E-02	9.682E-02	3.545E+00
GCA_001702695_FUN_000003	GCA_003315725_FUN_000002	22	4.571E-01	5.075E-02	9.682E-02	3.545E+00
GCA_001702695_FUN_000003	GCA_014843455_FUN_000007	22	4.571E-01	5.075E-02	9.682E-02	3.545E+00
GCA_001702695_FUN_000003	GCA_021018635_FUN_000007	22	4.571E-01	5.075E-02	9.682E-02	3.545E+00
GCA_001702695_FUN_000003	GCA_032206225_FUN_000003	22	4.571E-01	5.075E-02	9.682E-02	3.545E+00
GCA_001702695_FUN_000003	GCA_049307005_FUN_000001	72	1.999E-01	8.412E-02	8.387E-02	9.306E+00
GCA_001702695_FUN_000003	GCA_001702845_FUN_000132	112	2.465E-01	1.089E-01	1.072E-01	1.176E+01
GCA_001702695_FUN_000003	GCA_002234105_FUN_000098	112	2.467E-01	1.089E-01	1.072E-01	1.177E+01
GCA_001702695_FUN_000003	AJ592_race4_FUN_000062	130	1.352E-01	7.804E-02	6.186E-02	1.272E+01
GCA_001702695_FUN_000003	AJ705_race4_FUN_000001	130	1.352E-01	7.804E-02	6.186E-02	1.272E+01
GCA_001702695_FUN_000003	Fola3ENZA_FUN_000004	22	4.575E-01	5.075E-02	9.683E-02	3.547E+00
GCA_001702695_FUN_000003	Fusarium_cugenangense_ex_type-barcode01_FUN_000020	22	4.575E-01	5.075E-02	9.683E-02	3.547E+00
GCA_001702695_FUN_000003	GCA_013347535_FUN_000022	22	4.575E-01	5.075E-02	9.683E-02	3.547E+00
GCA_001702695_FUN_000003	GCA_014843415_FUN_000017	22	4.575E-01	5.075E-02	9.683E-02	3.547E+00
GCA_001702695_FUN_000003	GCA_014843445_FUN_000019	22	4.575E-01	5.075E-02	9.683E-02	3.547E+00
GCA_001702695_FUN_000003	GCA_014843555_FUN_000006	22	4.575E-01	5.075E-02	9.683E-02	3.547E+00
GCA_001702695_FUN_000003	GCA_013423235_FUN_000001	22	4.565E-01	5.074E-02	9.344E-02	3.547E+00
GCA_001702695_FUN_000003	Fusarium_duoseptatum_ex_type-barcode03_FUN_000160	36	2.875E-01	7.014E-02	8.598E-02	7.144E+00
GCA_001702695_FUN_000003	GCA_025203105_FUN_000007	41	2.503E-01	8.738E-02	1.055E-01	5.841E+00
GCA_001702695_FUN_000003	AJ516_race4_FUN_000027	37	1.659E-01	4.180E-02	9.593E-02	1.077E+01
GCA_001702695_FUN_000003	AJ520_race1_FUN_000015	37	1.659E-01	4.180E-02	9.593E-02	1.077E+01
GCA_001702695_FUN_000003	AJ865_race1_FUN_000014	37	1.659E-01	4.180E-02	9.593E-02	1.077E+01
GCA_001702695_FUN_000003	GCA_023509805_FUN_000049	77	1.812E-01	8.557E-02	9.628E-02	1.204E+01
GCA_001702695_FUN_000003	GCA_025267645_FUN_000212	139	1.446E-01	7.907E-02	9.542E-02	1.730E+01
GCA_001702695_FUN_000003	GCA_001703455_FUN_000133	94	1.711E-01	6.969E-02	8.135E-02	1.837E+01
GCA_001702695_FUN_000003	GCA_019670925_FUN_000040	68	2.492E-01	8.283E-02	8.512E-02	9.956E+00
GCA_001702695_FUN_000003	Fola3ENZA_FUN_000009	111	1.350E-01	6.487E-02	6.506E-02	1.874E+01
GCA_001702695_FUN_000003	GCA_014843445_FUN_000023	111	1.350E-01	6.487E-02	6.506E-02	1.874E+01
GCA_001702695_FUN_000003	GCA_016166325_FUN_000030	37	1.762E-01	4.847E-02	1.167E-01	1.016E+01
GCA_001702695_FUN_000003	GCA_016170085_FUN_000014	37	1.762E-01	4.847E-02	1.167E-01	1.016E+01
GCA_001702695_FUN_000003	GCA_038050555_FUN_000006	58	1.802E-01	5.355E-02	1.249E-01	1.285E+01
GCA_001702695_FUN_000003	Fola1ENZA_FUN_000069	111	1.367E-01	6.543E-02	6.563E-02	1.852E+01
GCA_001702695_FUN_000003	GCA_020796175_FUN_000007	111	1.367E-01	6.543E-02	6.563E-02	1.852E+01
GCA_001702695_FUN_000003	AJ520_race1_FUN_000054	121	1.295E-01	6.937E-02	6.976E-02	2.015E+01
GCA_001702695_FUN_000003	AJ592_race4_FUN_000037	121	1.295E-01	6.937E-02	6.976E-02	2.015E+01
GCA_001702695_FUN_000003	AJ865_race1_FUN_000053	121	1.295E-01	6.937E-02	6.976E-02	2.015E+01
GCA_001702695_FUN_000003	GCA_001703205_FUN_000069	121	1.295E-01	6.934E-02	6.919E-02	2.061E+01
GCA_001702695_FUN_000003	GCA_014839635_FUN_000049	85	2.046E-01	1.017E-01	9.551E-02	9.487E+00
GCA_001702695_FUN_000003	Fusarium_gossypinum_ex_type_FUN_000315	98	1.621E-01	6.592E-02	5.323E-02	1.472E+01
GCA_001702695_FUN_000003	GCA_009755825_FUN_000023	143	1.424E-01	8.655E-02	6.551E-02	1.857E+01
GCA_001702695_FUN_000003	GCA_025216365_FUN_000025	196	1.081E-01	6.330E-02	3.721E-02	4.221E+01
GCA_001702695_FUN_000003	GCA_002233855_FUN_000172	141	1.698E-01	8.807E-02	5.730E-02	2.282E+01
GCA_001702695_FUN_000003	GCA_048164945_FUN_000024	39	1.766E-01	4.464E-02	2.693E-02	1.031E+01
GCA_002233855_FUN_000306	GCA_002233855_FUN_000306	165	1.006E+00	1.000E+00	1.000E+00	0.000E+00
GCA_002233855_FUN_000306	GCA_025216365_FUN_000025	58	1.709E-01	8.075E-02	3.719E-02	1.387E+01
GCA_003315725_FUN_000001	Fola4ENZA_FUN_000007	118	1.009E+00	1.000E+00	1.000E+00	0.000E+00
GCA_003315725_FUN_000001	Fusarium_phialophorum-barcode15_FUN_000015	118	1.009E+00	1.000E+00	1.000E+00	0.000E+00
GCA_003315725_FUN_000001	Fusarium_sp_128_FUN_000005	118	1.009E+00	1.000E+00	1.000E+00	0.000E+00
GCA_003315725_FUN_000001	GCA_001702695_FUN_000007	118	1.009E+00	1.000E+00	1.000E+00	0.000E+00
GCA_003315725_FUN_000001	GCA_003315725_FUN_000001	118	1.009E+00	1.000E+00	1.000E+00	0.000E+00
GCA_003315725_FUN_000001	GCA_014843455_FUN_000006	118	1.009E+00	1.000E+00	1.000E+00	0.000E+00
GCA_003315725_FUN_000001	GCA_021018635_FUN_000006	118	1.009E+00	1.000E+00	1.000E+00	0.000E+00
GCA_003315725_FUN_000001	GCA_032206225_FUN_000002	118	1.009E+00	1.000E+00	1.000E+00	0.000E+00
GCA_003315725_FUN_000001	Fusarium_cugenangense_ex_type-barcode01_FUN_000019	118	9.689E-01	9.612E-01	9.612E-01	1.176E+00
GCA_003315725_FUN_000001	GCA_013347535_FUN_000021	118	9.689E-01	9.612E-01	9.612E-01	1.176E+00
GCA_003315725_FUN_000001	GCA_014843415_FUN_000016	118	9.689E-01	9.612E-01	9.612E-01	1.176E+00
GCA_003315725_FUN_000001	GCA_014843555_FUN_000005	118	9.689E-01	9.612E-01	9.612E-01	1.176E+00
GCA_003315725_FUN_000001	Fusarium_sp_128_FUN_000001	100	7.762E-01	5.542E-01	7.227E-01	2.904E+00
GCA_003315725_FUN_000001	GCA_019593505_FUN_000203	106	6.607E-01	5.000E-01	5.983E-01	3.692E+00
GCA_003315725_FUN_000001	GCA_013423235_FUN_000011	107	6.230E-01	5.126E-01	4.743E-01	7.143E+00
GCA_003315725_FUN_000001	GCA_002234015_FUN_000043	118	5.486E-01	4.605E-01	3.544E-01	7.646E+00
GCA_003315725_FUN_000001	GCA_001702495_FUN_000036	119	5.892E-01	4.981E-01	3.834E-01	4.454E+00
GCA_003315725_FUN_000001	GCA_025267645_FUN_000212	87	4.635E-01	3.128E-01	2.177E-01	4.792E+00
GCA_003315725_FUN_000001	GCA_009755825_FUN_000023	92	2.897E-01	2.082E-01	8.668E-02	1.164E+01
GCA_003315725_FUN_000001	GCA_001703205_FUN_000069	118	2.496E-01	1.896E-01	1.025E-01	1.862E+01
GCA_003315725_FUN_000001	AJ520_race1_FUN_000054	118	2.497E-01	1.896E-01	1.034E-01	1.855E+01
GCA_003315725_FUN_000001	AJ592_race4_FUN_000037	118	2.497E-01	1.896E-01	1.034E-01	1.855E+01
GCA_003315725_FUN_000001	AJ865_race1_FUN_000053	118	2.497E-01	1.896E-01	1.034E-01	1.855E+01
GCA_003315725_FUN_000001	GCA_025203105_FUN_000007	139	1.679E-01	1.423E-01	1.012E-01	1.371E+01
GCA_003315725_FUN_000001	GCA_019670925_FUN_000050	131	2.035E-01	1.638E-01	1.116E-01	1.142E+01
GCA_003315725_FUN_000001	Fusarium_kalimantanense_ex_type-barcode07_FUN_000007	59	3.842E-01	1.607E-01	1.354E-01	1.224E+01
GCA_003315725_FUN_000001	GCA_015227905_FUN_000281	94	1.838E-01	1.421E-01	9.000E-02	1.484E+01
GCA_003315725_FUN_000001	GCA_020796175_FUN_000123	90	2.327E-01	1.533E-01	1.748E-01	1.164E+01
GCA_003315725_FUN_000001	Fola2ENZA_FUN_000005	102	2.198E-01	1.670E-01	1.449E-01	1.131E+01
GCA_003315725_FUN_000001	Fusarium_duoseptatum_ex_type-barcode03_FUN_000160	181	2.204E-01	2.139E-01	1.660E-01	1.569E+01
GCA_003315725_FUN_000001	Fusarium_fabacearum_ex_type_FUN_000005	112	1.738E-01	1.221E-01	8.275E-02	1.547E+01
GCA_003315725_FUN_000001	GCA_009755825_FUN_000084	36	2.149E-01	1.175E-01	7.807E-02	4.929E+00
GCA_003315725_FUN_000001	Fusarium_elaeidis_ex_type_FUN_000039	110	2.079E-01	1.763E-01	1.139E-01	1.391E+01
GCA_003315725_FUN_000001	AJ592_race4_FUN_000062	85	1.633E-01	1.054E-01	4.232E-02	1.455E+01
GCA_003315725_FUN_000001	AJ705_race4_FUN_000001	85	1.633E-01	1.054E-01	4.232E-02	1.455E+01
GCA_003315725_FUN_000001	GCA_025216365_FUN_000025	88	1.705E-01	1.217E-01	3.912E-02	4.549E+01
GCA_003315725_FUN_000001	Fusarium_duoseptatum_ex_type-barcode03_FUN_000086	71	1.404E-01	9.131E-02	1.083E-01	1.463E+01
GCA_003315725_FUN_000001	GCA_000259975_FUN_000015	134	2.301E-01	2.051E-01	1.920E-01	1.202E+01
GCA_003315725_FUN_000001	GCA_019671045_FUN_000060	127	1.141E-01	1.013E-01	7.122E-02	1.631E+01
GCA_003315725_FUN_000001	GCA_050947165_FUN_000034	98	1.488E-01	1.100E-01	7.102E-02	2.128E+01
GCA_003315725_FUN_000001	GCA_050947235_FUN_000045	98	1.488E-01	1.100E-01	7.102E-02	2.128E+01
GCA_003315725_FUN_000001	GCA_049307005_FUN_000001	104	1.147E-01	9.050E-02	6.486E-02	1.584E+01
GCA_003315725_FUN_000001	Fusarium_sp_128_FUN_000003	115	2.178E-01	1.629E-01	7.237E-02	1.183E+01
GCA_003315725_FUN_000001	Fusarium_gossypinum_ex_type_FUN_000050	54	2.792E-01	1.397E-01	4.653E-02	6.050E+00
GCA_003315725_FUN_000001	GCA_001703455_FUN_000315	54	2.792E-01	1.397E-01	4.653E-02	6.050E+00
GCA_003315725_FUN_000001	GCA_025216365_FUN_000109	121	1.903E-01	1.637E-01	5.471E-02	1.339E+01
GCA_003315725_FUN_000001	GCA_025267645_FUN_000218	46	2.282E-01	1.200E-01	7.202E-02	6.475E+00
GCA_003315725_FUN_000001	GCA_023509805_FUN_000022	15	3.423E-01	6.254E-02	2.299E-02	4.072E+00
Fusarium_glycines_ex_type_FUN_000042	Fusarium_glycines_ex_type_FUN_000042	139	1.007E+00	1.000E+00	1.000E+00	8.961E-04
Fusarium_glycines_ex_type_FUN_000042	GCA_002234045_FUN_000287	101	8.118E-01	5.895E-01	2.460E-01	3.905E+00
Fusarium_glycines_ex_type_FUN_000042	GCA_025217005_FUN_000165	101	8.119E-01	5.896E-01	2.460E-01	3.904E+00
Fusarium_glycines_ex_type_FUN_000042	GCA_015227905_FUN_000281	38	3.339E-01	1.153E-01	7.599E-02	8.688E+00
Fusarium_glycines_ex_type_FUN_000042	GCA_019670925_FUN_000040	17	5.583E-01	7.466E-02	4.594E-02	8.490E+00
Fusarium_glycines_ex_type_FUN_000042	GCA_038050555_FUN_000028	82	2.397E-01	1.149E-01	8.171E-02	1.102E+01
Fusarium_glycines_ex_type_FUN_000042	GCA_025267645_FUN_000212	9	5.085E-01	4.769E-02	3.579E-02	4.576E+00
Fusarium_glycines_ex_type_FUN_000042	GCA_050947165_FUN_000034	98	1.243E-01	7.788E-02	6.382E-02	2.093E+01
Fusarium_glycines_ex_type_FUN_000042	GCA_050947235_FUN_000045	98	1.243E-01	7.788E-02	6.382E-02	2.093E+01
Fusarium_glycines_ex_type_FUN_000042	GCA_019593505_FUN_000075	100	2.152E-01	1.507E-01	1.070E-01	1.097E+01
Fusarium_glycines_ex_type_FUN_000042	GCA_001703205_FUN_000069	62	1.938E-01	9.305E-02	5.486E-02	1.121E+01
Fusarium_glycines_ex_type_FUN_000042	AJ520_race1_FUN_000054	62	1.940E-01	9.308E-02	5.538E-02	1.121E+01
Fusarium_glycines_ex_type_FUN_000042	AJ592_race4_FUN_000037	62	1.940E-01	9.308E-02	5.538E-02	1.121E+01
Fusarium_glycines_ex_type_FUN_000042	AJ865_race1_FUN_000053	62	1.940E-01	9.308E-02	5.538E-02	1.121E+01
GCA_016166325_FUN_000066	GCA_016166325_FUN_000066	142	1.007E+00	1.000E+00	1.000E+00	4.022E-03
GCA_016166325_FUN_000066	GCA_016170085_FUN_000049	132	4.230E-01	3.972E-01	4.187E-01	9.088E+00
GCA_016166325_FUN_000066	GCA_048164945_FUN_000047	132	3.495E-01	3.291E-01	3.454E-01	1.468E+01
GCA_016166325_FUN_000066	GCA_001703205_FUN_000057	131	2.451E-01	2.291E-01	2.408E-01	1.656E+01
GCA_016166325_FUN_000066	AJ520_race1_FUN_000042	132	2.513E-01	2.399E-01	2.496E-01	1.441E+01
GCA_016166325_FUN_000066	AJ592_race4_FUN_000025	132	2.513E-01	2.399E-01	2.496E-01	1.441E+01
GCA_016166325_FUN_000066	AJ865_race1_FUN_000042	132	2.513E-01	2.399E-01	2.496E-01	1.441E+01
Fusarium_gossypinum_ex_type_FUN_000050	Fusarium_gossypinum_ex_type_FUN_000050	480	1.002E+00	1.000E+00	1.000E+00	0.000E+00
Fusarium_gossypinum_ex_type_FUN_000050	GCA_001703455_FUN_000315	480	1.002E+00	1.000E+00	1.000E+00	0.000E+00
Fusarium_gossypinum_ex_type_FUN_000050	GCA_025267645_FUN_000218	250	8.122E-01	3.973E-01	7.415E-01	2.893E+00
Fusarium_gossypinum_ex_type_FUN_000050	GCA_009755825_FUN_000023	403	2.671E-01	1.581E-01	1.918E-01	3.429E+01
Fusarium_gossypinum_ex_type_FUN_000050	Fusarium_fabacearum_ex_type_FUN_000005	190	4.578E-01	1.659E-01	3.419E-01	1.138E+01
Fusarium_gossypinum_ex_type_FUN_000050	GCA_025216365_FUN_000109	153	4.852E-01	1.353E-01	9.957E-02	2.038E+01
Fusarium_gossypinum_ex_type_FUN_000050	GCA_002233855_FUN_000172	237	3.681E-01	1.685E-01	1.737E-01	2.113E+01
Fusarium_gossypinum_ex_type_FUN_000050	AJ520_race1_FUN_000054	309	3.859E-01	2.091E-01	3.482E-01	2.179E+01
Fusarium_gossypinum_ex_type_FUN_000050	AJ592_race4_FUN_000037	309	3.859E-01	2.091E-01	3.482E-01	2.179E+01
Fusarium_gossypinum_ex_type_FUN_000050	AJ865_race1_FUN_000053	309	3.859E-01	2.091E-01	3.482E-01	2.179E+01
Fusarium_gossypinum_ex_type_FUN_000050	GCA_001703205_FUN_000069	298	3.945E-01	2.100E-01	3.490E-01	2.195E+01
Fusarium_gossypinum_ex_type_FUN_000050	Fusarium_elaeidis_ex_type_FUN_000039	155	5.164E-01	1.449E-01	2.711E-01	8.698E+00
Fusarium_gossypinum_ex_type_FUN_000050	GCA_009755825_FUN_000084	248	3.222E-01	1.415E-01	2.724E-01	2.234E+01
Fusarium_gossypinum_ex_type_FUN_000050	GCA_015227905_FUN_000281	207	4.264E-01	1.903E-01	3.548E-01	9.579E+00
Fusarium_gossypinum_ex_type_FUN_000050	Fusarium_sp_128_FUN_000003	247	3.782E-01	1.501E-01	1.915E-01	1.106E+01
Fusarium_gossypinum_ex_type_FUN_000050	AJ705_race4_FUN_000025	131	2.085E-01	7.107E-02	1.538E-01	2.030E+01
Fusarium_gossypinum_ex_type_FUN_000050	Fusarium_fabacearum_ex_type_FUN_000114	158	1.610E-01	7.109E-02	1.041E-01	1.658E+01
Fusarium_gossypinum_ex_type_FUN_000050	GCA_001703455_FUN_000133	188	2.297E-01	8.859E-02	1.751E-01	1.635E+01
Fusarium_gossypinum_ex_type_FUN_000050	AJ718_race1_FUN_000294	143	1.635E-01	5.699E-02	7.887E-02	1.897E+01
Fusarium_gossypinum_ex_type_FUN_000050	GCA_019670925_FUN_000040	132	2.204E-01	7.406E-02	1.248E-01	1.348E+01
Fusarium_gossypinum_ex_type_FUN_000050	GCA_009755825_FUN_000025	47	5.966E-01	8.509E-02	1.593E-01	3.213E+00
Fusarium_gossypinum_ex_type_FUN_000050	GCA_014839635_FUN_000049	139	1.810E-01	6.391E-02	9.749E-02	1.520E+01
Fusarium_gossypinum_ex_type_FUN_000050	GCA_025203105_FUN_000007	73	2.371E-01	5.161E-02	1.070E-01	1.391E+01
Fusarium_gossypinum_ex_type_FUN_000050	GCA_000259975_FUN_000028	112	1.357E-01	6.186E-02	9.382E-02	1.610E+01
Fusarium_gossypinum_ex_type_FUN_000050	GCA_025267645_FUN_000197	188	1.924E-01	6.528E-02	1.156E-01	1.478E+01
Fusarium_gossypinum_ex_type_FUN_000050	GCA_025203755_FUN_000021	129	1.449E-01	6.375E-02	1.050E-01	2.947E+01
Fusarium_gossypinum_ex_type_FUN_000050	GCA_002234015_FUN_000068	165	1.518E-01	6.881E-02	1.039E-01	1.425E+01
Fusarium_gossypinum_ex_type_FUN_000050	AJ718_race1_FUN_000292	93	1.976E-01	5.106E-02	7.043E-02	1.851E+01
Fusarium_gossypinum_ex_type_FUN_000050	Fola4ENZA_FUN_000007	81	2.325E-01	4.798E-02	1.436E-01	1.198E+01
Fusarium_gossypinum_ex_type_FUN_000050	Fusarium_cugenangense_ex_type-barcode01_FUN_000019	81	1.983E-01	4.286E-02	1.249E-01	1.189E+01
Fusarium_gossypinum_ex_type_FUN_000050	Fusarium_phialophorum-barcode15_FUN_000015	81	2.325E-01	4.798E-02	1.436E-01	1.198E+01
Fusarium_gossypinum_ex_type_FUN_000050	Fusarium_sp_128_FUN_000005	81	2.325E-01	4.798E-02	1.436E-01	1.198E+01
Fusarium_gossypinum_ex_type_FUN_000050	GCA_001702695_FUN_000007	81	2.325E-01	4.798E-02	1.436E-01	1.198E+01
Fusarium_gossypinum_ex_type_FUN_000050	GCA_003315725_FUN_000001	81	2.325E-01	4.798E-02	1.436E-01	1.198E+01
Fusarium_gossypinum_ex_type_FUN_000050	GCA_013347535_FUN_000021	81	1.983E-01	4.286E-02	1.249E-01	1.189E+01
Fusarium_gossypinum_ex_type_FUN_000050	GCA_014843415_FUN_000016	81	1.983E-01	4.286E-02	1.249E-01	1.189E+01
Fusarium_gossypinum_ex_type_FUN_000050	GCA_014843455_FUN_000006	81	2.325E-01	4.798E-02	1.436E-01	1.198E+01
Fusarium_gossypinum_ex_type_FUN_000050	GCA_014843555_FUN_000005	81	1.983E-01	4.286E-02	1.249E-01	1.189E+01
Fusarium_gossypinum_ex_type_FUN_000050	GCA_021018635_FUN_000006	81	2.325E-01	4.798E-02	1.436E-01	1.198E+01
Fusarium_gossypinum_ex_type_FUN_000050	GCA_032206225_FUN_000002	81	2.325E-01	4.798E-02	1.436E-01	1.198E+01
Fusarium_gossypinum_ex_type_FUN_000050	GCA_014839635_FUN_000047	220	1.366E-01	5.665E-02	9.893E-02	1.944E+01
Fusarium_gossypinum_ex_type_FUN_000050	GCA_001702495_FUN_000061	149	1.164E-01	4.792E-02	7.366E-02	1.733E+01
Fusarium_gossypinum_ex_type_FUN_000050	Fusarium_gossypinum_ex_type_FUN_000315	319	1.387E-01	8.763E-02	1.098E-01	2.322E+01
Fusarium_gossypinum_ex_type_FUN_000050	GCA_002234045_FUN_000302	83	1.444E-01	4.145E-02	4.556E-02	2.403E+01
Fusarium_gossypinum_ex_type_FUN_000050	GCA_025217005_FUN_000180	83	1.348E-01	3.599E-02	4.042E-02	2.091E+01
Fusarium_gossypinum_ex_type_FUN_000050	Fusarium_sp_128_FUN_000001	142	2.385E-01	7.380E-02	2.333E-01	1.293E+01
Fusarium_gossypinum_ex_type_FUN_000050	Fola2ENZA_FUN_000005	136	1.456E-01	4.669E-02	9.452E-02	1.303E+01
Fusarium_gossypinum_ex_type_FUN_000050	Fusarium_duoseptatum_ex_type-barcode03_FUN_000160	36	2.891E-01	4.063E-02	8.956E-02	6.233E+00
Fusarium_gossypinum_ex_type_FUN_000050	GCA_001702845_FUN_000128	127	1.616E-01	5.390E-02	9.782E-02	1.504E+01
Fusarium_gossypinum_ex_type_FUN_000050	GCA_002234105_FUN_000094	127	1.616E-01	5.390E-02	9.782E-02	1.504E+01
Fusarium_gossypinum_ex_type_FUN_000050	GCA_025203755_FUN_000017	127	1.616E-01	5.389E-02	9.781E-02	1.504E+01
Fusarium_gossypinum_ex_type_FUN_000050	GCA_023509805_FUN_000022	144	1.293E-01	5.353E-02	6.214E-02	1.507E+01
Fusarium_gossypinum_ex_type_FUN_000050	GCA_000259975_FUN_000015	85	1.735E-01	4.189E-02	1.023E-01	1.415E+01
Fusarium_gossypinum_ex_type_FUN_000050	Fusarium_kalimantanense_ex_type-barcode07_FUN_000007	59	2.132E-01	4.338E-02	8.313E-02	9.016E+00
GCA_050947165_FUN_000034	GCA_050947165_FUN_000034	202	1.005E+00	1.000E+00	1.000E+00	0.000E+00
GCA_050947165_FUN_000034	GCA_050947235_FUN_000045	202	1.005E+00	1.000E+00	1.000E+00	0.000E+00
GCA_050947165_FUN_000034	GCA_009755825_FUN_000084	113	2.145E-01	1.169E-01	1.116E-01	1.645E+01
GCA_050947165_FUN_000034	GCA_049306905_FUN_000029	24	5.961E-01	1.053E-01	4.360E-02	1.799E+00
GCA_050947165_FUN_000034	GCA_049307005_FUN_000032	24	5.961E-01	1.053E-01	4.360E-02	1.799E+00
GCA_050947165_FUN_000034	GCA_018894095_FUN_000086	158	1.514E-01	1.118E-01	1.341E-01	2.427E+01
GCA_050947165_FUN_000034	AJ520_race1_FUN_000054	104	2.417E-01	9.806E-02	9.611E-02	1.858E+01
GCA_050947165_FUN_000034	AJ592_race4_FUN_000037	104	2.417E-01	9.806E-02	9.611E-02	1.858E+01
GCA_050947165_FUN_000034	AJ865_race1_FUN_000053	104	2.417E-01	9.806E-02	9.611E-02	1.858E+01
GCA_050947165_FUN_000034	GCA_016170085_FUN_000003	72	2.376E-01	1.329E-01	1.391E-01	1.451E+01
GCA_050947165_FUN_000034	Fusarium_glycines_ex_type_FUN_000010	139	1.695E-01	1.013E-01	1.189E-01	2.182E+01
GCA_050947165_FUN_000034	AJ516_race4_FUN_000033	24	5.915E-01	1.054E-01	4.345E-02	1.791E+00
GCA_050947165_FUN_000034	GCA_001703205_FUN_000069	111	2.060E-01	1.079E-01	9.180E-02	2.177E+01
GCA_050947165_FUN_000034	Fola3ENZA_FUN_000003	152	1.891E-01	1.178E-01	1.065E-01	2.094E+01
GCA_050947165_FUN_000034	Fusarium_cugenangense_ex_type-barcode01_FUN_000018	152	1.891E-01	1.178E-01	1.065E-01	2.094E+01
GCA_050947165_FUN_000034	GCA_013347535_FUN_000020	152	1.891E-01	1.178E-01	1.065E-01	2.094E+01
GCA_050947165_FUN_000034	GCA_014843415_FUN_000015	152	1.891E-01	1.178E-01	1.065E-01	2.094E+01
GCA_050947165_FUN_000034	GCA_014843445_FUN_000018	152	1.891E-01	1.178E-01	1.065E-01	2.094E+01
GCA_050947165_FUN_000034	GCA_014843555_FUN_000004	152	1.891E-01	1.178E-01	1.065E-01	2.094E+01
GCA_050947165_FUN_000034	Fusarium_gossypinum_ex_type_FUN_000200	149	1.827E-01	1.137E-01	9.777E-02	2.119E+01
GCA_050947165_FUN_000034	GCA_048164945_FUN_000024	24	5.990E-01	1.056E-01	4.367E-02	1.768E+00
GCA_050947165_FUN_000034	Fusarium_phialophorum-barcode15_FUN_000014	206	1.379E-01	1.135E-01	1.083E-01	2.989E+01
GCA_050947165_FUN_000034	GCA_015227905_FUN_000281	168	1.268E-01	9.231E-02	8.729E-02	1.975E+01
GCA_050947165_FUN_000034	GCA_015227905_FUN_000133	86	1.970E-01	1.056E-01	7.296E-02	1.521E+01
GCA_050947165_FUN_000034	GCA_013423235_FUN_000011	47	1.748E-01	6.305E-02	7.825E-02	6.696E+00
GCA_050947165_FUN_000034	GCA_025203755_FUN_000021	183	1.388E-01	1.116E-01	9.511E-02	3.027E+01
GCA_050947165_FUN_000034	GCA_002233855_FUN_000172	146	1.103E-01	8.059E-02	4.193E-02	1.857E+01
GCA_050947165_FUN_000034	GCA_018894095_FUN_000077	44	1.676E-01	5.936E-02	3.275E-02	1.071E+01
GCA_050947165_FUN_000034	GCA_019593505_FUN_000203	23	2.928E-01	6.576E-02	1.186E-01	4.601E+00
GCA_050947165_FUN_000034	GCA_000259975_FUN_000015	39	1.771E-01	5.365E-02	6.643E-02	7.631E+00
GCA_050947165_FUN_000034	Fusarium_glycines_ex_type_FUN_000042	7	8.742E-01	3.430E-02	4.965E-02	6.209E-01
GCA_050947165_FUN_000034	GCA_019593505_FUN_000075	21	3.006E-01	5.910E-02	5.046E-02	7.753E+00
GCA_050947165_FUN_000034	GCA_001703455_FUN_000164	245	1.060E-01	1.015E-01	8.797E-02	2.427E+01
GCA_050947165_FUN_000034	Fola2ENZA_FUN_000005	100	1.515E-01	8.491E-02	1.076E-01	1.667E+01
GCA_050947165_FUN_000034	GCA_019670925_FUN_000040	63	2.147E-01	8.390E-02	7.489E-02	1.039E+01
GCA_025217005_FUN_000180	GCA_025217005_FUN_000180	419	1.002E+00	1.000E+00	1.000E+00	0.000E+00
GCA_025217005_FUN_000180	GCA_002234045_FUN_000302	419	6.662E-01	6.647E-01	6.647E-01	9.055E+00
GCA_025217005_FUN_000180	GCA_038050555_FUN_000028	19	7.761E-01	4.155E-02	7.727E-02	2.780E+00
GCA_025217005_FUN_000180	AJ705_race4_FUN_000025	134	3.362E-01	1.219E-01	2.344E-01	1.076E+01
GCA_025217005_FUN_000180	GCA_032206225_FUN_000009	169	1.918E-01	8.738E-02	1.849E-01	1.989E+01
GCA_025217005_FUN_000180	GCA_009755825_FUN_000025	150	1.941E-01	8.467E-02	1.259E-01	1.826E+01
GCA_025217005_FUN_000180	Fusarium_kalimantanense_ex_type-barcode07_FUN_000003	117	1.955E-01	8.992E-02	1.387E-01	1.692E+01
GCA_025217005_FUN_000180	GCA_000260495_FUN_000010	161	1.903E-01	8.671E-02	1.786E-01	1.923E+01
GCA_025217005_FUN_000180	GCA_003315725_FUN_000007	161	1.903E-01	8.671E-02	1.786E-01	1.923E+01
GCA_025217005_FUN_000180	GCA_021018635_FUN_000012	161	1.903E-01	8.671E-02	1.786E-01	1.923E+01
GCA_025217005_FUN_000180	GCA_019593505_FUN_000075	147	2.002E-01	9.187E-02	1.319E-01	1.317E+01
GCA_025217005_FUN_000180	GCA_002234015_FUN_000068	14	2.873E-01	2.797E-02	4.303E-02	3.871E+00
AJ592_race4_FUN_000025	AJ520_race1_FUN_000042	133	1.008E+00	1.000E+00	1.000E+00	5.515E-03
AJ592_race4_FUN_000025	AJ592_race4_FUN_000025	133	1.008E+00	1.000E+00	1.000E+00	5.515E-03
AJ592_race4_FUN_000025	AJ865_race1_FUN_000042	133	1.008E+00	1.000E+00	1.000E+00	5.515E-03
AJ592_race4_FUN_000025	GCA_048164945_FUN_000047	133	4.497E-01	4.500E-01	4.500E-01	1.077E+01
AJ592_race4_FUN_000025	GCA_016170085_FUN_000049	133	2.996E-01	2.980E-01	2.980E-01	1.464E+01
AJ592_race4_FUN_000025	GCA_001703205_FUN_000057	133	3.388E-01	3.369E-01	3.369E-01	1.423E+01
AJ592_race4_FUN_000025	GCA_016166325_FUN_000066	132	2.513E-01	2.496E-01	2.399E-01	1.441E+01
GCA_009755825_FUN_000025	GCA_009755825_FUN_000025	240	1.004E+00	1.000E+00	1.000E+00	1.124E-02
GCA_009755825_FUN_000025	GCA_025203755_FUN_000032	244	4.438E-01	4.143E-01	3.065E-01	1.522E+01
GCA_009755825_FUN_000025	Fusarium_elaeidis_ex_type_FUN_000093	174	4.364E-01	3.046E-01	3.680E-01	6.969E+00
GCA_009755825_FUN_000025	GCA_032206225_FUN_000009	200	2.606E-01	1.714E-01	2.576E-01	1.319E+01
GCA_009755825_FUN_000025	GCA_048164945_FUN_000047	78	3.147E-01	1.128E-01	1.736E-01	1.124E+01
GCA_009755825_FUN_000025	GCA_000260495_FUN_000010	116	2.235E-01	1.080E-01	1.630E-01	1.630E+01
GCA_009755825_FUN_000025	GCA_003315725_FUN_000007	116	2.235E-01	1.080E-01	1.630E-01	1.630E+01
GCA_009755825_FUN_000025	GCA_021018635_FUN_000012	116	2.235E-01	1.080E-01	1.630E-01	1.630E+01
GCA_009755825_FUN_000025	Fusarium_glycines_ex_type_FUN_000047	167	2.349E-01	1.618E-01	1.950E-01	1.486E+01
GCA_009755825_FUN_000025	AJ705_race4_FUN_000025	125	1.735E-01	1.017E-01	1.253E-01	1.616E+01
GCA_009755825_FUN_000025	Fusarium_gossypinum_ex_type_FUN_000050	49	6.760E-01	1.593E-01	8.360E-02	2.973E+00
GCA_009755825_FUN_000025	GCA_001703455_FUN_000315	49	6.760E-01	1.593E-01	8.360E-02	2.973E+00
GCA_009755825_FUN_000025	GCA_038050555_FUN_000028	19	7.723E-01	7.842E-02	8.587E-02	6.414E-01
GCA_009755825_FUN_000025	GCA_025216365_FUN_000109	71	4.937E-01	1.739E-01	6.953E-02	8.765E+00
GCA_009755825_FUN_000025	GCA_014839635_FUN_000046	22	7.257E-01	5.969E-02	1.532E-01	4.494E+00
GCA_009755825_FUN_000025	GCA_002234045_FUN_000287	98	2.216E-01	1.261E-01	9.748E-02	1.292E+01
GCA_009755825_FUN_000025	GCA_025217005_FUN_000165	135	2.216E-01	1.388E-01	1.055E-01	1.278E+01
GCA_009755825_FUN_000025	GCA_001703205_FUN_000057	88	3.455E-01	1.340E-01	2.156E-01	1.140E+01
GCA_009755825_FUN_000025	GCA_016170085_FUN_000049	69	3.256E-01	1.200E-01	1.926E-01	1.128E+01
GCA_009755825_FUN_000025	GCA_025217005_FUN_000180	144	1.821E-01	1.139E-01	7.357E-02	3.274E+01
GCA_009755825_FUN_000025	GCA_002234045_FUN_000302	131	1.584E-01	8.167E-02	5.529E-02	3.017E+01
GCA_001703205_FUN_000069	GCA_001703205_FUN_000069	267	1.004E+00	1.000E+00	1.000E+00	8.971E-03
GCA_001703205_FUN_000069	AJ520_race1_FUN_000054	271	8.662E-01	8.536E-01	8.630E-01	4.437E+00
GCA_001703205_FUN_000069	AJ592_race4_FUN_000037	271	8.662E-01	8.536E-01	8.630E-01	4.437E+00
GCA_001703205_FUN_000069	AJ865_race1_FUN_000053	271	8.662E-01	8.536E-01	8.630E-01	4.437E+00
GCA_001703205_FUN_000069	GCA_009755825_FUN_000023	153	4.832E-01	2.820E-01	2.058E-01	1.385E+01
GCA_001703205_FUN_000069	Fusarium_gossypinum_ex_type_FUN_000050	222	5.132E-01	3.556E-01	2.138E-01	6.241E+00
GCA_001703205_FUN_000069	GCA_001703455_FUN_000315	222	5.132E-01	3.556E-01	2.138E-01	6.241E+00
GCA_001703205_FUN_000069	GCA_002233855_FUN_000172	243	3.048E-01	2.318E-01	1.460E-01	1.944E+01
GCA_001703205_FUN_000069	GCA_009755825_FUN_000084	215	4.022E-01	2.817E-01	3.365E-01	1.834E+01
GCA_001703205_FUN_000069	Fusarium_elaeidis_ex_type_FUN_000039	131	4.933E-01	2.442E-01	2.691E-01	4.643E+00
GCA_001703205_FUN_000069	GCA_025267645_FUN_000218	234	3.887E-01	2.832E-01	2.992E-01	1.040E+01
GCA_001703205_FUN_000069	Fusarium_fabacearum_ex_type_FUN_000005	208	4.317E-01	2.859E-01	3.342E-01	7.300E+00
GCA_001703205_FUN_000069	Fusarium_sp_128_FUN_000003	177	4.976E-01	2.477E-01	1.943E-01	6.896E+00
GCA_001703205_FUN_000069	GCA_025203105_FUN_000007	153	2.227E-01	1.152E-01	1.481E-01	1.673E+01
GCA_001703205_FUN_000069	GCA_015227905_FUN_000281	122	3.096E-01	1.464E-01	1.692E-01	9.582E+00
GCA_001703205_FUN_000069	GCA_025267645_FUN_000212	117	2.973E-01	1.442E-01	1.801E-01	8.445E+00
GCA_001703205_FUN_000069	Fola4ENZA_FUN_000007	74	2.895E-01	1.017E-01	1.912E-01	1.281E+01
GCA_001703205_FUN_000069	Fusarium_phialophorum-barcode15_FUN_000015	74	2.895E-01	1.017E-01	1.912E-01	1.281E+01
GCA_001703205_FUN_000069	Fusarium_sp_128_FUN_000005	74	2.895E-01	1.017E-01	1.912E-01	1.281E+01
GCA_001703205_FUN_000069	GCA_001702695_FUN_000007	74	2.895E-01	1.017E-01	1.912E-01	1.281E+01
GCA_001703205_FUN_000069	GCA_003315725_FUN_000001	74	2.895E-01	1.017E-01	1.912E-01	1.281E+01
GCA_001703205_FUN_000069	GCA_014843455_FUN_000006	74	2.895E-01	1.017E-01	1.912E-01	1.281E+01
GCA_001703205_FUN_000069	GCA_021018635_FUN_000006	74	2.895E-01	1.017E-01	1.912E-01	1.281E+01
GCA_001703205_FUN_000069	GCA_032206225_FUN_000002	74	2.895E-01	1.017E-01	1.912E-01	1.281E+01
GCA_001703205_FUN_000069	Fola2ENZA_FUN_000005	91	3.002E-01	1.101E-01	1.732E-01	8.028E+00
GCA_001703205_FUN_000069	GCA_019670925_FUN_000050	138	2.575E-01	1.312E-01	1.624E-01	1.521E+01
GCA_001703205_FUN_000069	GCA_019671045_FUN_000060	146	1.911E-01	9.830E-02	1.211E-01	1.774E+01
GCA_001703205_FUN_000069	Fusarium_cugenangense_ex_type-barcode01_FUN_000019	111	2.670E-01	1.039E-01	1.945E-01	1.636E+01
GCA_001703205_FUN_000069	GCA_013347535_FUN_000021	111	2.670E-01	1.039E-01	1.945E-01	1.636E+01
GCA_001703205_FUN_000069	GCA_014843415_FUN_000016	111	2.670E-01	1.039E-01	1.945E-01	1.636E+01
GCA_001703205_FUN_000069	GCA_014843555_FUN_000005	111	2.670E-01	1.039E-01	1.945E-01	1.636E+01
GCA_001703205_FUN_000069	GCA_019593505_FUN_000203	73	1.957E-01	7.356E-02	1.494E-01	9.635E+00
GCA_001703205_FUN_000069	GCA_001703455_FUN_000164	151	1.541E-01	9.385E-02	9.856E-02	2.192E+01
GCA_001703205_FUN_000069	GCA_050947165_FUN_000034	137	2.094E-01	9.280E-02	1.136E-01	1.530E+01
GCA_001703205_FUN_000069	GCA_050947235_FUN_000045	137	2.094E-01	9.280E-02	1.136E-01	1.530E+01
GCA_001703205_FUN_000069	Fusarium_gossypinum_ex_type_FUN_000200	151	1.548E-01	9.308E-02	9.820E-02	2.263E+01
GCA_001703205_FUN_000069	AJ718_race1_FUN_000294	127	1.959E-01	9.720E-02	9.187E-02	1.259E+01
GCA_001703205_FUN_000069	GCA_049306905_FUN_000037	22	5.817E-01	6.669E-02	8.982E-02	3.645E+00
GCA_001703205_FUN_000069	GCA_025267645_FUN_000197	98	1.614E-01	6.977E-02	8.102E-02	1.196E+01
GCA_001703205_FUN_000069	Fola1ENZA_FUN_000069	86	2.145E-01	9.538E-02	1.022E-01	1.601E+01
GCA_001703205_FUN_000069	GCA_020796175_FUN_000007	86	2.145E-01	9.538E-02	1.022E-01	1.601E+01
GCA_001703205_FUN_000069	GCA_049307005_FUN_000001	78	2.158E-01	9.141E-02	9.617E-02	9.568E+00
GCA_001703205_FUN_000069	AJ718_race1_FUN_000094	121	2.006E-01	7.725E-02	6.103E-02	1.616E+01
GCA_001703205_FUN_000069	Fusarium_sp_128_FUN_000001	69	3.556E-01	7.473E-02	1.812E-01	1.146E+01
GCA_001703205_FUN_000069	Fola3ENZA_FUN_000009	85	2.033E-01	9.730E-02	1.038E-01	1.677E+01
GCA_001703205_FUN_000069	GCA_014843445_FUN_000023	85	2.033E-01	9.730E-02	1.038E-01	1.677E+01
GCA_001703205_FUN_000069	Fusarium_kalimantanense_ex_type-barcode07_FUN_000007	104	1.474E-01	5.709E-02	8.740E-02	1.668E+01
GCA_001703205_FUN_000069	Fusarium_duoseptatum_ex_type-barcode03_FUN_000160	17	4.982E-01	4.810E-02	7.064E-02	2.159E+00
GCA_001703205_FUN_000069	GCA_000259975_FUN_000015	141	1.774E-01	8.977E-02	1.390E-01	1.514E+01
GCA_001703205_FUN_000069	GCA_016170085_FUN_000003	163	1.425E-01	7.434E-02	1.196E-01	3.410E+01
GCA_001703205_FUN_000069	GCA_019671045_FUN_000062	29	4.860E-01	5.721E-02	6.436E-02	7.852E+00
GCA_001703205_FUN_000069	Fusarium_fabacearum_ex_type_FUN_000114	103	1.664E-01	8.056E-02	8.078E-02	1.317E+01
GCA_001703205_FUN_000069	Fusarium_gossypinum_ex_type_FUN_000315	51	2.221E-01	7.342E-02	6.075E-02	1.075E+01
GCA_001703205_FUN_000069	Fusarium_fabacearum_ex_type_FUN_000267	21	2.611E-01	6.033E-02	1.078E-01	3.520E+00
GCA_001703205_FUN_000069	GCA_002233855_FUN_000349	21	2.611E-01	6.033E-02	1.078E-01	3.520E+00
GCA_001703205_FUN_000069	GCA_025203105_FUN_000005	127	1.255E-01	5.951E-02	6.586E-02	1.455E+01
GCA_001703205_FUN_000069	GCA_000259975_FUN_000028	118	1.854E-01	8.607E-02	1.049E-01	1.398E+01
GCA_001703205_FUN_000069	GCA_001702845_FUN_000128	175	1.533E-01	1.003E-01	1.112E-01	1.331E+01
GCA_001703205_FUN_000069	GCA_002234105_FUN_000094	175	1.533E-01	1.003E-01	1.112E-01	1.331E+01
GCA_001703205_FUN_000069	AJ592_race4_FUN_000062	150	1.516E-01	7.515E-02	6.031E-02	1.527E+01
GCA_001703205_FUN_000069	AJ705_race4_FUN_000001	150	1.516E-01	7.515E-02	6.031E-02	1.527E+01
AJ520_race1_FUN_000054	AJ520_race1_FUN_000054	264	1.004E+00	1.000E+00	1.000E+00	1.213E-02
AJ520_race1_FUN_000054	AJ592_race4_FUN_000037	264	1.004E+00	1.000E+00	1.000E+00	1.213E-02
AJ520_race1_FUN_000054	AJ865_race1_FUN_000053	264	1.004E+00	1.000E+00	1.000E+00	1.213E-02
AJ520_race1_FUN_000054	GCA_001703205_FUN_000069	271	8.709E-01	8.677E-01	8.583E-01	4.221E+00
AJ520_race1_FUN_000054	Fusarium_gossypinum_ex_type_FUN_000050	219	5.064E-01	3.545E-01	2.131E-01	6.566E+00
AJ520_race1_FUN_000054	GCA_001703455_FUN_000315	219	5.064E-01	3.545E-01	2.131E-01	6.566E+00
AJ520_race1_FUN_000054	GCA_009755825_FUN_000023	206	3.751E-01	2.850E-01	2.055E-01	2.193E+01
AJ520_race1_FUN_000054	GCA_002233855_FUN_000172	234	3.021E-01	2.319E-01	1.476E-01	1.862E+01
AJ520_race1_FUN_000054	GCA_009755825_FUN_000084	217	3.792E-01	2.693E-01	3.170E-01	1.819E+01
AJ520_race1_FUN_000054	GCA_025267645_FUN_000218	214	4.004E-01	2.930E-01	3.074E-01	1.150E+01
AJ520_race1_FUN_000054	Fusarium_fabacearum_ex_type_FUN_000005	208	4.400E-01	2.934E-01	3.407E-01	7.166E+00
AJ520_race1_FUN_000054	Fusarium_sp_128_FUN_000003	177	4.977E-01	2.496E-01	1.943E-01	6.900E+00
AJ520_race1_FUN_000054	Fusarium_elaeidis_ex_type_FUN_000039	190	4.023E-01	2.576E-01	2.816E-01	1.654E+01
AJ520_race1_FUN_000054	Fola1ENZA_FUN_000069	78	2.860E-01	1.091E-01	1.163E-01	1.319E+01
AJ520_race1_FUN_000054	GCA_020796175_FUN_000007	78	2.860E-01	1.091E-01	1.163E-01	1.319E+01
AJ520_race1_FUN_000054	GCA_025203105_FUN_000007	153	2.228E-01	1.168E-01	1.481E-01	1.673E+01
AJ520_race1_FUN_000054	Fola2ENZA_FUN_000005	87	3.095E-01	1.063E-01	1.702E-01	1.125E+01
AJ520_race1_FUN_000054	GCA_019671045_FUN_000060	146	1.912E-01	9.948E-02	1.212E-01	1.774E+01
AJ520_race1_FUN_000054	Fola4ENZA_FUN_000007	72	2.894E-01	1.025E-01	1.908E-01	1.366E+01
AJ520_race1_FUN_000054	Fusarium_phialophorum-barcode15_FUN_000015	72	2.894E-01	1.025E-01	1.908E-01	1.366E+01
AJ520_race1_FUN_000054	Fusarium_sp_128_FUN_000005	72	2.894E-01	1.025E-01	1.908E-01	1.366E+01
AJ520_race1_FUN_000054	GCA_001702695_FUN_000007	72	2.894E-01	1.025E-01	1.908E-01	1.366E+01
AJ520_race1_FUN_000054	GCA_003315725_FUN_000001	72	2.894E-01	1.025E-01	1.908E-01	1.366E+01
AJ520_race1_FUN_000054	GCA_014843455_FUN_000006	72	2.894E-01	1.025E-01	1.908E-01	1.366E+01
AJ520_race1_FUN_000054	GCA_021018635_FUN_000006	72	2.894E-01	1.025E-01	1.908E-01	1.366E+01
AJ520_race1_FUN_000054	GCA_032206225_FUN_000002	72	2.894E-01	1.025E-01	1.908E-01	1.366E+01
AJ520_race1_FUN_000054	GCA_025267645_FUN_000212	98	3.367E-01	1.348E-01	1.730E-01	7.463E+00
AJ520_race1_FUN_000054	GCA_019670925_FUN_000050	138	2.576E-01	1.326E-01	1.625E-01	1.521E+01
AJ520_race1_FUN_000054	GCA_015227905_FUN_000281	124	2.292E-01	1.159E-01	1.302E-01	1.068E+01
AJ520_race1_FUN_000054	Fusarium_gossypinum_ex_type_FUN_000200	151	1.576E-01	9.711E-02	1.013E-01	2.339E+01
AJ520_race1_FUN_000054	Fusarium_cugenangense_ex_type-barcode01_FUN_000019	111	2.670E-01	1.049E-01	1.943E-01	1.635E+01
AJ520_race1_FUN_000054	GCA_013347535_FUN_000021	111	2.670E-01	1.049E-01	1.943E-01	1.635E+01
AJ520_race1_FUN_000054	GCA_014843415_FUN_000016	111	2.670E-01	1.049E-01	1.943E-01	1.635E+01
AJ520_race1_FUN_000054	GCA_014843555_FUN_000005	111	2.670E-01	1.049E-01	1.943E-01	1.635E+01
AJ520_race1_FUN_000054	GCA_050947165_FUN_000034	133	2.189E-01	9.710E-02	1.149E-01	1.334E+01
AJ520_race1_FUN_000054	GCA_050947235_FUN_000045	133	2.189E-01	9.710E-02	1.149E-01	1.334E+01
AJ520_race1_FUN_000054	GCA_001703455_FUN_000164	151	1.635E-01	9.726E-02	1.041E-01	2.272E+01
AJ520_race1_FUN_000054	GCA_019593505_FUN_000203	73	1.958E-01	7.424E-02	1.495E-01	9.633E+00
AJ520_race1_FUN_000054	AJ718_race1_FUN_000294	132	2.118E-01	9.792E-02	8.948E-02	1.322E+01
AJ520_race1_FUN_000054	GCA_049306905_FUN_000037	22	5.816E-01	6.738E-02	8.982E-02	3.646E+00
AJ520_race1_FUN_000054	GCA_025267645_FUN_000197	98	1.614E-01	7.035E-02	8.103E-02	1.194E+01
AJ520_race1_FUN_000054	Fola3ENZA_FUN_000009	78	2.576E-01	1.025E-01	1.086E-01	1.409E+01
AJ520_race1_FUN_000054	GCA_014843445_FUN_000023	78	2.576E-01	1.025E-01	1.086E-01	1.409E+01
AJ520_race1_FUN_000054	Fusarium_sp_128_FUN_000001	69	3.556E-01	7.543E-02	1.812E-01	1.145E+01
AJ520_race1_FUN_000054	Fusarium_kalimantanense_ex_type-barcode07_FUN_000007	104	1.475E-01	5.682E-02	8.745E-02	1.668E+01
AJ520_race1_FUN_000054	GCA_049307005_FUN_000001	78	2.158E-01	9.219E-02	9.617E-02	9.570E+00
AJ520_race1_FUN_000054	AJ718_race1_FUN_000094	121	2.034E-01	8.091E-02	6.319E-02	1.608E+01
AJ520_race1_FUN_000054	GCA_016170085_FUN_000003	193	1.090E-01	6.142E-02	9.732E-02	3.674E+01
AJ520_race1_FUN_000054	Fusarium_duoseptatum_ex_type-barcode03_FUN_000160	17	4.984E-01	4.862E-02	7.064E-02	2.158E+00
AJ520_race1_FUN_000054	GCA_019671045_FUN_000062	29	4.861E-01	5.779E-02	6.435E-02	7.857E+00
AJ520_race1_FUN_000054	Fusarium_fabacearum_ex_type_FUN_000114	103	1.685E-01	8.123E-02	8.079E-02	1.317E+01
AJ520_race1_FUN_000054	Fusarium_gossypinum_ex_type_FUN_000315	51	2.214E-01	7.405E-02	6.073E-02	1.075E+01
AJ520_race1_FUN_000054	GCA_000259975_FUN_000015	141	1.775E-01	9.053E-02	1.390E-01	1.514E+01
AJ520_race1_FUN_000054	GCA_025203105_FUN_000005	127	1.255E-01	6.003E-02	6.587E-02	1.455E+01
AJ520_race1_FUN_000054	GCA_019593505_FUN_000075	64	1.953E-01	8.177E-02	8.763E-02	8.932E+00
AJ520_race1_FUN_000054	AJ516_race4_FUN_000013	47	1.676E-01	4.848E-02	7.710E-02	1.121E+01
AJ520_race1_FUN_000054	GCA_000259975_FUN_000028	118	1.837E-01	8.682E-02	1.049E-01	1.398E+01
AJ520_race1_FUN_000054	GCA_019670925_FUN_000040	213	1.576E-01	1.106E-01	1.215E-01	1.567E+01
AJ520_race1_FUN_000054	AJ592_race4_FUN_000062	150	1.502E-01	7.753E-02	6.028E-02	1.528E+01
AJ520_race1_FUN_000054	AJ705_race4_FUN_000001	150	1.502E-01	7.753E-02	6.028E-02	1.528E+01
Fusarium_glycines_ex_type_FUN_000010	Fusarium_glycines_ex_type_FUN_000010	165	1.006E+00	1.000E+00	1.000E+00	0.000E+00
Fusarium_glycines_ex_type_FUN_000010	GCA_038050555_FUN_000020	139	4.838E-01	3.756E-01	4.138E-01	1.058E+01
Fusarium_glycines_ex_type_FUN_000010	GCA_018894095_FUN_000086	146	4.460E-01	3.594E-01	3.771E-01	2.074E+01
Fusarium_glycines_ex_type_FUN_000010	GCA_001703455_FUN_000164	193	2.770E-01	2.648E-01	1.890E-01	2.438E+01
Fusarium_glycines_ex_type_FUN_000010	Fola2ENZA_FUN_000025	222	2.933E-01	2.919E-01	2.272E-01	3.249E+01
Fusarium_glycines_ex_type_FUN_000010	Fusarium_gossypinum_ex_type_FUN_000200	193	2.769E-01	2.651E-01	1.929E-01	2.427E+01
Fusarium_glycines_ex_type_FUN_000010	Fusarium_phialophorum-barcode15_FUN_000014	189	2.896E-01	2.753E-01	2.245E-01	2.819E+01
Fusarium_glycines_ex_type_FUN_000010	Fola3ENZA_FUN_000003	225	2.794E-01	2.780E-01	2.165E-01	3.078E+01
Fusarium_glycines_ex_type_FUN_000010	Fusarium_cugenangense_ex_type-barcode01_FUN_000018	225	2.794E-01	2.780E-01	2.165E-01	3.078E+01
Fusarium_glycines_ex_type_FUN_000010	GCA_013347535_FUN_000020	225	2.794E-01	2.780E-01	2.165E-01	3.078E+01
Fusarium_glycines_ex_type_FUN_000010	GCA_014843415_FUN_000015	225	2.794E-01	2.780E-01	2.165E-01	3.078E+01
Fusarium_glycines_ex_type_FUN_000010	GCA_014843445_FUN_000018	225	2.794E-01	2.780E-01	2.165E-01	3.078E+01
Fusarium_glycines_ex_type_FUN_000010	GCA_014843555_FUN_000004	225	2.794E-01	2.780E-01	2.165E-01	3.078E+01
Fusarium_glycines_ex_type_FUN_000010	GCA_025267645_FUN_000197	20	6.950E-01	8.085E-02	6.305E-02	3.407E+00
Fusarium_glycines_ex_type_FUN_000010	Fusarium_elaeidis_ex_type_FUN_000250	77	2.452E-01	1.173E-01	2.140E-01	1.390E+01
Fusarium_glycines_ex_type_FUN_000010	Fola2ENZA_FUN_000005	13	7.442E-01	7.738E-02	8.908E-02	7.598E-01
Fusarium_glycines_ex_type_FUN_000010	GCA_019593505_FUN_000075	15	7.289E-01	8.932E-02	6.170E-02	7.498E-01
Fusarium_glycines_ex_type_FUN_000010	GCA_025203755_FUN_000021	172	1.377E-01	1.279E-01	8.972E-02	3.607E+01
Fusarium_glycines_ex_type_FUN_000010	GCA_019670925_FUN_000040	13	5.374E-01	7.528E-02	5.413E-02	1.223E+00
Fusarium_glycines_ex_type_FUN_000010	AJ516_race4_FUN_000013	36	2.669E-01	1.059E-01	1.148E-01	7.993E+00
Fusarium_glycines_ex_type_FUN_000010	AJ718_race1_FUN_000294	24	4.086E-01	5.735E-02	3.611E-02	5.686E+00
Fusarium_glycines_ex_type_FUN_000010	GCA_015227905_FUN_000133	99	1.957E-01	1.254E-01	7.701E-02	2.502E+01
Fusarium_glycines_ex_type_FUN_000010	Fusarium_sp_128_FUN_000003	70	1.539E-01	6.870E-02	4.242E-02	1.101E+01
GCA_002234045_FUN_000125	GCA_002234045_FUN_000125	64	1.016E+00	1.000E+00	1.000E+00	1.602E-02
GCA_002234045_FUN_000125	GCA_025217005_FUN_000004	64	1.016E+00	1.000E+00	1.000E+00	1.602E-02
GCA_002234015_FUN_000068	GCA_002234015_FUN_000068	256	1.004E+00	1.000E+00	1.000E+00	0.000E+00
GCA_002234015_FUN_000068	GCA_001702495_FUN_000061	256	9.926E-01	9.887E-01	9.887E-01	1.150E+00
GCA_002234015_FUN_000068	GCA_000259975_FUN_000028	136	5.748E-01	3.067E-01	3.800E-01	4.598E+00
GCA_002234015_FUN_000068	Fusarium_fabacearum_ex_type_FUN_000114	217	5.265E-01	3.945E-01	3.836E-01	5.915E+00
GCA_002234015_FUN_000068	GCA_025203105_FUN_000007	248	3.970E-01	3.090E-01	3.838E-01	8.589E+00
GCA_002234015_FUN_000068	GCA_019671045_FUN_000060	228	3.366E-01	2.441E-01	2.894E-01	1.099E+01
GCA_002234015_FUN_000068	GCA_025267645_FUN_000212	175	4.328E-01	1.884E-01	2.397E-01	8.079E+00
GCA_002234015_FUN_000068	GCA_019670925_FUN_000050	229	2.407E-01	1.796E-01	2.137E-01	1.283E+01
GCA_002234015_FUN_000068	Fusarium_kalimantanense_ex_type-barcode07_FUN_000007	117	1.935E-01	9.423E-02	1.308E-01	1.577E+01
GCA_002234015_FUN_000068	GCA_014839635_FUN_000049	162	1.744E-01	1.017E-01	9.980E-02	1.389E+01
GCA_002234015_FUN_000068	GCA_009755825_FUN_000023	152	1.777E-01	1.115E-01	8.627E-02	1.312E+01
GCA_002234015_FUN_000068	GCA_019670925_FUN_000040	99	3.196E-01	1.346E-01	1.457E-01	1.270E+01
GCA_002234015_FUN_000068	Fola1ENZA_FUN_000069	163	1.761E-01	1.184E-01	1.243E-01	1.405E+01
GCA_002234015_FUN_000068	GCA_020796175_FUN_000007	163	1.761E-01	1.184E-01	1.243E-01	1.405E+01
GCA_002234015_FUN_000068	Fola3ENZA_FUN_000009	169	1.638E-01	1.091E-01	1.124E-01	1.523E+01
GCA_002234015_FUN_000068	GCA_014843445_FUN_000023	169	1.638E-01	1.091E-01	1.124E-01	1.523E+01
GCA_002234015_FUN_000068	GCA_025267645_FUN_000218	159	1.292E-01	7.757E-02	7.926E-02	1.633E+01
GCA_002234015_FUN_000068	GCA_001703455_FUN_000133	141	1.435E-01	1.002E-01	1.134E-01	1.465E+01
GCA_002234015_FUN_000068	AJ718_race1_FUN_000292	126	2.295E-01	1.122E-01	9.406E-02	1.636E+01
GCA_002234015_FUN_000068	GCA_023509805_FUN_000022	207	1.909E-01	1.305E-01	9.699E-02	1.650E+01
GCA_002234015_FUN_000068	GCA_002233855_FUN_000172	188	1.498E-01	1.121E-01	7.707E-02	1.472E+01
GCA_002234015_FUN_000068	GCA_016166325_FUN_000030	39	3.421E-01	6.054E-02	1.852E-01	7.607E+00
GCA_002234015_FUN_000068	GCA_016170085_FUN_000014	39	3.421E-01	6.054E-02	1.852E-01	7.607E+00
GCA_002234015_FUN_000068	GCA_025267645_FUN_000197	206	1.508E-01	1.105E-01	1.196E-01	1.702E+01
GCA_002234015_FUN_000068	GCA_018894095_FUN_000077	82	2.365E-01	7.634E-02	4.679E-02	1.409E+01
GCA_002234015_FUN_000068	GCA_049306905_FUN_000029	36	3.255E-01	6.963E-02	3.941E-02	6.414E+00
GCA_002234015_FUN_000068	GCA_049307005_FUN_000032	36	3.255E-01	6.963E-02	3.941E-02	6.414E+00
GCA_002234015_FUN_000068	GCA_048164945_FUN_000019	42	3.794E-01	6.421E-02	1.818E-01	7.487E+00
GCA_002234015_FUN_000068	Fola2ENZA_FUN_000005	192	1.455E-01	9.180E-02	1.324E-01	1.777E+01
GCA_002234015_FUN_000068	GCA_014839635_FUN_000047	214	1.136E-01	7.599E-02	8.505E-02	2.063E+01
GCA_002234015_FUN_000068	Fusarium_fabacearum_ex_type_FUN_000005	148	1.423E-01	7.814E-02	8.582E-02	1.360E+01
GCA_002234015_FUN_000068	Fusarium_elaeidis_ex_type_FUN_000039	176	1.386E-01	8.564E-02	8.861E-02	1.601E+01
GCA_002234015_FUN_000068	GCA_049307005_FUN_000001	175	1.850E-01	9.874E-02	1.003E-01	1.467E+01
GCA_002234015_FUN_000068	Fusarium_gossypinum_ex_type_FUN_000050	134	1.951E-01	1.001E-01	6.732E-02	1.219E+01
GCA_002234015_FUN_000068	GCA_001703455_FUN_000315	134	1.951E-01	1.001E-01	6.732E-02	1.219E+01
GCA_002234015_FUN_000068	GCA_023509805_FUN_000049	68	2.352E-01	8.245E-02	1.015E-01	1.021E+01
GCA_002234015_FUN_000068	GCA_009755825_FUN_000084	153	1.564E-01	8.275E-02	8.987E-02	1.431E+01
GCA_002234015_FUN_000068	Fusarium_gossypinum_ex_type_FUN_000315	190	1.932E-01	1.133E-01	9.584E-02	1.222E+01
GCA_002234015_FUN_000068	AJ592_race4_FUN_000062	94	1.655E-01	7.254E-02	5.737E-02	1.354E+01
GCA_002234015_FUN_000068	AJ705_race4_FUN_000001	94	1.655E-01	7.254E-02	5.737E-02	1.354E+01
GCA_002234015_FUN_000068	GCA_025216365_FUN_000025	288	5.958E-02	5.454E-02	3.579E-02	4.586E+01
GCA_002234015_FUN_000068	GCA_023509805_FUN_000017	33	2.406E-01	4.327E-02	8.801E-02	9.044E+00
GCA_002234015_FUN_000068	Fusarium_cugenangense_ex_type-barcode01_FUN_000019	137	1.782E-01	1.103E-01	1.741E-01	1.521E+01
GCA_002234015_FUN_000068	GCA_013347535_FUN_000021	137	1.782E-01	1.103E-01	1.741E-01	1.521E+01
GCA_002234015_FUN_000068	GCA_014843415_FUN_000016	137	1.782E-01	1.103E-01	1.741E-01	1.521E+01
GCA_002234015_FUN_000068	GCA_014843555_FUN_000005	137	1.782E-01	1.103E-01	1.741E-01	1.521E+01
GCA_002234015_FUN_000068	GCA_001702845_FUN_000132	40	2.018E-01	4.974E-02	5.066E-02	9.773E+00
GCA_002234015_FUN_000068	GCA_002234105_FUN_000098	40	2.015E-01	4.974E-02	5.065E-02	9.773E+00
GCA_002234015_FUN_000068	GCA_025203755_FUN_000021	40	2.019E-01	4.976E-02	5.067E-02	9.772E+00
GCA_002234015_FUN_000068	AJ705_race4_FUN_000009	141	1.598E-01	9.303E-02	9.276E-02	1.320E+01
GCA_002234015_FUN_000068	AJ718_race1_FUN_000294	246	1.523E-01	9.919E-02	8.977E-02	1.584E+01
GCA_002234015_FUN_000068	GCA_048164945_FUN_000024	59	2.386E-01	7.249E-02	4.092E-02	1.198E+01
GCA_025203755_FUN_000032	GCA_025203755_FUN_000032	353	1.003E+00	1.000E+00	1.000E+00	1.007E-02
GCA_025203755_FUN_000032	GCA_009755825_FUN_000025	217	4.716E-01	3.021E-01	4.109E-01	1.307E+01
GCA_025203755_FUN_000032	Fusarium_elaeidis_ex_type_FUN_000093	187	3.327E-01	1.618E-01	3.055E-01	2.328E+01
GCA_025203755_FUN_000032	Fusarium_glycines_ex_type_FUN_000047	183	2.605E-01	1.573E-01	2.332E-01	1.249E+01
GCA_025203755_FUN_000032	AJ705_race4_FUN_000025	126	2.749E-01	1.236E-01	2.027E-01	1.130E+01
GCA_025203755_FUN_000032	GCA_025217005_FUN_000165	113	2.473E-01	9.207E-02	9.186E-02	1.295E+01
GCA_025203755_FUN_000032	GCA_032206225_FUN_000009	151	1.719E-01	9.189E-02	1.582E-01	1.429E+01
GCA_025203755_FUN_000032	GCA_000259975_FUN_000002	31	4.491E-01	4.232E-02	4.928E-02	7.646E+00
GCA_025203755_FUN_000032	GCA_001702495_FUN_000069	52	4.504E-01	5.727E-02	5.181E-02	9.549E+00
GCA_025203755_FUN_000032	GCA_002234045_FUN_000287	113	2.402E-01	8.992E-02	9.093E-02	1.123E+01
GCA_025203755_FUN_000032	GCA_002234015_FUN_000078	53	3.985E-01	6.152E-02	5.614E-02	1.031E+01
GCA_025203755_FUN_000032	GCA_048164945_FUN_000047	82	3.201E-01	6.531E-02	1.680E-01	1.186E+01
GCA_025203755_FUN_000032	GCA_000260495_FUN_000010	101	2.028E-01	8.036E-02	1.515E-01	1.467E+01
GCA_025203755_FUN_000032	GCA_003315725_FUN_000007	101	2.028E-01	8.036E-02	1.515E-01	1.467E+01
GCA_025203755_FUN_000032	GCA_021018635_FUN_000012	101	2.028E-01	8.036E-02	1.515E-01	1.467E+01
GCA_025203755_FUN_000032	GCA_019671045_FUN_000062	87	1.734E-01	5.087E-02	7.029E-02	1.556E+01
GCA_001702495_FUN_000069	GCA_001702495_FUN_000069	395	1.003E+00	1.000E+00	1.000E+00	0.000E+00
GCA_001702495_FUN_000069	GCA_002234015_FUN_000078	397	9.750E-01	9.725E-01	9.677E-01	2.033E+00
GCA_001702495_FUN_000069	GCA_038050555_FUN_000028	64	4.621E-01	1.001E-01	1.659E-01	3.984E+00
GCA_001702495_FUN_000069	GCA_019593505_FUN_000075	178	2.853E-01	1.322E-01	1.914E-01	7.347E+00
GCA_001702495_FUN_000069	GCA_019671045_FUN_000062	50	6.142E-01	8.853E-02	1.441E-01	3.291E+00
GCA_001702495_FUN_000069	AJ718_race1_FUN_000094	76	4.214E-01	1.132E-01	1.206E-01	4.920E+00
GCA_001702495_FUN_000069	GCA_025203755_FUN_000032	52	4.504E-01	5.181E-02	5.727E-02	9.549E+00
GCA_001702495_FUN_000069	AJ592_race4_FUN_000062	137	1.713E-01	6.260E-02	6.402E-02	1.244E+01
GCA_001702495_FUN_000069	AJ705_race4_FUN_000001	137	1.713E-01	6.260E-02	6.402E-02	1.244E+01
GCA_001702495_FUN_000069	GCA_014839635_FUN_000046	61	3.438E-01	7.767E-02	2.393E-01	6.774E+00
GCA_001702495_FUN_000069	GCA_016170085_FUN_000049	19	6.107E-01	4.729E-02	1.371E-01	1.050E+00
GCA_001702495_FUN_000069	Fusarium_glycines_ex_type_FUN_000047	49	5.356E-01	5.678E-02	1.100E-01	8.839E+00
GCA_001702495_FUN_000069	Fola3ENZA_FUN_000009	25	2.296E-01	3.995E-02	5.725E-02	6.244E+00
GCA_001702495_FUN_000069	GCA_014843445_FUN_000023	25	2.296E-01	3.995E-02	5.725E-02	6.244E+00
GCA_001702495_FUN_000069	GCA_014839635_FUN_000047	113	1.891E-01	4.852E-02	8.370E-02	1.851E+01
GCA_001702495_FUN_000069	GCA_020796175_FUN_000123	32	2.190E-01	3.123E-02	9.300E-02	8.964E+00
GCA_001702495_FUN_000069	GCA_025203105_FUN_000007	25	2.343E-01	4.163E-02	7.392E-02	6.326E+00
GCA_001702495_FUN_000069	Fola1ENZA_FUN_000069	27	2.301E-01	3.740E-02	5.510E-02	7.007E+00
GCA_001702495_FUN_000069	GCA_020796175_FUN_000007	27	2.301E-01	3.740E-02	5.510E-02	7.007E+00
GCA_001702495_FUN_000069	GCA_025216365_FUN_000109	151	2.216E-01	8.176E-02	5.480E-02	1.528E+01
Fusarium_phialophorum-barcode15_FUN_000014	Fusarium_phialophorum-barcode15_FUN_000014	213	1.005E+00	1.000E+00	1.000E+00	1.366E-02
Fusarium_phialophorum-barcode15_FUN_000014	Fola3ENZA_FUN_000003	209	6.006E-01	5.901E-01	5.666E-01	8.534E+00
Fusarium_phialophorum-barcode15_FUN_000014	Fusarium_cugenangense_ex_type-barcode01_FUN_000018	209	6.006E-01	5.901E-01	5.666E-01	8.534E+00
Fusarium_phialophorum-barcode15_FUN_000014	GCA_013347535_FUN_000020	209	6.006E-01	5.901E-01	5.666E-01	8.534E+00
Fusarium_phialophorum-barcode15_FUN_000014	GCA_014843415_FUN_000015	209	6.006E-01	5.901E-01	5.666E-01	8.534E+00
Fusarium_phialophorum-barcode15_FUN_000014	GCA_014843445_FUN_000018	209	6.006E-01	5.901E-01	5.666E-01	8.534E+00
Fusarium_phialophorum-barcode15_FUN_000014	GCA_014843555_FUN_000004	209	6.006E-01	5.901E-01	5.666E-01	8.534E+00
Fusarium_phialophorum-barcode15_FUN_000014	Fola2ENZA_FUN_000025	211	5.234E-01	5.132E-01	4.921E-01	1.323E+01
Fusarium_phialophorum-barcode15_FUN_000014	GCA_018894095_FUN_000086	123	3.929E-01	1.730E-01	2.305E-01	2.126E+01
Fusarium_phialophorum-barcode15_FUN_000014	Fusarium_glycines_ex_type_FUN_000010	176	2.902E-01	2.245E-01	2.753E-01	2.163E+01
Fusarium_phialophorum-barcode15_FUN_000014	GCA_038050555_FUN_000020	160	2.679E-01	1.738E-01	2.428E-01	2.493E+01
Fusarium_phialophorum-barcode15_FUN_000014	Fusarium_gossypinum_ex_type_FUN_000200	262	1.848E-01	1.783E-01	1.593E-01	2.489E+01
Fusarium_phialophorum-barcode15_FUN_000014	GCA_001703455_FUN_000164	218	1.986E-01	1.722E-01	1.540E-01	2.343E+01
Fusarium_phialophorum-barcode15_FUN_000014	GCA_016170085_FUN_000003	53	2.357E-01	8.979E-02	1.210E-01	1.380E+01
Fusarium_phialophorum-barcode15_FUN_000014	GCA_023509805_FUN_000049	10	5.252E-01	3.547E-02	4.013E-02	3.822E+00
GCA_050947165_FUN_000012	GCA_050947165_FUN_000012	507	1.002E+00	1.000E+00	1.000E+00	9.162E-03
GCA_050947165_FUN_000012	GCA_050947235_FUN_000024	507	1.002E+00	1.000E+00	1.000E+00	9.162E-03
GCA_050947165_FUN_000012	GCA_048164945_FUN_000024	507	7.936E-01	7.921E-01	7.921E-01	7.736E+00
GCA_050947165_FUN_000012	GCA_049306905_FUN_000029	507	7.565E-01	7.551E-01	7.551E-01	8.586E+00
GCA_050947165_FUN_000012	GCA_049307005_FUN_000032	507	7.565E-01	7.551E-01	7.551E-01	8.586E+00
GCA_050947165_FUN_000012	GCA_018894095_FUN_000077	507	7.629E-01	7.615E-01	7.615E-01	9.420E+00
GCA_050947165_FUN_000012	AJ516_race4_FUN_000033	504	6.568E-01	6.519E-01	6.495E-01	1.347E+01
GCA_050947165_FUN_000012	Fusarium_kalimantanense_ex_type-barcode07_FUN_000026	38	5.635E-01	4.346E-02	2.458E-01	4.275E+00
GCA_050947165_FUN_000012	GCA_049306905_FUN_000006	41	3.618E-01	3.838E-02	1.869E-01	6.859E+00
GCA_050947165_FUN_000012	GCA_049307005_FUN_000010	41	3.618E-01	3.838E-02	1.869E-01	6.859E+00
GCA_050947165_FUN_000012	GCA_038050555_FUN_000006	47	5.285E-01	4.470E-02	2.463E-01	7.910E+00
GCA_050947165_FUN_000012	Fola3ENZA_FUN_000004	71	2.815E-01	5.203E-02	1.672E-01	1.324E+01
GCA_050947165_FUN_000012	Fusarium_cugenangense_ex_type-barcode01_FUN_000020	71	2.815E-01	5.203E-02	1.672E-01	1.324E+01
GCA_050947165_FUN_000012	GCA_013347535_FUN_000022	71	2.815E-01	5.203E-02	1.672E-01	1.324E+01
GCA_050947165_FUN_000012	GCA_014843415_FUN_000017	71	2.815E-01	5.203E-02	1.672E-01	1.324E+01
GCA_050947165_FUN_000012	GCA_014843445_FUN_000019	71	2.815E-01	5.203E-02	1.672E-01	1.324E+01
GCA_050947165_FUN_000012	GCA_014843555_FUN_000006	71	2.815E-01	5.203E-02	1.672E-01	1.324E+01
GCA_050947165_FUN_000012	GCA_013423235_FUN_000011	69	2.789E-01	5.432E-02	1.648E-01	1.087E+01
GCA_050947165_FUN_000012	GCA_018894095_FUN_000071	62	3.581E-01	4.515E-02	2.213E-01	1.022E+01
GCA_050947165_FUN_000012	GCA_013423235_FUN_000001	73	2.739E-01	5.242E-02	1.624E-01	1.315E+01
GCA_050947165_FUN_000012	Fola4ENZA_FUN_000008	66	2.213E-01	5.218E-02	1.464E-01	1.254E+01
GCA_050947165_FUN_000012	GCA_000260495_FUN_000006	66	2.213E-01	5.218E-02	1.464E-01	1.254E+01
GCA_050947165_FUN_000012	GCA_001702695_FUN_000008	66	2.213E-01	5.218E-02	1.464E-01	1.254E+01
GCA_050947165_FUN_000012	GCA_003315725_FUN_000002	66	2.213E-01	5.218E-02	1.464E-01	1.254E+01
GCA_050947165_FUN_000012	GCA_014843455_FUN_000007	66	2.213E-01	5.218E-02	1.464E-01	1.254E+01
GCA_050947165_FUN_000012	GCA_021018635_FUN_000007	66	2.213E-01	5.218E-02	1.464E-01	1.254E+01
GCA_050947165_FUN_000012	GCA_032206225_FUN_000003	66	2.213E-01	5.218E-02	1.464E-01	1.254E+01
GCA_050947165_FUN_000012	Fola1ENZA_FUN_000069	72	2.383E-01	4.573E-02	7.976E-02	1.250E+01
GCA_050947165_FUN_000012	GCA_020796175_FUN_000007	72	2.383E-01	4.573E-02	7.976E-02	1.250E+01
GCA_050947165_FUN_000012	GCA_048164945_FUN_000019	38	5.572E-01	4.389E-02	2.281E-01	4.041E+00
GCA_050947165_FUN_000012	Fola2ENZA_FUN_000005	30	5.065E-01	4.227E-02	1.247E-01	3.662E+00
GCA_050947165_FUN_000012	GCA_025203755_FUN_000032	30	6.221E-01	4.186E-02	5.826E-02	6.236E+00
GCA_050947165_FUN_000012	GCA_025216365_FUN_000025	32	5.317E-01	4.870E-02	5.314E-02	4.006E+00
GCA_050947165_FUN_000012	GCA_016166325_FUN_000030	64	2.557E-01	5.329E-02	1.767E-01	8.633E+00
GCA_050947165_FUN_000012	GCA_016170085_FUN_000014	64	2.557E-01	5.329E-02	1.767E-01	8.633E+00
GCA_050947165_FUN_000012	AJ516_race4_FUN_000027	23	3.493E-01	3.107E-02	1.619E-01	5.131E+00
GCA_050947165_FUN_000012	AJ520_race1_FUN_000015	23	3.493E-01	3.107E-02	1.619E-01	5.131E+00
GCA_050947165_FUN_000012	AJ865_race1_FUN_000014	23	3.493E-01	3.107E-02	1.619E-01	5.131E+00
GCA_050947165_FUN_000012	GCA_032206225_FUN_000009	19	4.965E-01	3.375E-02	1.073E-01	3.158E+00
GCA_050947165_FUN_000012	GCA_025203105_FUN_000005	72	2.642E-01	4.691E-02	1.003E-01	1.295E+01
GCA_050947165_FUN_000012	GCA_009755825_FUN_000025	64	3.762E-01	5.081E-02	8.483E-02	9.806E+00
GCA_050947165_FUN_000012	GCA_019670925_FUN_000002	39	2.666E-01	3.544E-02	6.188E-02	1.191E+01
GCA_050947165_FUN_000012	GCA_002234045_FUN_000287	71	3.414E-01	5.741E-02	7.736E-02	1.038E+01
GCA_050947165_FUN_000012	GCA_025217005_FUN_000165	71	3.411E-01	5.740E-02	7.734E-02	1.038E+01
GCA_050947165_FUN_000012	GCA_019593505_FUN_000157	36	2.217E-01	3.971E-02	1.638E-01	4.576E+00
GCA_050947165_FUN_000012	GCA_000259975_FUN_000015	33	2.447E-01	2.642E-02	8.242E-02	9.259E+00
GCA_050947165_FUN_000012	GCA_002234105_FUN_000147	36	3.629E-01	3.385E-02	9.205E-02	8.729E+00
GCA_050947165_FUN_000012	GCA_016170085_FUN_000003	39	3.146E-01	5.222E-02	1.320E-01	6.299E+00
GCA_050947165_FUN_000012	Fola3ENZA_FUN_000009	174	1.294E-01	5.930E-02	9.247E-02	2.593E+01
GCA_050947165_FUN_000012	GCA_014843445_FUN_000023	174	1.294E-01	5.930E-02	9.247E-02	2.593E+01
GCA_050947165_FUN_000012	AJ718_race1_FUN_000294	107	1.741E-01	5.334E-02	7.802E-02	1.247E+01
GCA_050947165_FUN_000012	Fusarium_gossypinum_ex_type_FUN_000315	80	2.106E-01	4.772E-02	6.422E-02	9.601E+00
GCA_050947165_FUN_000012	GCA_023509805_FUN_000022	52	3.169E-01	5.512E-02	6.819E-02	9.041E+00
GCA_050947165_FUN_000012	GCA_020796175_FUN_000123	64	1.196E-01	2.752E-02	8.043E-02	1.235E+01
GCA_050947165_FUN_000012	Fusarium_kalimantanense_ex_type-barcode07_FUN_000007	38	3.044E-01	2.490E-02	8.353E-02	1.212E+01
GCA_050947165_FUN_000012	GCA_049306905_FUN_000037	83	1.937E-01	5.223E-02	9.145E-02	9.629E+00
GCA_050947165_FUN_000012	GCA_019671045_FUN_000062	70	2.563E-01	3.662E-02	6.490E-02	9.261E+00
GCA_050947165_FUN_000012	GCA_023509805_FUN_000049	145	9.201E-02	3.997E-02	6.650E-02	1.925E+01
GCA_001703455_FUN_000164	GCA_001703455_FUN_000164	241	1.004E+00	1.000E+00	1.000E+00	0.000E+00
GCA_001703455_FUN_000164	Fusarium_gossypinum_ex_type_FUN_000200	241	9.512E-01	9.474E-01	9.474E-01	1.639E+00
GCA_001703455_FUN_000164	GCA_018894095_FUN_000086	189	3.358E-01	2.139E-01	3.095E-01	2.058E+01
GCA_001703455_FUN_000164	GCA_038050555_FUN_000020	189	3.152E-01	2.004E-01	3.066E-01	2.511E+01
GCA_001703455_FUN_000164	Fola3ENZA_FUN_000003	221	2.294E-01	1.650E-01	1.759E-01	3.005E+01
GCA_001703455_FUN_000164	Fusarium_cugenangense_ex_type-barcode01_FUN_000018	221	2.294E-01	1.650E-01	1.759E-01	3.005E+01
GCA_001703455_FUN_000164	GCA_013347535_FUN_000020	221	2.294E-01	1.650E-01	1.759E-01	3.005E+01
GCA_001703455_FUN_000164	GCA_014843415_FUN_000015	221	2.294E-01	1.650E-01	1.759E-01	3.005E+01
GCA_001703455_FUN_000164	GCA_014843445_FUN_000018	221	2.294E-01	1.650E-01	1.759E-01	3.005E+01
GCA_001703455_FUN_000164	GCA_014843555_FUN_000004	221	2.294E-01	1.650E-01	1.759E-01	3.005E+01
GCA_001703455_FUN_000164	Fusarium_glycines_ex_type_FUN_000010	182	3.139E-01	2.039E-01	2.895E-01	2.335E+01
GCA_001703455_FUN_000164	Fusarium_phialophorum-barcode15_FUN_000014	220	2.017E-01	1.542E-01	1.726E-01	2.816E+01
GCA_001703455_FUN_000164	GCA_014839635_FUN_000047	32	4.026E-01	8.200E-02	9.207E-02	5.277E+00
GCA_001703455_FUN_000164	GCA_025203755_FUN_000021	121	2.305E-01	1.356E-01	1.318E-01	1.967E+01
GCA_001703455_FUN_000164	GCA_001703205_FUN_000069	106	1.875E-01	8.964E-02	8.311E-02	2.304E+01
GCA_001703455_FUN_000164	GCA_016170085_FUN_000003	86	2.225E-01	9.415E-02	1.353E-01	1.657E+01
GCA_001703455_FUN_000164	GCA_025267645_FUN_000212	11	6.524E-01	4.322E-02	5.426E-02	1.626E+00
GCA_001703455_FUN_000164	GCA_048164945_FUN_000024	82	1.616E-01	7.221E-02	4.359E-02	1.418E+01
GCA_001703455_FUN_000164	Fusarium_duoseptatum_ex_type-barcode03_FUN_000160	99	2.114E-01	1.046E-01	1.296E-01	1.143E+01
GCA_001703455_FUN_000164	GCA_025203105_FUN_000007	13	6.794E-01	5.211E-02	6.600E-02	1.284E+00
GCA_001703455_FUN_000164	GCA_019593505_FUN_000075	15	6.266E-01	6.071E-02	6.096E-02	1.048E+00
GCA_001703455_FUN_000164	AJ520_race1_FUN_000054	106	1.944E-01	8.990E-02	8.320E-02	2.287E+01
GCA_001703455_FUN_000164	AJ592_race4_FUN_000037	106	1.944E-01	8.990E-02	8.320E-02	2.287E+01
GCA_001703455_FUN_000164	AJ865_race1_FUN_000053	106	1.944E-01	8.990E-02	8.320E-02	2.287E+01
GCA_001703455_FUN_000164	Fusarium_sp_128_FUN_000001	21	3.570E-01	5.265E-02	1.211E-01	4.136E+00
GCA_001703455_FUN_000164	GCA_025267645_FUN_000197	60	2.993E-01	7.237E-02	7.982E-02	1.417E+01
GCA_001703455_FUN_000164	GCA_025216365_FUN_000109	114	1.644E-01	8.370E-02	3.552E-02	3.360E+01
GCA_001703455_FUN_000164	Fusarium_elaeidis_ex_type_FUN_000250	61	2.333E-01	6.906E-02	1.667E-01	1.236E+01
GCA_001703455_FUN_000164	GCA_025216365_FUN_000064	70	1.684E-01	8.106E-02	1.193E-01	1.772E+01
GCA_001703455_FUN_000164	Fusarium_fabacearum_ex_type_FUN_000267	45	2.815E-01	6.227E-02	1.055E-01	1.276E+01
GCA_001703455_FUN_000164	GCA_002233855_FUN_000349	45	2.815E-01	6.227E-02	1.055E-01	1.276E+01
GCA_001703455_FUN_000164	AJ592_race4_FUN_000062	62	2.263E-01	7.247E-02	5.132E-02	1.315E+01
GCA_001703455_FUN_000164	AJ705_race4_FUN_000001	62	2.263E-01	7.247E-02	5.132E-02	1.315E+01
GCA_001703455_FUN_000164	GCA_025203105_FUN_000005	33	2.455E-01	6.138E-02	7.146E-02	6.411E+00
GCA_001703455_FUN_000164	GCA_019670925_FUN_000040	24	2.732E-01	5.719E-02	5.896E-02	4.451E+00
GCA_001703455_FUN_000164	GCA_049307005_FUN_000001	71	2.338E-01	7.857E-02	7.732E-02	1.088E+01
GCA_001703205_FUN_000018	GCA_001703205_FUN_000018	68	1.015E+00	1.000E+00	1.000E+00	0.000E+00
GCA_001703205_FUN_000018	GCA_038050555_FUN_000006	38	2.906E-01	1.558E-01	1.402E-01	1.018E+01
GCA_001703205_FUN_000018	Fusarium_elaeidis_ex_type_FUN_000250	39	2.719E-01	1.823E-01	1.635E-01	9.804E+00
GCA_001703205_FUN_000018	GCA_016170085_FUN_000003	20	2.353E-01	1.879E-01	1.030E-01	2.666E+00
GCA_001703205_FUN_000018	GCA_023509805_FUN_000049	30	3.519E-01	1.741E-01	7.800E-02	7.316E+00
GCA_032206225_FUN_000002	Fola4ENZA_FUN_000007	118	1.009E+00	1.000E+00	1.000E+00	0.000E+00
GCA_032206225_FUN_000002	Fusarium_phialophorum-barcode15_FUN_000015	118	1.009E+00	1.000E+00	1.000E+00	0.000E+00
GCA_032206225_FUN_000002	Fusarium_sp_128_FUN_000005	118	1.009E+00	1.000E+00	1.000E+00	0.000E+00
GCA_032206225_FUN_000002	GCA_001702695_FUN_000007	118	1.009E+00	1.000E+00	1.000E+00	0.000E+00
GCA_032206225_FUN_000002	GCA_003315725_FUN_000001	118	1.009E+00	1.000E+00	1.000E+00	0.000E+00
GCA_032206225_FUN_000002	GCA_014843455_FUN_000006	118	1.009E+00	1.000E+00	1.000E+00	0.000E+00
GCA_032206225_FUN_000002	GCA_021018635_FUN_000006	118	1.009E+00	1.000E+00	1.000E+00	0.000E+00
GCA_032206225_FUN_000002	GCA_032206225_FUN_000002	118	1.009E+00	1.000E+00	1.000E+00	0.000E+00
GCA_032206225_FUN_000002	Fusarium_cugenangense_ex_type-barcode01_FUN_000019	118	9.689E-01	9.612E-01	9.612E-01	1.176E+00
GCA_032206225_FUN_000002	GCA_013347535_FUN_000021	118	9.689E-01	9.612E-01	9.612E-01	1.176E+00
GCA_032206225_FUN_000002	GCA_014843415_FUN_000016	118	9.689E-01	9.612E-01	9.612E-01	1.176E+00
GCA_032206225_FUN_000002	GCA_014843555_FUN_000005	118	9.689E-01	9.612E-01	9.612E-01	1.176E+00
GCA_032206225_FUN_000002	Fusarium_sp_128_FUN_000001	100	7.762E-01	5.542E-01	7.227E-01	2.904E+00
GCA_032206225_FUN_000002	GCA_019593505_FUN_000203	106	6.607E-01	5.000E-01	5.983E-01	3.692E+00
GCA_032206225_FUN_000002	GCA_013423235_FUN_000011	107	6.230E-01	5.126E-01	4.743E-01	7.143E+00
GCA_032206225_FUN_000002	GCA_002234015_FUN_000043	118	5.486E-01	4.605E-01	3.544E-01	7.646E+00
GCA_032206225_FUN_000002	GCA_001702495_FUN_000036	119	5.892E-01	4.981E-01	3.834E-01	4.454E+00
GCA_032206225_FUN_000002	GCA_025267645_FUN_000212	87	4.635E-01	3.128E-01	2.177E-01	4.792E+00
GCA_032206225_FUN_000002	GCA_009755825_FUN_000023	92	2.897E-01	2.082E-01	8.668E-02	1.164E+01
GCA_032206225_FUN_000002	GCA_001703205_FUN_000069	118	2.496E-01	1.896E-01	1.025E-01	1.862E+01
GCA_032206225_FUN_000002	AJ520_race1_FUN_000054	118	2.497E-01	1.896E-01	1.034E-01	1.855E+01
GCA_032206225_FUN_000002	AJ592_race4_FUN_000037	118	2.497E-01	1.896E-01	1.034E-01	1.855E+01
GCA_032206225_FUN_000002	AJ865_race1_FUN_000053	118	2.497E-01	1.896E-01	1.034E-01	1.855E+01
GCA_032206225_FUN_000002	GCA_025203105_FUN_000007	139	1.679E-01	1.423E-01	1.012E-01	1.371E+01
GCA_032206225_FUN_000002	GCA_019670925_FUN_000050	131	2.035E-01	1.638E-01	1.116E-01	1.142E+01
GCA_032206225_FUN_000002	Fusarium_kalimantanense_ex_type-barcode07_FUN_000007	59	3.842E-01	1.607E-01	1.354E-01	1.224E+01
GCA_032206225_FUN_000002	GCA_015227905_FUN_000281	94	1.838E-01	1.421E-01	9.000E-02	1.484E+01
GCA_032206225_FUN_000002	GCA_020796175_FUN_000123	90	2.327E-01	1.533E-01	1.748E-01	1.164E+01
GCA_032206225_FUN_000002	Fola2ENZA_FUN_000005	102	2.198E-01	1.670E-01	1.449E-01	1.131E+01
GCA_032206225_FUN_000002	Fusarium_duoseptatum_ex_type-barcode03_FUN_000160	181	2.204E-01	2.139E-01	1.660E-01	1.569E+01
GCA_032206225_FUN_000002	Fusarium_fabacearum_ex_type_FUN_000005	112	1.738E-01	1.221E-01	8.275E-02	1.547E+01
GCA_032206225_FUN_000002	GCA_009755825_FUN_000084	36	2.149E-01	1.175E-01	7.807E-02	4.929E+00
GCA_032206225_FUN_000002	Fusarium_elaeidis_ex_type_FUN_000039	110	2.079E-01	1.763E-01	1.139E-01	1.391E+01
GCA_032206225_FUN_000002	AJ592_race4_FUN_000062	85	1.633E-01	1.054E-01	4.232E-02	1.455E+01
GCA_032206225_FUN_000002	AJ705_race4_FUN_000001	85	1.633E-01	1.054E-01	4.232E-02	1.455E+01
GCA_032206225_FUN_000002	GCA_025216365_FUN_000025	88	1.705E-01	1.217E-01	3.912E-02	4.549E+01
GCA_032206225_FUN_000002	Fusarium_duoseptatum_ex_type-barcode03_FUN_000086	71	1.404E-01	9.131E-02	1.083E-01	1.463E+01
GCA_032206225_FUN_000002	GCA_000259975_FUN_000015	134	2.301E-01	2.051E-01	1.920E-01	1.202E+01
GCA_032206225_FUN_000002	GCA_019671045_FUN_000060	127	1.141E-01	1.013E-01	7.122E-02	1.631E+01
GCA_032206225_FUN_000002	GCA_050947165_FUN_000034	98	1.488E-01	1.100E-01	7.102E-02	2.128E+01
GCA_032206225_FUN_000002	GCA_050947235_FUN_000045	98	1.488E-01	1.100E-01	7.102E-02	2.128E+01
GCA_032206225_FUN_000002	GCA_049307005_FUN_000001	104	1.147E-01	9.050E-02	6.486E-02	1.584E+01
GCA_032206225_FUN_000002	Fusarium_sp_128_FUN_000003	115	2.178E-01	1.629E-01	7.237E-02	1.183E+01
GCA_032206225_FUN_000002	Fusarium_gossypinum_ex_type_FUN_000050	54	2.792E-01	1.397E-01	4.653E-02	6.050E+00
GCA_032206225_FUN_000002	GCA_001703455_FUN_000315	54	2.792E-01	1.397E-01	4.653E-02	6.050E+00
GCA_032206225_FUN_000002	GCA_025216365_FUN_000109	121	1.903E-01	1.637E-01	5.471E-02	1.339E+01
GCA_032206225_FUN_000002	GCA_025267645_FUN_000218	46	2.282E-01	1.200E-01	7.202E-02	6.475E+00
GCA_032206225_FUN_000002	GCA_023509805_FUN_000022	15	3.423E-01	6.254E-02	2.299E-02	4.072E+00
GCA_048164945_FUN_000047	GCA_048164945_FUN_000047	133	1.008E+00	1.000E+00	1.000E+00	0.000E+00
GCA_048164945_FUN_000047	AJ520_race1_FUN_000042	133	4.497E-01	4.500E-01	4.500E-01	1.077E+01
GCA_048164945_FUN_000047	AJ592_race4_FUN_000025	133	4.497E-01	4.500E-01	4.500E-01	1.077E+01
GCA_048164945_FUN_000047	AJ865_race1_FUN_000042	133	4.497E-01	4.500E-01	4.500E-01	1.077E+01
GCA_048164945_FUN_000047	GCA_001703205_FUN_000057	133	4.609E-01	4.581E-01	4.581E-01	1.410E+01
GCA_048164945_FUN_000047	GCA_016170085_FUN_000049	133	3.432E-01	3.411E-01	3.411E-01	1.474E+01
GCA_048164945_FUN_000047	GCA_016166325_FUN_000066	132	3.495E-01	3.454E-01	3.291E-01	1.468E+01
GCA_048164945_FUN_000047	GCA_032206225_FUN_000009	87	1.842E-01	1.357E-01	1.314E-01	1.010E+01
GCA_048164945_FUN_000047	GCA_025217005_FUN_000165	96	2.643E-01	1.739E-01	8.605E-02	1.014E+01
GCA_048164945_FUN_000047	GCA_000260495_FUN_000010	85	2.091E-01	1.385E-01	1.335E-01	9.373E+00
GCA_048164945_FUN_000047	GCA_003315725_FUN_000007	85	2.091E-01	1.385E-01	1.335E-01	9.373E+00
GCA_048164945_FUN_000047	GCA_021018635_FUN_000012	85	2.091E-01	1.385E-01	1.335E-01	9.373E+00
GCA_048164945_FUN_000047	GCA_009755825_FUN_000025	127	2.386E-01	1.930E-01	1.316E-01	1.621E+01
GCA_002234045_FUN_000287	GCA_002234045_FUN_000287	354	1.003E+00	1.000E+00	1.000E+00	0.000E+00
GCA_002234045_FUN_000287	GCA_025217005_FUN_000165	354	9.928E-01	9.900E-01	9.900E-01	8.349E-01
GCA_002234045_FUN_000287	Fusarium_glycines_ex_type_FUN_000042	101	8.118E-01	2.460E-01	5.895E-01	3.905E+00
GCA_002234045_FUN_000287	GCA_018894095_FUN_000077	128	2.159E-01	8.752E-02	6.586E-02	1.756E+01
GCA_002234045_FUN_000287	GCA_048164945_FUN_000024	124	2.606E-01	9.714E-02	7.175E-02	1.614E+01
GCA_002234045_FUN_000287	AJ516_race4_FUN_000033	138	2.608E-01	9.694E-02	7.104E-02	1.642E+01
GCA_002234045_FUN_000287	Fusarium_elaeidis_ex_type_FUN_000093	182	2.170E-01	1.007E-01	1.780E-01	2.252E+01
GCA_002234045_FUN_000287	GCA_049306905_FUN_000029	128	2.353E-01	9.175E-02	6.895E-02	1.762E+01
GCA_002234045_FUN_000287	GCA_049307005_FUN_000032	128	2.353E-01	9.175E-02	6.895E-02	1.762E+01
GCA_002234045_FUN_000287	GCA_019671045_FUN_000062	145	1.697E-01	6.780E-02	9.080E-02	1.446E+01
GCA_002234045_FUN_000287	Fusarium_elaeidis_ex_type_FUN_000039	35	3.714E-01	3.989E-02	5.857E-02	7.315E+00
GCA_002234045_FUN_000287	GCA_050947165_FUN_000012	71	3.414E-01	7.736E-02	5.741E-02	1.038E+01
GCA_002234045_FUN_000287	GCA_050947235_FUN_000024	71	3.414E-01	7.736E-02	5.741E-02	1.038E+01
GCA_002234045_FUN_000287	Fusarium_glycines_ex_type_FUN_000047	108	2.419E-01	9.834E-02	1.506E-01	1.239E+01
GCA_002234045_FUN_000287	GCA_049306905_FUN_000037	196	1.655E-01	8.903E-02	1.454E-01	1.799E+01
GCA_002234045_FUN_000287	AJ520_race1_FUN_000054	55	2.803E-01	4.223E-02	5.243E-02	9.105E+00
GCA_002234045_FUN_000287	AJ592_race4_FUN_000037	55	2.803E-01	4.223E-02	5.243E-02	9.105E+00
GCA_002234045_FUN_000287	AJ865_race1_FUN_000053	55	2.803E-01	4.223E-02	5.243E-02	9.105E+00
GCA_002234045_FUN_000287	GCA_001703205_FUN_000069	55	2.802E-01	4.222E-02	5.191E-02	9.107E+00
GCA_002234045_FUN_000287	Fola2ENZA_FUN_000024	118	1.905E-01	7.820E-02	1.260E-01	1.458E+01
GCA_002234045_FUN_000287	Fusarium_phialophorum-barcode15_FUN_000013	118	1.905E-01	7.820E-02	1.260E-01	1.458E+01
GCA_002234045_FUN_000287	GCA_019670925_FUN_000040	19	2.913E-01	3.500E-02	4.955E-02	4.458E+00
GCA_002234045_FUN_000287	GCA_023509805_FUN_000022	26	2.727E-01	4.293E-02	3.952E-02	6.138E+00
GCA_025203755_FUN_000017	GCA_025203755_FUN_000017	220	1.005E+00	1.000E+00	1.000E+00	0.000E+00
GCA_025203755_FUN_000017	GCA_001702845_FUN_000128	220	1.003E+00	9.989E-01	9.989E-01	2.100E-01
GCA_025203755_FUN_000017	GCA_002234105_FUN_000094	220	1.003E+00	9.989E-01	9.989E-01	2.100E-01
GCA_025203755_FUN_000017	GCA_025267645_FUN_000212	184	1.969E-01	1.185E-01	1.361E-01	1.939E+01
GCA_025203755_FUN_000017	Fusarium_duoseptatum_ex_type-barcode03_FUN_000160	186	2.025E-01	1.474E-01	1.683E-01	1.644E+01
GCA_025203755_FUN_000017	GCA_009755825_FUN_000084	163	1.485E-01	1.044E-01	1.058E-01	1.788E+01
GCA_025203755_FUN_000017	GCA_025267645_FUN_000197	245	1.713E-01	1.499E-01	1.544E-01	1.496E+01
GCA_025203755_FUN_000017	Fusarium_sp_128_FUN_000001	93	2.888E-01	1.374E-01	2.696E-01	1.180E+01
GCA_025203755_FUN_000017	GCA_000259975_FUN_000015	174	1.592E-01	1.047E-01	1.449E-01	1.522E+01
GCA_025203755_FUN_000017	GCA_025203755_FUN_000021	100	2.781E-01	1.136E-01	1.024E-01	1.224E+01
GCA_025203755_FUN_000017	Fusarium_gossypinum_ex_type_FUN_000315	156	1.615E-01	1.055E-01	7.816E-02	2.087E+01
GCA_025203755_FUN_000017	GCA_009755825_FUN_000023	184	1.396E-01	1.059E-01	6.963E-02	1.846E+01
GCA_025203755_FUN_000017	GCA_015227905_FUN_000281	201	1.418E-01	1.090E-01	1.083E-01	1.753E+01
GCA_025203755_FUN_000017	GCA_001702845_FUN_000132	98	2.865E-01	1.161E-01	1.043E-01	1.139E+01
GCA_025203755_FUN_000017	GCA_002234105_FUN_000098	98	2.864E-01	1.160E-01	1.043E-01	1.139E+01
GCA_025203755_FUN_000017	GCA_014839635_FUN_000049	200	2.034E-01	1.526E-01	1.302E-01	1.818E+01
GCA_025203755_FUN_000017	GCA_019593505_FUN_000203	120	1.811E-01	1.012E-01	1.504E-01	1.165E+01
GCA_025203755_FUN_000017	GCA_000259975_FUN_000028	225	1.693E-01	1.439E-01	1.535E-01	1.488E+01
GCA_025203755_FUN_000017	GCA_023509805_FUN_000022	102	2.086E-01	1.097E-01	7.512E-02	9.633E+00
GCA_025203755_FUN_000017	GCA_025216365_FUN_000109	100	1.991E-01	9.344E-02	4.311E-02	1.224E+01
GCA_025203755_FUN_000017	Fusarium_elaeidis_ex_type_FUN_000039	218	1.325E-01	1.046E-01	1.014E-01	1.967E+01
GCA_025203755_FUN_000017	Fusarium_fabacearum_ex_type_FUN_000005	185	1.504E-01	1.191E-01	1.182E-01	1.525E+01
GCA_025203755_FUN_000017	GCA_049307005_FUN_000001	145	1.441E-01	7.991E-02	7.452E-02	1.449E+01
GCA_025203755_FUN_000017	GCA_025216365_FUN_000025	238	1.073E-01	9.958E-02	5.768E-02	4.004E+01
GCA_025203755_FUN_000017	GCA_049306905_FUN_000029	73	1.696E-01	8.803E-02	5.226E-02	1.152E+01
GCA_025203755_FUN_000017	GCA_049307005_FUN_000032	73	1.696E-01	8.803E-02	5.226E-02	1.152E+01
GCA_025203755_FUN_000017	Fusarium_cugenangense_ex_type-barcode01_FUN_000019	122	1.706E-01	9.067E-02	1.373E-01	1.451E+01
GCA_025203755_FUN_000017	GCA_013347535_FUN_000021	122	1.706E-01	9.067E-02	1.373E-01	1.451E+01
GCA_025203755_FUN_000017	GCA_014843415_FUN_000016	122	1.706E-01	9.067E-02	1.373E-01	1.451E+01
GCA_025203755_FUN_000017	GCA_014843555_FUN_000005	122	1.706E-01	9.067E-02	1.373E-01	1.451E+01
GCA_025203755_FUN_000017	Fola2ENZA_FUN_000005	128	1.927E-01	1.124E-01	1.525E-01	1.507E+01
GCA_025203755_FUN_000017	GCA_019670925_FUN_000050	194	1.567E-01	1.191E-01	1.261E-01	1.859E+01
GCA_025203755_FUN_000017	GCA_019671045_FUN_000019	48	2.114E-01	7.218E-02	6.761E-02	1.023E+01
GCA_025203755_FUN_000017	GCA_025267645_FUN_000218	50	1.923E-01	5.225E-02	4.923E-02	1.003E+01
GCA_025203755_FUN_000017	AJ718_race1_FUN_000292	163	1.715E-01	1.150E-01	9.418E-02	1.568E+01
GCA_025203755_FUN_000017	Fusarium_kalimantanense_ex_type-barcode07_FUN_000007	103	1.334E-01	7.424E-02	9.470E-02	1.425E+01
GCA_025203755_FUN_000017	Fusarium_fabacearum_ex_type_FUN_000114	185	1.111E-01	8.119E-02	7.224E-02	1.648E+01
GCA_025203755_FUN_000017	GCA_001703205_FUN_000069	238	1.311E-01	1.197E-01	1.080E-01	1.810E+01
GCA_025203755_FUN_000017	AJ718_race1_FUN_000094	176	1.333E-01	9.942E-02	7.648E-02	1.450E+01
GCA_025203755_FUN_000017	GCA_002233855_FUN_000172	102	1.841E-01	9.236E-02	5.269E-02	1.419E+01
GCA_025203755_FUN_000017	GCA_019671045_FUN_000060	212	1.137E-01	1.039E-01	1.032E-01	1.843E+01
GCA_025203755_FUN_000017	GCA_019670925_FUN_000002	48	2.119E-01	7.172E-02	6.774E-02	1.023E+01
GCA_014843445_FUN_000019	Fola3ENZA_FUN_000004	117	1.009E+00	1.000E+00	1.000E+00	0.000E+00
GCA_014843445_FUN_000019	Fusarium_cugenangense_ex_type-barcode01_FUN_000020	117	1.009E+00	1.000E+00	1.000E+00	0.000E+00
GCA_014843445_FUN_000019	GCA_013347535_FUN_000022	117	1.009E+00	1.000E+00	1.000E+00	0.000E+00
GCA_014843445_FUN_000019	GCA_014843415_FUN_000017	117	1.009E+00	1.000E+00	1.000E+00	0.000E+00
GCA_014843445_FUN_000019	GCA_014843445_FUN_000019	117	1.009E+00	1.000E+00	1.000E+00	0.000E+00
GCA_014843445_FUN_000019	GCA_014843555_FUN_000006	117	1.009E+00	1.000E+00	1.000E+00	0.000E+00
GCA_014843445_FUN_000019	GCA_013423235_FUN_000001	117	8.696E-01	8.625E-01	8.265E-01	3.095E+00
GCA_014843445_FUN_000019	Fola4ENZA_FUN_000008	117	8.421E-01	8.351E-01	8.351E-01	4.641E+00
GCA_014843445_FUN_000019	GCA_000260495_FUN_000006	117	8.421E-01	8.351E-01	8.351E-01	4.641E+00
GCA_014843445_FUN_000019	GCA_001702695_FUN_000008	117	8.421E-01	8.351E-01	8.351E-01	4.641E+00
GCA_014843445_FUN_000019	GCA_003315725_FUN_000002	117	8.421E-01	8.351E-01	8.351E-01	4.641E+00
GCA_014843445_FUN_000019	GCA_014843455_FUN_000007	117	8.421E-01	8.351E-01	8.351E-01	4.641E+00
GCA_014843445_FUN_000019	GCA_021018635_FUN_000007	117	8.421E-01	8.351E-01	8.351E-01	4.641E+00
GCA_014843445_FUN_000019	GCA_032206225_FUN_000003	117	8.421E-01	8.351E-01	8.351E-01	4.641E+00
GCA_014843445_FUN_000019	GCA_019670925_FUN_000040	91	2.906E-01	2.107E-01	1.269E-01	1.305E+01
GCA_014843445_FUN_000019	GCA_000259975_FUN_000015	64	3.648E-01	2.095E-01	1.881E-01	7.018E+00
GCA_014843445_FUN_000019	Fusarium_kalimantanense_ex_type-barcode07_FUN_000007	106	2.152E-01	1.481E-01	1.239E-01	1.999E+01
GCA_014843445_FUN_000019	Fola1ENZA_FUN_000069	116	1.954E-01	1.652E-01	9.573E-02	1.887E+01
GCA_014843445_FUN_000019	Fola3ENZA_FUN_000009	116	1.967E-01	1.647E-01	9.578E-02	1.869E+01
GCA_014843445_FUN_000019	GCA_014843445_FUN_000023	116	1.967E-01	1.647E-01	9.578E-02	1.869E+01
GCA_014843445_FUN_000019	GCA_020796175_FUN_000007	116	1.954E-01	1.652E-01	9.573E-02	1.887E+01
GCA_014843445_FUN_000019	GCA_014839635_FUN_000049	162	1.509E-01	1.364E-01	7.745E-02	1.898E+01
GCA_014843445_FUN_000019	Fusarium_duoseptatum_ex_type-barcode03_FUN_000160	106	1.734E-01	1.336E-01	1.037E-01	1.588E+01
GCA_014843445_FUN_000019	GCA_049306905_FUN_000029	79	2.340E-01	1.365E-01	4.123E-02	1.136E+01
GCA_014843445_FUN_000019	GCA_049307005_FUN_000032	79	2.340E-01	1.365E-01	4.123E-02	1.136E+01
GCA_014843445_FUN_000019	GCA_050947165_FUN_000012	71	2.815E-01	1.672E-01	5.203E-02	1.324E+01
GCA_014843445_FUN_000019	GCA_050947235_FUN_000024	71	2.815E-01	1.672E-01	5.203E-02	1.324E+01
GCA_014843445_FUN_000019	GCA_023509805_FUN_000049	93	1.867E-01	1.425E-01	1.079E-01	1.729E+01
GCA_014843445_FUN_000019	GCA_025267645_FUN_000212	66	3.511E-01	2.037E-01	1.405E-01	6.920E+00
GCA_014843445_FUN_000019	Fusarium_fabacearum_ex_type_FUN_000005	96	1.529E-01	1.275E-01	8.577E-02	1.359E+01
GCA_014843445_FUN_000019	Fusarium_sp_128_FUN_000003	123	1.528E-01	1.361E-01	7.328E-02	1.380E+01
GCA_014843445_FUN_000019	GCA_048164945_FUN_000024	78	2.232E-01	1.268E-01	3.983E-02	1.163E+01
GCA_014843445_FUN_000019	GCA_049307005_FUN_000001	98	1.395E-01	1.115E-01	6.489E-02	1.610E+01
GCA_014843445_FUN_000019	AJ705_race4_FUN_000009	84	1.609E-01	1.073E-01	7.289E-02	1.294E+01
GCA_014843445_FUN_000019	GCA_023509805_FUN_000022	130	1.803E-01	1.538E-01	7.150E-02	1.356E+01
GCA_014843445_FUN_000019	GCA_018894095_FUN_000077	93	1.973E-01	1.418E-01	5.616E-02	1.074E+01
GCA_014843445_FUN_000019	Fusarium_cugenangense_ex_type-barcode01_FUN_000019	31	5.224E-01	2.019E-01	2.004E-01	3.464E+00
GCA_014843445_FUN_000019	GCA_013347535_FUN_000021	31	5.224E-01	2.019E-01	2.004E-01	3.464E+00
GCA_014843445_FUN_000019	GCA_014843415_FUN_000016	31	5.224E-01	2.019E-01	2.004E-01	3.464E+00
GCA_014843445_FUN_000019	GCA_014843555_FUN_000005	31	5.224E-01	2.019E-01	2.004E-01	3.464E+00
GCA_014843445_FUN_000019	GCA_020796175_FUN_000123	96	1.857E-01	1.558E-01	1.766E-01	1.374E+01
GCA_014843445_FUN_000019	GCA_000259975_FUN_000028	112	2.075E-01	1.425E-01	9.606E-02	1.161E+01
GCA_014843445_FUN_000019	AJ516_race4_FUN_000027	62	2.150E-01	1.154E-01	1.669E-01	9.637E+00
GCA_014843445_FUN_000019	AJ520_race1_FUN_000015	62	2.150E-01	1.154E-01	1.669E-01	9.637E+00
GCA_014843445_FUN_000019	AJ865_race1_FUN_000014	62	2.150E-01	1.154E-01	1.669E-01	9.637E+00
GCA_014843445_FUN_000019	GCA_018894095_FUN_000071	46	2.301E-01	1.073E-01	1.372E-01	1.570E+01
GCA_014843445_FUN_000019	Fusarium_duoseptatum_ex_type-barcode03_FUN_000086	79	3.011E-01	1.891E-01	2.334E-01	1.574E+01
GCA_014843445_FUN_000019	AJ516_race4_FUN_000013	133	2.135E-01	1.697E-01	1.483E-01	1.179E+01
GCA_014843445_FUN_000019	GCA_019671045_FUN_000060	93	1.979E-01	1.527E-01	1.094E-01	1.365E+01
GCA_014843445_FUN_000019	GCA_019670925_FUN_000002	56	1.836E-01	9.651E-02	6.149E-02	8.580E+00
GCA_014843445_FUN_000019	GCA_025203755_FUN_000021	119	1.794E-01	1.464E-01	8.180E-02	1.376E+01
GCA_014843445_FUN_000019	GCA_016166325_FUN_000030	70	1.741E-01	1.122E-01	1.524E-01	8.052E+00
GCA_014843445_FUN_000019	GCA_016170085_FUN_000014	70	1.741E-01	1.122E-01	1.524E-01	8.052E+00
GCA_014843445_FUN_000019	Fusarium_kalimantanense_ex_type-barcode07_FUN_000026	55	1.988E-01	1.073E-01	1.458E-01	9.048E+00
GCA_014843445_FUN_000019	GCA_049306905_FUN_000006	53	2.211E-01	1.139E-01	1.546E-01	9.113E+00
GCA_014843445_FUN_000019	GCA_049307005_FUN_000010	53	2.211E-01	1.139E-01	1.546E-01	9.113E+00
GCA_014843445_FUN_000019	GCA_025203105_FUN_000005	86	2.036E-01	1.124E-01	8.827E-02	1.458E+01
GCA_014843445_FUN_000019	GCA_025267645_FUN_000218	87	1.475E-01	8.914E-02	5.610E-02	1.488E+01
GCA_014843445_FUN_000019	AJ516_race4_FUN_000033	71	2.549E-01	1.372E-01	4.055E-02	1.165E+01
GCA_014843445_FUN_000019	GCA_019671045_FUN_000019	57	1.853E-01	9.709E-02	6.164E-02	8.683E+00
GCA_014843445_FUN_000019	GCA_025267645_FUN_000197	66	1.494E-01	8.789E-02	7.797E-02	1.308E+01
GCA_025216365_FUN_000064	GCA_025216365_FUN_000064	125	1.008E+00	1.000E+00	1.000E+00	9.224E-03
GCA_025216365_FUN_000064	GCA_050947165_FUN_000004	29	1.874E-01	7.383E-02	5.184E-02	1.001E+01
GCA_025216365_FUN_000064	GCA_050947235_FUN_000004	29	1.874E-01	7.383E-02	5.184E-02	1.001E+01
Fusarium_cugenangense_ex_type-barcode01_FUN_000020	Fola3ENZA_FUN_000004	117	1.009E+00	1.000E+00	1.000E+00	0.000E+00
Fusarium_cugenangense_ex_type-barcode01_FUN_000020	Fusarium_cugenangense_ex_type-barcode01_FUN_000020	117	1.009E+00	1.000E+00	1.000E+00	0.000E+00
Fusarium_cugenangense_ex_type-barcode01_FUN_000020	GCA_013347535_FUN_000022	117	1.009E+00	1.000E+00	1.000E+00	0.000E+00
Fusarium_cugenangense_ex_type-barcode01_FUN_000020	GCA_014843415_FUN_000017	117	1.009E+00	1.000E+00	1.000E+00	0.000E+00
Fusarium_cugenangense_ex_type-barcode01_FUN_000020	GCA_014843445_FUN_000019	117	1.009E+00	1.000E+00	1.000E+00	0.000E+00
Fusarium_cugenangense_ex_type-barcode01_FUN_000020	GCA_014843555_FUN_000006	117	1.009E+00	1.000E+00	1.000E+00	0.000E+00
Fusarium_cugenangense_ex_type-barcode01_FUN_000020	GCA_013423235_FUN_000001	117	8.696E-01	8.625E-01	8.265E-01	3.095E+00
Fusarium_cugenangense_ex_type-barcode01_FUN_000020	Fola4ENZA_FUN_000008	117	8.421E-01	8.351E-01	8.351E-01	4.641E+00
Fusarium_cugenangense_ex_type-barcode01_FUN_000020	GCA_000260495_FUN_000006	117	8.421E-01	8.351E-01	8.351E-01	4.641E+00
Fusarium_cugenangense_ex_type-barcode01_FUN_000020	GCA_001702695_FUN_000008	117	8.421E-01	8.351E-01	8.351E-01	4.641E+00
Fusarium_cugenangense_ex_type-barcode01_FUN_000020	GCA_003315725_FUN_000002	117	8.421E-01	8.351E-01	8.351E-01	4.641E+00
Fusarium_cugenangense_ex_type-barcode01_FUN_000020	GCA_014843455_FUN_000007	117	8.421E-01	8.351E-01	8.351E-01	4.641E+00
Fusarium_cugenangense_ex_type-barcode01_FUN_000020	GCA_021018635_FUN_000007	117	8.421E-01	8.351E-01	8.351E-01	4.641E+00
Fusarium_cugenangense_ex_type-barcode01_FUN_000020	GCA_032206225_FUN_000003	117	8.421E-01	8.351E-01	8.351E-01	4.641E+00
Fusarium_cugenangense_ex_type-barcode01_FUN_000020	GCA_019670925_FUN_000040	91	2.906E-01	2.107E-01	1.269E-01	1.305E+01
Fusarium_cugenangense_ex_type-barcode01_FUN_000020	GCA_000259975_FUN_000015	64	3.648E-01	2.095E-01	1.881E-01	7.018E+00
Fusarium_cugenangense_ex_type-barcode01_FUN_000020	Fusarium_kalimantanense_ex_type-barcode07_FUN_000007	106	2.152E-01	1.481E-01	1.239E-01	1.999E+01
Fusarium_cugenangense_ex_type-barcode01_FUN_000020	Fola1ENZA_FUN_000069	116	1.954E-01	1.652E-01	9.573E-02	1.887E+01
Fusarium_cugenangense_ex_type-barcode01_FUN_000020	Fola3ENZA_FUN_000009	116	1.967E-01	1.647E-01	9.578E-02	1.869E+01
Fusarium_cugenangense_ex_type-barcode01_FUN_000020	GCA_014843445_FUN_000023	116	1.967E-01	1.647E-01	9.578E-02	1.869E+01
Fusarium_cugenangense_ex_type-barcode01_FUN_000020	GCA_020796175_FUN_000007	116	1.954E-01	1.652E-01	9.573E-02	1.887E+01
Fusarium_cugenangense_ex_type-barcode01_FUN_000020	GCA_014839635_FUN_000049	162	1.509E-01	1.364E-01	7.745E-02	1.898E+01
Fusarium_cugenangense_ex_type-barcode01_FUN_000020	Fusarium_duoseptatum_ex_type-barcode03_FUN_000160	106	1.734E-01	1.336E-01	1.037E-01	1.588E+01
Fusarium_cugenangense_ex_type-barcode01_FUN_000020	GCA_049306905_FUN_000029	79	2.340E-01	1.365E-01	4.123E-02	1.136E+01
Fusarium_cugenangense_ex_type-barcode01_FUN_000020	GCA_049307005_FUN_000032	79	2.340E-01	1.365E-01	4.123E-02	1.136E+01
Fusarium_cugenangense_ex_type-barcode01_FUN_000020	GCA_050947165_FUN_000012	71	2.815E-01	1.672E-01	5.203E-02	1.324E+01
Fusarium_cugenangense_ex_type-barcode01_FUN_000020	GCA_050947235_FUN_000024	71	2.815E-01	1.672E-01	5.203E-02	1.324E+01
Fusarium_cugenangense_ex_type-barcode01_FUN_000020	GCA_023509805_FUN_000049	93	1.867E-01	1.425E-01	1.079E-01	1.729E+01
Fusarium_cugenangense_ex_type-barcode01_FUN_000020	GCA_025267645_FUN_000212	66	3.511E-01	2.037E-01	1.405E-01	6.920E+00
Fusarium_cugenangense_ex_type-barcode01_FUN_000020	Fusarium_fabacearum_ex_type_FUN_000005	96	1.529E-01	1.275E-01	8.577E-02	1.359E+01
Fusarium_cugenangense_ex_type-barcode01_FUN_000020	Fusarium_sp_128_FUN_000003	123	1.528E-01	1.361E-01	7.328E-02	1.380E+01
Fusarium_cugenangense_ex_type-barcode01_FUN_000020	GCA_048164945_FUN_000024	78	2.232E-01	1.268E-01	3.983E-02	1.163E+01
Fusarium_cugenangense_ex_type-barcode01_FUN_000020	GCA_049307005_FUN_000001	98	1.395E-01	1.115E-01	6.489E-02	1.610E+01
Fusarium_cugenangense_ex_type-barcode01_FUN_000020	AJ705_race4_FUN_000009	84	1.609E-01	1.073E-01	7.289E-02	1.294E+01
Fusarium_cugenangense_ex_type-barcode01_FUN_000020	GCA_023509805_FUN_000022	130	1.803E-01	1.538E-01	7.150E-02	1.356E+01
Fusarium_cugenangense_ex_type-barcode01_FUN_000020	GCA_018894095_FUN_000077	93	1.973E-01	1.418E-01	5.616E-02	1.074E+01
Fusarium_cugenangense_ex_type-barcode01_FUN_000020	Fusarium_cugenangense_ex_type-barcode01_FUN_000019	31	5.224E-01	2.019E-01	2.004E-01	3.464E+00
Fusarium_cugenangense_ex_type-barcode01_FUN_000020	GCA_013347535_FUN_000021	31	5.224E-01	2.019E-01	2.004E-01	3.464E+00
Fusarium_cugenangense_ex_type-barcode01_FUN_000020	GCA_014843415_FUN_000016	31	5.224E-01	2.019E-01	2.004E-01	3.464E+00
Fusarium_cugenangense_ex_type-barcode01_FUN_000020	GCA_014843555_FUN_000005	31	5.224E-01	2.019E-01	2.004E-01	3.464E+00
Fusarium_cugenangense_ex_type-barcode01_FUN_000020	GCA_020796175_FUN_000123	96	1.857E-01	1.558E-01	1.766E-01	1.374E+01
Fusarium_cugenangense_ex_type-barcode01_FUN_000020	GCA_000259975_FUN_000028	112	2.075E-01	1.425E-01	9.606E-02	1.161E+01
Fusarium_cugenangense_ex_type-barcode01_FUN_000020	AJ516_race4_FUN_000027	62	2.150E-01	1.154E-01	1.669E-01	9.637E+00
Fusarium_cugenangense_ex_type-barcode01_FUN_000020	AJ520_race1_FUN_000015	62	2.150E-01	1.154E-01	1.669E-01	9.637E+00
Fusarium_cugenangense_ex_type-barcode01_FUN_000020	AJ865_race1_FUN_000014	62	2.150E-01	1.154E-01	1.669E-01	9.637E+00
Fusarium_cugenangense_ex_type-barcode01_FUN_000020	GCA_018894095_FUN_000071	46	2.301E-01	1.073E-01	1.372E-01	1.570E+01
Fusarium_cugenangense_ex_type-barcode01_FUN_000020	Fusarium_duoseptatum_ex_type-barcode03_FUN_000086	79	3.011E-01	1.891E-01	2.334E-01	1.574E+01
Fusarium_cugenangense_ex_type-barcode01_FUN_000020	AJ516_race4_FUN_000013	133	2.135E-01	1.697E-01	1.483E-01	1.179E+01
Fusarium_cugenangense_ex_type-barcode01_FUN_000020	GCA_019671045_FUN_000060	93	1.979E-01	1.527E-01	1.094E-01	1.365E+01
Fusarium_cugenangense_ex_type-barcode01_FUN_000020	GCA_019670925_FUN_000002	56	1.836E-01	9.651E-02	6.149E-02	8.580E+00
Fusarium_cugenangense_ex_type-barcode01_FUN_000020	GCA_025203755_FUN_000021	119	1.794E-01	1.464E-01	8.180E-02	1.376E+01
Fusarium_cugenangense_ex_type-barcode01_FUN_000020	GCA_016166325_FUN_000030	70	1.741E-01	1.122E-01	1.524E-01	8.052E+00
Fusarium_cugenangense_ex_type-barcode01_FUN_000020	GCA_016170085_FUN_000014	70	1.741E-01	1.122E-01	1.524E-01	8.052E+00
Fusarium_cugenangense_ex_type-barcode01_FUN_000020	Fusarium_kalimantanense_ex_type-barcode07_FUN_000026	55	1.988E-01	1.073E-01	1.458E-01	9.048E+00
Fusarium_cugenangense_ex_type-barcode01_FUN_000020	GCA_049306905_FUN_000006	53	2.211E-01	1.139E-01	1.546E-01	9.113E+00
Fusarium_cugenangense_ex_type-barcode01_FUN_000020	GCA_049307005_FUN_000010	53	2.211E-01	1.139E-01	1.546E-01	9.113E+00
Fusarium_cugenangense_ex_type-barcode01_FUN_000020	GCA_025203105_FUN_000005	86	2.036E-01	1.124E-01	8.827E-02	1.458E+01
Fusarium_cugenangense_ex_type-barcode01_FUN_000020	GCA_025267645_FUN_000218	87	1.475E-01	8.914E-02	5.610E-02	1.488E+01
Fusarium_cugenangense_ex_type-barcode01_FUN_000020	AJ516_race4_FUN_000033	71	2.549E-01	1.372E-01	4.055E-02	1.165E+01
Fusarium_cugenangense_ex_type-barcode01_FUN_000020	GCA_019671045_FUN_000019	57	1.853E-01	9.709E-02	6.164E-02	8.683E+00
Fusarium_cugenangense_ex_type-barcode01_FUN_000020	GCA_025267645_FUN_000197	66	1.494E-01	8.789E-02	7.797E-02	1.308E+01
AJ520_race1_FUN_000042	AJ520_race1_FUN_000042	133	1.008E+00	1.000E+00	1.000E+00	5.515E-03
AJ520_race1_FUN_000042	AJ592_race4_FUN_000025	133	1.008E+00	1.000E+00	1.000E+00	5.515E-03
AJ520_race1_FUN_000042	AJ865_race1_FUN_000042	133	1.008E+00	1.000E+00	1.000E+00	5.515E-03
AJ520_race1_FUN_000042	GCA_048164945_FUN_000047	133	4.497E-01	4.500E-01	4.500E-01	1.077E+01
AJ520_race1_FUN_000042	GCA_016170085_FUN_000049	133	2.996E-01	2.980E-01	2.980E-01	1.464E+01
AJ520_race1_FUN_000042	GCA_001703205_FUN_000057	133	3.388E-01	3.369E-01	3.369E-01	1.423E+01
AJ520_race1_FUN_000042	GCA_016166325_FUN_000066	132	2.513E-01	2.496E-01	2.399E-01	1.441E+01
GCA_001702845_FUN_000128	GCA_001702845_FUN_000128	220	1.005E+00	1.000E+00	1.000E+00	0.000E+00
GCA_001702845_FUN_000128	GCA_002234105_FUN_000094	220	1.005E+00	1.000E+00	1.000E+00	0.000E+00
GCA_001702845_FUN_000128	GCA_025203755_FUN_000017	220	1.003E+00	9.989E-01	9.989E-01	2.099E-01
GCA_001702845_FUN_000128	GCA_025267645_FUN_000212	188	2.099E-01	1.322E-01	1.511E-01	1.833E+01
GCA_001702845_FUN_000128	Fusarium_duoseptatum_ex_type-barcode03_FUN_000160	186	2.024E-01	1.474E-01	1.682E-01	1.644E+01
GCA_001702845_FUN_000128	Fusarium_sp_128_FUN_000001	93	2.888E-01	1.374E-01	2.696E-01	1.180E+01
GCA_001702845_FUN_000128	GCA_009755825_FUN_000084	163	1.485E-01	1.044E-01	1.058E-01	1.787E+01
GCA_001702845_FUN_000128	GCA_025267645_FUN_000197	238	1.733E-01	1.501E-01	1.521E-01	1.462E+01
GCA_001702845_FUN_000128	GCA_000259975_FUN_000015	174	1.592E-01	1.047E-01	1.449E-01	1.522E+01
GCA_001702845_FUN_000128	GCA_025203755_FUN_000021	100	2.781E-01	1.136E-01	1.024E-01	1.224E+01
GCA_001702845_FUN_000128	Fusarium_gossypinum_ex_type_FUN_000315	154	2.215E-01	1.213E-01	8.226E-02	1.877E+01
GCA_001702845_FUN_000128	GCA_009755825_FUN_000023	184	1.396E-01	1.059E-01	6.963E-02	1.846E+01
GCA_001702845_FUN_000128	GCA_015227905_FUN_000281	191	1.411E-01	1.090E-01	1.083E-01	1.633E+01
GCA_001702845_FUN_000128	GCA_001702845_FUN_000132	98	2.865E-01	1.160E-01	1.043E-01	1.139E+01
GCA_001702845_FUN_000128	GCA_002234105_FUN_000098	98	2.864E-01	1.160E-01	1.043E-01	1.138E+01
GCA_001702845_FUN_000128	GCA_019593505_FUN_000203	120	1.811E-01	1.013E-01	1.504E-01	1.165E+01
GCA_001702845_FUN_000128	GCA_000259975_FUN_000028	227	1.680E-01	1.439E-01	1.535E-01	1.530E+01
GCA_001702845_FUN_000128	GCA_014839635_FUN_000049	200	2.050E-01	1.526E-01	1.302E-01	1.817E+01
GCA_001702845_FUN_000128	GCA_023509805_FUN_000022	102	2.086E-01	1.097E-01	7.513E-02	9.631E+00
GCA_001702845_FUN_000128	GCA_025216365_FUN_000109	100	1.987E-01	9.335E-02	4.317E-02	1.223E+01
GCA_001702845_FUN_000128	GCA_019670925_FUN_000050	195	1.547E-01	1.191E-01	1.260E-01	1.888E+01
GCA_001702845_FUN_000128	Fusarium_fabacearum_ex_type_FUN_000005	197	1.491E-01	1.191E-01	1.182E-01	1.753E+01
GCA_001702845_FUN_000128	Fusarium_elaeidis_ex_type_FUN_000039	161	1.193E-01	7.980E-02	7.308E-02	1.772E+01
GCA_001702845_FUN_000128	GCA_049307005_FUN_000001	145	1.441E-01	7.991E-02	7.452E-02	1.449E+01
GCA_001702845_FUN_000128	GCA_025216365_FUN_000025	254	1.020E-01	9.959E-02	5.106E-02	3.994E+01
GCA_001702845_FUN_000128	Fusarium_gossypinum_ex_type_FUN_000050	121	1.834E-01	1.123E-01	6.670E-02	1.484E+01
GCA_001702845_FUN_000128	GCA_001703455_FUN_000315	121	1.834E-01	1.123E-01	6.670E-02	1.484E+01
GCA_001702845_FUN_000128	GCA_049306905_FUN_000029	73	1.696E-01	8.805E-02	5.227E-02	1.152E+01
GCA_001702845_FUN_000128	GCA_049307005_FUN_000032	73	1.696E-01	8.805E-02	5.227E-02	1.152E+01
GCA_001702845_FUN_000128	Fusarium_cugenangense_ex_type-barcode01_FUN_000019	122	1.706E-01	9.067E-02	1.373E-01	1.451E+01
GCA_001702845_FUN_000128	GCA_013347535_FUN_000021	122	1.706E-01	9.067E-02	1.373E-01	1.451E+01
GCA_001702845_FUN_000128	GCA_014843415_FUN_000016	122	1.706E-01	9.067E-02	1.373E-01	1.451E+01
GCA_001702845_FUN_000128	GCA_014843555_FUN_000005	122	1.706E-01	9.067E-02	1.373E-01	1.451E+01
GCA_001702845_FUN_000128	Fola2ENZA_FUN_000005	128	1.926E-01	1.124E-01	1.525E-01	1.507E+01
GCA_001702845_FUN_000128	GCA_019671045_FUN_000060	219	1.219E-01	1.009E-01	1.060E-01	1.874E+01
GCA_001702845_FUN_000128	GCA_025267645_FUN_000218	50	1.923E-01	5.225E-02	4.922E-02	1.003E+01
GCA_001702845_FUN_000128	Fusarium_fabacearum_ex_type_FUN_000114	185	1.112E-01	8.120E-02	7.224E-02	1.648E+01
GCA_001702845_FUN_000128	GCA_001703205_FUN_000069	238	1.325E-01	1.197E-01	1.080E-01	1.813E+01
GCA_001702845_FUN_000128	Fusarium_kalimantanense_ex_type-barcode07_FUN_000007	103	1.334E-01	7.424E-02	9.470E-02	1.425E+01
GCA_001702845_FUN_000128	GCA_019671045_FUN_000019	48	2.113E-01	7.217E-02	6.761E-02	1.022E+01
GCA_001702845_FUN_000128	AJ718_race1_FUN_000292	160	1.570E-01	1.068E-01	8.725E-02	1.585E+01
GCA_001702845_FUN_000128	AJ718_race1_FUN_000094	207	1.290E-01	1.055E-01	7.740E-02	1.678E+01
GCA_001702845_FUN_000128	GCA_002233855_FUN_000172	102	1.841E-01	9.236E-02	5.269E-02	1.419E+01
GCA_013423235_FUN_000011	GCA_013423235_FUN_000011	129	1.008E+00	1.000E+00	1.000E+00	0.000E+00
GCA_013423235_FUN_000011	Fusarium_sp_128_FUN_000001	95	8.642E-01	5.797E-01	8.294E-01	2.196E+00
GCA_013423235_FUN_000011	GCA_002234015_FUN_000043	125	6.518E-01	5.382E-01	4.427E-01	5.307E+00
GCA_013423235_FUN_000011	GCA_001702495_FUN_000036	117	6.419E-01	4.593E-01	3.733E-01	6.958E+00
GCA_013423235_FUN_000011	Fola4ENZA_FUN_000007	107	6.230E-01	4.743E-01	5.126E-01	7.143E+00
GCA_013423235_FUN_000011	Fusarium_phialophorum-barcode15_FUN_000015	107	6.230E-01	4.743E-01	5.126E-01	7.143E+00
GCA_013423235_FUN_000011	Fusarium_sp_128_FUN_000005	107	6.230E-01	4.743E-01	5.126E-01	7.143E+00
GCA_013423235_FUN_000011	GCA_001702695_FUN_000007	107	6.230E-01	4.743E-01	5.126E-01	7.143E+00
GCA_013423235_FUN_000011	GCA_003315725_FUN_000001	107	6.230E-01	4.743E-01	5.126E-01	7.143E+00
GCA_013423235_FUN_000011	GCA_014843455_FUN_000006	107	6.230E-01	4.743E-01	5.126E-01	7.143E+00
GCA_013423235_FUN_000011	GCA_021018635_FUN_000006	107	6.230E-01	4.743E-01	5.126E-01	7.143E+00
GCA_013423235_FUN_000011	GCA_032206225_FUN_000002	107	6.230E-01	4.743E-01	5.126E-01	7.143E+00
GCA_013423235_FUN_000011	Fusarium_cugenangense_ex_type-barcode01_FUN_000019	106	6.137E-01	4.534E-01	4.900E-01	7.356E+00
GCA_013423235_FUN_000011	GCA_013347535_FUN_000021	106	6.137E-01	4.534E-01	4.900E-01	7.356E+00
GCA_013423235_FUN_000011	GCA_014843415_FUN_000016	106	6.137E-01	4.534E-01	4.900E-01	7.356E+00
GCA_013423235_FUN_000011	GCA_014843555_FUN_000005	106	6.137E-01	4.534E-01	4.900E-01	7.356E+00
GCA_013423235_FUN_000011	GCA_019593505_FUN_000203	113	5.643E-01	4.300E-01	5.502E-01	4.309E+00
GCA_013423235_FUN_000011	GCA_050947165_FUN_000012	69	2.789E-01	1.648E-01	5.432E-02	1.087E+01
GCA_013423235_FUN_000011	GCA_050947235_FUN_000024	69	2.789E-01	1.648E-01	5.432E-02	1.087E+01
GCA_013423235_FUN_000011	GCA_048164945_FUN_000024	60	2.924E-01	1.628E-01	5.545E-02	8.904E+00
GCA_013423235_FUN_000011	GCA_050947165_FUN_000034	92	1.646E-01	1.054E-01	8.047E-02	1.275E+01
GCA_013423235_FUN_000011	GCA_050947235_FUN_000045	92	1.646E-01	1.054E-01	8.047E-02	1.275E+01
GCA_013423235_FUN_000011	Fusarium_sp_128_FUN_000003	94	1.688E-01	1.116E-01	5.440E-02	1.322E+01
GCA_013423235_FUN_000011	AJ516_race4_FUN_000033	60	2.145E-01	1.632E-01	5.589E-02	8.878E+00
GCA_013423235_FUN_000011	GCA_025216365_FUN_000109	108	1.983E-01	1.457E-01	4.396E-02	1.348E+01
GCA_013423235_FUN_000011	Fusarium_kalimantanense_ex_type-barcode07_FUN_000026	74	1.971E-01	1.119E-01	1.591E-01	1.155E+01
GCA_013423235_FUN_000011	Fola2ENZA_FUN_000005	62	3.449E-01	1.866E-01	1.731E-01	9.127E+00
GCA_013423235_FUN_000011	Fusarium_duoseptatum_ex_type-barcode03_FUN_000160	177	1.434E-01	1.372E-01	1.135E-01	1.306E+01
GCA_013423235_FUN_000011	GCA_025203105_FUN_000007	99	1.353E-01	9.027E-02	7.230E-02	1.212E+01
GCA_013423235_FUN_000011	GCA_020796175_FUN_000123	46	2.876E-01	1.445E-01	1.789E-01	4.828E+00
GCA_013423235_FUN_000011	Fusarium_kalimantanense_ex_type-barcode07_FUN_000007	60	1.875E-01	1.148E-01	7.821E-02	1.196E+01
GCA_013423235_FUN_000011	GCA_025267645_FUN_000212	97	1.518E-01	1.035E-01	8.489E-02	1.441E+01
GCA_013423235_FUN_000011	Fola1ENZA_FUN_000069	163	1.584E-01	1.446E-01	1.046E-01	1.362E+01
GCA_013423235_FUN_000011	Fola3ENZA_FUN_000009	85	2.140E-01	1.265E-01	8.155E-02	9.648E+00
GCA_013423235_FUN_000011	GCA_014843445_FUN_000023	85	2.140E-01	1.265E-01	8.155E-02	9.648E+00
GCA_013423235_FUN_000011	GCA_020796175_FUN_000007	163	1.584E-01	1.446E-01	1.046E-01	1.362E+01
GCA_013423235_FUN_000011	GCA_049307005_FUN_000001	98	2.173E-01	1.310E-01	7.931E-02	1.108E+01
GCA_013423235_FUN_000011	GCA_018894095_FUN_000077	60	2.103E-01	1.353E-01	5.541E-02	8.862E+00
GCA_013423235_FUN_000011	GCA_049306905_FUN_000029	60	1.725E-01	1.058E-01	4.429E-02	9.118E+00
GCA_013423235_FUN_000011	GCA_049307005_FUN_000032	60	1.725E-01	1.058E-01	4.429E-02	9.118E+00
GCA_013423235_FUN_000011	Fola3ENZA_FUN_000004	103	1.648E-01	1.229E-01	1.353E-01	1.400E+01
GCA_013423235_FUN_000011	Fola4ENZA_FUN_000008	104	1.946E-01	1.403E-01	1.514E-01	1.442E+01
GCA_013423235_FUN_000011	Fusarium_cugenangense_ex_type-barcode01_FUN_000020	103	1.648E-01	1.229E-01	1.353E-01	1.400E+01
GCA_013423235_FUN_000011	GCA_000260495_FUN_000006	104	1.946E-01	1.403E-01	1.514E-01	1.442E+01
GCA_013423235_FUN_000011	GCA_001702695_FUN_000008	104	1.946E-01	1.403E-01	1.514E-01	1.442E+01
GCA_013423235_FUN_000011	GCA_003315725_FUN_000002	104	1.946E-01	1.403E-01	1.514E-01	1.442E+01
GCA_013423235_FUN_000011	GCA_013347535_FUN_000022	103	1.648E-01	1.229E-01	1.353E-01	1.400E+01
GCA_013423235_FUN_000011	GCA_014843415_FUN_000017	103	1.648E-01	1.229E-01	1.353E-01	1.400E+01
GCA_013423235_FUN_000011	GCA_014843445_FUN_000019	103	1.648E-01	1.229E-01	1.353E-01	1.400E+01
GCA_013423235_FUN_000011	GCA_014843455_FUN_000007	104	1.946E-01	1.403E-01	1.514E-01	1.442E+01
GCA_013423235_FUN_000011	GCA_014843555_FUN_000006	103	1.648E-01	1.229E-01	1.353E-01	1.400E+01
GCA_013423235_FUN_000011	GCA_021018635_FUN_000007	104	1.946E-01	1.403E-01	1.514E-01	1.442E+01
GCA_013423235_FUN_000011	GCA_032206225_FUN_000003	104	1.946E-01	1.403E-01	1.514E-01	1.442E+01
GCA_013423235_FUN_000011	GCA_013423235_FUN_000001	105	1.225E-01	9.738E-02	1.011E-01	1.451E+01
GCA_013423235_FUN_000011	GCA_025267645_FUN_000197	117	1.309E-01	1.031E-01	6.904E-02	1.777E+01
GCA_013423235_FUN_000011	GCA_002234045_FUN_000287	22	2.163E-01	9.175E-02	4.235E-02	4.910E+00
GCA_013423235_FUN_000011	GCA_009755825_FUN_000023	79	2.138E-01	1.406E-01	6.571E-02	1.146E+01
GCA_013423235_FUN_000011	GCA_014839635_FUN_000046	10	3.148E-01	5.571E-02	7.267E-02	3.274E+00
GCA_013423235_FUN_000011	GCA_019671045_FUN_000060	135	1.606E-01	1.262E-01	9.738E-02	1.185E+01
GCA_013423235_FUN_000011	GCA_001703205_FUN_000069	107	1.944E-01	1.255E-01	7.494E-02	1.390E+01
Fusarium_sp_128_FUN_000003	Fusarium_sp_128_FUN_000003	356	1.003E+00	1.000E+00	1.000E+00	0.000E+00
Fusarium_sp_128_FUN_000003	GCA_009755825_FUN_000023	266	4.162E-01	2.440E-01	2.257E-01	1.026E+01
Fusarium_sp_128_FUN_000003	Fusarium_fabacearum_ex_type_FUN_000005	254	4.650E-01	2.305E-01	3.464E-01	1.012E+01
Fusarium_sp_128_FUN_000003	GCA_025267645_FUN_000218	235	4.349E-01	2.051E-01	2.781E-01	8.195E+00
Fusarium_sp_128_FUN_000003	GCA_001703205_FUN_000069	177	4.976E-01	1.943E-01	2.477E-01	6.896E+00
Fusarium_sp_128_FUN_000003	AJ520_race1_FUN_000054	251	4.019E-01	2.215E-01	2.824E-01	1.071E+01
Fusarium_sp_128_FUN_000003	AJ592_race4_FUN_000037	251	4.019E-01	2.215E-01	2.824E-01	1.071E+01
Fusarium_sp_128_FUN_000003	AJ865_race1_FUN_000053	251	4.019E-01	2.215E-01	2.824E-01	1.071E+01
Fusarium_sp_128_FUN_000003	GCA_002233855_FUN_000172	90	5.140E-01	1.365E-01	1.083E-01	6.123E+00
Fusarium_sp_128_FUN_000003	Fusarium_gossypinum_ex_type_FUN_000050	253	3.782E-01	1.888E-01	1.454E-01	1.098E+01
Fusarium_sp_128_FUN_000003	GCA_001703455_FUN_000315	253	3.782E-01	1.888E-01	1.454E-01	1.098E+01
Fusarium_sp_128_FUN_000003	GCA_000259975_FUN_000015	147	3.393E-01	1.320E-01	2.725E-01	1.280E+01
Fusarium_sp_128_FUN_000003	GCA_009755825_FUN_000084	118	2.684E-01	1.143E-01	1.602E-01	8.440E+00
Fusarium_sp_128_FUN_000003	Fusarium_elaeidis_ex_type_FUN_000039	252	2.035E-01	1.197E-01	1.675E-01	2.547E+01
Fusarium_sp_128_FUN_000003	GCA_015227905_FUN_000281	188	3.676E-01	1.581E-01	2.307E-01	9.835E+00
Fusarium_sp_128_FUN_000003	GCA_019593505_FUN_000157	10	8.908E-01	2.790E-02	1.300E-01	6.298E-01
Fusarium_sp_128_FUN_000003	GCA_019670925_FUN_000050	170	3.433E-01	1.293E-01	2.042E-01	1.416E+01
Fusarium_sp_128_FUN_000003	GCA_014839635_FUN_000049	278	1.075E-01	8.179E-02	9.038E-02	2.123E+01
Fusarium_sp_128_FUN_000003	GCA_019593505_FUN_000203	74	2.536E-01	5.547E-02	1.526E-01	1.212E+01
Fusarium_sp_128_FUN_000003	Fola3ENZA_FUN_000004	123	1.528E-01	7.328E-02	1.361E-01	1.380E+01
Fusarium_sp_128_FUN_000003	Fola4ENZA_FUN_000008	88	2.211E-01	5.886E-02	1.437E-01	1.198E+01
Fusarium_sp_128_FUN_000003	Fusarium_cugenangense_ex_type-barcode01_FUN_000020	123	1.528E-01	7.328E-02	1.361E-01	1.380E+01
Fusarium_sp_128_FUN_000003	GCA_000260495_FUN_000006	88	2.211E-01	5.886E-02	1.437E-01	1.198E+01
Fusarium_sp_128_FUN_000003	GCA_001702695_FUN_000008	88	2.211E-01	5.886E-02	1.437E-01	1.198E+01
Fusarium_sp_128_FUN_000003	GCA_003315725_FUN_000002	88	2.211E-01	5.886E-02	1.437E-01	1.198E+01
Fusarium_sp_128_FUN_000003	GCA_013347535_FUN_000022	123	1.528E-01	7.328E-02	1.361E-01	1.380E+01
Fusarium_sp_128_FUN_000003	GCA_014843415_FUN_000017	123	1.528E-01	7.328E-02	1.361E-01	1.380E+01
Fusarium_sp_128_FUN_000003	GCA_014843445_FUN_000019	123	1.528E-01	7.328E-02	1.361E-01	1.380E+01
Fusarium_sp_128_FUN_000003	GCA_014843455_FUN_000007	88	2.211E-01	5.886E-02	1.437E-01	1.198E+01
Fusarium_sp_128_FUN_000003	GCA_014843555_FUN_000006	123	1.528E-01	7.328E-02	1.361E-01	1.380E+01
Fusarium_sp_128_FUN_000003	GCA_021018635_FUN_000007	88	2.211E-01	5.886E-02	1.437E-01	1.198E+01
Fusarium_sp_128_FUN_000003	GCA_032206225_FUN_000003	88	2.211E-01	5.886E-02	1.437E-01	1.198E+01
Fusarium_sp_128_FUN_000003	GCA_013423235_FUN_000001	88	2.210E-01	5.887E-02	1.406E-01	1.198E+01
Fusarium_sp_128_FUN_000003	GCA_001703455_FUN_000133	91	3.964E-01	1.253E-01	2.024E-01	7.511E+00
Fusarium_sp_128_FUN_000003	GCA_000259975_FUN_000028	113	2.067E-01	8.496E-02	1.284E-01	1.376E+01
Fusarium_sp_128_FUN_000003	AJ705_race4_FUN_000009	105	1.969E-01	7.194E-02	8.890E-02	1.320E+01
Fusarium_sp_128_FUN_000003	Fusarium_fabacearum_ex_type_FUN_000114	112	1.989E-01	9.245E-02	1.091E-01	1.368E+01
Fusarium_sp_128_FUN_000003	Fola4ENZA_FUN_000007	113	2.220E-01	7.366E-02	1.653E-01	1.185E+01
Fusarium_sp_128_FUN_000003	Fusarium_phialophorum-barcode15_FUN_000015	113	2.220E-01	7.366E-02	1.653E-01	1.185E+01
Fusarium_sp_128_FUN_000003	Fusarium_sp_128_FUN_000005	113	2.220E-01	7.366E-02	1.653E-01	1.185E+01
Fusarium_sp_128_FUN_000003	GCA_001702695_FUN_000007	113	2.220E-01	7.366E-02	1.653E-01	1.185E+01
Fusarium_sp_128_FUN_000003	GCA_003315725_FUN_000001	113	2.220E-01	7.366E-02	1.653E-01	1.185E+01
Fusarium_sp_128_FUN_000003	GCA_014843455_FUN_000006	113	2.220E-01	7.366E-02	1.653E-01	1.185E+01
Fusarium_sp_128_FUN_000003	GCA_021018635_FUN_000006	113	2.220E-01	7.366E-02	1.653E-01	1.185E+01
Fusarium_sp_128_FUN_000003	GCA_032206225_FUN_000002	113	2.220E-01	7.366E-02	1.653E-01	1.185E+01
Fusarium_sp_128_FUN_000003	GCA_013423235_FUN_000011	101	1.660E-01	5.484E-02	1.133E-01	1.295E+01
Fusarium_sp_128_FUN_000003	GCA_019671045_FUN_000060	181	2.858E-01	1.360E-01	2.078E-01	1.032E+01
Fusarium_sp_128_FUN_000003	GCA_019593505_FUN_000075	22	3.495E-01	3.959E-02	5.321E-02	5.533E+00
Fusarium_sp_128_FUN_000003	GCA_049307005_FUN_000001	184	1.934E-01	8.044E-02	1.079E-01	1.516E+01
Fusarium_sp_128_FUN_000003	AJ718_race1_FUN_000294	178	1.616E-01	9.475E-02	1.056E-01	1.735E+01
Fusarium_sp_128_FUN_000003	Fusarium_cugenangense_ex_type-barcode01_FUN_000019	112	2.191E-01	6.996E-02	1.625E-01	1.207E+01
Fusarium_sp_128_FUN_000003	GCA_013347535_FUN_000021	112	2.191E-01	6.996E-02	1.625E-01	1.207E+01
Fusarium_sp_128_FUN_000003	GCA_014843415_FUN_000016	112	2.191E-01	6.996E-02	1.625E-01	1.207E+01
Fusarium_sp_128_FUN_000003	GCA_014843555_FUN_000005	112	2.191E-01	6.996E-02	1.625E-01	1.207E+01
Fusarium_sp_128_FUN_000003	AJ592_race4_FUN_000062	160	1.257E-01	5.861E-02	5.732E-02	1.640E+01
Fusarium_sp_128_FUN_000003	AJ705_race4_FUN_000001	160	1.257E-01	5.861E-02	5.732E-02	1.640E+01
Fusarium_sp_128_FUN_000003	GCA_018894095_FUN_000077	87	2.881E-01	4.685E-02	3.607E-02	1.494E+01
Fusarium_sp_128_FUN_000003	Fusarium_kalimantanense_ex_type-barcode07_FUN_000007	87	2.226E-01	4.585E-02	1.031E-01	1.430E+01
Fusarium_sp_128_FUN_000003	GCA_001702495_FUN_000036	53	2.913E-01	4.698E-02	8.122E-02	1.014E+01
Fusarium_sp_128_FUN_000003	GCA_002234015_FUN_000043	45	3.395E-01	4.140E-02	6.954E-02	8.547E+00
Fusarium_sp_128_FUN_000003	GCA_025203105_FUN_000005	49	2.733E-01	4.245E-02	6.816E-02	1.418E+01
Fusarium_sp_128_FUN_000003	GCA_019671045_FUN_000019	28	4.140E-01	4.973E-02	6.925E-02	5.638E+00
Fusarium_sp_128_FUN_000003	Fola2ENZA_FUN_000024	24	2.402E-01	4.394E-02	8.506E-02	5.399E+00
Fusarium_sp_128_FUN_000003	Fusarium_phialophorum-barcode15_FUN_000013	24	2.402E-01	4.394E-02	8.506E-02	5.399E+00
Fusarium_sp_128_FUN_000003	GCA_001702845_FUN_000128	43	1.864E-01	4.795E-02	6.710E-02	7.756E+00
Fusarium_sp_128_FUN_000003	GCA_002234105_FUN_000094	43	1.864E-01	4.795E-02	6.710E-02	7.756E+00
GCA_025267645_FUN_000218	GCA_025267645_FUN_000218	249	1.004E+00	1.000E+00	1.000E+00	0.000E+00
GCA_025267645_FUN_000218	Fusarium_gossypinum_ex_type_FUN_000050	249	8.177E-01	7.464E-01	3.998E-01	2.858E+00
GCA_025267645_FUN_000218	GCA_001703455_FUN_000315	249	8.177E-01	7.464E-01	3.998E-01	2.858E+00
GCA_025267645_FUN_000218	GCA_009755825_FUN_000023	202	4.669E-01	3.025E-01	2.032E-01	2.089E+01
GCA_025267645_FUN_000218	Fusarium_fabacearum_ex_type_FUN_000005	255	4.235E-01	3.448E-01	3.841E-01	1.355E+01
GCA_025267645_FUN_000218	GCA_015227905_FUN_000281	159	5.355E-01	3.277E-01	3.611E-01	6.846E+00
GCA_025267645_FUN_000218	GCA_009755825_FUN_000084	190	4.540E-01	2.773E-01	3.094E-01	9.686E+00
GCA_025267645_FUN_000218	GCA_001703205_FUN_000069	298	3.279E-01	3.213E-01	3.028E-01	2.094E+01
GCA_025267645_FUN_000218	AJ520_race1_FUN_000054	294	3.057E-01	3.046E-01	2.901E-01	2.276E+01
GCA_025267645_FUN_000218	AJ592_race4_FUN_000037	294	3.057E-01	3.046E-01	2.901E-01	2.276E+01
GCA_025267645_FUN_000218	AJ865_race1_FUN_000053	294	3.057E-01	3.046E-01	2.901E-01	2.276E+01
GCA_025267645_FUN_000218	GCA_002233855_FUN_000172	179	3.804E-01	2.227E-01	1.320E-01	1.496E+01
GCA_025267645_FUN_000218	Fusarium_elaeidis_ex_type_FUN_000039	146	3.810E-01	1.923E-01	2.008E-01	1.119E+01
GCA_025267645_FUN_000218	Fusarium_sp_128_FUN_000003	235	4.349E-01	2.781E-01	2.051E-01	8.195E+00
GCA_025267645_FUN_000218	GCA_001703455_FUN_000133	196	2.438E-01	1.600E-01	1.895E-01	1.496E+01
GCA_025267645_FUN_000218	Fusarium_fabacearum_ex_type_FUN_000114	174	2.135E-01	1.103E-01	1.044E-01	1.447E+01
GCA_025267645_FUN_000218	GCA_014839635_FUN_000049	171	1.507E-01	9.733E-02	9.272E-02	1.558E+01
GCA_025267645_FUN_000218	AJ592_race4_FUN_000062	53	2.318E-01	6.628E-02	5.181E-02	9.474E+00
GCA_025267645_FUN_000218	AJ705_race4_FUN_000001	53	2.318E-01	6.628E-02	5.181E-02	9.474E+00
GCA_025267645_FUN_000218	GCA_014839635_FUN_000047	226	1.266E-01	9.899E-02	1.086E-01	1.939E+01
GCA_025267645_FUN_000218	AJ705_race4_FUN_000009	158	1.283E-01	1.069E-01	1.047E-01	1.339E+01
GCA_025267645_FUN_000218	AJ718_race1_FUN_000294	197	1.415E-01	9.710E-02	8.868E-02	1.705E+01
GCA_025267645_FUN_000218	Fola2ENZA_FUN_000024	159	1.200E-01	7.545E-02	9.742E-02	1.527E+01
GCA_025267645_FUN_000218	Fusarium_phialophorum-barcode15_FUN_000013	159	1.200E-01	7.545E-02	9.742E-02	1.527E+01
GCA_025267645_FUN_000218	GCA_000259975_FUN_000028	126	1.623E-01	9.275E-02	1.063E-01	1.728E+01
GCA_025267645_FUN_000218	Fusarium_gossypinum_ex_type_FUN_000315	103	1.484E-01	7.388E-02	5.556E-02	1.504E+01
GCA_025267645_FUN_000218	GCA_019670925_FUN_000040	238	1.436E-01	1.023E-01	1.075E-01	1.669E+01
GCA_025267645_FUN_000218	AJ516_race4_FUN_000027	21	3.719E-01	5.559E-02	1.534E-01	3.425E+00
GCA_025267645_FUN_000218	AJ520_race1_FUN_000015	21	3.719E-01	5.559E-02	1.534E-01	3.425E+00
GCA_025267645_FUN_000218	AJ865_race1_FUN_000014	21	3.719E-01	5.559E-02	1.534E-01	3.425E+00
GCA_025267645_FUN_000218	Fusarium_cugenangense_ex_type-barcode01_FUN_000019	46	3.312E-01	7.686E-02	1.347E-01	6.250E+00
GCA_025267645_FUN_000218	GCA_013347535_FUN_000021	46	3.312E-01	7.686E-02	1.347E-01	6.250E+00
GCA_025267645_FUN_000218	GCA_014843415_FUN_000016	46	3.312E-01	7.686E-02	1.347E-01	6.250E+00
GCA_025267645_FUN_000218	GCA_014843555_FUN_000005	46	3.312E-01	7.686E-02	1.347E-01	6.250E+00
GCA_025267645_FUN_000218	GCA_025203105_FUN_000005	83	1.383E-01	5.355E-02	6.380E-02	1.495E+01
GCA_025267645_FUN_000218	Fola1ENZA_FUN_000069	157	1.351E-01	8.867E-02	8.992E-02	1.676E+01
GCA_025267645_FUN_000218	Fola3ENZA_FUN_000009	157	1.231E-01	7.443E-02	7.439E-02	1.803E+01
GCA_025267645_FUN_000218	GCA_014843445_FUN_000023	157	1.231E-01	7.443E-02	7.439E-02	1.803E+01
GCA_025267645_FUN_000218	GCA_020796175_FUN_000007	157	1.351E-01	8.867E-02	8.992E-02	1.676E+01
GCA_025267645_FUN_000218	AJ516_race4_FUN_000033	51	2.071E-01	6.597E-02	3.900E-02	9.800E+00
GCA_025267645_FUN_000218	GCA_016166325_FUN_000030	21	2.818E-01	5.528E-02	1.521E-01	3.364E+00
GCA_025267645_FUN_000218	GCA_016170085_FUN_000014	21	2.818E-01	5.528E-02	1.521E-01	3.364E+00
GCA_025267645_FUN_000218	GCA_038050555_FUN_000006	77	2.310E-01	5.306E-02	1.305E-01	1.105E+01
GCA_025267645_FUN_000218	Fusarium_duoseptatum_ex_type-barcode03_FUN_000086	55	2.763E-01	6.152E-02	1.371E-01	1.028E+01
GCA_025267645_FUN_000218	Fola2ENZA_FUN_000005	43	2.876E-01	7.045E-02	1.112E-01	8.670E+00
GCA_025267645_FUN_000218	GCA_025267645_FUN_000197	196	1.436E-01	1.031E-01	1.121E-01	1.629E+01
GCA_025267645_FUN_000218	GCA_001702845_FUN_000128	50	1.923E-01	4.922E-02	5.225E-02	1.003E+01
GCA_025267645_FUN_000218	GCA_002234105_FUN_000094	50	1.923E-01	4.922E-02	5.225E-02	1.003E+01
GCA_025267645_FUN_000218	GCA_025203755_FUN_000017	50	1.923E-01	4.923E-02	5.225E-02	1.003E+01
GCA_025267645_FUN_000218	Fusarium_kalimantanense_ex_type-barcode07_FUN_000026	37	2.982E-01	5.879E-02	1.493E-01	6.828E+00
GCA_025267645_FUN_000218	Fola4ENZA_FUN_000007	46	2.282E-01	7.202E-02	1.200E-01	6.475E+00
GCA_025267645_FUN_000218	Fusarium_phialophorum-barcode15_FUN_000015	46	2.282E-01	7.202E-02	1.200E-01	6.475E+00
GCA_025267645_FUN_000218	Fusarium_sp_128_FUN_000005	46	2.282E-01	7.202E-02	1.200E-01	6.475E+00
GCA_025267645_FUN_000218	GCA_001702695_FUN_000007	46	2.282E-01	7.202E-02	1.200E-01	6.475E+00
GCA_025267645_FUN_000218	GCA_003315725_FUN_000001	46	2.282E-01	7.202E-02	1.200E-01	6.475E+00
GCA_025267645_FUN_000218	GCA_014843455_FUN_000006	46	2.282E-01	7.202E-02	1.200E-01	6.475E+00
GCA_025267645_FUN_000218	GCA_021018635_FUN_000006	46	2.282E-01	7.202E-02	1.200E-01	6.475E+00
GCA_025267645_FUN_000218	GCA_032206225_FUN_000002	46	2.282E-01	7.202E-02	1.200E-01	6.475E+00
GCA_025267645_FUN_000218	Fusarium_duoseptatum_ex_type-barcode03_FUN_000160	94	1.527E-01	6.939E-02	8.956E-02	1.501E+01
GCA_025267645_FUN_000218	GCA_023509805_FUN_000049	60	2.055E-01	5.949E-02	7.277E-02	1.523E+01
GCA_025267645_FUN_000218	GCA_015227905_FUN_000133	20	2.519E-01	3.766E-02	2.941E-02	9.502E+00
GCA_025267645_FUN_000218	GCA_002234015_FUN_000078	117	1.798E-01	6.627E-02	4.713E-02	1.352E+01
Fusarium_sp_128_FUN_000001	Fusarium_sp_128_FUN_000001	87	1.012E+00	1.000E+00	1.000E+00	3.885E-03
Fusarium_sp_128_FUN_000001	GCA_013423235_FUN_000011	95	8.642E-01	8.294E-01	5.797E-01	2.196E+00
Fusarium_sp_128_FUN_000001	Fola4ENZA_FUN_000007	100	7.559E-01	7.053E-01	5.419E-01	3.164E+00
Fusarium_sp_128_FUN_000001	Fusarium_cugenangense_ex_type-barcode01_FUN_000019	99	7.527E-01	6.947E-01	5.343E-01	3.198E+00
Fusarium_sp_128_FUN_000001	Fusarium_phialophorum-barcode15_FUN_000015	100	7.559E-01	7.053E-01	5.419E-01	3.164E+00
Fusarium_sp_128_FUN_000001	Fusarium_sp_128_FUN_000005	100	7.559E-01	7.053E-01	5.419E-01	3.164E+00
Fusarium_sp_128_FUN_000001	GCA_001702695_FUN_000007	100	7.559E-01	7.053E-01	5.419E-01	3.164E+00
Fusarium_sp_128_FUN_000001	GCA_003315725_FUN_000001	100	7.559E-01	7.053E-01	5.419E-01	3.164E+00
Fusarium_sp_128_FUN_000001	GCA_013347535_FUN_000021	99	7.527E-01	6.947E-01	5.343E-01	3.198E+00
Fusarium_sp_128_FUN_000001	GCA_014843415_FUN_000016	99	7.527E-01	6.947E-01	5.343E-01	3.198E+00
Fusarium_sp_128_FUN_000001	GCA_014843455_FUN_000006	100	7.559E-01	7.053E-01	5.419E-01	3.164E+00
Fusarium_sp_128_FUN_000001	GCA_014843555_FUN_000005	99	7.527E-01	6.947E-01	5.343E-01	3.198E+00
Fusarium_sp_128_FUN_000001	GCA_021018635_FUN_000006	100	7.559E-01	7.053E-01	5.419E-01	3.164E+00
Fusarium_sp_128_FUN_000001	GCA_032206225_FUN_000002	100	7.559E-01	7.053E-01	5.419E-01	3.164E+00
Fusarium_sp_128_FUN_000001	GCA_019593505_FUN_000203	96	6.389E-01	6.213E-01	5.788E-01	3.562E+00
Fusarium_sp_128_FUN_000001	GCA_002234015_FUN_000043	113	6.927E-01	6.282E-01	3.609E-01	4.210E+00
Fusarium_sp_128_FUN_000001	GCA_001702495_FUN_000036	107	7.757E-01	7.040E-01	4.030E-01	4.035E+00
Fusarium_sp_128_FUN_000001	GCA_000259975_FUN_000015	55	3.308E-01	2.130E-01	1.568E-01	5.636E+00
Fusarium_sp_128_FUN_000001	GCA_009755825_FUN_000084	108	2.406E-01	2.204E-01	1.128E-01	1.358E+01
Fusarium_sp_128_FUN_000001	Fola2ENZA_FUN_000005	61	3.311E-01	2.136E-01	1.475E-01	8.541E+00
Fusarium_sp_128_FUN_000001	Fusarium_duoseptatum_ex_type-barcode03_FUN_000160	93	1.709E-01	1.615E-01	1.073E-01	1.245E+01
Fusarium_sp_128_FUN_000001	GCA_025267645_FUN_000212	97	1.941E-01	1.681E-01	9.188E-02	1.496E+01
Fusarium_sp_128_FUN_000001	Fusarium_elaeidis_ex_type_FUN_000039	87	2.296E-01	1.875E-01	9.959E-02	1.114E+01
Fusarium_sp_128_FUN_000001	Fusarium_kalimantanense_ex_type-barcode07_FUN_000007	81	1.923E-01	1.546E-01	1.082E-01	1.586E+01
Fusarium_sp_128_FUN_000001	GCA_009755825_FUN_000023	75	1.835E-01	1.506E-01	6.046E-02	1.202E+01
Fusarium_sp_128_FUN_000001	GCA_018894095_FUN_000077	71	2.327E-01	1.786E-01	5.462E-02	1.047E+01
Fusarium_sp_128_FUN_000001	AJ516_race4_FUN_000033	56	2.538E-01	1.739E-01	4.633E-02	9.930E+00
Fusarium_sp_128_FUN_000001	GCA_025216365_FUN_000109	105	1.978E-01	1.963E-01	4.929E-02	1.304E+01
Fusarium_sp_128_FUN_000001	GCA_001703455_FUN_000133	75	2.235E-01	1.668E-01	9.035E-02	1.163E+01
Fusarium_sp_128_FUN_000001	Fusarium_gossypinum_ex_type_FUN_000200	21	3.567E-01	1.211E-01	5.264E-02	4.136E+00
Fusarium_sp_128_FUN_000001	GCA_001703455_FUN_000164	21	3.570E-01	1.211E-01	5.265E-02	4.136E+00
Fusarium_sp_128_FUN_000001	AJ520_race1_FUN_000054	48	3.209E-01	1.736E-01	6.884E-02	1.152E+01
Fusarium_sp_128_FUN_000001	AJ592_race4_FUN_000037	48	3.209E-01	1.736E-01	6.884E-02	1.152E+01
Fusarium_sp_128_FUN_000001	AJ865_race1_FUN_000053	48	3.209E-01	1.736E-01	6.884E-02	1.152E+01
Fusarium_sp_128_FUN_000001	GCA_001703205_FUN_000069	48	3.208E-01	1.736E-01	6.814E-02	1.151E+01
Fusarium_sp_128_FUN_000001	GCA_025267645_FUN_000197	53	1.966E-01	1.387E-01	7.737E-02	7.976E+00
Fusarium_sp_128_FUN_000001	GCA_049307005_FUN_000001	52	2.189E-01	1.337E-01	5.938E-02	1.066E+01
Fusarium_sp_128_FUN_000001	GCA_020796175_FUN_000123	56	2.454E-01	1.853E-01	1.794E-01	6.265E+00
Fusarium_sp_128_FUN_000001	GCA_019670925_FUN_000050	50	2.899E-01	1.784E-01	9.452E-02	1.148E+01
Fusarium_sp_128_FUN_000001	GCA_001702495_FUN_000061	31	3.183E-01	1.832E-01	8.032E-02	4.739E+00
Fusarium_sp_128_FUN_000001	Fusarium_gossypinum_ex_type_FUN_000315	97	1.543E-01	1.477E-01	6.693E-02	1.296E+01
Fusarium_sp_128_FUN_000001	Fusarium_duoseptatum_ex_type-barcode03_FUN_000086	94	1.731E-01	1.484E-01	1.449E-01	1.274E+01
Fusarium_sp_128_FUN_000001	Fusarium_fabacearum_ex_type_FUN_000005	65	2.543E-01	1.732E-01	8.586E-02	1.140E+01
Fusarium_sp_128_FUN_000001	Fusarium_sp_128_FUN_000003	70	2.206E-01	1.506E-01	5.317E-02	1.087E+01
Fusarium_sp_128_FUN_000001	AJ718_race1_FUN_000094	53	2.319E-01	1.531E-01	5.860E-02	7.323E+00
GCA_019671045_FUN_000019	GCA_019671045_FUN_000019	240	1.004E+00	1.000E+00	1.000E+00	5.669E-03
GCA_019671045_FUN_000019	GCA_019670925_FUN_000002	240	7.978E-01	7.947E-01	7.947E-01	6.164E+00
GCA_019671045_FUN_000019	AJ718_race1_FUN_000294	59	4.728E-01	1.375E-01	1.148E-01	6.239E+00
GCA_019671045_FUN_000019	Fola2ENZA_FUN_000005	49	5.234E-01	1.395E-01	2.159E-01	4.373E+00
GCA_019671045_FUN_000019	GCA_023509805_FUN_000049	105	2.901E-01	1.309E-01	1.579E-01	1.647E+01
GCA_019671045_FUN_000019	GCA_018894095_FUN_000077	35	7.150E-01	1.247E-01	6.117E-02	2.525E+00
GCA_019671045_FUN_000019	Fusarium_duoseptatum_ex_type-barcode03_FUN_000160	64	2.749E-01	8.118E-02	9.887E-02	9.371E+00
GCA_019671045_FUN_000019	AJ705_race4_FUN_000009	90	3.434E-01	9.096E-02	8.630E-02	1.445E+01
GCA_019671045_FUN_000019	GCA_049306905_FUN_000029	35	6.449E-01	1.208E-01	5.991E-02	2.894E+00
GCA_019671045_FUN_000019	GCA_049307005_FUN_000032	35	6.449E-01	1.208E-01	5.991E-02	2.894E+00
GCA_019671045_FUN_000019	Fola2ENZA_FUN_000024	20	5.992E-01	7.582E-02	1.113E-01	1.431E+00
GCA_019671045_FUN_000019	Fusarium_phialophorum-barcode15_FUN_000013	20	5.992E-01	7.582E-02	1.113E-01	1.431E+00
GCA_019671045_FUN_000019	AJ718_race1_FUN_000292	58	3.706E-01	1.366E-01	1.095E-01	5.261E+00
GCA_019671045_FUN_000019	GCA_023509805_FUN_000022	172	1.797E-01	1.037E-01	7.278E-02	1.766E+01
GCA_019671045_FUN_000019	GCA_019670925_FUN_000040	59	3.348E-01	1.065E-01	1.092E-01	5.931E+00
GCA_019671045_FUN_000019	GCA_009755825_FUN_000084	50	3.461E-01	8.505E-02	9.188E-02	1.036E+01
GCA_019671045_FUN_000019	GCA_015227905_FUN_000281	46	2.627E-01	6.837E-02	7.232E-02	1.152E+01
GCA_019671045_FUN_000019	GCA_048164945_FUN_000024	37	2.718E-01	7.404E-02	4.227E-02	6.837E+00
GCA_019671045_FUN_000019	Fusarium_kalimantanense_ex_type-barcode07_FUN_000026	45	2.985E-01	6.709E-02	1.742E-01	7.932E+00
GCA_019671045_FUN_000019	GCA_032206225_FUN_000009	104	2.250E-01	9.862E-02	1.459E-01	1.421E+01
GCA_019671045_FUN_000019	Fusarium_kalimantanense_ex_type-barcode07_FUN_000007	65	2.142E-01	7.993E-02	1.174E-01	1.597E+01
GCA_019671045_FUN_000019	Fusarium_gossypinum_ex_type_FUN_000315	89	2.654E-01	8.187E-02	5.981E-02	1.392E+01
GCA_019671045_FUN_000019	Fola3ENZA_FUN_000004	28	2.932E-01	6.212E-02	1.090E-01	5.434E+00
GCA_019671045_FUN_000019	Fusarium_cugenangense_ex_type-barcode01_FUN_000020	28	2.932E-01	6.212E-02	1.090E-01	5.434E+00
GCA_019671045_FUN_000019	GCA_013347535_FUN_000022	28	2.932E-01	6.212E-02	1.090E-01	5.434E+00
GCA_019671045_FUN_000019	GCA_014843415_FUN_000017	28	2.932E-01	6.212E-02	1.090E-01	5.434E+00
GCA_019671045_FUN_000019	GCA_014843445_FUN_000019	28	2.932E-01	6.212E-02	1.090E-01	5.434E+00
GCA_019671045_FUN_000019	GCA_014843555_FUN_000006	28	2.932E-01	6.212E-02	1.090E-01	5.434E+00
GCA_019671045_FUN_000019	GCA_014839635_FUN_000049	58	2.768E-01	9.238E-02	8.518E-02	7.683E+00
GCA_019671045_FUN_000019	AJ592_race4_FUN_000062	64	2.550E-01	7.038E-02	5.102E-02	1.239E+01
GCA_019671045_FUN_000019	AJ705_race4_FUN_000001	64	2.550E-01	7.038E-02	5.102E-02	1.239E+01
GCA_019671045_FUN_000019	AJ516_race4_FUN_000033	37	2.734E-01	7.420E-02	4.220E-02	6.823E+00
GCA_019671045_FUN_000019	GCA_016166325_FUN_000030	69	1.706E-01	4.787E-02	1.309E-01	1.172E+01
GCA_019671045_FUN_000019	GCA_016170085_FUN_000014	69	1.706E-01	4.787E-02	1.309E-01	1.172E+01
GCA_019671045_FUN_000019	Fola4ENZA_FUN_000008	28	2.932E-01	6.214E-02	1.091E-01	5.434E+00
GCA_019671045_FUN_000019	GCA_000260495_FUN_000006	28	2.932E-01	6.214E-02	1.091E-01	5.434E+00
GCA_019671045_FUN_000019	GCA_001702695_FUN_000008	28	2.932E-01	6.214E-02	1.091E-01	5.434E+00
GCA_019671045_FUN_000019	GCA_003315725_FUN_000002	28	2.932E-01	6.214E-02	1.091E-01	5.434E+00
GCA_019671045_FUN_000019	GCA_014843455_FUN_000007	28	2.932E-01	6.214E-02	1.091E-01	5.434E+00
GCA_019671045_FUN_000019	GCA_021018635_FUN_000007	28	2.932E-01	6.214E-02	1.091E-01	5.434E+00
GCA_019671045_FUN_000019	GCA_032206225_FUN_000003	28	2.932E-01	6.214E-02	1.091E-01	5.434E+00
GCA_019671045_FUN_000019	GCA_013423235_FUN_000001	28	2.930E-01	6.219E-02	1.058E-01	5.428E+00
GCA_019671045_FUN_000019	GCA_048164945_FUN_000047	55	2.745E-01	7.002E-02	1.093E-01	1.282E+01
GCA_019671045_FUN_000019	GCA_025203105_FUN_000005	83	1.678E-01	7.697E-02	8.924E-02	1.650E+01
GCA_019671045_FUN_000019	GCA_000259975_FUN_000028	80	3.067E-01	9.948E-02	1.179E-01	1.145E+01
GCA_019671045_FUN_000019	Fusarium_sp_128_FUN_000003	28	4.140E-01	6.925E-02	4.973E-02	5.638E+00
GCA_019671045_FUN_000019	AJ718_race1_FUN_000094	41	2.880E-01	7.549E-02	5.311E-02	7.554E+00
GCA_019671045_FUN_000019	GCA_000260495_FUN_000010	103	2.175E-01	9.816E-02	1.452E-01	1.300E+01
GCA_019671045_FUN_000019	GCA_003315725_FUN_000007	103	2.175E-01	9.816E-02	1.452E-01	1.300E+01
GCA_019671045_FUN_000019	GCA_021018635_FUN_000012	103	2.175E-01	9.816E-02	1.452E-01	1.300E+01
GCA_019671045_FUN_000019	Fusarium_elaeidis_ex_type_FUN_000039	100	2.073E-01	7.046E-02	7.105E-02	1.183E+01
GCA_019671045_FUN_000019	GCA_049307005_FUN_000001	51	2.043E-01	6.089E-02	5.967E-02	1.458E+01
GCA_019671045_FUN_000019	GCA_050947165_FUN_000012	46	2.563E-01	8.373E-02	4.640E-02	6.914E+00
GCA_019671045_FUN_000019	GCA_050947235_FUN_000024	46	2.563E-01	8.373E-02	4.640E-02	6.914E+00
GCA_019671045_FUN_000019	GCA_000259975_FUN_000015	94	2.020E-01	4.837E-02	8.057E-02	1.217E+01
GCA_014839635_FUN_000046	GCA_014839635_FUN_000046	91	1.011E+00	1.000E+00	1.000E+00	7.406E-03
GCA_014839635_FUN_000046	Fusarium_fabacearum_ex_type_FUN_000267	96	2.946E-01	2.710E-01	2.069E-01	1.007E+01
GCA_014839635_FUN_000046	GCA_002233855_FUN_000349	96	2.946E-01	2.710E-01	2.069E-01	1.007E+01
GCA_014839635_FUN_000046	GCA_009755825_FUN_000025	57	3.914E-01	2.249E-01	1.038E-01	6.221E+00
GCA_014839635_FUN_000046	GCA_013423235_FUN_000011	10	3.148E-01	7.267E-02	5.571E-02	3.274E+00
GCA_014839635_FUN_000046	Fusarium_kalimantanense_ex_type-barcode07_FUN_000007	12	5.256E-01	7.244E-02	4.966E-02	3.409E+00
GCA_014839635_FUN_000046	AJ592_race4_FUN_000062	32	3.434E-01	1.184E-01	4.198E-02	7.143E+00
GCA_014839635_FUN_000046	AJ705_race4_FUN_000001	32	3.434E-01	1.184E-01	4.198E-02	7.143E+00
GCA_014839635_FUN_000046	GCA_001702845_FUN_000128	53	2.108E-01	1.391E-01	7.277E-02	1.271E+01
GCA_014839635_FUN_000046	GCA_002234105_FUN_000094	53	2.108E-01	1.391E-01	7.277E-02	1.271E+01
GCA_014839635_FUN_000046	GCA_025203755_FUN_000017	53	2.107E-01	1.390E-01	7.276E-02	1.271E+01
GCA_023509805_FUN_000049	GCA_023509805_FUN_000049	183	1.005E+00	1.000E+00	1.000E+00	9.299E-03
GCA_023509805_FUN_000049	AJ516_race4_FUN_000013	113	2.902E-01	1.934E-01	2.305E-01	1.203E+01
GCA_023509805_FUN_000049	GCA_019670925_FUN_000002	102	2.881E-01	1.642E-01	1.343E-01	1.681E+01
GCA_023509805_FUN_000049	GCA_019671045_FUN_000019	103	2.869E-01	1.591E-01	1.291E-01	1.670E+01
GCA_023509805_FUN_000049	Fusarium_fabacearum_ex_type_FUN_000114	25	5.907E-01	8.069E-02	5.650E-02	8.166E+00
GCA_023509805_FUN_000049	GCA_000259975_FUN_000028	54	3.464E-01	1.290E-01	1.187E-01	1.044E+01
GCA_023509805_FUN_000049	GCA_019670925_FUN_000040	74	2.645E-01	1.223E-01	1.012E-01	1.151E+01
GCA_023509805_FUN_000049	AJ718_race1_FUN_000292	108	3.044E-01	1.119E-01	7.359E-02	1.402E+01
GCA_023509805_FUN_000049	Fusarium_duoseptatum_ex_type-barcode03_FUN_000160	53	3.446E-01	9.215E-02	9.501E-02	1.006E+01
GCA_023509805_FUN_000049	GCA_025203105_FUN_000005	27	4.261E-01	8.207E-02	7.750E-02	5.723E+00
GCA_023509805_FUN_000049	GCA_014839635_FUN_000049	182	1.362E-01	1.235E-01	9.725E-02	2.045E+01
GCA_023509805_FUN_000049	AJ705_race4_FUN_000009	40	2.559E-01	6.907E-02	5.390E-02	1.137E+01
GCA_023509805_FUN_000049	GCA_049306905_FUN_000006	18	2.418E-01	7.114E-02	1.340E-01	3.757E+00
GCA_023509805_FUN_000049	GCA_049307005_FUN_000010	18	2.418E-01	7.114E-02	1.340E-01	3.757E+00
GCA_023509805_FUN_000049	Fola2ENZA_FUN_000024	61	2.745E-01	8.623E-02	9.574E-02	1.027E+01
GCA_023509805_FUN_000049	Fusarium_phialophorum-barcode15_FUN_000013	61	2.745E-01	8.623E-02	9.574E-02	1.027E+01
GCA_023509805_FUN_000049	AJ718_race1_FUN_000294	50	3.086E-01	9.648E-02	6.501E-02	1.217E+01
GCA_023509805_FUN_000049	AJ592_race4_FUN_000062	151	1.709E-01	1.120E-01	6.923E-02	1.439E+01
GCA_023509805_FUN_000049	AJ705_race4_FUN_000001	151	1.709E-01	1.120E-01	6.923E-02	1.439E+01
GCA_023509805_FUN_000049	GCA_023509805_FUN_000022	79	3.416E-01	1.103E-01	6.099E-02	8.908E+00
GCA_023509805_FUN_000049	GCA_019593505_FUN_000203	70	2.786E-01	1.209E-01	2.012E-01	1.156E+01
GCA_023509805_FUN_000049	Fusarium_kalimantanense_ex_type-barcode07_FUN_000007	69	1.919E-01	9.245E-02	1.066E-01	1.014E+01
GCA_023509805_FUN_000049	Fusarium_fabacearum_ex_type_FUN_000005	62	1.851E-01	7.368E-02	6.443E-02	1.490E+01
GCA_023509805_FUN_000049	GCA_001703205_FUN_000018	30	3.519E-01	7.800E-02	1.741E-01	7.316E+00
GCA_023509805_FUN_000049	GCA_009755825_FUN_000084	76	2.140E-01	7.971E-02	6.967E-02	1.288E+01
GCA_023509805_FUN_000049	GCA_001702495_FUN_000061	69	2.696E-01	1.155E-01	8.996E-02	9.677E+00
GCA_023509805_FUN_000049	Fusarium_gossypinum_ex_type_FUN_000315	52	2.203E-01	7.940E-02	5.130E-02	1.033E+01
GCA_023509805_FUN_000049	GCA_025216365_FUN_000025	195	1.354E-01	1.149E-01	5.645E-02	3.873E+01
GCA_023509805_FUN_000049	GCA_002233855_FUN_000172	58	1.838E-01	7.593E-02	3.564E-02	1.553E+01
GCA_023509805_FUN_000049	GCA_020796175_FUN_000123	70	1.793E-01	8.584E-02	1.336E-01	1.037E+01
GCA_023509805_FUN_000049	Fola2ENZA_FUN_000005	81	1.937E-01	8.608E-02	9.580E-02	1.327E+01
GCA_023509805_FUN_000049	GCA_014839635_FUN_000047	61	1.584E-01	6.192E-02	6.313E-02	1.330E+01
GCA_023509805_FUN_000049	Fusarium_elaeidis_ex_type_FUN_000039	244	1.174E-01	1.166E-01	9.256E-02	2.403E+01
GCA_023509805_FUN_000049	Fola1ENZA_FUN_000069	166	1.413E-01	1.061E-01	8.990E-02	1.540E+01
GCA_023509805_FUN_000049	Fola3ENZA_FUN_000009	166	1.237E-01	1.087E-01	9.265E-02	1.534E+01
GCA_023509805_FUN_000049	GCA_014843445_FUN_000023	166	1.237E-01	1.087E-01	9.265E-02	1.534E+01
GCA_023509805_FUN_000049	GCA_020796175_FUN_000007	166	1.413E-01	1.061E-01	8.990E-02	1.540E+01
GCA_023509805_FUN_000049	Fola1ENZA_FUN_000004	77	1.812E-01	9.628E-02	8.557E-02	1.204E+01
GCA_023509805_FUN_000049	Fola4ENZA_FUN_000003	77	1.812E-01	9.628E-02	8.557E-02	1.204E+01
GCA_023509805_FUN_000049	GCA_000260495_FUN_000001	77	1.812E-01	9.628E-02	8.557E-02	1.204E+01
GCA_023509805_FUN_000049	GCA_001702695_FUN_000003	77	1.812E-01	9.628E-02	8.557E-02	1.204E+01
GCA_023509805_FUN_000049	GCA_014843455_FUN_000002	77	1.812E-01	9.628E-02	8.557E-02	1.204E+01
GCA_023509805_FUN_000049	GCA_049307005_FUN_000001	140	1.822E-01	1.293E-01	1.077E-01	1.597E+01
GCA_023509805_FUN_000049	GCA_050947165_FUN_000012	113	1.098E-01	6.901E-02	3.668E-02	1.981E+01
GCA_023509805_FUN_000049	GCA_050947235_FUN_000024	113	1.098E-01	6.901E-02	3.668E-02	1.981E+01
GCA_023509805_FUN_000049	GCA_018894095_FUN_000077	68	1.589E-01	6.577E-02	3.326E-02	1.378E+01
GCA_023509805_FUN_000049	GCA_048164945_FUN_000024	76	2.010E-01	9.231E-02	4.608E-02	1.084E+01
GCA_023509805_FUN_000049	AJ516_race4_FUN_000033	49	1.879E-01	7.345E-02	3.441E-02	1.220E+01
GCA_023509805_FUN_000049	GCA_025216365_FUN_000109	124	1.349E-01	8.455E-02	3.603E-02	2.624E+01
GCA_050947235_FUN_000024	GCA_050947165_FUN_000012	507	1.002E+00	1.000E+00	1.000E+00	9.162E-03
GCA_050947235_FUN_000024	GCA_050947235_FUN_000024	507	1.002E+00	1.000E+00	1.000E+00	9.162E-03
GCA_050947235_FUN_000024	GCA_048164945_FUN_000024	507	7.936E-01	7.921E-01	7.921E-01	7.736E+00
GCA_050947235_FUN_000024	GCA_049306905_FUN_000029	507	7.565E-01	7.551E-01	7.551E-01	8.586E+00
GCA_050947235_FUN_000024	GCA_049307005_FUN_000032	507	7.565E-01	7.551E-01	7.551E-01	8.586E+00
GCA_050947235_FUN_000024	GCA_018894095_FUN_000077	507	7.629E-01	7.615E-01	7.615E-01	9.420E+00
GCA_050947235_FUN_000024	AJ516_race4_FUN_000033	504	6.568E-01	6.519E-01	6.495E-01	1.347E+01
GCA_050947235_FUN_000024	Fusarium_kalimantanense_ex_type-barcode07_FUN_000026	38	5.635E-01	4.346E-02	2.458E-01	4.275E+00
GCA_050947235_FUN_000024	GCA_049306905_FUN_000006	41	3.618E-01	3.838E-02	1.869E-01	6.859E+00
GCA_050947235_FUN_000024	GCA_049307005_FUN_000010	41	3.618E-01	3.838E-02	1.869E-01	6.859E+00
GCA_050947235_FUN_000024	GCA_038050555_FUN_000006	47	5.285E-01	4.470E-02	2.463E-01	7.910E+00
GCA_050947235_FUN_000024	Fola3ENZA_FUN_000004	71	2.815E-01	5.203E-02	1.672E-01	1.324E+01
GCA_050947235_FUN_000024	Fusarium_cugenangense_ex_type-barcode01_FUN_000020	71	2.815E-01	5.203E-02	1.672E-01	1.324E+01
GCA_050947235_FUN_000024	GCA_013347535_FUN_000022	71	2.815E-01	5.203E-02	1.672E-01	1.324E+01
GCA_050947235_FUN_000024	GCA_014843415_FUN_000017	71	2.815E-01	5.203E-02	1.672E-01	1.324E+01
GCA_050947235_FUN_000024	GCA_014843445_FUN_000019	71	2.815E-01	5.203E-02	1.672E-01	1.324E+01
GCA_050947235_FUN_000024	GCA_014843555_FUN_000006	71	2.815E-01	5.203E-02	1.672E-01	1.324E+01
GCA_050947235_FUN_000024	GCA_013423235_FUN_000011	69	2.789E-01	5.432E-02	1.648E-01	1.087E+01
GCA_050947235_FUN_000024	GCA_018894095_FUN_000071	62	3.581E-01	4.515E-02	2.213E-01	1.022E+01
GCA_050947235_FUN_000024	GCA_013423235_FUN_000001	73	2.739E-01	5.242E-02	1.624E-01	1.315E+01
GCA_050947235_FUN_000024	Fola4ENZA_FUN_000008	66	2.213E-01	5.218E-02	1.464E-01	1.254E+01
GCA_050947235_FUN_000024	GCA_000260495_FUN_000006	66	2.213E-01	5.218E-02	1.464E-01	1.254E+01
GCA_050947235_FUN_000024	GCA_001702695_FUN_000008	66	2.213E-01	5.218E-02	1.464E-01	1.254E+01
GCA_050947235_FUN_000024	GCA_003315725_FUN_000002	66	2.213E-01	5.218E-02	1.464E-01	1.254E+01
GCA_050947235_FUN_000024	GCA_014843455_FUN_000007	66	2.213E-01	5.218E-02	1.464E-01	1.254E+01
GCA_050947235_FUN_000024	GCA_021018635_FUN_000007	66	2.213E-01	5.218E-02	1.464E-01	1.254E+01
GCA_050947235_FUN_000024	GCA_032206225_FUN_000003	66	2.213E-01	5.218E-02	1.464E-01	1.254E+01
GCA_050947235_FUN_000024	Fola1ENZA_FUN_000069	72	2.383E-01	4.573E-02	7.976E-02	1.250E+01
GCA_050947235_FUN_000024	GCA_020796175_FUN_000007	72	2.383E-01	4.573E-02	7.976E-02	1.250E+01
GCA_050947235_FUN_000024	GCA_048164945_FUN_000019	38	5.572E-01	4.389E-02	2.281E-01	4.041E+00
GCA_050947235_FUN_000024	Fola2ENZA_FUN_000005	30	5.065E-01	4.227E-02	1.247E-01	3.662E+00
GCA_050947235_FUN_000024	GCA_025203755_FUN_000032	30	6.221E-01	4.186E-02	5.826E-02	6.236E+00
GCA_050947235_FUN_000024	GCA_025216365_FUN_000025	32	5.317E-01	4.870E-02	5.314E-02	4.006E+00
GCA_050947235_FUN_000024	GCA_016166325_FUN_000030	64	2.557E-01	5.329E-02	1.767E-01	8.633E+00
GCA_050947235_FUN_000024	GCA_016170085_FUN_000014	64	2.557E-01	5.329E-02	1.767E-01	8.633E+00
GCA_050947235_FUN_000024	AJ516_race4_FUN_000027	23	3.493E-01	3.107E-02	1.619E-01	5.131E+00
GCA_050947235_FUN_000024	AJ520_race1_FUN_000015	23	3.493E-01	3.107E-02	1.619E-01	5.131E+00
GCA_050947235_FUN_000024	AJ865_race1_FUN_000014	23	3.493E-01	3.107E-02	1.619E-01	5.131E+00
GCA_050947235_FUN_000024	GCA_032206225_FUN_000009	19	4.965E-01	3.375E-02	1.073E-01	3.158E+00
GCA_050947235_FUN_000024	GCA_025203105_FUN_000005	72	2.642E-01	4.691E-02	1.003E-01	1.295E+01
GCA_050947235_FUN_000024	GCA_009755825_FUN_000025	64	3.762E-01	5.081E-02	8.483E-02	9.806E+00
GCA_050947235_FUN_000024	GCA_019670925_FUN_000002	39	2.666E-01	3.544E-02	6.188E-02	1.191E+01
GCA_050947235_FUN_000024	GCA_002234045_FUN_000287	71	3.414E-01	5.741E-02	7.736E-02	1.038E+01
GCA_050947235_FUN_000024	GCA_025217005_FUN_000165	71	3.411E-01	5.740E-02	7.734E-02	1.038E+01
GCA_050947235_FUN_000024	GCA_019593505_FUN_000157	36	2.217E-01	3.971E-02	1.638E-01	4.576E+00
GCA_050947235_FUN_000024	GCA_000259975_FUN_000015	33	2.447E-01	2.642E-02	8.242E-02	9.259E+00
GCA_050947235_FUN_000024	GCA_002234105_FUN_000147	36	3.629E-01	3.385E-02	9.205E-02	8.729E+00
GCA_050947235_FUN_000024	GCA_016170085_FUN_000003	39	3.146E-01	5.222E-02	1.320E-01	6.299E+00
GCA_050947235_FUN_000024	Fola3ENZA_FUN_000009	174	1.294E-01	5.930E-02	9.247E-02	2.593E+01
GCA_050947235_FUN_000024	GCA_014843445_FUN_000023	174	1.294E-01	5.930E-02	9.247E-02	2.593E+01
GCA_050947235_FUN_000024	AJ718_race1_FUN_000294	107	1.741E-01	5.334E-02	7.802E-02	1.247E+01
GCA_050947235_FUN_000024	Fusarium_gossypinum_ex_type_FUN_000315	80	2.106E-01	4.772E-02	6.422E-02	9.601E+00
GCA_050947235_FUN_000024	GCA_023509805_FUN_000022	52	3.169E-01	5.512E-02	6.819E-02	9.041E+00
GCA_050947235_FUN_000024	GCA_020796175_FUN_000123	64	1.196E-01	2.752E-02	8.043E-02	1.235E+01
GCA_050947235_FUN_000024	Fusarium_kalimantanense_ex_type-barcode07_FUN_000007	38	3.044E-01	2.490E-02	8.353E-02	1.212E+01
GCA_050947235_FUN_000024	GCA_049306905_FUN_000037	83	1.937E-01	5.223E-02	9.145E-02	9.629E+00
GCA_050947235_FUN_000024	GCA_019671045_FUN_000062	70	2.563E-01	3.662E-02	6.490E-02	9.261E+00
GCA_050947235_FUN_000024	GCA_023509805_FUN_000049	145	9.201E-02	3.997E-02	6.650E-02	1.925E+01
GCA_025267645_FUN_000197	GCA_025267645_FUN_000197	216	1.005E+00	1.000E+00	1.000E+00	0.000E+00
GCA_025267645_FUN_000197	Fusarium_gossypinum_ex_type_FUN_000315	220	4.532E-01	3.777E-01	2.536E-01	9.911E+00
GCA_025267645_FUN_000197	Fusarium_duoseptatum_ex_type-barcode03_FUN_000160	213	4.121E-01	3.306E-01	3.876E-01	1.093E+01
GCA_025267645_FUN_000197	GCA_014839635_FUN_000049	202	3.472E-01	2.908E-01	2.477E-01	1.330E+01
GCA_025267645_FUN_000197	Fola3ENZA_FUN_000009	185	2.883E-01	2.046E-01	1.875E-01	1.226E+01
GCA_025267645_FUN_000197	GCA_014843445_FUN_000023	185	2.883E-01	2.046E-01	1.875E-01	1.226E+01
GCA_025267645_FUN_000197	Fola1ENZA_FUN_000069	191	2.947E-01	2.187E-01	2.000E-01	1.202E+01
GCA_025267645_FUN_000197	GCA_020796175_FUN_000007	191	2.947E-01	2.187E-01	2.000E-01	1.202E+01
GCA_025267645_FUN_000197	GCA_023509805_FUN_000022	196	1.922E-01	1.523E-01	9.973E-02	1.474E+01
GCA_025267645_FUN_000197	GCA_000259975_FUN_000028	220	1.416E-01	1.281E-01	1.381E-01	1.703E+01
GCA_025267645_FUN_000197	Fusarium_kalimantanense_ex_type-barcode07_FUN_000007	178	2.559E-01	1.698E-01	2.221E-01	1.299E+01
GCA_025267645_FUN_000197	Fusarium_elaeidis_ex_type_FUN_000250	22	5.019E-01	6.869E-02	1.718E-01	4.161E+00
GCA_025267645_FUN_000197	GCA_018894095_FUN_000086	18	4.608E-01	6.726E-02	8.967E-02	3.088E+00
GCA_025267645_FUN_000197	GCA_025203755_FUN_000017	195	1.690E-01	1.294E-01	1.278E-01	1.532E+01
GCA_025267645_FUN_000197	AJ520_race1_FUN_000054	104	1.679E-01	8.103E-02	7.036E-02	1.262E+01
GCA_025267645_FUN_000197	AJ592_race4_FUN_000037	104	1.679E-01	8.103E-02	7.036E-02	1.262E+01
GCA_025267645_FUN_000197	AJ865_race1_FUN_000053	104	1.679E-01	8.103E-02	7.036E-02	1.262E+01
GCA_025267645_FUN_000197	GCA_049306905_FUN_000006	67	2.505E-01	6.796E-02	1.751E-01	1.785E+01
GCA_025267645_FUN_000197	GCA_049307005_FUN_000010	67	2.505E-01	6.796E-02	1.751E-01	1.785E+01
GCA_025267645_FUN_000197	GCA_019593505_FUN_000203	147	1.883E-01	9.112E-02	1.745E-01	1.598E+01
GCA_025267645_FUN_000197	GCA_001702845_FUN_000128	188	1.678E-01	1.251E-01	1.236E-01	1.448E+01
GCA_025267645_FUN_000197	GCA_002234105_FUN_000094	188	1.678E-01	1.251E-01	1.236E-01	1.448E+01
GCA_025267645_FUN_000197	GCA_001703205_FUN_000069	104	1.690E-01	8.102E-02	6.978E-02	1.269E+01
GCA_025267645_FUN_000197	Fola2ENZA_FUN_000005	132	1.742E-01	9.583E-02	1.207E-01	1.667E+01
GCA_025267645_FUN_000197	Fusarium_fabacearum_ex_type_FUN_000005	236	1.392E-01	1.178E-01	1.178E-01	1.801E+01
GCA_025267645_FUN_000197	GCA_049307005_FUN_000001	179	1.791E-01	1.231E-01	1.130E-01	1.806E+01
GCA_025267645_FUN_000197	GCA_002234015_FUN_000068	204	1.675E-01	1.250E-01	1.111E-01	1.822E+01
GCA_025267645_FUN_000197	AJ718_race1_FUN_000292	113	1.965E-01	1.058E-01	7.796E-02	1.775E+01
GCA_025267645_FUN_000197	GCA_020796175_FUN_000123	62	2.422E-01	9.726E-02	1.747E-01	1.139E+01
GCA_025267645_FUN_000197	GCA_001702495_FUN_000061	192	1.285E-01	1.049E-01	1.018E-01	1.595E+01
GCA_025267645_FUN_000197	GCA_018894095_FUN_000077	84	2.462E-01	9.768E-02	5.102E-02	1.175E+01
GCA_025267645_FUN_000197	Fusarium_sp_128_FUN_000001	50	1.832E-01	6.729E-02	1.229E-01	1.060E+01
GCA_025267645_FUN_000197	GCA_038050555_FUN_000020	48	2.794E-01	8.547E-02	1.129E-01	9.970E+00
GCA_025267645_FUN_000197	GCA_014839635_FUN_000047	198	1.514E-01	1.005E-01	1.027E-01	1.674E+01
GCA_025267645_FUN_000197	Fusarium_gossypinum_ex_type_FUN_000200	105	1.948E-01	8.774E-02	7.970E-02	1.577E+01
GCA_025267645_FUN_000197	GCA_001702845_FUN_000132	46	2.450E-01	8.507E-02	7.563E-02	8.059E+00
GCA_025267645_FUN_000197	GCA_002234105_FUN_000098	46	2.445E-01	8.503E-02	7.559E-02	8.057E+00
GCA_025267645_FUN_000197	GCA_025203755_FUN_000021	100	1.744E-01	8.834E-02	7.863E-02	1.471E+01
GCA_025267645_FUN_000197	AJ705_race4_FUN_000009	61	1.548E-01	4.479E-02	4.176E-02	1.353E+01
GCA_025267645_FUN_000197	Fusarium_fabacearum_ex_type_FUN_000114	204	1.469E-01	1.143E-01	9.861E-02	1.581E+01
GCA_025267645_FUN_000197	AJ718_race1_FUN_000294	196	1.333E-01	1.180E-01	9.682E-02	1.874E+01
GCA_025267645_FUN_000197	GCA_025216365_FUN_000025	221	9.722E-02	7.902E-02	4.294E-02	4.798E+01
GCA_025267645_FUN_000197	GCA_048164945_FUN_000024	73	2.211E-01	9.450E-02	5.036E-02	1.051E+01
GCA_025267645_FUN_000197	GCA_025267645_FUN_000212	76	2.295E-01	8.958E-02	9.528E-02	1.090E+01
GCA_025267645_FUN_000197	GCA_019670925_FUN_000040	218	1.991E-01	1.577E-01	1.506E-01	1.357E+01
GCA_025267645_FUN_000197	GCA_001703455_FUN_000164	105	1.946E-01	8.773E-02	7.969E-02	1.578E+01
GCA_025267645_FUN_000197	Fusarium_gossypinum_ex_type_FUN_000050	188	1.924E-01	1.156E-01	6.528E-02	1.478E+01
GCA_025267645_FUN_000197	GCA_001703455_FUN_000315	188	1.924E-01	1.156E-01	6.528E-02	1.478E+01
GCA_025267645_FUN_000197	GCA_000259975_FUN_000015	204	1.668E-01	1.201E-01	1.658E-01	1.604E+01
GCA_025267645_FUN_000197	GCA_016170085_FUN_000003	141	1.090E-01	5.947E-02	7.885E-02	3.138E+01
GCA_025267645_FUN_000197	GCA_009755825_FUN_000084	123	1.557E-01	9.154E-02	9.154E-02	1.746E+01
GCA_025267645_FUN_000197	AJ592_race4_FUN_000062	206	1.370E-01	1.084E-01	7.260E-02	1.793E+01
GCA_025267645_FUN_000197	AJ705_race4_FUN_000001	206	1.370E-01	1.084E-01	7.260E-02	1.793E+01
GCA_025267645_FUN_000197	GCA_009755825_FUN_000023	140	1.636E-01	1.008E-01	7.001E-02	1.787E+01
GCA_025267645_FUN_000197	GCA_002234015_FUN_000078	67	1.781E-01	7.953E-02	5.000E-02	1.344E+01
Fusarium_duoseptatum_ex_type-barcode03_FUN_000087	Fusarium_duoseptatum_ex_type-barcode03_FUN_000087	90	1.011E+00	1.000E+00	1.000E+00	0.000E+00
Fusarium_duoseptatum_ex_type-barcode03_FUN_000160	Fusarium_duoseptatum_ex_type-barcode03_FUN_000160	177	1.006E+00	1.000E+00	1.000E+00	3.704E-03
Fusarium_duoseptatum_ex_type-barcode03_FUN_000160	Fusarium_gossypinum_ex_type_FUN_000315	197	7.352E-01	7.313E-01	3.997E-01	6.784E+00
Fusarium_duoseptatum_ex_type-barcode03_FUN_000160	Fola1ENZA_FUN_000069	173	6.006E-01	4.951E-01	3.792E-01	4.955E+00
Fusarium_duoseptatum_ex_type-barcode03_FUN_000160	GCA_020796175_FUN_000007	173	6.006E-01	4.951E-01	3.792E-01	4.955E+00
Fusarium_duoseptatum_ex_type-barcode03_FUN_000160	Fola3ENZA_FUN_000009	172	5.526E-01	4.604E-01	3.581E-01	5.408E+00
Fusarium_duoseptatum_ex_type-barcode03_FUN_000160	GCA_014843445_FUN_000023	172	5.526E-01	4.604E-01	3.581E-01	5.408E+00
Fusarium_duoseptatum_ex_type-barcode03_FUN_000160	GCA_025267645_FUN_000197	200	4.116E-01	3.802E-01	3.260E-01	1.084E+01
Fusarium_duoseptatum_ex_type-barcode03_FUN_000160	GCA_014839635_FUN_000049	187	3.712E-01	3.373E-01	2.431E-01	1.385E+01
Fusarium_duoseptatum_ex_type-barcode03_FUN_000160	GCA_000259975_FUN_000028	185	1.577E-01	1.280E-01	1.189E-01	1.755E+01
Fusarium_duoseptatum_ex_type-barcode03_FUN_000160	GCA_001702845_FUN_000128	195	1.900E-01	1.572E-01	1.345E-01	1.604E+01
Fusarium_duoseptatum_ex_type-barcode03_FUN_000160	GCA_002234105_FUN_000094	195	1.900E-01	1.572E-01	1.345E-01	1.604E+01
Fusarium_duoseptatum_ex_type-barcode03_FUN_000160	GCA_019671045_FUN_000019	64	2.749E-01	9.887E-02	8.118E-02	9.371E+00
Fusarium_duoseptatum_ex_type-barcode03_FUN_000160	GCA_025203755_FUN_000017	195	1.900E-01	1.572E-01	1.345E-01	1.604E+01
Fusarium_duoseptatum_ex_type-barcode03_FUN_000160	GCA_019670925_FUN_000002	64	2.715E-01	1.026E-01	8.092E-02	9.383E+00
Fusarium_duoseptatum_ex_type-barcode03_FUN_000160	Fola3ENZA_FUN_000004	106	1.734E-01	1.037E-01	1.336E-01	1.588E+01
Fusarium_duoseptatum_ex_type-barcode03_FUN_000160	Fola4ENZA_FUN_000008	106	1.725E-01	1.059E-01	1.334E-01	1.586E+01
Fusarium_duoseptatum_ex_type-barcode03_FUN_000160	Fusarium_cugenangense_ex_type-barcode01_FUN_000020	106	1.734E-01	1.037E-01	1.336E-01	1.588E+01
Fusarium_duoseptatum_ex_type-barcode03_FUN_000160	GCA_000260495_FUN_000006	106	1.725E-01	1.059E-01	1.334E-01	1.586E+01
Fusarium_duoseptatum_ex_type-barcode03_FUN_000160	GCA_001702695_FUN_000008	106	1.725E-01	1.059E-01	1.334E-01	1.586E+01
Fusarium_duoseptatum_ex_type-barcode03_FUN_000160	GCA_003315725_FUN_000002	106	1.725E-01	1.059E-01	1.334E-01	1.586E+01
Fusarium_duoseptatum_ex_type-barcode03_FUN_000160	GCA_013347535_FUN_000022	106	1.734E-01	1.037E-01	1.336E-01	1.588E+01
Fusarium_duoseptatum_ex_type-barcode03_FUN_000160	GCA_014843415_FUN_000017	106	1.734E-01	1.037E-01	1.336E-01	1.588E+01
Fusarium_duoseptatum_ex_type-barcode03_FUN_000160	GCA_014843445_FUN_000019	106	1.734E-01	1.037E-01	1.336E-01	1.588E+01
Fusarium_duoseptatum_ex_type-barcode03_FUN_000160	GCA_014843455_FUN_000007	106	1.725E-01	1.059E-01	1.334E-01	1.586E+01
Fusarium_duoseptatum_ex_type-barcode03_FUN_000160	GCA_014843555_FUN_000006	106	1.734E-01	1.037E-01	1.336E-01	1.588E+01
Fusarium_duoseptatum_ex_type-barcode03_FUN_000160	GCA_021018635_FUN_000007	106	1.725E-01	1.059E-01	1.334E-01	1.586E+01
Fusarium_duoseptatum_ex_type-barcode03_FUN_000160	GCA_032206225_FUN_000003	106	1.725E-01	1.059E-01	1.334E-01	1.586E+01
Fusarium_duoseptatum_ex_type-barcode03_FUN_000160	GCA_013423235_FUN_000001	106	1.799E-01	1.063E-01	1.314E-01	1.575E+01
Fusarium_duoseptatum_ex_type-barcode03_FUN_000160	GCA_009755825_FUN_000084	89	2.213E-01	9.554E-02	8.014E-02	1.477E+01
Fusarium_duoseptatum_ex_type-barcode03_FUN_000160	GCA_018894095_FUN_000077	52	3.158E-01	9.302E-02	3.741E-02	8.974E+00
Fusarium_duoseptatum_ex_type-barcode03_FUN_000160	Fusarium_elaeidis_ex_type_FUN_000039	71	2.313E-01	9.788E-02	7.865E-02	1.136E+01
Fusarium_duoseptatum_ex_type-barcode03_FUN_000160	Fusarium_gossypinum_ex_type_FUN_000200	100	2.099E-01	1.289E-01	1.042E-01	1.141E+01
Fusarium_duoseptatum_ex_type-barcode03_FUN_000160	GCA_001703455_FUN_000164	100	2.099E-01	1.289E-01	1.042E-01	1.142E+01
Fusarium_duoseptatum_ex_type-barcode03_FUN_000160	GCA_048164945_FUN_000024	52	3.147E-01	9.096E-02	3.676E-02	9.093E+00
Fusarium_duoseptatum_ex_type-barcode03_FUN_000160	GCA_049306905_FUN_000029	52	2.529E-01	8.118E-02	3.672E-02	9.006E+00
Fusarium_duoseptatum_ex_type-barcode03_FUN_000160	GCA_049307005_FUN_000032	52	2.529E-01	8.118E-02	3.672E-02	9.006E+00
Fusarium_duoseptatum_ex_type-barcode03_FUN_000160	AJ516_race4_FUN_000033	54	2.884E-01	8.680E-02	4.001E-02	8.804E+00
Fusarium_duoseptatum_ex_type-barcode03_FUN_000160	GCA_020796175_FUN_000123	78	1.813E-01	8.776E-02	1.379E-01	1.390E+01
Fusarium_duoseptatum_ex_type-barcode03_FUN_000160	Fusarium_kalimantanense_ex_type-barcode07_FUN_000007	104	2.053E-01	1.146E-01	1.355E-01	1.530E+01
Fusarium_duoseptatum_ex_type-barcode03_FUN_000160	GCA_023509805_FUN_000049	53	3.446E-01	9.501E-02	9.215E-02	1.006E+01
Fusarium_duoseptatum_ex_type-barcode03_FUN_000160	GCA_049307005_FUN_000001	209	1.263E-01	1.139E-01	9.077E-02	2.092E+01
Fusarium_duoseptatum_ex_type-barcode03_FUN_000160	GCA_001703205_FUN_000069	17	4.982E-01	7.064E-02	4.810E-02	2.159E+00
Fusarium_duoseptatum_ex_type-barcode03_FUN_000160	AJ718_race1_FUN_000294	191	1.722E-01	1.467E-01	1.106E-01	1.540E+01
Fusarium_duoseptatum_ex_type-barcode03_FUN_000160	GCA_050947165_FUN_000012	37	3.446E-01	8.781E-02	3.993E-02	6.503E+00
Fusarium_duoseptatum_ex_type-barcode03_FUN_000160	GCA_050947235_FUN_000024	37	3.446E-01	8.781E-02	3.993E-02	6.503E+00
Fusarium_duoseptatum_ex_type-barcode03_FUN_000160	Fusarium_sp_128_FUN_000001	93	1.709E-01	1.073E-01	1.615E-01	1.245E+01
Fusarium_duoseptatum_ex_type-barcode03_FUN_000160	Fusarium_cugenangense_ex_type-barcode01_FUN_000019	163	2.248E-01	1.548E-01	1.996E-01	1.566E+01
Fusarium_duoseptatum_ex_type-barcode03_FUN_000160	GCA_013347535_FUN_000021	163	2.248E-01	1.548E-01	1.996E-01	1.566E+01
Fusarium_duoseptatum_ex_type-barcode03_FUN_000160	GCA_014843415_FUN_000016	163	2.248E-01	1.548E-01	1.996E-01	1.566E+01
Fusarium_duoseptatum_ex_type-barcode03_FUN_000160	GCA_014843555_FUN_000005	163	2.248E-01	1.548E-01	1.996E-01	1.566E+01
Fusarium_duoseptatum_ex_type-barcode03_FUN_000160	GCA_000259975_FUN_000015	144	1.765E-01	1.150E-01	1.367E-01	1.361E+01
Fusarium_duoseptatum_ex_type-barcode03_FUN_000160	GCA_019671045_FUN_000060	174	1.780E-01	1.371E-01	1.284E-01	1.347E+01
Fusarium_duoseptatum_ex_type-barcode03_FUN_000160	GCA_019670925_FUN_000040	178	1.813E-01	1.437E-01	1.192E-01	1.459E+01
Fusarium_duoseptatum_ex_type-barcode03_FUN_000160	AJ705_race4_FUN_000009	81	2.226E-01	9.984E-02	7.743E-02	1.257E+01
Fusarium_duoseptatum_ex_type-barcode03_FUN_000160	Fusarium_fabacearum_ex_type_FUN_000114	179	1.423E-01	1.184E-01	9.467E-02	1.730E+01
Fusarium_duoseptatum_ex_type-barcode03_FUN_000160	AJ718_race1_FUN_000292	189	1.298E-01	1.095E-01	7.542E-02	1.764E+01
Fusarium_duoseptatum_ex_type-barcode03_FUN_000160	GCA_025216365_FUN_000025	152	1.333E-01	1.008E-01	4.536E-02	4.466E+01
Fusarium_duoseptatum_ex_type-barcode03_FUN_000160	GCA_025216365_FUN_000109	146	1.652E-01	1.333E-01	5.688E-02	1.402E+01
Fusarium_duoseptatum_ex_type-barcode03_FUN_000160	Fola4ENZA_FUN_000007	163	2.250E-01	1.545E-01	1.997E-01	1.587E+01
Fusarium_duoseptatum_ex_type-barcode03_FUN_000160	Fusarium_phialophorum-barcode15_FUN_000015	163	2.250E-01	1.545E-01	1.997E-01	1.587E+01
Fusarium_duoseptatum_ex_type-barcode03_FUN_000160	Fusarium_sp_128_FUN_000005	163	2.250E-01	1.545E-01	1.997E-01	1.587E+01
Fusarium_duoseptatum_ex_type-barcode03_FUN_000160	GCA_001702695_FUN_000007	163	2.250E-01	1.545E-01	1.997E-01	1.587E+01
Fusarium_duoseptatum_ex_type-barcode03_FUN_000160	GCA_003315725_FUN_000001	163	2.250E-01	1.545E-01	1.997E-01	1.587E+01
Fusarium_duoseptatum_ex_type-barcode03_FUN_000160	GCA_014843455_FUN_000006	163	2.250E-01	1.545E-01	1.997E-01	1.587E+01
Fusarium_duoseptatum_ex_type-barcode03_FUN_000160	GCA_021018635_FUN_000006	163	2.250E-01	1.545E-01	1.997E-01	1.587E+01
Fusarium_duoseptatum_ex_type-barcode03_FUN_000160	GCA_032206225_FUN_000002	163	2.250E-01	1.545E-01	1.997E-01	1.587E+01
Fusarium_duoseptatum_ex_type-barcode03_FUN_000160	Fola2ENZA_FUN_000005	132	1.391E-01	8.709E-02	1.027E-01	1.403E+01
Fusarium_duoseptatum_ex_type-barcode03_FUN_000160	GCA_025203105_FUN_000007	177	1.635E-01	1.231E-01	1.178E-01	1.476E+01
Fusarium_duoseptatum_ex_type-barcode03_FUN_000160	Fusarium_fabacearum_ex_type_FUN_000005	81	2.251E-01	1.002E-01	8.448E-02	1.258E+01
Fusarium_duoseptatum_ex_type-barcode03_FUN_000160	GCA_019593505_FUN_000075	24	3.560E-01	9.626E-02	7.382E-02	4.347E+00
Fusarium_duoseptatum_ex_type-barcode03_FUN_000160	Fola1ENZA_FUN_000004	36	2.875E-01	8.598E-02	7.014E-02	7.144E+00
Fusarium_duoseptatum_ex_type-barcode03_FUN_000160	Fola4ENZA_FUN_000003	36	2.875E-01	8.598E-02	7.014E-02	7.144E+00
Fusarium_duoseptatum_ex_type-barcode03_FUN_000160	GCA_000260495_FUN_000001	36	2.875E-01	8.598E-02	7.014E-02	7.144E+00
Fusarium_duoseptatum_ex_type-barcode03_FUN_000160	GCA_001702695_FUN_000003	36	2.875E-01	8.598E-02	7.014E-02	7.144E+00
Fusarium_duoseptatum_ex_type-barcode03_FUN_000160	GCA_014843455_FUN_000002	36	2.875E-01	8.598E-02	7.014E-02	7.144E+00
Fusarium_duoseptatum_ex_type-barcode03_FUN_000160	GCA_002234105_FUN_000098	123	2.027E-01	1.267E-01	1.002E-01	1.463E+01
Fusarium_duoseptatum_ex_type-barcode03_FUN_000160	GCA_013423235_FUN_000011	62	1.987E-01	1.003E-01	1.229E-01	8.242E+00
Fusarium_duoseptatum_ex_type-barcode03_FUN_000160	Fusarium_fabacearum_ex_type_FUN_000267	20	2.365E-01	6.151E-02	7.855E-02	6.238E+00
Fusarium_duoseptatum_ex_type-barcode03_FUN_000160	GCA_002233855_FUN_000349	20	2.365E-01	6.151E-02	7.855E-02	6.238E+00
Fusarium_duoseptatum_ex_type-barcode03_FUN_000160	GCA_002234105_FUN_000147	41	2.560E-01	8.651E-02	1.043E-01	1.032E+01
Fusarium_duoseptatum_ex_type-barcode03_FUN_000160	GCA_050947165_FUN_000034	99	1.751E-01	1.134E-01	1.064E-01	1.383E+01
Fusarium_duoseptatum_ex_type-barcode03_FUN_000160	GCA_050947235_FUN_000045	99	1.751E-01	1.134E-01	1.064E-01	1.383E+01
Fusarium_duoseptatum_ex_type-barcode03_FUN_000160	GCA_001702845_FUN_000132	123	2.028E-01	1.268E-01	1.003E-01	1.460E+01
Fusarium_duoseptatum_ex_type-barcode03_FUN_000160	GCA_002234015_FUN_000068	122	2.056E-01	1.321E-01	1.018E-01	1.171E+01
Fusarium_duoseptatum_ex_type-barcode03_FUN_000160	AJ592_race4_FUN_000062	79	1.875E-01	9.477E-02	5.595E-02	1.324E+01
Fusarium_duoseptatum_ex_type-barcode03_FUN_000160	AJ705_race4_FUN_000001	79	1.875E-01	9.477E-02	5.595E-02	1.324E+01
Fusarium_duoseptatum_ex_type-barcode03_FUN_000160	GCA_009755825_FUN_000023	106	1.413E-01	9.775E-02	5.914E-02	1.537E+01
Fusarium_duoseptatum_ex_type-barcode03_FUN_000160	GCA_025267645_FUN_000212	34	2.354E-01	6.636E-02	6.235E-02	1.039E+01
Fusarium_duoseptatum_ex_type-barcode03_FUN_000160	GCA_001703455_FUN_000133	100	1.704E-01	1.004E-01	9.406E-02	1.263E+01
Fusarium_duoseptatum_ex_type-barcode03_FUN_000160	GCA_001702495_FUN_000061	190	1.160E-01	1.089E-01	9.341E-02	1.637E+01
Fusarium_duoseptatum_ex_type-barcode03_FUN_000160	GCA_002233855_FUN_000172	83	1.920E-01	7.453E-02	3.654E-02	1.468E+01
Fusarium_duoseptatum_ex_type-barcode03_FUN_000160	Fusarium_gossypinum_ex_type_FUN_000050	36	2.891E-01	8.956E-02	4.063E-02	6.233E+00
Fusarium_duoseptatum_ex_type-barcode03_FUN_000160	GCA_001703455_FUN_000315	36	2.891E-01	8.956E-02	4.063E-02	6.233E+00
GCA_014843415_FUN_000016	Fusarium_cugenangense_ex_type-barcode01_FUN_000019	118	1.009E+00	1.000E+00	1.000E+00	9.203E-03
GCA_014843415_FUN_000016	GCA_013347535_FUN_000021	118	1.009E+00	1.000E+00	1.000E+00	9.203E-03
GCA_014843415_FUN_000016	GCA_014843415_FUN_000016	118	1.009E+00	1.000E+00	1.000E+00	9.203E-03
GCA_014843415_FUN_000016	GCA_014843555_FUN_000005	118	1.009E+00	1.000E+00	1.000E+00	9.203E-03
GCA_014843415_FUN_000016	Fola4ENZA_FUN_000007	118	9.689E-01	9.612E-01	9.612E-01	1.176E+00
GCA_014843415_FUN_000016	Fusarium_phialophorum-barcode15_FUN_000015	118	9.689E-01	9.612E-01	9.612E-01	1.176E+00
GCA_014843415_FUN_000016	Fusarium_sp_128_FUN_000005	118	9.689E-01	9.612E-01	9.612E-01	1.176E+00
GCA_014843415_FUN_000016	GCA_001702695_FUN_000007	118	9.689E-01	9.612E-01	9.612E-01	1.176E+00
GCA_014843415_FUN_000016	GCA_003315725_FUN_000001	118	9.689E-01	9.612E-01	9.612E-01	1.176E+00
GCA_014843415_FUN_000016	GCA_014843455_FUN_000006	118	9.689E-01	9.612E-01	9.612E-01	1.176E+00
GCA_014843415_FUN_000016	GCA_021018635_FUN_000006	118	9.689E-01	9.612E-01	9.612E-01	1.176E+00
GCA_014843415_FUN_000016	GCA_032206225_FUN_000002	118	9.689E-01	9.612E-01	9.612E-01	1.176E+00
GCA_014843415_FUN_000016	Fusarium_sp_128_FUN_000001	99	7.751E-01	5.470E-01	7.139E-01	2.930E+00
GCA_014843415_FUN_000016	GCA_019593505_FUN_000203	103	6.500E-01	4.887E-01	5.822E-01	4.050E+00
GCA_014843415_FUN_000016	GCA_013423235_FUN_000011	106	6.137E-01	4.900E-01	4.534E-01	7.356E+00
GCA_014843415_FUN_000016	GCA_002234015_FUN_000043	114	5.733E-01	4.816E-01	3.694E-01	7.660E+00
GCA_014843415_FUN_000016	GCA_001702495_FUN_000036	119	5.475E-01	4.601E-01	3.528E-01	6.285E+00
GCA_014843415_FUN_000016	GCA_025267645_FUN_000212	94	4.395E-01	3.233E-01	2.257E-01	5.119E+00
GCA_014843415_FUN_000016	GCA_019670925_FUN_000050	75	3.570E-01	1.873E-01	1.189E-01	1.091E+01
GCA_014843415_FUN_000016	GCA_001703205_FUN_000069	112	2.670E-01	1.945E-01	1.039E-01	1.649E+01
GCA_014843415_FUN_000016	AJ520_race1_FUN_000054	112	2.670E-01	1.943E-01	1.049E-01	1.649E+01
GCA_014843415_FUN_000016	AJ592_race4_FUN_000037	112	2.670E-01	1.943E-01	1.049E-01	1.649E+01
GCA_014843415_FUN_000016	AJ865_race1_FUN_000053	112	2.670E-01	1.943E-01	1.049E-01	1.649E+01
GCA_014843415_FUN_000016	GCA_009755825_FUN_000023	123	1.802E-01	1.535E-01	6.962E-02	1.481E+01
GCA_014843415_FUN_000016	Fola3ENZA_FUN_000004	31	5.224E-01	2.004E-01	2.019E-01	3.464E+00
GCA_014843415_FUN_000016	Fola4ENZA_FUN_000008	31	5.223E-01	2.004E-01	2.019E-01	3.464E+00
GCA_014843415_FUN_000016	Fusarium_cugenangense_ex_type-barcode01_FUN_000020	31	5.224E-01	2.004E-01	2.019E-01	3.464E+00
GCA_014843415_FUN_000016	GCA_000260495_FUN_000006	31	5.223E-01	2.004E-01	2.019E-01	3.464E+00
GCA_014843415_FUN_000016	GCA_001702695_FUN_000008	31	5.223E-01	2.004E-01	2.019E-01	3.464E+00
GCA_014843415_FUN_000016	GCA_003315725_FUN_000002	31	5.223E-01	2.004E-01	2.019E-01	3.464E+00
GCA_014843415_FUN_000016	GCA_013347535_FUN_000022	31	5.224E-01	2.004E-01	2.019E-01	3.464E+00
GCA_014843415_FUN_000016	GCA_014843415_FUN_000017	31	5.224E-01	2.004E-01	2.019E-01	3.464E+00
GCA_014843415_FUN_000016	GCA_014843445_FUN_000019	31	5.224E-01	2.004E-01	2.019E-01	3.464E+00
GCA_014843415_FUN_000016	GCA_014843455_FUN_000007	31	5.223E-01	2.004E-01	2.019E-01	3.464E+00
GCA_014843415_FUN_000016	GCA_014843555_FUN_000006	31	5.224E-01	2.004E-01	2.019E-01	3.464E+00
GCA_014843415_FUN_000016	GCA_021018635_FUN_000007	31	5.223E-01	2.004E-01	2.019E-01	3.464E+00
GCA_014843415_FUN_000016	GCA_032206225_FUN_000003	31	5.223E-01	2.004E-01	2.019E-01	3.464E+00
GCA_014843415_FUN_000016	GCA_013423235_FUN_000001	31	5.224E-01	2.004E-01	1.947E-01	3.463E+00
GCA_014843415_FUN_000016	GCA_025203105_FUN_000007	124	1.784E-01	1.406E-01	1.060E-01	1.358E+01
GCA_014843415_FUN_000016	Fola2ENZA_FUN_000005	100	2.393E-01	1.868E-01	1.646E-01	1.084E+01
GCA_014843415_FUN_000016	Fusarium_duoseptatum_ex_type-barcode03_FUN_000160	172	2.240E-01	2.097E-01	1.662E-01	1.560E+01
GCA_014843415_FUN_000016	Fusarium_fabacearum_ex_type_FUN_000005	143	1.535E-01	1.139E-01	9.681E-02	1.454E+01
GCA_014843415_FUN_000016	Fusarium_elaeidis_ex_type_FUN_000039	57	2.421E-01	1.502E-01	9.964E-02	1.078E+01
GCA_014843415_FUN_000016	GCA_020796175_FUN_000123	89	2.219E-01	1.357E-01	1.582E-01	1.070E+01
GCA_014843415_FUN_000016	GCA_019671045_FUN_000060	119	1.352E-01	1.186E-01	8.326E-02	1.641E+01
GCA_014843415_FUN_000016	GCA_015227905_FUN_000281	93	1.832E-01	1.398E-01	9.075E-02	1.451E+01
GCA_014843415_FUN_000016	GCA_002233855_FUN_000172	184	1.451E-01	1.422E-01	5.962E-02	1.671E+01
GCA_014843415_FUN_000016	Fusarium_duoseptatum_ex_type-barcode03_FUN_000086	90	2.386E-01	1.830E-01	2.127E-01	1.204E+01
GCA_014843415_FUN_000016	GCA_009755825_FUN_000084	36	2.164E-01	1.140E-01	7.588E-02	5.278E+00
GCA_014843415_FUN_000016	Fusarium_kalimantanense_ex_type-barcode07_FUN_000007	96	1.635E-01	1.093E-01	9.561E-02	1.706E+01
GCA_014843415_FUN_000016	GCA_025267645_FUN_000218	46	3.312E-01	1.347E-01	7.686E-02	6.250E+00
GCA_014843415_FUN_000016	GCA_014839635_FUN_000049	127	1.459E-01	1.212E-01	7.826E-02	1.343E+01
GCA_014843415_FUN_000016	AJ592_race4_FUN_000062	86	1.634E-01	1.054E-01	4.557E-02	1.439E+01
GCA_014843415_FUN_000016	AJ705_race4_FUN_000001	86	1.634E-01	1.054E-01	4.557E-02	1.439E+01
GCA_014843415_FUN_000016	GCA_025216365_FUN_000109	121	2.408E-01	2.143E-01	6.422E-02	1.231E+01
GCA_014843415_FUN_000016	GCA_049307005_FUN_000001	103	1.715E-01	1.309E-01	8.054E-02	1.513E+01
GCA_014843415_FUN_000016	GCA_025216365_FUN_000025	88	1.654E-01	1.170E-01	3.955E-02	4.470E+01
GCA_014843415_FUN_000016	Fusarium_gossypinum_ex_type_FUN_000050	54	2.743E-01	1.240E-01	4.249E-02	7.257E+00
GCA_014843415_FUN_000016	GCA_001703455_FUN_000315	54	2.743E-01	1.240E-01	4.249E-02	7.257E+00
GCA_014843415_FUN_000016	GCA_023509805_FUN_000022	10	4.871E-01	6.456E-02	2.226E-02	3.358E+00
AJ718_race1_FUN_000294	AJ718_race1_FUN_000294	296	1.003E+00	1.000E+00	1.000E+00	8.001E-03
AJ718_race1_FUN_000294	GCA_019670925_FUN_000040	261	6.831E-01	5.072E-01	6.276E-01	5.076E+00
AJ718_race1_FUN_000294	AJ718_race1_FUN_000292	287	5.671E-01	4.559E-01	4.289E-01	7.077E+00
AJ718_race1_FUN_000294	GCA_023509805_FUN_000022	349	4.398E-01	4.278E-01	3.457E-01	9.850E+00
AJ718_race1_FUN_000294	GCA_019670925_FUN_000002	59	4.717E-01	1.149E-01	1.372E-01	6.231E+00
AJ718_race1_FUN_000294	GCA_019671045_FUN_000019	59	4.728E-01	1.148E-01	1.375E-01	6.239E+00
AJ718_race1_FUN_000294	GCA_001703205_FUN_000069	127	1.959E-01	9.187E-02	9.720E-02	1.259E+01
AJ718_race1_FUN_000294	AJ705_race4_FUN_000009	122	3.734E-01	1.387E-01	1.568E-01	1.070E+01
AJ718_race1_FUN_000294	AJ520_race1_FUN_000054	127	1.979E-01	9.192E-02	9.806E-02	1.259E+01
AJ718_race1_FUN_000294	AJ592_race4_FUN_000037	127	1.979E-01	9.192E-02	9.806E-02	1.259E+01
AJ718_race1_FUN_000294	AJ865_race1_FUN_000053	127	1.979E-01	9.192E-02	9.806E-02	1.259E+01
AJ718_race1_FUN_000294	GCA_000259975_FUN_000028	247	2.676E-01	1.795E-01	2.379E-01	1.528E+01
AJ718_race1_FUN_000294	Fola3ENZA_FUN_000009	154	1.650E-01	9.096E-02	1.045E-01	1.651E+01
AJ718_race1_FUN_000294	GCA_014843445_FUN_000023	154	1.650E-01	9.096E-02	1.045E-01	1.651E+01
AJ718_race1_FUN_000294	Fusarium_gossypinum_ex_type_FUN_000050	143	1.635E-01	7.887E-02	5.699E-02	1.897E+01
AJ718_race1_FUN_000294	GCA_001703455_FUN_000315	143	1.635E-01	7.887E-02	5.699E-02	1.897E+01
AJ718_race1_FUN_000294	Fusarium_fabacearum_ex_type_FUN_000114	132	2.334E-01	1.009E-01	1.089E-01	1.604E+01
AJ718_race1_FUN_000294	Fusarium_duoseptatum_ex_type-barcode03_FUN_000160	207	1.615E-01	1.131E-01	1.527E-01	1.497E+01
AJ718_race1_FUN_000294	GCA_015227905_FUN_000281	37	4.235E-01	5.486E-02	7.189E-02	8.048E+00
AJ718_race1_FUN_000294	Fola1ENZA_FUN_000069	111	1.641E-01	8.229E-02	9.102E-02	1.157E+01
AJ718_race1_FUN_000294	GCA_020796175_FUN_000007	111	1.641E-01	8.229E-02	9.102E-02	1.157E+01
AJ718_race1_FUN_000294	GCA_049307005_FUN_000001	228	1.825E-01	1.197E-01	1.378E-01	1.895E+01
AJ718_race1_FUN_000294	Fusarium_gossypinum_ex_type_FUN_000315	164	2.228E-01	1.163E-01	1.058E-01	1.494E+01
AJ718_race1_FUN_000294	GCA_023509805_FUN_000017	50	2.841E-01	7.212E-02	1.483E-01	6.094E+00
AJ718_race1_FUN_000294	Fusarium_kalimantanense_ex_type-barcode07_FUN_000007	140	1.448E-01	8.131E-02	1.205E-01	1.643E+01
AJ718_race1_FUN_000294	GCA_014839635_FUN_000047	103	2.274E-01	5.949E-02	7.785E-02	1.746E+01
AJ718_race1_FUN_000294	Fusarium_fabacearum_ex_type_FUN_000005	137	1.606E-01	6.943E-02	8.850E-02	1.555E+01
AJ718_race1_FUN_000294	GCA_025267645_FUN_000218	197	1.415E-01	8.868E-02	9.710E-02	1.705E+01
AJ718_race1_FUN_000294	AJ516_race4_FUN_000033	44	4.868E-01	9.016E-02	5.476E-02	5.070E+00
AJ718_race1_FUN_000294	GCA_023509805_FUN_000049	156	2.354E-01	1.104E-01	1.505E-01	1.038E+01
AJ718_race1_FUN_000294	GCA_025267645_FUN_000197	196	1.333E-01	9.682E-02	1.180E-01	1.874E+01
AJ718_race1_FUN_000294	GCA_001703455_FUN_000164	25	4.326E-01	4.643E-02	5.685E-02	6.439E+00
AJ718_race1_FUN_000294	GCA_009755825_FUN_000023	120	1.969E-01	1.008E-01	8.559E-02	1.223E+01
AJ718_race1_FUN_000294	GCA_049306905_FUN_000006	54	2.305E-01	6.780E-02	1.810E-01	9.286E+00
AJ718_race1_FUN_000294	GCA_049307005_FUN_000010	54	2.305E-01	6.780E-02	1.810E-01	9.286E+00
AJ718_race1_FUN_000294	GCA_019593505_FUN_000075	22	3.519E-01	4.930E-02	5.949E-02	4.767E+00
AJ718_race1_FUN_000294	Fusarium_gossypinum_ex_type_FUN_000200	50	2.718E-01	5.389E-02	6.267E-02	9.891E+00
AJ718_race1_FUN_000294	GCA_002234015_FUN_000068	239	1.585E-01	9.980E-02	1.089E-01	1.447E+01
AJ718_race1_FUN_000294	Fusarium_sp_128_FUN_000003	177	1.344E-01	8.661E-02	7.753E-02	1.795E+01
AJ718_race1_FUN_000294	AJ516_race4_FUN_000013	167	1.274E-01	7.380E-02	1.147E-01	1.808E+01
AJ718_race1_FUN_000294	GCA_018894095_FUN_000086	58	2.180E-01	4.292E-02	7.476E-02	1.172E+01
AJ718_race1_FUN_000294	Fola2ENZA_FUN_000024	200	1.278E-01	8.653E-02	1.132E-01	1.657E+01
AJ718_race1_FUN_000294	Fusarium_phialophorum-barcode15_FUN_000013	200	1.278E-01	8.653E-02	1.132E-01	1.657E+01
AJ718_race1_FUN_000294	GCA_025203105_FUN_000005	103	1.907E-01	5.983E-02	8.547E-02	1.516E+01
AJ718_race1_FUN_000294	GCA_049306905_FUN_000029	115	1.585E-01	7.697E-02	5.452E-02	1.236E+01
AJ718_race1_FUN_000294	GCA_049307005_FUN_000032	115	1.585E-01	7.697E-02	5.452E-02	1.236E+01
AJ718_race1_FUN_000294	GCA_050947165_FUN_000012	107	1.786E-01	7.903E-02	5.376E-02	1.238E+01
AJ718_race1_FUN_000294	GCA_050947235_FUN_000024	107	1.786E-01	7.903E-02	5.376E-02	1.238E+01
AJ718_race1_FUN_000294	Fusarium_elaeidis_ex_type_FUN_000039	175	1.178E-01	7.332E-02	8.275E-02	1.534E+01
GCA_025203105_FUN_000005	GCA_025203105_FUN_000005	195	1.005E+00	1.000E+00	1.000E+00	0.000E+00
GCA_025203105_FUN_000005	Fola1ENZA_FUN_000004	127	4.842E-01	2.803E-01	2.305E-01	1.172E+01
GCA_025203105_FUN_000005	Fola4ENZA_FUN_000003	127	4.842E-01	2.803E-01	2.305E-01	1.172E+01
GCA_025203105_FUN_000005	GCA_000260495_FUN_000001	127	4.842E-01	2.803E-01	2.305E-01	1.172E+01
GCA_025203105_FUN_000005	GCA_001702695_FUN_000003	127	4.842E-01	2.803E-01	2.305E-01	1.172E+01
GCA_025203105_FUN_000005	GCA_014843455_FUN_000002	127	4.842E-01	2.803E-01	2.305E-01	1.172E+01
GCA_025203105_FUN_000005	Fola2ENZA_FUN_000024	179	4.981E-01	3.741E-01	4.379E-01	1.217E+01
GCA_025203105_FUN_000005	Fusarium_phialophorum-barcode15_FUN_000013	179	4.981E-01	3.741E-01	4.379E-01	1.217E+01
GCA_025203105_FUN_000005	AJ592_race4_FUN_000062	139	1.453E-01	8.918E-02	6.154E-02	1.635E+01
GCA_025203105_FUN_000005	AJ705_race4_FUN_000001	139	1.453E-01	8.918E-02	6.154E-02	1.635E+01
GCA_025203105_FUN_000005	GCA_014839635_FUN_000047	223	1.490E-01	1.345E-01	1.284E-01	1.907E+01
GCA_025203105_FUN_000005	GCA_048164945_FUN_000024	43	3.913E-01	9.805E-02	4.834E-02	6.453E+00
GCA_025203105_FUN_000005	GCA_019593505_FUN_000203	19	4.709E-01	8.425E-02	1.615E-01	1.922E+00
GCA_025203105_FUN_000005	GCA_018894095_FUN_000077	31	2.827E-01	7.538E-02	3.637E-02	6.406E+00
GCA_025203105_FUN_000005	GCA_009755825_FUN_000023	50	3.790E-01	8.885E-02	4.769E-02	1.427E+01
GCA_025203105_FUN_000005	Fusarium_fabacearum_ex_type_FUN_000267	51	2.162E-01	7.764E-02	1.029E-01	1.070E+01
GCA_025203105_FUN_000005	GCA_002233855_FUN_000349	51	2.162E-01	7.764E-02	1.029E-01	1.070E+01
GCA_025203105_FUN_000005	AJ516_race4_FUN_000033	44	2.553E-01	9.055E-02	4.642E-02	6.684E+00
GCA_025203105_FUN_000005	GCA_023509805_FUN_000049	69	2.354E-01	8.550E-02	8.825E-02	1.370E+01
GCA_025203105_FUN_000005	GCA_019670925_FUN_000002	68	2.850E-01	1.012E-01	8.642E-02	1.647E+01
GCA_025203105_FUN_000005	GCA_014839635_FUN_000049	79	1.622E-01	7.282E-02	6.220E-02	1.550E+01
GCA_025203105_FUN_000005	GCA_049306905_FUN_000029	41	3.196E-01	1.079E-01	5.281E-02	6.236E+00
GCA_025203105_FUN_000005	GCA_049307005_FUN_000032	41	3.196E-01	1.079E-01	5.281E-02	6.236E+00
GCA_025203105_FUN_000005	Fusarium_fabacearum_ex_type_FUN_000005	99	1.577E-01	7.252E-02	6.873E-02	1.616E+01
GCA_025203105_FUN_000005	GCA_050947165_FUN_000012	72	2.435E-01	9.790E-02	4.483E-02	1.353E+01
GCA_025203105_FUN_000005	GCA_050947235_FUN_000024	72	2.435E-01	9.790E-02	4.483E-02	1.353E+01
GCA_025203105_FUN_000005	Fola3ENZA_FUN_000004	86	2.036E-01	8.827E-02	1.124E-01	1.458E+01
GCA_025203105_FUN_000005	Fola4ENZA_FUN_000008	86	2.036E-01	9.187E-02	1.220E-01	1.462E+01
GCA_025203105_FUN_000005	Fusarium_cugenangense_ex_type-barcode01_FUN_000020	86	2.036E-01	8.827E-02	1.124E-01	1.458E+01
GCA_025203105_FUN_000005	GCA_000260495_FUN_000006	86	2.036E-01	9.187E-02	1.220E-01	1.462E+01
GCA_025203105_FUN_000005	GCA_001702695_FUN_000008	86	2.036E-01	9.187E-02	1.220E-01	1.462E+01
GCA_025203105_FUN_000005	GCA_003315725_FUN_000002	86	2.036E-01	9.187E-02	1.220E-01	1.462E+01
GCA_025203105_FUN_000005	GCA_013347535_FUN_000022	86	2.036E-01	8.827E-02	1.124E-01	1.458E+01
GCA_025203105_FUN_000005	GCA_014843415_FUN_000017	86	2.036E-01	8.827E-02	1.124E-01	1.458E+01
GCA_025203105_FUN_000005	GCA_014843445_FUN_000019	86	2.036E-01	8.827E-02	1.124E-01	1.458E+01
GCA_025203105_FUN_000005	GCA_014843455_FUN_000007	86	2.036E-01	9.187E-02	1.220E-01	1.462E+01
GCA_025203105_FUN_000005	GCA_014843555_FUN_000006	86	2.036E-01	8.827E-02	1.124E-01	1.458E+01
GCA_025203105_FUN_000005	GCA_021018635_FUN_000007	86	2.036E-01	9.187E-02	1.220E-01	1.462E+01
GCA_025203105_FUN_000005	GCA_032206225_FUN_000003	86	2.036E-01	9.187E-02	1.220E-01	1.462E+01
GCA_025203105_FUN_000005	GCA_013423235_FUN_000001	86	2.038E-01	8.825E-02	1.102E-01	1.469E+01
GCA_025203105_FUN_000005	GCA_016170085_FUN_000049	34	2.649E-01	7.781E-02	1.008E-01	6.099E+00
GCA_025203105_FUN_000005	Fola2ENZA_FUN_000005	108	1.248E-01	5.968E-02	7.646E-02	1.824E+01
GCA_025203105_FUN_000005	GCA_025203105_FUN_000007	44	2.069E-01	5.606E-02	5.728E-02	1.316E+01
GCA_025203105_FUN_000005	GCA_019671045_FUN_000019	83	1.678E-01	8.924E-02	7.697E-02	1.650E+01
GCA_025203105_FUN_000005	AJ520_race1_FUN_000054	121	1.315E-01	7.443E-02	6.003E-02	1.476E+01
GCA_025203105_FUN_000005	AJ592_race4_FUN_000037	121	1.315E-01	7.443E-02	6.003E-02	1.476E+01
GCA_025203105_FUN_000005	AJ865_race1_FUN_000053	121	1.315E-01	7.443E-02	6.003E-02	1.476E+01
GCA_025203105_FUN_000005	AJ718_race1_FUN_000294	103	1.809E-01	7.945E-02	5.637E-02	1.502E+01
GCA_025203105_FUN_000005	AJ516_race4_FUN_000027	53	1.900E-01	5.696E-02	1.133E-01	9.255E+00
GCA_025203105_FUN_000005	AJ520_race1_FUN_000015	53	1.900E-01	5.696E-02	1.133E-01	9.255E+00
GCA_025203105_FUN_000005	AJ865_race1_FUN_000014	53	1.900E-01	5.696E-02	1.133E-01	9.255E+00
GCA_025203105_FUN_000005	GCA_038050555_FUN_000006	43	1.569E-01	5.422E-02	9.558E-02	8.398E+00
GCA_025203105_FUN_000005	GCA_038050555_FUN_000020	85	1.597E-01	8.886E-02	1.067E-01	1.357E+01
GCA_025203105_FUN_000005	GCA_000259975_FUN_000028	121	1.489E-01	6.883E-02	6.800E-02	1.730E+01
GCA_025203105_FUN_000005	GCA_025267645_FUN_000218	76	1.546E-01	6.905E-02	5.695E-02	1.536E+01
GCA_025203105_FUN_000005	GCA_025203755_FUN_000021	57	3.165E-01	7.753E-02	6.344E-02	1.349E+01
GCA_025203105_FUN_000005	GCA_001703205_FUN_000069	121	1.315E-01	7.443E-02	5.951E-02	1.476E+01
GCA_025203105_FUN_000005	GCA_000259975_FUN_000002	32	3.339E-01	5.991E-02	4.555E-02	6.734E+00
GCA_025203105_FUN_000005	GCA_023509805_FUN_000022	83	1.603E-01	6.499E-02	3.892E-02	1.808E+01
GCA_025203105_FUN_000005	AJ718_race1_FUN_000292	91	1.582E-01	9.266E-02	6.813E-02	1.482E+01
GCA_025203105_FUN_000005	GCA_025216365_FUN_000025	213	1.075E-01	8.413E-02	4.009E-02	4.969E+01
GCA_050947235_FUN_000045	GCA_050947165_FUN_000034	202	1.005E+00	1.000E+00	1.000E+00	0.000E+00
GCA_050947235_FUN_000045	GCA_050947235_FUN_000045	202	1.005E+00	1.000E+00	1.000E+00	0.000E+00
GCA_050947235_FUN_000045	GCA_009755825_FUN_000084	113	2.145E-01	1.169E-01	1.116E-01	1.645E+01
GCA_050947235_FUN_000045	GCA_049306905_FUN_000029	24	5.961E-01	1.053E-01	4.360E-02	1.799E+00
GCA_050947235_FUN_000045	GCA_049307005_FUN_000032	24	5.961E-01	1.053E-01	4.360E-02	1.799E+00
GCA_050947235_FUN_000045	GCA_018894095_FUN_000086	158	1.514E-01	1.118E-01	1.341E-01	2.427E+01
GCA_050947235_FUN_000045	AJ520_race1_FUN_000054	104	2.417E-01	9.806E-02	9.611E-02	1.858E+01
GCA_050947235_FUN_000045	AJ592_race4_FUN_000037	104	2.417E-01	9.806E-02	9.611E-02	1.858E+01
GCA_050947235_FUN_000045	AJ865_race1_FUN_000053	104	2.417E-01	9.806E-02	9.611E-02	1.858E+01
GCA_050947235_FUN_000045	GCA_016170085_FUN_000003	72	2.376E-01	1.329E-01	1.391E-01	1.451E+01
GCA_050947235_FUN_000045	Fusarium_glycines_ex_type_FUN_000010	139	1.695E-01	1.013E-01	1.189E-01	2.182E+01
GCA_050947235_FUN_000045	AJ516_race4_FUN_000033	24	5.915E-01	1.054E-01	4.345E-02	1.791E+00
GCA_050947235_FUN_000045	GCA_001703205_FUN_000069	111	2.060E-01	1.079E-01	9.180E-02	2.177E+01
GCA_050947235_FUN_000045	Fola3ENZA_FUN_000003	152	1.891E-01	1.178E-01	1.065E-01	2.094E+01
GCA_050947235_FUN_000045	Fusarium_cugenangense_ex_type-barcode01_FUN_000018	152	1.891E-01	1.178E-01	1.065E-01	2.094E+01
GCA_050947235_FUN_000045	GCA_013347535_FUN_000020	152	1.891E-01	1.178E-01	1.065E-01	2.094E+01
GCA_050947235_FUN_000045	GCA_014843415_FUN_000015	152	1.891E-01	1.178E-01	1.065E-01	2.094E+01
GCA_050947235_FUN_000045	GCA_014843445_FUN_000018	152	1.891E-01	1.178E-01	1.065E-01	2.094E+01
GCA_050947235_FUN_000045	GCA_014843555_FUN_000004	152	1.891E-01	1.178E-01	1.065E-01	2.094E+01
GCA_050947235_FUN_000045	Fusarium_gossypinum_ex_type_FUN_000200	149	1.827E-01	1.137E-01	9.777E-02	2.119E+01
GCA_050947235_FUN_000045	GCA_048164945_FUN_000024	24	5.990E-01	1.056E-01	4.367E-02	1.768E+00
GCA_050947235_FUN_000045	Fusarium_phialophorum-barcode15_FUN_000014	206	1.379E-01	1.135E-01	1.083E-01	2.989E+01
GCA_050947235_FUN_000045	GCA_015227905_FUN_000281	168	1.268E-01	9.231E-02	8.729E-02	1.975E+01
GCA_050947235_FUN_000045	GCA_015227905_FUN_000133	86	1.970E-01	1.056E-01	7.296E-02	1.521E+01
GCA_050947235_FUN_000045	GCA_013423235_FUN_000011	47	1.748E-01	6.305E-02	7.825E-02	6.696E+00
GCA_050947235_FUN_000045	GCA_025203755_FUN_000021	183	1.388E-01	1.116E-01	9.511E-02	3.027E+01
GCA_050947235_FUN_000045	GCA_002233855_FUN_000172	146	1.103E-01	8.059E-02	4.193E-02	1.857E+01
GCA_050947235_FUN_000045	GCA_018894095_FUN_000077	44	1.676E-01	5.936E-02	3.275E-02	1.071E+01
GCA_050947235_FUN_000045	GCA_019593505_FUN_000203	23	2.928E-01	6.576E-02	1.186E-01	4.601E+00
GCA_050947235_FUN_000045	GCA_000259975_FUN_000015	39	1.771E-01	5.365E-02	6.643E-02	7.631E+00
GCA_050947235_FUN_000045	Fusarium_glycines_ex_type_FUN_000042	7	8.742E-01	3.430E-02	4.965E-02	6.209E-01
GCA_050947235_FUN_000045	GCA_019593505_FUN_000075	21	3.006E-01	5.910E-02	5.046E-02	7.753E+00
GCA_050947235_FUN_000045	GCA_001703455_FUN_000164	245	1.060E-01	1.015E-01	8.797E-02	2.427E+01
GCA_050947235_FUN_000045	Fola2ENZA_FUN_000005	100	1.515E-01	8.491E-02	1.076E-01	1.667E+01
GCA_050947235_FUN_000045	GCA_019670925_FUN_000040	63	2.147E-01	8.390E-02	7.489E-02	1.039E+01
GCA_001702495_FUN_000061	GCA_001702495_FUN_000061	256	1.004E+00	1.000E+00	1.000E+00	8.444E-03
GCA_001702495_FUN_000061	GCA_002234015_FUN_000068	256	9.926E-01	9.887E-01	9.887E-01	1.150E+00
GCA_001702495_FUN_000061	GCA_000259975_FUN_000028	135	5.767E-01	3.088E-01	3.818E-01	4.637E+00
GCA_001702495_FUN_000061	Fusarium_fabacearum_ex_type_FUN_000114	217	5.347E-01	3.983E-01	3.872E-01	5.781E+00
GCA_001702495_FUN_000061	GCA_025203105_FUN_000007	248	3.968E-01	3.092E-01	3.841E-01	8.590E+00
GCA_001702495_FUN_000061	GCA_019671045_FUN_000060	226	3.345E-01	2.398E-01	2.861E-01	1.125E+01
GCA_001702495_FUN_000061	GCA_019670925_FUN_000050	227	2.387E-01	1.768E-01	2.060E-01	1.323E+01
GCA_001702495_FUN_000061	GCA_025267645_FUN_000212	141	3.472E-01	1.549E-01	1.978E-01	1.434E+01
GCA_001702495_FUN_000061	Fusarium_kalimantanense_ex_type-barcode07_FUN_000007	117	1.932E-01	9.437E-02	1.306E-01	1.577E+01
GCA_001702495_FUN_000061	Fola1ENZA_FUN_000069	163	1.673E-01	1.292E-01	1.323E-01	1.295E+01
GCA_001702495_FUN_000061	GCA_020796175_FUN_000007	163	1.673E-01	1.292E-01	1.323E-01	1.295E+01
GCA_001702495_FUN_000061	GCA_014839635_FUN_000049	159	1.759E-01	1.063E-01	1.017E-01	1.415E+01
GCA_001702495_FUN_000061	Fola3ENZA_FUN_000009	163	1.914E-01	1.304E-01	1.336E-01	1.295E+01
GCA_001702495_FUN_000061	GCA_014843445_FUN_000023	163	1.914E-01	1.304E-01	1.336E-01	1.295E+01
GCA_001702495_FUN_000061	GCA_025267645_FUN_000218	177	1.954E-01	1.228E-01	1.255E-01	1.559E+01
GCA_001702495_FUN_000061	GCA_019670925_FUN_000040	99	3.201E-01	1.345E-01	1.458E-01	1.269E+01
GCA_001702495_FUN_000061	GCA_009755825_FUN_000023	149	1.978E-01	1.092E-01	8.541E-02	1.215E+01
GCA_001702495_FUN_000061	GCA_001703455_FUN_000133	144	1.741E-01	1.029E-01	1.214E-01	1.381E+01
GCA_001702495_FUN_000061	AJ718_race1_FUN_000292	137	2.499E-01	1.299E-01	1.090E-01	1.685E+01
GCA_001702495_FUN_000061	GCA_023509805_FUN_000022	127	2.988E-01	1.405E-01	1.018E-01	1.368E+01
GCA_001702495_FUN_000061	GCA_014839635_FUN_000047	219	1.113E-01	8.242E-02	9.325E-02	1.971E+01
GCA_001702495_FUN_000061	GCA_016166325_FUN_000030	40	3.586E-01	6.164E-02	1.989E-01	7.977E+00
GCA_001702495_FUN_000061	GCA_016170085_FUN_000014	40	3.586E-01	6.164E-02	1.989E-01	7.977E+00
GCA_001702495_FUN_000061	Fola2ENZA_FUN_000005	205	1.374E-01	8.989E-02	1.319E-01	1.814E+01
GCA_001702495_FUN_000061	Fusarium_elaeidis_ex_type_FUN_000039	177	1.290E-01	7.977E-02	8.437E-02	1.627E+01
GCA_001702495_FUN_000061	GCA_002233855_FUN_000172	199	1.475E-01	1.081E-01	7.638E-02	1.640E+01
GCA_001702495_FUN_000061	GCA_018894095_FUN_000077	82	2.369E-01	7.636E-02	4.596E-02	1.374E+01
GCA_001702495_FUN_000061	GCA_048164945_FUN_000019	43	3.924E-01	6.676E-02	1.928E-01	7.707E+00
GCA_001702495_FUN_000061	GCA_023509805_FUN_000049	68	2.348E-01	8.242E-02	1.016E-01	1.021E+01
GCA_001702495_FUN_000061	Fusarium_fabacearum_ex_type_FUN_000005	146	1.320E-01	7.575E-02	7.139E-02	1.417E+01
GCA_001702495_FUN_000061	GCA_009755825_FUN_000084	190	1.286E-01	8.105E-02	8.918E-02	1.711E+01
GCA_001702495_FUN_000061	Fusarium_gossypinum_ex_type_FUN_000050	129	1.368E-01	7.166E-02	4.858E-02	1.668E+01
GCA_001702495_FUN_000061	GCA_001703455_FUN_000315	129	1.368E-01	7.166E-02	4.858E-02	1.668E+01
GCA_001702495_FUN_000061	GCA_049306905_FUN_000029	36	3.255E-01	6.966E-02	3.942E-02	6.410E+00
GCA_001702495_FUN_000061	GCA_049307005_FUN_000032	36	3.255E-01	6.966E-02	3.942E-02	6.410E+00
GCA_001702495_FUN_000061	Fusarium_cugenangense_ex_type-barcode01_FUN_000019	153	1.524E-01	8.594E-02	1.443E-01	1.626E+01
GCA_001702495_FUN_000061	GCA_013347535_FUN_000021	153	1.524E-01	8.594E-02	1.443E-01	1.626E+01
GCA_001702495_FUN_000061	GCA_014843415_FUN_000016	153	1.524E-01	8.594E-02	1.443E-01	1.626E+01
GCA_001702495_FUN_000061	GCA_014843555_FUN_000005	153	1.524E-01	8.594E-02	1.443E-01	1.626E+01
GCA_001702495_FUN_000061	Fusarium_glycines_ex_type_FUN_000042	43	3.190E-01	6.106E-02	1.029E-01	9.717E+00
GCA_001702495_FUN_000061	Fusarium_duoseptatum_ex_type-barcode03_FUN_000160	190	1.257E-01	9.359E-02	1.131E-01	1.635E+01
GCA_001702495_FUN_000061	GCA_025267645_FUN_000197	192	1.285E-01	1.018E-01	1.061E-01	1.584E+01
GCA_001702495_FUN_000061	GCA_049307005_FUN_000001	174	1.850E-01	1.055E-01	1.075E-01	1.458E+01
GCA_001702495_FUN_000061	AJ705_race4_FUN_000009	138	1.589E-01	9.481E-02	9.454E-02	1.319E+01
GCA_001702495_FUN_000061	AJ592_race4_FUN_000062	94	1.658E-01	7.251E-02	5.659E-02	1.353E+01
GCA_001702495_FUN_000061	AJ705_race4_FUN_000001	94	1.658E-01	7.251E-02	5.659E-02	1.353E+01
GCA_001702495_FUN_000061	GCA_025216365_FUN_000025	285	7.263E-02	6.617E-02	4.294E-02	4.368E+01
GCA_001702495_FUN_000061	GCA_048164945_FUN_000024	59	2.385E-01	7.255E-02	4.094E-02	1.197E+01
GCA_001702495_FUN_000061	AJ516_race4_FUN_000033	77	2.042E-01	8.078E-02	4.934E-02	1.246E+01
GCA_001702495_FUN_000061	GCA_019593505_FUN_000075	32	2.220E-01	5.749E-02	6.056E-02	1.172E+01
GCA_001702495_FUN_000061	GCA_001702845_FUN_000132	40	2.024E-01	4.975E-02	5.066E-02	9.766E+00
GCA_001702495_FUN_000061	GCA_002234105_FUN_000098	40	2.021E-01	4.975E-02	5.066E-02	9.766E+00
GCA_001702495_FUN_000061	GCA_025203755_FUN_000021	40	2.025E-01	4.977E-02	5.068E-02	9.765E+00
GCA_001702495_FUN_000061	Fusarium_gossypinum_ex_type_FUN_000315	190	1.994E-01	1.155E-01	9.770E-02	1.216E+01
GCA_001702495_FUN_000061	GCA_015227905_FUN_000281	150	1.428E-01	9.801E-02	1.033E-01	1.389E+01
Fusarium_cugenangense_ex_type-barcode01_FUN_000018	Fola3ENZA_FUN_000003	224	1.004E+00	1.000E+00	1.000E+00	1.927E-02
Fusarium_cugenangense_ex_type-barcode01_FUN_000018	Fusarium_cugenangense_ex_type-barcode01_FUN_000018	224	1.004E+00	1.000E+00	1.000E+00	1.927E-02
Fusarium_cugenangense_ex_type-barcode01_FUN_000018	GCA_013347535_FUN_000020	224	1.004E+00	1.000E+00	1.000E+00	1.927E-02
Fusarium_cugenangense_ex_type-barcode01_FUN_000018	GCA_014843415_FUN_000015	224	1.004E+00	1.000E+00	1.000E+00	1.927E-02
Fusarium_cugenangense_ex_type-barcode01_FUN_000018	GCA_014843445_FUN_000018	224	1.004E+00	1.000E+00	1.000E+00	1.927E-02
Fusarium_cugenangense_ex_type-barcode01_FUN_000018	GCA_014843555_FUN_000004	224	1.004E+00	1.000E+00	1.000E+00	1.927E-02
Fusarium_cugenangense_ex_type-barcode01_FUN_000018	Fola2ENZA_FUN_000025	224	6.467E-01	6.440E-01	6.440E-01	9.943E+00
Fusarium_cugenangense_ex_type-barcode01_FUN_000018	Fusarium_phialophorum-barcode15_FUN_000014	209	6.006E-01	5.666E-01	5.901E-01	8.534E+00
Fusarium_cugenangense_ex_type-barcode01_FUN_000018	GCA_018894095_FUN_000086	133	3.584E-01	1.670E-01	2.330E-01	2.269E+01
Fusarium_cugenangense_ex_type-barcode01_FUN_000018	GCA_038050555_FUN_000020	132	3.591E-01	1.678E-01	2.450E-01	1.873E+01
Fusarium_cugenangense_ex_type-barcode01_FUN_000018	Fusarium_glycines_ex_type_FUN_000010	222	2.808E-01	2.200E-01	2.794E-01	2.888E+01
Fusarium_cugenangense_ex_type-barcode01_FUN_000018	Fusarium_gossypinum_ex_type_FUN_000200	227	2.226E-01	1.719E-01	1.608E-01	2.716E+01
Fusarium_cugenangense_ex_type-barcode01_FUN_000018	GCA_050947165_FUN_000034	177	1.776E-01	1.120E-01	1.248E-01	2.770E+01
Fusarium_cugenangense_ex_type-barcode01_FUN_000018	GCA_050947235_FUN_000045	177	1.776E-01	1.120E-01	1.248E-01	2.770E+01
Fusarium_cugenangense_ex_type-barcode01_FUN_000018	Fola1ENZA_FUN_000069	98	1.866E-01	9.130E-02	8.489E-02	2.018E+01
Fusarium_cugenangense_ex_type-barcode01_FUN_000018	GCA_020796175_FUN_000007	98	1.866E-01	9.130E-02	8.489E-02	2.018E+01
Fusarium_cugenangense_ex_type-barcode01_FUN_000018	GCA_049306905_FUN_000006	48	2.469E-01	7.214E-02	1.613E-01	1.167E+01
Fusarium_cugenangense_ex_type-barcode01_FUN_000018	GCA_049307005_FUN_000010	48	2.469E-01	7.214E-02	1.613E-01	1.167E+01
Fusarium_cugenangense_ex_type-barcode01_FUN_000018	Fola3ENZA_FUN_000004	57	2.373E-01	7.433E-02	1.173E-01	8.375E+00
Fusarium_cugenangense_ex_type-barcode01_FUN_000018	Fusarium_cugenangense_ex_type-barcode01_FUN_000020	57	2.373E-01	7.433E-02	1.173E-01	8.375E+00
Fusarium_cugenangense_ex_type-barcode01_FUN_000018	GCA_013347535_FUN_000022	57	2.373E-01	7.433E-02	1.173E-01	8.375E+00
Fusarium_cugenangense_ex_type-barcode01_FUN_000018	GCA_014843415_FUN_000017	57	2.373E-01	7.433E-02	1.173E-01	8.375E+00
Fusarium_cugenangense_ex_type-barcode01_FUN_000018	GCA_014843445_FUN_000019	57	2.373E-01	7.433E-02	1.173E-01	8.375E+00
Fusarium_cugenangense_ex_type-barcode01_FUN_000018	GCA_014843555_FUN_000006	57	2.373E-01	7.433E-02	1.173E-01	8.375E+00
GCA_002233855_FUN_000349	Fusarium_fabacearum_ex_type_FUN_000267	134	1.008E+00	1.000E+00	1.000E+00	2.288E-02
GCA_002233855_FUN_000349	GCA_002233855_FUN_000349	134	1.008E+00	1.000E+00	1.000E+00	2.288E-02
GCA_002233855_FUN_000349	GCA_025203105_FUN_000005	53	2.092E-01	1.003E-01	7.764E-02	1.097E+01
GCA_002233855_FUN_000349	GCA_048164945_FUN_000047	90	1.951E-01	1.333E-01	1.341E-01	2.055E+01
GCA_002233855_FUN_000349	GCA_002233855_FUN_000306	120	2.160E-01	1.557E-01	1.276E-01	2.055E+01
GCA_002233855_FUN_000349	GCA_014839635_FUN_000046	15	3.882E-01	8.146E-02	1.138E-01	4.071E+00
GCA_002233855_FUN_000349	GCA_000259975_FUN_000015	20	2.137E-01	9.557E-02	9.449E-02	4.183E+00
GCA_002233855_FUN_000349	Fusarium_kalimantanense_ex_type-barcode07_FUN_000007	37	2.484E-01	9.058E-02	8.603E-02	1.084E+01
GCA_002233855_FUN_000349	GCA_014839635_FUN_000047	46	1.949E-01	6.925E-02	5.261E-02	1.082E+01
GCA_002233855_FUN_000349	Fola1ENZA_FUN_000004	26	3.122E-01	9.084E-02	5.366E-02	9.103E+00
GCA_002233855_FUN_000349	Fola4ENZA_FUN_000003	26	3.122E-01	9.084E-02	5.366E-02	9.103E+00
GCA_002233855_FUN_000349	GCA_000260495_FUN_000001	26	3.122E-01	9.084E-02	5.366E-02	9.103E+00
GCA_002233855_FUN_000349	GCA_001702695_FUN_000003	26	3.122E-01	9.084E-02	5.366E-02	9.103E+00
GCA_002233855_FUN_000349	GCA_014843455_FUN_000002	26	3.122E-01	9.084E-02	5.366E-02	9.103E+00
GCA_002233855_FUN_000349	GCA_049307005_FUN_000001	16	4.099E-01	9.103E-02	5.199E-02	2.165E+00
GCA_002233855_FUN_000349	GCA_002233855_FUN_000172	31	3.830E-01	1.042E-01	3.328E-02	4.432E+00
GCA_002233855_FUN_000349	Fusarium_sp_128_FUN_000001	27	3.812E-01	1.171E-01	1.679E-01	4.379E+00
GCA_002233855_FUN_000349	Fusarium_duoseptatum_ex_type-barcode03_FUN_000160	20	2.365E-01	7.855E-02	6.151E-02	6.238E+00
GCA_002233855_FUN_000349	GCA_038050555_FUN_000028	14	3.196E-01	7.600E-02	5.105E-02	3.241E+00
GCA_002233855_FUN_000349	GCA_009755825_FUN_000025	44	1.574E-01	7.139E-02	5.512E-02	8.618E+00
GCA_002233855_FUN_000349	GCA_050947165_FUN_000012	19	3.563E-01	8.032E-02	2.385E-02	5.309E+00
GCA_002233855_FUN_000349	GCA_050947235_FUN_000024	19	3.563E-01	8.032E-02	2.385E-02	5.309E+00
GCA_002233855_FUN_000349	GCA_025203755_FUN_000017	22	2.444E-01	1.022E-01	6.802E-02	3.474E+00
GCA_002233855_FUN_000349	Fusarium_elaeidis_ex_type_FUN_000039	19	3.048E-01	1.027E-01	6.475E-02	3.211E+00
GCA_002233855_FUN_000349	AJ520_race1_FUN_000054	21	2.613E-01	1.078E-01	6.092E-02	3.518E+00
GCA_002233855_FUN_000349	AJ592_race4_FUN_000037	21	2.613E-01	1.078E-01	6.092E-02	3.518E+00
GCA_002233855_FUN_000349	AJ865_race1_FUN_000053	21	2.613E-01	1.078E-01	6.092E-02	3.518E+00
GCA_002233855_FUN_000349	GCA_001703205_FUN_000069	21	2.611E-01	1.078E-01	6.033E-02	3.520E+00
GCA_002233855_FUN_000349	Fusarium_sp_128_FUN_000003	115	1.424E-01	9.970E-02	4.975E-02	1.351E+01
GCA_002233855_FUN_000349	GCA_049306905_FUN_000029	108	1.407E-01	8.630E-02	3.396E-02	1.984E+01
GCA_002233855_FUN_000349	GCA_049307005_FUN_000032	108	1.407E-01	8.630E-02	3.396E-02	1.984E+01
GCA_050947235_FUN_000004	GCA_050947165_FUN_000004	197	1.005E+00	1.000E+00	1.000E+00	9.826E-03
GCA_050947235_FUN_000004	GCA_050947235_FUN_000004	197	1.005E+00	1.000E+00	1.000E+00	9.826E-03
GCA_050947235_FUN_000004	GCA_023509805_FUN_000022	85	1.994E-01	9.197E-02	5.594E-02	1.322E+01
GCA_019593505_FUN_000075	GCA_019593505_FUN_000075	240	1.004E+00	1.000E+00	1.000E+00	0.000E+00
GCA_019593505_FUN_000075	GCA_001702495_FUN_000069	299	2.761E-01	2.644E-01	1.883E-01	1.011E+01
GCA_019593505_FUN_000075	GCA_014839635_FUN_000047	31	4.257E-01	7.768E-02	8.727E-02	5.390E+00
GCA_019593505_FUN_000075	GCA_002234015_FUN_000078	329	2.116E-01	2.088E-01	1.484E-01	1.244E+01
GCA_019593505_FUN_000075	Fusarium_elaeidis_ex_type_FUN_000250	18	5.883E-01	7.064E-02	2.009E-01	1.717E+00
GCA_019593505_FUN_000075	GCA_038050555_FUN_000028	163	2.400E-01	1.436E-01	1.540E-01	1.530E+01
GCA_019593505_FUN_000075	Fola2ENZA_FUN_000005	44	3.503E-01	6.556E-02	1.027E-01	1.214E+01
GCA_019593505_FUN_000075	GCA_014839635_FUN_000049	49	2.938E-01	8.492E-02	7.815E-02	1.028E+01
GCA_019593505_FUN_000075	Fusarium_duoseptatum_ex_type-barcode03_FUN_000160	34	4.067E-01	8.060E-02	1.056E-01	7.302E+00
GCA_019593505_FUN_000075	GCA_050947165_FUN_000034	37	2.745E-01	5.334E-02	6.177E-02	1.022E+01
GCA_019593505_FUN_000075	GCA_050947235_FUN_000045	37	2.745E-01	5.334E-02	6.177E-02	1.022E+01
GCA_019593505_FUN_000075	Fola1ENZA_FUN_000004	88	2.788E-01	1.016E-01	1.001E-01	1.051E+01
GCA_019593505_FUN_000075	Fola4ENZA_FUN_000003	88	2.788E-01	1.016E-01	1.001E-01	1.051E+01
GCA_019593505_FUN_000075	GCA_000260495_FUN_000001	88	2.788E-01	1.016E-01	1.001E-01	1.051E+01
GCA_019593505_FUN_000075	GCA_001702695_FUN_000003	88	2.788E-01	1.016E-01	1.001E-01	1.051E+01
GCA_019593505_FUN_000075	GCA_014843455_FUN_000002	88	2.788E-01	1.016E-01	1.001E-01	1.051E+01
GCA_019593505_FUN_000075	AJ718_race1_FUN_000294	26	4.196E-01	6.311E-02	5.181E-02	6.034E+00
GCA_019593505_FUN_000075	AJ516_race4_FUN_000033	84	2.252E-01	1.032E-01	6.056E-02	8.631E+00
GCA_019593505_FUN_000075	GCA_001702495_FUN_000061	27	2.391E-01	5.587E-02	5.359E-02	1.152E+01
GCA_019593505_FUN_000075	GCA_002234015_FUN_000068	27	2.370E-01	5.628E-02	5.403E-02	1.145E+01
GCA_019593505_FUN_000075	GCA_018894095_FUN_000077	50	2.738E-01	7.503E-02	4.202E-02	6.954E+00
GCA_019593505_FUN_000075	GCA_049306905_FUN_000029	33	2.379E-01	4.563E-02	2.658E-02	9.863E+00
GCA_019593505_FUN_000075	GCA_049307005_FUN_000032	33	2.379E-01	4.563E-02	2.658E-02	9.863E+00
GCA_019593505_FUN_000075	GCA_025216365_FUN_000109	95	1.745E-01	9.280E-02	4.483E-02	1.969E+01
GCA_019593505_FUN_000075	GCA_048164945_FUN_000024	165	1.246E-01	9.983E-02	6.099E-02	1.389E+01
GCA_000260495_FUN_000010	GCA_000260495_FUN_000010	141	1.007E+00	1.000E+00	1.000E+00	4.478E-03
GCA_000260495_FUN_000010	GCA_003315725_FUN_000007	141	1.007E+00	1.000E+00	1.000E+00	4.478E-03
GCA_000260495_FUN_000010	GCA_021018635_FUN_000012	141	1.007E+00	1.000E+00	1.000E+00	4.478E-03
GCA_000260495_FUN_000010	GCA_032206225_FUN_000009	141	9.246E-01	9.182E-01	9.182E-01	3.139E+00
GCA_000260495_FUN_000010	AJ705_race4_FUN_000025	125	3.765E-01	3.110E-01	2.678E-01	1.306E+01
GCA_000260495_FUN_000010	GCA_009755825_FUN_000025	192	1.820E-01	1.803E-01	1.231E-01	1.891E+01
GCA_000260495_FUN_000010	GCA_025203755_FUN_000032	138	2.252E-01	1.869E-01	9.922E-02	1.514E+01
GCA_000260495_FUN_000010	GCA_016166325_FUN_000002	31	5.125E-01	1.498E-01	2.162E-01	3.302E+00
GCA_000260495_FUN_000010	GCA_002234045_FUN_000287	102	2.581E-01	1.568E-01	7.453E-02	1.178E+01
GCA_000260495_FUN_000010	GCA_025216365_FUN_000109	90	2.731E-01	2.070E-01	6.983E-02	1.525E+01
GCA_000260495_FUN_000010	GCA_025217005_FUN_000165	121	2.529E-01	2.072E-01	1.116E-01	1.045E+01
GCA_000260495_FUN_000010	AJ520_race1_FUN_000042	70	2.926E-01	1.398E-01	1.459E-01	9.618E+00
GCA_000260495_FUN_000010	AJ592_race4_FUN_000025	70	2.926E-01	1.398E-01	1.459E-01	9.618E+00
GCA_000260495_FUN_000010	AJ865_race1_FUN_000042	70	2.926E-01	1.398E-01	1.459E-01	9.618E+00
GCA_018894095_FUN_000086	GCA_018894095_FUN_000086	157	1.006E+00	1.000E+00	1.000E+00	0.000E+00
GCA_018894095_FUN_000086	GCA_038050555_FUN_000020	149	4.120E-01	3.892E-01	4.093E-01	1.943E+01
GCA_018894095_FUN_000086	Fusarium_glycines_ex_type_FUN_000010	147	4.428E-01	3.771E-01	3.594E-01	2.109E+01
GCA_018894095_FUN_000086	GCA_001703455_FUN_000164	196	3.414E-01	3.301E-01	2.263E-01	2.051E+01
GCA_018894095_FUN_000086	Fola3ENZA_FUN_000003	134	3.536E-01	2.353E-01	1.700E-01	2.312E+01
GCA_018894095_FUN_000086	Fusarium_cugenangense_ex_type-barcode01_FUN_000018	134	3.536E-01	2.353E-01	1.700E-01	2.312E+01
GCA_018894095_FUN_000086	GCA_013347535_FUN_000020	134	3.536E-01	2.353E-01	1.700E-01	2.312E+01
GCA_018894095_FUN_000086	GCA_014843415_FUN_000015	134	3.536E-01	2.353E-01	1.700E-01	2.312E+01
GCA_018894095_FUN_000086	GCA_014843445_FUN_000018	134	3.536E-01	2.353E-01	1.700E-01	2.312E+01
GCA_018894095_FUN_000086	GCA_014843555_FUN_000004	134	3.536E-01	2.353E-01	1.700E-01	2.312E+01
GCA_018894095_FUN_000086	Fusarium_gossypinum_ex_type_FUN_000200	190	3.133E-01	2.848E-01	1.980E-01	1.867E+01
GCA_018894095_FUN_000086	Fola2ENZA_FUN_000025	155	2.788E-01	2.335E-01	1.693E-01	2.640E+01
GCA_018894095_FUN_000086	Fusarium_phialophorum-barcode15_FUN_000014	157	2.866E-01	2.271E-01	1.709E-01	2.619E+01
GCA_018894095_FUN_000086	Fola2ENZA_FUN_000005	13	6.631E-01	8.034E-02	8.799E-02	9.731E-01
GCA_018894095_FUN_000086	GCA_050947165_FUN_000034	145	1.658E-01	1.367E-01	1.157E-01	2.214E+01
GCA_018894095_FUN_000086	GCA_050947235_FUN_000045	145	1.658E-01	1.367E-01	1.157E-01	2.214E+01
GCA_018894095_FUN_000086	GCA_025267645_FUN_000197	14	6.499E-01	8.487E-02	6.236E-02	1.288E+00
GCA_018894095_FUN_000086	GCA_018894095_FUN_000077	36	6.080E-01	1.447E-01	4.979E-02	4.239E+00
GCA_018894095_FUN_000086	Fola1ENZA_FUN_000069	90	2.319E-01	1.288E-01	8.881E-02	2.283E+01
GCA_018894095_FUN_000086	GCA_020796175_FUN_000007	90	2.319E-01	1.288E-01	8.881E-02	2.283E+01
GCA_018894095_FUN_000086	AJ718_race1_FUN_000294	12	6.503E-01	7.164E-02	3.897E-02	1.451E+00
GCA_018894095_FUN_000086	GCA_009755825_FUN_000084	70	2.223E-01	1.185E-01	9.697E-02	1.591E+01
GCA_018894095_FUN_000086	GCA_001703205_FUN_000018	67	2.409E-01	1.057E-01	1.891E-01	9.741E+00
GCA_018894095_FUN_000086	Fusarium_elaeidis_ex_type_FUN_000250	57	2.302E-01	1.085E-01	1.772E-01	9.367E+00
GCA_025216365_FUN_000109	GCA_025216365_FUN_000109	658	1.002E+00	1.000E+00	1.000E+00	2.244E-02
GCA_025216365_FUN_000109	Fusarium_gossypinum_ex_type_FUN_000050	152	4.975E-01	1.101E-01	1.485E-01	1.880E+01
GCA_025216365_FUN_000109	GCA_001703455_FUN_000315	152	4.975E-01	1.101E-01	1.485E-01	1.880E+01
GCA_025216365_FUN_000109	GCA_015227905_FUN_000133	320	2.899E-01	1.139E-01	2.129E-01	3.177E+01
GCA_025216365_FUN_000109	Fusarium_kalimantanense_ex_type-barcode07_FUN_000003	102	4.122E-01	7.836E-02	1.990E-01	1.240E+01
GCA_025216365_FUN_000109	GCA_025203755_FUN_000021	96	5.185E-01	8.291E-02	1.934E-01	4.698E+00
GCA_025216365_FUN_000109	GCA_001702845_FUN_000132	94	5.738E-01	8.435E-02	2.009E-01	5.805E+00
GCA_025216365_FUN_000109	GCA_009755825_FUN_000084	131	2.458E-01	5.487E-02	1.342E-01	2.312E+01
GCA_025216365_FUN_000109	GCA_002233855_FUN_000306	96	2.090E-01	5.502E-02	1.307E-01	1.868E+01
GCA_025216365_FUN_000109	Fusarium_elaeidis_ex_type_FUN_000093	88	3.913E-01	7.823E-02	2.261E-01	9.071E+00
GCA_025216365_FUN_000109	GCA_038050555_FUN_000028	77	2.684E-01	2.858E-02	7.799E-02	1.672E+01
GCA_025216365_FUN_000109	GCA_002234015_FUN_000078	85	2.963E-01	4.599E-02	7.160E-02	1.066E+01
GCA_025216365_FUN_000109	GCA_019593505_FUN_000203	67	2.056E-01	3.662E-02	1.324E-01	9.992E+00
GCA_025216365_FUN_000109	Fusarium_duoseptatum_ex_type-barcode03_FUN_000160	146	1.614E-01	5.730E-02	1.329E-01	1.406E+01
GCA_025216365_FUN_000109	GCA_025267645_FUN_000212	54	3.205E-01	4.155E-02	1.149E-01	5.927E+00
GCA_025216365_FUN_000109	Fusarium_sp_128_FUN_000001	112	1.816E-01	4.442E-02	1.804E-01	1.285E+01
GCA_025216365_FUN_000109	Fola4ENZA_FUN_000007	120	2.089E-01	5.247E-02	1.743E-01	1.283E+01
GCA_025216365_FUN_000109	Fusarium_cugenangense_ex_type-barcode01_FUN_000019	54	2.469E-01	4.036E-02	1.341E-01	7.592E+00
GCA_025216365_FUN_000109	Fusarium_phialophorum-barcode15_FUN_000015	120	2.089E-01	5.247E-02	1.743E-01	1.283E+01
GCA_025216365_FUN_000109	Fusarium_sp_128_FUN_000005	120	2.089E-01	5.247E-02	1.743E-01	1.283E+01
GCA_025216365_FUN_000109	GCA_001702695_FUN_000007	120	2.089E-01	5.247E-02	1.743E-01	1.283E+01
GCA_025216365_FUN_000109	GCA_003315725_FUN_000001	120	2.089E-01	5.247E-02	1.743E-01	1.283E+01
GCA_025216365_FUN_000109	GCA_013347535_FUN_000021	54	2.469E-01	4.036E-02	1.341E-01	7.592E+00
GCA_025216365_FUN_000109	GCA_014843415_FUN_000016	54	2.469E-01	4.036E-02	1.341E-01	7.592E+00
GCA_025216365_FUN_000109	GCA_014843455_FUN_000006	120	2.089E-01	5.247E-02	1.743E-01	1.283E+01
GCA_025216365_FUN_000109	GCA_014843555_FUN_000005	54	2.469E-01	4.036E-02	1.341E-01	7.592E+00
GCA_025216365_FUN_000109	GCA_021018635_FUN_000006	120	2.089E-01	5.247E-02	1.743E-01	1.283E+01
GCA_025216365_FUN_000109	GCA_032206225_FUN_000002	120	2.089E-01	5.247E-02	1.743E-01	1.283E+01
GCA_025216365_FUN_000109	GCA_025203755_FUN_000017	94	2.117E-01	3.937E-02	9.344E-02	1.170E+01
GCA_025216365_FUN_000109	GCA_049307005_FUN_000001	63	2.744E-01	3.574E-02	7.786E-02	1.023E+01
GCA_025216365_FUN_000109	GCA_001702495_FUN_000069	85	2.974E-01	4.604E-02	7.202E-02	1.065E+01
GCA_025216365_FUN_000109	Fusarium_duoseptatum_ex_type-barcode03_FUN_000086	75	1.798E-01	3.332E-02	1.394E-01	1.194E+01
GCA_025216365_FUN_000109	GCA_013423235_FUN_000001	142	1.223E-01	3.343E-02	1.129E-01	1.708E+01
GCA_025216365_FUN_000109	GCA_001702845_FUN_000128	88	2.056E-01	3.678E-02	8.070E-02	1.188E+01
GCA_025216365_FUN_000109	GCA_002234105_FUN_000094	88	2.056E-01	3.678E-02	8.070E-02	1.188E+01
GCA_025216365_FUN_000109	AJ592_race4_FUN_000062	65	1.677E-01	2.472E-02	3.462E-02	1.338E+01
GCA_025216365_FUN_000109	AJ705_race4_FUN_000001	65	1.677E-01	2.472E-02	3.462E-02	1.338E+01
GCA_025216365_FUN_000109	Fola4ENZA_FUN_000008	119	1.417E-01	3.346E-02	1.164E-01	1.959E+01
GCA_025216365_FUN_000109	GCA_000260495_FUN_000006	119	1.417E-01	3.346E-02	1.164E-01	1.959E+01
GCA_025216365_FUN_000109	GCA_001702695_FUN_000008	119	1.417E-01	3.346E-02	1.164E-01	1.959E+01
GCA_025216365_FUN_000109	GCA_003315725_FUN_000002	119	1.417E-01	3.346E-02	1.164E-01	1.959E+01
GCA_025216365_FUN_000109	GCA_014843455_FUN_000007	119	1.417E-01	3.346E-02	1.164E-01	1.959E+01
GCA_025216365_FUN_000109	GCA_021018635_FUN_000007	119	1.417E-01	3.346E-02	1.164E-01	1.959E+01
GCA_025216365_FUN_000109	GCA_032206225_FUN_000003	119	1.417E-01	3.346E-02	1.164E-01	1.959E+01
GCA_019671045_FUN_000062	GCA_019671045_FUN_000062	234	1.004E+00	1.000E+00	1.000E+00	8.368E-03
GCA_019671045_FUN_000062	GCA_049306905_FUN_000037	211	2.644E-01	2.213E-01	2.521E-01	1.288E+01
GCA_019671045_FUN_000062	GCA_038050555_FUN_000028	210	2.372E-01	1.827E-01	1.910E-01	1.818E+01
GCA_019671045_FUN_000062	GCA_002234015_FUN_000078	50	6.158E-01	1.443E-01	8.808E-02	3.302E+00
GCA_019671045_FUN_000062	GCA_001702495_FUN_000069	50	6.142E-01	1.441E-01	8.853E-02	3.291E+00
GCA_019671045_FUN_000062	GCA_001702495_FUN_000036	22	5.045E-01	5.999E-02	8.599E-02	6.289E+00
GCA_019671045_FUN_000062	Fusarium_glycines_ex_type_FUN_000047	239	1.329E-01	1.021E-01	1.206E-01	2.063E+01
GCA_019671045_FUN_000062	GCA_048164945_FUN_000047	118	2.000E-01	1.038E-01	1.514E-01	1.593E+01
GCA_019671045_FUN_000062	GCA_000259975_FUN_000002	122	2.372E-01	1.047E-01	8.940E-02	1.345E+01
GCA_019671045_FUN_000062	GCA_032206225_FUN_000009	208	1.499E-01	1.041E-01	1.452E-01	1.635E+01
GCA_019671045_FUN_000062	GCA_019670925_FUN_000002	71	2.513E-01	8.925E-02	8.769E-02	8.194E+00
GCA_019671045_FUN_000062	GCA_002234045_FUN_000287	145	1.697E-01	9.080E-02	6.780E-02	1.446E+01
GCA_019671045_FUN_000062	GCA_048164945_FUN_000024	94	2.193E-01	9.301E-02	5.419E-02	9.365E+00
GCA_019671045_FUN_000062	GCA_025217005_FUN_000165	144	1.688E-01	9.159E-02	6.781E-02	1.453E+01
GCA_019671045_FUN_000062	GCA_018894095_FUN_000077	54	2.702E-01	8.920E-02	4.781E-02	9.451E+00
GCA_019671045_FUN_000062	GCA_049306905_FUN_000029	94	2.330E-01	8.885E-02	5.380E-02	9.588E+00
GCA_019671045_FUN_000062	GCA_049307005_FUN_000032	94	2.330E-01	8.885E-02	5.380E-02	9.588E+00
GCA_019671045_FUN_000062	GCA_016170085_FUN_000049	80	2.345E-01	7.898E-02	1.248E-01	1.579E+01
GCA_019671045_FUN_000062	GCA_025203755_FUN_000032	87	1.734E-01	7.029E-02	5.087E-02	1.556E+01
GCA_019671045_FUN_000062	GCA_050947165_FUN_000012	70	2.563E-01	6.490E-02	3.662E-02	9.261E+00
GCA_019671045_FUN_000062	GCA_050947235_FUN_000024	70	2.563E-01	6.490E-02	3.662E-02	9.261E+00
GCA_019671045_FUN_000062	AJ516_race4_FUN_000033	94	2.140E-01	9.182E-02	5.341E-02	9.203E+00
GCA_014843455_FUN_000006	Fola4ENZA_FUN_000007	118	1.009E+00	1.000E+00	1.000E+00	0.000E+00
GCA_014843455_FUN_000006	Fusarium_phialophorum-barcode15_FUN_000015	118	1.009E+00	1.000E+00	1.000E+00	0.000E+00
GCA_014843455_FUN_000006	Fusarium_sp_128_FUN_000005	118	1.009E+00	1.000E+00	1.000E+00	0.000E+00
GCA_014843455_FUN_000006	GCA_001702695_FUN_000007	118	1.009E+00	1.000E+00	1.000E+00	0.000E+00
GCA_014843455_FUN_000006	GCA_003315725_FUN_000001	118	1.009E+00	1.000E+00	1.000E+00	0.000E+00
GCA_014843455_FUN_000006	GCA_014843455_FUN_000006	118	1.009E+00	1.000E+00	1.000E+00	0.000E+00
GCA_014843455_FUN_000006	GCA_021018635_FUN_000006	118	1.009E+00	1.000E+00	1.000E+00	0.000E+00
GCA_014843455_FUN_000006	GCA_032206225_FUN_000002	118	1.009E+00	1.000E+00	1.000E+00	0.000E+00
GCA_014843455_FUN_000006	Fusarium_cugenangense_ex_type-barcode01_FUN_000019	118	9.689E-01	9.612E-01	9.612E-01	1.176E+00
GCA_014843455_FUN_000006	GCA_013347535_FUN_000021	118	9.689E-01	9.612E-01	9.612E-01	1.176E+00
GCA_014843455_FUN_000006	GCA_014843415_FUN_000016	118	9.689E-01	9.612E-01	9.612E-01	1.176E+00
GCA_014843455_FUN_000006	GCA_014843555_FUN_000005	118	9.689E-01	9.612E-01	9.612E-01	1.176E+00
GCA_014843455_FUN_000006	Fusarium_sp_128_FUN_000001	100	7.762E-01	5.542E-01	7.227E-01	2.904E+00
GCA_014843455_FUN_000006	GCA_019593505_FUN_000203	106	6.607E-01	5.000E-01	5.983E-01	3.692E+00
GCA_014843455_FUN_000006	GCA_013423235_FUN_000011	107	6.230E-01	5.126E-01	4.743E-01	7.143E+00
GCA_014843455_FUN_000006	GCA_002234015_FUN_000043	118	5.486E-01	4.605E-01	3.544E-01	7.646E+00
GCA_014843455_FUN_000006	GCA_001702495_FUN_000036	119	5.892E-01	4.981E-01	3.834E-01	4.454E+00
GCA_014843455_FUN_000006	GCA_025267645_FUN_000212	87	4.635E-01	3.128E-01	2.177E-01	4.792E+00
GCA_014843455_FUN_000006	GCA_009755825_FUN_000023	92	2.897E-01	2.082E-01	8.668E-02	1.164E+01
GCA_014843455_FUN_000006	GCA_001703205_FUN_000069	118	2.496E-01	1.896E-01	1.025E-01	1.862E+01
GCA_014843455_FUN_000006	AJ520_race1_FUN_000054	118	2.497E-01	1.896E-01	1.034E-01	1.855E+01
GCA_014843455_FUN_000006	AJ592_race4_FUN_000037	118	2.497E-01	1.896E-01	1.034E-01	1.855E+01
GCA_014843455_FUN_000006	AJ865_race1_FUN_000053	118	2.497E-01	1.896E-01	1.034E-01	1.855E+01
GCA_014843455_FUN_000006	GCA_025203105_FUN_000007	139	1.679E-01	1.423E-01	1.012E-01	1.371E+01
GCA_014843455_FUN_000006	GCA_019670925_FUN_000050	131	2.035E-01	1.638E-01	1.116E-01	1.142E+01
GCA_014843455_FUN_000006	Fusarium_kalimantanense_ex_type-barcode07_FUN_000007	59	3.842E-01	1.607E-01	1.354E-01	1.224E+01
GCA_014843455_FUN_000006	GCA_015227905_FUN_000281	94	1.838E-01	1.421E-01	9.000E-02	1.484E+01
GCA_014843455_FUN_000006	GCA_020796175_FUN_000123	90	2.327E-01	1.533E-01	1.748E-01	1.164E+01
GCA_014843455_FUN_000006	Fola2ENZA_FUN_000005	102	2.198E-01	1.670E-01	1.449E-01	1.131E+01
GCA_014843455_FUN_000006	Fusarium_duoseptatum_ex_type-barcode03_FUN_000160	181	2.204E-01	2.139E-01	1.660E-01	1.569E+01
GCA_014843455_FUN_000006	Fusarium_fabacearum_ex_type_FUN_000005	112	1.738E-01	1.221E-01	8.275E-02	1.547E+01
GCA_014843455_FUN_000006	GCA_009755825_FUN_000084	36	2.149E-01	1.175E-01	7.807E-02	4.929E+00
GCA_014843455_FUN_000006	Fusarium_elaeidis_ex_type_FUN_000039	110	2.079E-01	1.763E-01	1.139E-01	1.391E+01
GCA_014843455_FUN_000006	AJ592_race4_FUN_000062	85	1.633E-01	1.054E-01	4.232E-02	1.455E+01
GCA_014843455_FUN_000006	AJ705_race4_FUN_000001	85	1.633E-01	1.054E-01	4.232E-02	1.455E+01
GCA_014843455_FUN_000006	GCA_025216365_FUN_000025	88	1.705E-01	1.217E-01	3.912E-02	4.549E+01
GCA_014843455_FUN_000006	Fusarium_duoseptatum_ex_type-barcode03_FUN_000086	71	1.404E-01	9.131E-02	1.083E-01	1.463E+01
GCA_014843455_FUN_000006	GCA_000259975_FUN_000015	134	2.301E-01	2.051E-01	1.920E-01	1.202E+01
GCA_014843455_FUN_000006	GCA_019671045_FUN_000060	127	1.141E-01	1.013E-01	7.122E-02	1.631E+01
GCA_014843455_FUN_000006	GCA_050947165_FUN_000034	98	1.488E-01	1.100E-01	7.102E-02	2.128E+01
GCA_014843455_FUN_000006	GCA_050947235_FUN_000045	98	1.488E-01	1.100E-01	7.102E-02	2.128E+01
GCA_014843455_FUN_000006	GCA_049307005_FUN_000001	104	1.147E-01	9.050E-02	6.486E-02	1.584E+01
GCA_014843455_FUN_000006	Fusarium_sp_128_FUN_000003	115	2.178E-01	1.629E-01	7.237E-02	1.183E+01
GCA_014843455_FUN_000006	Fusarium_gossypinum_ex_type_FUN_000050	54	2.792E-01	1.397E-01	4.653E-02	6.050E+00
GCA_014843455_FUN_000006	GCA_001703455_FUN_000315	54	2.792E-01	1.397E-01	4.653E-02	6.050E+00
GCA_014843455_FUN_000006	GCA_025216365_FUN_000109	121	1.903E-01	1.637E-01	5.471E-02	1.339E+01
GCA_014843455_FUN_000006	GCA_025267645_FUN_000218	46	2.282E-01	1.200E-01	7.202E-02	6.475E+00
GCA_014843455_FUN_000006	GCA_023509805_FUN_000022	15	3.423E-01	6.254E-02	2.299E-02	4.072E+00
Fusarium_gossypinum_ex_type_FUN_000200	Fusarium_gossypinum_ex_type_FUN_000200	241	1.004E+00	1.000E+00	1.000E+00	0.000E+00
Fusarium_gossypinum_ex_type_FUN_000200	GCA_001703455_FUN_000164	241	9.512E-01	9.474E-01	9.474E-01	1.639E+00
Fusarium_gossypinum_ex_type_FUN_000200	GCA_018894095_FUN_000086	191	3.181E-01	2.011E-01	2.913E-01	1.932E+01
Fusarium_gossypinum_ex_type_FUN_000200	GCA_038050555_FUN_000020	188	3.190E-01	2.003E-01	3.071E-01	2.502E+01
Fusarium_gossypinum_ex_type_FUN_000200	Fola3ENZA_FUN_000003	224	2.241E-01	1.614E-01	1.711E-01	2.994E+01
Fusarium_gossypinum_ex_type_FUN_000200	Fusarium_cugenangense_ex_type-barcode01_FUN_000018	224	2.241E-01	1.614E-01	1.711E-01	2.994E+01
Fusarium_gossypinum_ex_type_FUN_000200	GCA_013347535_FUN_000020	224	2.241E-01	1.614E-01	1.711E-01	2.994E+01
Fusarium_gossypinum_ex_type_FUN_000200	GCA_014843415_FUN_000015	224	2.241E-01	1.614E-01	1.711E-01	2.994E+01
Fusarium_gossypinum_ex_type_FUN_000200	GCA_014843445_FUN_000018	224	2.241E-01	1.614E-01	1.711E-01	2.994E+01
Fusarium_gossypinum_ex_type_FUN_000200	GCA_014843555_FUN_000004	224	2.241E-01	1.614E-01	1.711E-01	2.994E+01
Fusarium_gossypinum_ex_type_FUN_000200	Fusarium_glycines_ex_type_FUN_000010	237	2.719E-01	1.863E-01	2.629E-01	2.948E+01
Fusarium_gossypinum_ex_type_FUN_000200	Fusarium_phialophorum-barcode15_FUN_000014	220	2.015E-01	1.540E-01	1.721E-01	2.469E+01
Fusarium_gossypinum_ex_type_FUN_000200	AJ520_race1_FUN_000054	106	1.932E-01	9.115E-02	8.445E-02	2.459E+01
Fusarium_gossypinum_ex_type_FUN_000200	AJ592_race4_FUN_000037	106	1.932E-01	9.115E-02	8.445E-02	2.459E+01
Fusarium_gossypinum_ex_type_FUN_000200	AJ865_race1_FUN_000053	106	1.932E-01	9.115E-02	8.445E-02	2.459E+01
Fusarium_gossypinum_ex_type_FUN_000200	GCA_001703205_FUN_000069	108	1.844E-01	8.340E-02	7.852E-02	2.436E+01
Fusarium_gossypinum_ex_type_FUN_000200	GCA_025203755_FUN_000021	121	2.220E-01	1.311E-01	1.276E-01	1.892E+01
Fusarium_gossypinum_ex_type_FUN_000200	GCA_014839635_FUN_000047	32	4.027E-01	8.198E-02	9.206E-02	5.277E+00
Fusarium_gossypinum_ex_type_FUN_000200	GCA_025267645_FUN_000212	11	6.520E-01	4.323E-02	5.426E-02	1.624E+00
Fusarium_gossypinum_ex_type_FUN_000200	GCA_048164945_FUN_000024	82	1.617E-01	7.221E-02	4.357E-02	1.419E+01
Fusarium_gossypinum_ex_type_FUN_000200	Fusarium_duoseptatum_ex_type-barcode03_FUN_000160	99	2.114E-01	1.046E-01	1.296E-01	1.142E+01
Fusarium_gossypinum_ex_type_FUN_000200	GCA_048164945_FUN_000019	59	1.904E-01	7.201E-02	1.451E-01	9.816E+00
Fusarium_gossypinum_ex_type_FUN_000200	GCA_019593505_FUN_000075	15	6.260E-01	6.071E-02	6.096E-02	1.049E+00
Fusarium_gossypinum_ex_type_FUN_000200	GCA_019593505_FUN_000157	27	4.429E-01	8.665E-02	2.309E-01	3.794E+00
Fusarium_gossypinum_ex_type_FUN_000200	Fusarium_sp_128_FUN_000001	21	3.567E-01	5.264E-02	1.211E-01	4.136E+00
Fusarium_gossypinum_ex_type_FUN_000200	GCA_025267645_FUN_000197	60	2.994E-01	7.238E-02	7.983E-02	1.418E+01
Fusarium_gossypinum_ex_type_FUN_000200	Fola3ENZA_FUN_000009	120	1.470E-01	7.864E-02	7.789E-02	3.177E+01
Fusarium_gossypinum_ex_type_FUN_000200	GCA_014843445_FUN_000023	120	1.470E-01	7.864E-02	7.789E-02	3.177E+01
Fusarium_gossypinum_ex_type_FUN_000200	GCA_001702845_FUN_000132	124	1.784E-01	1.154E-01	1.148E-01	2.059E+01
Fusarium_gossypinum_ex_type_FUN_000200	Fusarium_elaeidis_ex_type_FUN_000250	61	2.333E-01	6.909E-02	1.667E-01	1.235E+01
Fusarium_gossypinum_ex_type_FUN_000200	GCA_025216365_FUN_000064	60	1.832E-01	8.019E-02	1.161E-01	1.702E+01
Fusarium_gossypinum_ex_type_FUN_000200	Fusarium_fabacearum_ex_type_FUN_000267	45	2.816E-01	6.225E-02	1.055E-01	1.277E+01
Fusarium_gossypinum_ex_type_FUN_000200	GCA_002233855_FUN_000349	45	2.816E-01	6.225E-02	1.055E-01	1.277E+01
Fusarium_gossypinum_ex_type_FUN_000200	AJ516_race4_FUN_000013	99	1.478E-01	7.092E-02	1.000E-01	1.777E+01
Fusarium_gossypinum_ex_type_FUN_000200	GCA_019670925_FUN_000040	24	2.750E-01	5.641E-02	5.818E-02	4.571E+00
Fusarium_gossypinum_ex_type_FUN_000200	AJ592_race4_FUN_000062	62	2.266E-01	7.245E-02	5.131E-02	1.316E+01
Fusarium_gossypinum_ex_type_FUN_000200	AJ705_race4_FUN_000001	62	2.266E-01	7.245E-02	5.131E-02	1.316E+01
Fusarium_gossypinum_ex_type_FUN_000200	Fusarium_kalimantanense_ex_type-barcode07_FUN_000007	20	2.970E-01	3.492E-02	5.666E-02	6.560E+00
Fusarium_gossypinum_ex_type_FUN_000200	GCA_025203105_FUN_000005	33	2.454E-01	6.140E-02	7.148E-02	6.410E+00
Fusarium_gossypinum_ex_type_FUN_000200	GCA_050947165_FUN_000034	184	1.217E-01	8.686E-02	9.588E-02	1.904E+01
Fusarium_gossypinum_ex_type_FUN_000200	GCA_050947235_FUN_000045	184	1.217E-01	8.686E-02	9.588E-02	1.904E+01
AJ718_race1_FUN_000094	AJ718_race1_FUN_000094	366	1.003E+00	1.000E+00	1.000E+00	1.108E-02
AJ718_race1_FUN_000094	GCA_001702495_FUN_000069	71	4.435E-01	1.191E-01	1.116E-01	4.629E+00
AJ718_race1_FUN_000094	GCA_002234015_FUN_000078	71	4.418E-01	1.189E-01	1.109E-01	4.645E+00
AJ718_race1_FUN_000094	GCA_048164945_FUN_000024	45	2.675E-01	6.404E-02	4.909E-02	7.072E+00
AJ718_race1_FUN_000094	GCA_048164945_FUN_000047	56	2.729E-01	5.574E-02	1.213E-01	1.370E+01
AJ718_race1_FUN_000094	AJ520_race1_FUN_000054	123	1.995E-01	6.319E-02	8.107E-02	1.597E+01
AJ718_race1_FUN_000094	AJ592_race4_FUN_000037	123	1.995E-01	6.319E-02	8.107E-02	1.597E+01
AJ718_race1_FUN_000094	AJ865_race1_FUN_000053	123	1.995E-01	6.319E-02	8.107E-02	1.597E+01
AJ718_race1_FUN_000094	GCA_001703205_FUN_000069	123	1.996E-01	6.321E-02	8.134E-02	1.597E+01
AJ718_race1_FUN_000094	GCA_049306905_FUN_000029	46	2.614E-01	5.986E-02	4.657E-02	7.356E+00
AJ718_race1_FUN_000094	GCA_049307005_FUN_000032	46	2.614E-01	5.986E-02	4.657E-02	7.356E+00
AJ718_race1_FUN_000094	AJ705_race4_FUN_000025	64	2.564E-01	6.116E-02	1.133E-01	1.203E+01
AJ718_race1_FUN_000094	Fola1ENZA_FUN_000100	75	2.492E-01	9.041E-02	1.464E-01	1.262E+01
AJ718_race1_FUN_000094	GCA_020796175_FUN_000039	75	2.492E-01	9.041E-02	1.464E-01	1.262E+01
AJ718_race1_FUN_000094	GCA_000259975_FUN_000028	26	4.028E-01	5.328E-02	9.287E-02	2.973E+00
AJ718_race1_FUN_000094	GCA_018894095_FUN_000077	37	3.354E-01	6.043E-02	4.717E-02	6.177E+00
AJ718_race1_FUN_000094	AJ516_race4_FUN_000033	45	2.628E-01	6.391E-02	4.884E-02	7.077E+00
AJ718_race1_FUN_000094	Fola3ENZA_FUN_000004	52	3.008E-01	5.992E-02	1.564E-01	1.534E+01
AJ718_race1_FUN_000094	Fusarium_cugenangense_ex_type-barcode01_FUN_000020	52	3.008E-01	5.992E-02	1.564E-01	1.534E+01
AJ718_race1_FUN_000094	GCA_013347535_FUN_000022	52	3.008E-01	5.992E-02	1.564E-01	1.534E+01
AJ718_race1_FUN_000094	GCA_014843415_FUN_000017	52	3.008E-01	5.992E-02	1.564E-01	1.534E+01
AJ718_race1_FUN_000094	GCA_014843445_FUN_000019	52	3.008E-01	5.992E-02	1.564E-01	1.534E+01
AJ718_race1_FUN_000094	GCA_014843555_FUN_000006	52	3.008E-01	5.992E-02	1.564E-01	1.534E+01
AJ718_race1_FUN_000094	GCA_002234015_FUN_000043	56	2.636E-01	6.170E-02	1.167E-01	5.349E+00
AJ718_race1_FUN_000094	GCA_049306905_FUN_000037	122	1.759E-01	7.062E-02	1.082E-01	1.727E+01
AJ718_race1_FUN_000094	GCA_019670925_FUN_000002	41	2.883E-01	5.305E-02	7.536E-02	7.536E+00
AJ718_race1_FUN_000094	GCA_019671045_FUN_000019	41	2.880E-01	5.311E-02	7.549E-02	7.554E+00
AJ718_race1_FUN_000094	Fusarium_gossypinum_ex_type_FUN_000315	106	2.295E-01	7.348E-02	7.872E-02	1.970E+01
AJ718_race1_FUN_000094	GCA_019593505_FUN_000203	133	1.817E-01	7.492E-02	1.729E-01	1.501E+01
AJ718_race1_FUN_000094	Fola2ENZA_FUN_000005	179	1.093E-01	5.596E-02	9.619E-02	1.595E+01
AJ718_race1_FUN_000094	Fusarium_duoseptatum_ex_type-barcode03_FUN_000160	46	3.223E-01	7.895E-02	1.381E-01	6.235E+00
AJ718_race1_FUN_000094	GCA_019671045_FUN_000062	56	2.572E-01	4.817E-02	6.569E-02	9.965E+00
AJ718_race1_FUN_000094	GCA_025203755_FUN_000032	136	1.843E-01	5.130E-02	5.211E-02	1.930E+01
AJ718_race1_FUN_000094	GCA_013423235_FUN_000011	38	2.333E-01	4.726E-02	1.085E-01	5.699E+00
AJ718_race1_FUN_000094	GCA_016170085_FUN_000049	60	2.241E-01	4.642E-02	1.075E-01	1.589E+01
AJ718_race1_FUN_000094	GCA_025267645_FUN_000197	30	2.489E-01	2.635E-02	4.090E-02	8.477E+00
AJ718_race1_FUN_000094	GCA_001702845_FUN_000128	232	1.310E-01	7.794E-02	1.093E-01	1.923E+01
AJ718_race1_FUN_000094	GCA_002234105_FUN_000094	232	1.310E-01	7.794E-02	1.093E-01	1.923E+01
AJ718_race1_FUN_000094	GCA_025203755_FUN_000017	232	1.310E-01	7.793E-02	1.093E-01	1.926E+01
AJ718_race1_FUN_000094	GCA_015227905_FUN_000133	80	1.408E-01	5.391E-02	5.711E-02	1.162E+01
Fusarium_elaeidis_ex_type_FUN_000039	Fusarium_elaeidis_ex_type_FUN_000039	237	1.004E+00	1.000E+00	1.000E+00	1.921E-02
Fusarium_elaeidis_ex_type_FUN_000039	GCA_002233855_FUN_000172	175	5.493E-01	3.290E-01	1.822E-01	5.977E+00
Fusarium_elaeidis_ex_type_FUN_000039	Fusarium_gossypinum_ex_type_FUN_000050	155	5.164E-01	2.711E-01	1.449E-01	8.698E+00
Fusarium_elaeidis_ex_type_FUN_000039	GCA_001703455_FUN_000315	155	5.164E-01	2.711E-01	1.449E-01	8.698E+00
Fusarium_elaeidis_ex_type_FUN_000039	GCA_001703205_FUN_000069	139	4.897E-01	2.849E-01	2.595E-01	4.981E+00
Fusarium_elaeidis_ex_type_FUN_000039	GCA_009755825_FUN_000084	128	4.748E-01	2.446E-01	2.640E-01	1.093E+01
Fusarium_elaeidis_ex_type_FUN_000039	GCA_015227905_FUN_000281	161	4.664E-01	2.956E-01	3.115E-01	1.056E+01
Fusarium_elaeidis_ex_type_FUN_000039	AJ520_race1_FUN_000054	139	4.906E-01	2.863E-01	2.622E-01	4.956E+00
Fusarium_elaeidis_ex_type_FUN_000039	AJ592_race4_FUN_000037	139	4.906E-01	2.863E-01	2.622E-01	4.956E+00
Fusarium_elaeidis_ex_type_FUN_000039	AJ865_race1_FUN_000053	139	4.906E-01	2.863E-01	2.622E-01	4.956E+00
Fusarium_elaeidis_ex_type_FUN_000039	GCA_025267645_FUN_000218	146	3.826E-01	2.020E-01	1.934E-01	1.091E+01
Fusarium_elaeidis_ex_type_FUN_000039	Fusarium_fabacearum_ex_type_FUN_000005	146	3.459E-01	2.077E-01	2.227E-01	1.006E+01
Fusarium_elaeidis_ex_type_FUN_000039	GCA_009755825_FUN_000023	132	4.142E-01	2.320E-01	1.540E-01	9.370E+00
Fusarium_elaeidis_ex_type_FUN_000039	GCA_025267645_FUN_000212	113	3.589E-01	1.444E-01	1.741E-01	1.404E+01
Fusarium_elaeidis_ex_type_FUN_000039	Fusarium_sp_128_FUN_000003	130	3.301E-01	1.908E-01	1.387E-01	1.382E+01
Fusarium_elaeidis_ex_type_FUN_000039	GCA_000259975_FUN_000015	169	1.281E-01	8.787E-02	1.187E-01	1.487E+01
Fusarium_elaeidis_ex_type_FUN_000039	GCA_019593505_FUN_000203	56	3.311E-01	1.209E-01	2.277E-01	5.396E+00
Fusarium_elaeidis_ex_type_FUN_000039	Fusarium_fabacearum_ex_type_FUN_000114	169	1.257E-01	8.308E-02	7.814E-02	1.470E+01
Fusarium_elaeidis_ex_type_FUN_000039	Fusarium_cugenangense_ex_type-barcode01_FUN_000019	56	2.283E-01	8.857E-02	1.460E-01	1.123E+01
Fusarium_elaeidis_ex_type_FUN_000039	GCA_013347535_FUN_000021	56	2.283E-01	8.857E-02	1.460E-01	1.123E+01
Fusarium_elaeidis_ex_type_FUN_000039	GCA_014843415_FUN_000016	56	2.283E-01	8.857E-02	1.460E-01	1.123E+01
Fusarium_elaeidis_ex_type_FUN_000039	GCA_014843555_FUN_000005	56	2.283E-01	8.857E-02	1.460E-01	1.123E+01
Fusarium_elaeidis_ex_type_FUN_000039	Fusarium_duoseptatum_ex_type-barcode03_FUN_000160	73	2.259E-01	8.241E-02	1.007E-01	1.150E+01
Fusarium_elaeidis_ex_type_FUN_000039	GCA_014839635_FUN_000047	143	1.515E-01	7.631E-02	8.311E-02	1.946E+01
Fusarium_elaeidis_ex_type_FUN_000039	GCA_001702495_FUN_000061	156	1.395E-01	8.785E-02	8.793E-02	1.590E+01
Fusarium_elaeidis_ex_type_FUN_000039	GCA_002234015_FUN_000068	155	1.469E-01	9.275E-02	8.894E-02	1.516E+01
Fusarium_elaeidis_ex_type_FUN_000039	Fusarium_duoseptatum_ex_type-barcode03_FUN_000086	63	2.334E-01	8.175E-02	1.630E-01	1.171E+01
Fusarium_elaeidis_ex_type_FUN_000039	Fola2ENZA_FUN_000005	123	2.320E-01	1.152E-01	1.591E-01	1.088E+01
Fusarium_elaeidis_ex_type_FUN_000039	GCA_019670925_FUN_000050	116	3.500E-01	1.316E-01	1.531E-01	1.351E+01
Fusarium_elaeidis_ex_type_FUN_000039	GCA_019671045_FUN_000060	111	3.676E-01	1.312E-01	1.522E-01	1.066E+01
Fusarium_elaeidis_ex_type_FUN_000039	GCA_025216365_FUN_000109	96	1.953E-01	7.550E-02	3.096E-02	2.815E+01
Fusarium_elaeidis_ex_type_FUN_000039	GCA_025203105_FUN_000007	105	3.934E-01	1.543E-01	1.816E-01	6.951E+00
Fusarium_elaeidis_ex_type_FUN_000039	Fola1ENZA_FUN_000069	202	1.266E-01	9.860E-02	9.623E-02	2.589E+01
Fusarium_elaeidis_ex_type_FUN_000039	GCA_020796175_FUN_000007	202	1.266E-01	9.860E-02	9.623E-02	2.589E+01
Fusarium_elaeidis_ex_type_FUN_000039	GCA_001702495_FUN_000036	53	2.721E-01	7.173E-02	9.945E-02	1.095E+01
Fusarium_elaeidis_ex_type_FUN_000039	GCA_001702845_FUN_000128	159	1.174E-01	7.308E-02	7.683E-02	1.773E+01
Fusarium_elaeidis_ex_type_FUN_000039	GCA_002234105_FUN_000094	159	1.174E-01	7.308E-02	7.683E-02	1.773E+01
Fusarium_elaeidis_ex_type_FUN_000039	GCA_025203755_FUN_000017	159	1.174E-01	7.309E-02	7.683E-02	1.772E+01
Fusarium_elaeidis_ex_type_FUN_000039	AJ705_race4_FUN_000009	68	1.944E-01	6.954E-02	6.468E-02	1.452E+01
Fusarium_elaeidis_ex_type_FUN_000039	GCA_014839635_FUN_000049	169	1.386E-01	8.730E-02	7.975E-02	3.024E+01
Fusarium_elaeidis_ex_type_FUN_000039	GCA_000259975_FUN_000002	11	4.865E-01	4.282E-02	3.597E-02	1.960E+00
Fusarium_elaeidis_ex_type_FUN_000039	GCA_002234045_FUN_000287	35	3.714E-01	5.857E-02	3.989E-02	7.315E+00
Fusarium_elaeidis_ex_type_FUN_000039	GCA_025217005_FUN_000165	35	3.713E-01	5.857E-02	3.989E-02	7.312E+00
Fusarium_elaeidis_ex_type_FUN_000039	Fusarium_sp_128_FUN_000001	58	2.631E-01	8.012E-02	1.572E-01	1.020E+01
Fusarium_elaeidis_ex_type_FUN_000039	GCA_016170085_FUN_000003	153	1.418E-01	6.003E-02	9.178E-02	4.262E+01
Fusarium_elaeidis_ex_type_FUN_000039	GCA_019670925_FUN_000002	98	1.764E-01	6.969E-02	6.912E-02	1.202E+01
Fusarium_elaeidis_ex_type_FUN_000039	GCA_019671045_FUN_000019	118	1.754E-01	8.255E-02	8.273E-02	1.161E+01
Fusarium_elaeidis_ex_type_FUN_000039	GCA_049307005_FUN_000001	82	2.499E-01	1.027E-01	1.011E-01	1.046E+01
Fusarium_elaeidis_ex_type_FUN_000039	AJ718_race1_FUN_000292	157	1.364E-01	8.282E-02	7.418E-02	1.496E+01
Fusarium_elaeidis_ex_type_FUN_000039	GCA_025216365_FUN_000025	98	1.399E-01	6.663E-02	4.008E-02	4.617E+01
Fusarium_elaeidis_ex_type_FUN_000039	AJ718_race1_FUN_000294	109	1.020E-01	6.280E-02	5.564E-02	1.525E+01
Fusarium_elaeidis_ex_type_FUN_000039	GCA_023509805_FUN_000022	117	1.485E-01	8.085E-02	5.861E-02	1.595E+01
GCA_001703455_FUN_000133	GCA_001703455_FUN_000133	196	1.005E+00	1.000E+00	1.000E+00	6.030E-03
GCA_001703455_FUN_000133	GCA_009755825_FUN_000084	213	2.044E-01	1.899E-01	1.768E-01	1.533E+01
GCA_001703455_FUN_000133	GCA_009755825_FUN_000023	211	1.941E-01	1.694E-01	1.087E-01	1.457E+01
GCA_001703455_FUN_000133	GCA_002233855_FUN_000172	236	1.834E-01	1.726E-01	9.318E-02	2.015E+01
GCA_001703455_FUN_000133	Fusarium_fabacearum_ex_type_FUN_000005	233	1.479E-01	1.389E-01	1.288E-01	1.682E+01
GCA_001703455_FUN_000133	Fusarium_fabacearum_ex_type_FUN_000114	72	3.131E-01	1.193E-01	9.276E-02	9.276E+00
GCA_001703455_FUN_000133	GCA_001703205_FUN_000069	184	1.875E-01	1.554E-01	1.354E-01	1.495E+01
GCA_001703455_FUN_000133	GCA_001702495_FUN_000061	116	2.264E-01	1.271E-01	1.054E-01	1.223E+01
GCA_001703455_FUN_000133	AJ520_race1_FUN_000054	199	1.717E-01	1.481E-01	1.232E-01	1.618E+01
GCA_001703455_FUN_000133	AJ592_race4_FUN_000037	199	1.717E-01	1.481E-01	1.232E-01	1.618E+01
GCA_001703455_FUN_000133	AJ865_race1_FUN_000053	199	1.717E-01	1.481E-01	1.232E-01	1.618E+01
GCA_001703455_FUN_000133	Fusarium_sp_128_FUN_000003	96	3.351E-01	1.920E-01	1.228E-01	1.052E+01
GCA_001703455_FUN_000133	GCA_000259975_FUN_000015	93	1.741E-01	8.057E-02	1.091E-01	1.452E+01
GCA_001703455_FUN_000133	Fusarium_kalimantanense_ex_type-barcode07_FUN_000007	107	1.701E-01	8.983E-02	9.623E-02	1.534E+01
GCA_001703455_FUN_000133	GCA_025267645_FUN_000218	116	2.154E-01	1.108E-01	9.208E-02	1.376E+01
GCA_001703455_FUN_000133	GCA_002234015_FUN_000068	88	2.815E-01	1.247E-01	1.007E-01	1.092E+01
GCA_001703455_FUN_000133	GCA_002234105_FUN_000098	61	2.408E-01	9.144E-02	7.505E-02	1.558E+01
GCA_001703455_FUN_000133	Fusarium_sp_128_FUN_000001	75	2.235E-01	9.035E-02	1.668E-01	1.163E+01
GCA_001703455_FUN_000133	Fusarium_duoseptatum_ex_type-barcode03_FUN_000086	62	1.648E-01	8.539E-02	1.205E-01	1.364E+01
GCA_001703455_FUN_000133	Fusarium_gossypinum_ex_type_FUN_000050	92	2.891E-01	1.313E-01	6.764E-02	9.911E+00
GCA_001703455_FUN_000133	GCA_001703455_FUN_000315	92	2.891E-01	1.313E-01	6.764E-02	9.911E+00
GCA_001703455_FUN_000133	GCA_000259975_FUN_000028	91	2.374E-01	1.103E-01	1.095E-01	1.022E+01
GCA_001703455_FUN_000133	GCA_023509805_FUN_000022	37	2.399E-01	5.734E-02	3.688E-02	8.012E+00
GCA_001703455_FUN_000133	GCA_020796175_FUN_000123	56	1.751E-01	8.507E-02	1.252E-01	1.047E+01
GCA_001703455_FUN_000133	GCA_001702495_FUN_000036	48	1.344E-01	4.329E-02	4.862E-02	1.108E+01
GCA_021018635_FUN_000007	Fola4ENZA_FUN_000008	117	1.009E+00	1.000E+00	1.000E+00	0.000E+00
GCA_021018635_FUN_000007	GCA_000260495_FUN_000006	117	1.009E+00	1.000E+00	1.000E+00	0.000E+00
GCA_021018635_FUN_000007	GCA_001702695_FUN_000008	117	1.009E+00	1.000E+00	1.000E+00	0.000E+00
GCA_021018635_FUN_000007	GCA_003315725_FUN_000002	117	1.009E+00	1.000E+00	1.000E+00	0.000E+00
GCA_021018635_FUN_000007	GCA_014843455_FUN_000007	117	1.009E+00	1.000E+00	1.000E+00	0.000E+00
GCA_021018635_FUN_000007	GCA_021018635_FUN_000007	117	1.009E+00	1.000E+00	1.000E+00	0.000E+00
GCA_021018635_FUN_000007	GCA_032206225_FUN_000003	117	1.009E+00	1.000E+00	1.000E+00	0.000E+00
GCA_021018635_FUN_000007	Fola3ENZA_FUN_000004	117	8.421E-01	8.351E-01	8.351E-01	4.641E+00
GCA_021018635_FUN_000007	Fusarium_cugenangense_ex_type-barcode01_FUN_000020	117	8.421E-01	8.351E-01	8.351E-01	4.641E+00
GCA_021018635_FUN_000007	GCA_013347535_FUN_000022	117	8.421E-01	8.351E-01	8.351E-01	4.641E+00
GCA_021018635_FUN_000007	GCA_014843415_FUN_000017	117	8.421E-01	8.351E-01	8.351E-01	4.641E+00
GCA_021018635_FUN_000007	GCA_014843445_FUN_000019	117	8.421E-01	8.351E-01	8.351E-01	4.641E+00
GCA_021018635_FUN_000007	GCA_014843555_FUN_000006	117	8.421E-01	8.351E-01	8.351E-01	4.641E+00
GCA_021018635_FUN_000007	GCA_013423235_FUN_000001	117	8.288E-01	8.219E-01	7.889E-01	5.292E+00
GCA_021018635_FUN_000007	GCA_019670925_FUN_000040	91	2.906E-01	2.107E-01	1.269E-01	1.304E+01
GCA_021018635_FUN_000007	GCA_000259975_FUN_000015	64	3.649E-01	2.095E-01	1.881E-01	7.018E+00
GCA_021018635_FUN_000007	Fola1ENZA_FUN_000069	103	1.984E-01	1.638E-01	9.571E-02	1.528E+01
GCA_021018635_FUN_000007	Fola3ENZA_FUN_000009	101	2.045E-01	1.628E-01	9.550E-02	1.402E+01
GCA_021018635_FUN_000007	GCA_014843445_FUN_000023	101	2.045E-01	1.628E-01	9.550E-02	1.402E+01
GCA_021018635_FUN_000007	GCA_020796175_FUN_000007	103	1.984E-01	1.638E-01	9.571E-02	1.528E+01
GCA_021018635_FUN_000007	Fusarium_kalimantanense_ex_type-barcode07_FUN_000007	70	2.728E-01	1.475E-01	1.224E-01	1.115E+01
GCA_021018635_FUN_000007	GCA_014839635_FUN_000049	157	1.573E-01	1.363E-01	7.598E-02	1.621E+01
GCA_021018635_FUN_000007	Fusarium_duoseptatum_ex_type-barcode03_FUN_000160	106	1.725E-01	1.334E-01	1.059E-01	1.586E+01
GCA_021018635_FUN_000007	GCA_049306905_FUN_000029	79	2.338E-01	1.365E-01	4.122E-02	1.136E+01
GCA_021018635_FUN_000007	GCA_049307005_FUN_000032	79	2.338E-01	1.365E-01	4.122E-02	1.136E+01
GCA_021018635_FUN_000007	GCA_025267645_FUN_000212	66	3.510E-01	2.037E-01	1.405E-01	6.922E+00
GCA_021018635_FUN_000007	Fusarium_fabacearum_ex_type_FUN_000005	96	1.666E-01	1.245E-01	8.575E-02	1.359E+01
GCA_021018635_FUN_000007	GCA_050947165_FUN_000012	66	2.213E-01	1.464E-01	5.218E-02	1.254E+01
GCA_021018635_FUN_000007	GCA_050947235_FUN_000024	66	2.213E-01	1.464E-01	5.218E-02	1.254E+01
GCA_021018635_FUN_000007	GCA_023509805_FUN_000049	98	1.324E-01	9.300E-02	8.572E-02	1.885E+01
GCA_021018635_FUN_000007	GCA_049307005_FUN_000001	98	1.609E-01	1.338E-01	7.811E-02	1.596E+01
GCA_021018635_FUN_000007	AJ705_race4_FUN_000009	144	1.429E-01	1.163E-01	8.060E-02	1.654E+01
GCA_021018635_FUN_000007	GCA_048164945_FUN_000024	78	2.231E-01	1.267E-01	3.982E-02	1.163E+01
GCA_021018635_FUN_000007	GCA_023509805_FUN_000022	131	1.606E-01	1.277E-01	6.444E-02	1.388E+01
GCA_021018635_FUN_000007	GCA_018894095_FUN_000077	108	1.824E-01	1.376E-01	5.835E-02	1.088E+01
GCA_021018635_FUN_000007	GCA_020796175_FUN_000123	96	1.854E-01	1.513E-01	1.749E-01	1.434E+01
GCA_021018635_FUN_000007	Fusarium_cugenangense_ex_type-barcode01_FUN_000019	31	5.223E-01	2.019E-01	2.004E-01	3.464E+00
GCA_021018635_FUN_000007	GCA_013347535_FUN_000021	31	5.223E-01	2.019E-01	2.004E-01	3.464E+00
GCA_021018635_FUN_000007	GCA_014843415_FUN_000016	31	5.223E-01	2.019E-01	2.004E-01	3.464E+00
GCA_021018635_FUN_000007	GCA_014843555_FUN_000005	31	5.223E-01	2.019E-01	2.004E-01	3.464E+00
GCA_021018635_FUN_000007	GCA_025203755_FUN_000021	133	1.613E-01	1.490E-01	8.180E-02	1.689E+01
GCA_021018635_FUN_000007	Fusarium_sp_128_FUN_000003	119	1.603E-01	1.361E-01	6.540E-02	1.394E+01
GCA_021018635_FUN_000007	Fusarium_duoseptatum_ex_type-barcode03_FUN_000086	77	3.012E-01	1.891E-01	2.335E-01	1.433E+01
GCA_021018635_FUN_000007	GCA_000259975_FUN_000028	112	2.075E-01	1.425E-01	9.607E-02	1.161E+01
GCA_021018635_FUN_000007	AJ516_race4_FUN_000027	62	2.149E-01	1.154E-01	1.669E-01	9.636E+00
GCA_021018635_FUN_000007	AJ520_race1_FUN_000015	62	2.149E-01	1.154E-01	1.669E-01	9.636E+00
GCA_021018635_FUN_000007	AJ865_race1_FUN_000014	62	2.149E-01	1.154E-01	1.669E-01	9.636E+00
GCA_021018635_FUN_000007	GCA_038050555_FUN_000006	40	2.334E-01	7.910E-02	1.105E-01	1.450E+01
GCA_021018635_FUN_000007	GCA_019671045_FUN_000060	93	1.979E-01	1.527E-01	1.094E-01	1.365E+01
GCA_021018635_FUN_000007	GCA_016166325_FUN_000030	70	1.741E-01	1.122E-01	1.525E-01	8.051E+00
GCA_021018635_FUN_000007	GCA_016170085_FUN_000014	70	1.741E-01	1.122E-01	1.525E-01	8.051E+00
GCA_021018635_FUN_000007	Fusarium_kalimantanense_ex_type-barcode07_FUN_000026	55	1.989E-01	1.073E-01	1.457E-01	9.046E+00
GCA_021018635_FUN_000007	AJ516_race4_FUN_000013	136	1.848E-01	1.683E-01	1.441E-01	2.038E+01
GCA_021018635_FUN_000007	GCA_025203105_FUN_000005	86	2.036E-01	1.220E-01	9.187E-02	1.462E+01
GCA_021018635_FUN_000007	GCA_019670925_FUN_000002	56	1.835E-01	9.646E-02	6.148E-02	8.581E+00
GCA_021018635_FUN_000007	GCA_025267645_FUN_000218	87	1.474E-01	8.913E-02	5.610E-02	1.487E+01
GCA_021018635_FUN_000007	AJ516_race4_FUN_000033	71	2.547E-01	1.372E-01	4.054E-02	1.165E+01
GCA_021018635_FUN_000007	GCA_019671045_FUN_000019	57	1.851E-01	9.702E-02	6.164E-02	8.684E+00
GCA_021018635_FUN_000007	GCA_025267645_FUN_000197	66	1.494E-01	8.788E-02	7.798E-02	1.308E+01
GCA_016166325_FUN_000002	GCA_016166325_FUN_000002	90	1.011E+00	1.000E+00	1.000E+00	0.000E+00
GCA_016166325_FUN_000002	GCA_009755825_FUN_000025	88	3.026E-01	2.668E-01	1.352E-01	1.156E+01
GCA_016166325_FUN_000002	Fusarium_glycines_ex_type_FUN_000047	93	2.441E-01	2.236E-01	1.273E-01	1.041E+01
GCA_016166325_FUN_000002	Fusarium_glycines_ex_type_FUN_000042	48	3.531E-01	1.264E-01	8.582E-02	8.769E+00
GCA_016166325_FUN_000002	GCA_002234045_FUN_000287	117	1.426E-01	1.352E-01	5.693E-02	1.344E+01
Fusarium_cugenangense_ex_type-barcode01_FUN_000019	Fusarium_cugenangense_ex_type-barcode01_FUN_000019	118	1.009E+00	1.000E+00	1.000E+00	9.203E-03
Fusarium_cugenangense_ex_type-barcode01_FUN_000019	GCA_013347535_FUN_000021	118	1.009E+00	1.000E+00	1.000E+00	9.203E-03
Fusarium_cugenangense_ex_type-barcode01_FUN_000019	GCA_014843415_FUN_000016	118	1.009E+00	1.000E+00	1.000E+00	9.203E-03
Fusarium_cugenangense_ex_type-barcode01_FUN_000019	GCA_014843555_FUN_000005	118	1.009E+00	1.000E+00	1.000E+00	9.203E-03
Fusarium_cugenangense_ex_type-barcode01_FUN_000019	Fola4ENZA_FUN_000007	118	9.689E-01	9.612E-01	9.612E-01	1.176E+00
Fusarium_cugenangense_ex_type-barcode01_FUN_000019	Fusarium_phialophorum-barcode15_FUN_000015	118	9.689E-01	9.612E-01	9.612E-01	1.176E+00
Fusarium_cugenangense_ex_type-barcode01_FUN_000019	Fusarium_sp_128_FUN_000005	118	9.689E-01	9.612E-01	9.612E-01	1.176E+00
Fusarium_cugenangense_ex_type-barcode01_FUN_000019	GCA_001702695_FUN_000007	118	9.689E-01	9.612E-01	9.612E-01	1.176E+00
Fusarium_cugenangense_ex_type-barcode01_FUN_000019	GCA_003315725_FUN_000001	118	9.689E-01	9.612E-01	9.612E-01	1.176E+00
Fusarium_cugenangense_ex_type-barcode01_FUN_000019	GCA_014843455_FUN_000006	118	9.689E-01	9.612E-01	9.612E-01	1.176E+00
Fusarium_cugenangense_ex_type-barcode01_FUN_000019	GCA_021018635_FUN_000006	118	9.689E-01	9.612E-01	9.612E-01	1.176E+00
Fusarium_cugenangense_ex_type-barcode01_FUN_000019	GCA_032206225_FUN_000002	118	9.689E-01	9.612E-01	9.612E-01	1.176E+00
Fusarium_cugenangense_ex_type-barcode01_FUN_000019	Fusarium_sp_128_FUN_000001	99	7.751E-01	5.470E-01	7.139E-01	2.930E+00
Fusarium_cugenangense_ex_type-barcode01_FUN_000019	GCA_019593505_FUN_000203	103	6.500E-01	4.887E-01	5.822E-01	4.050E+00
Fusarium_cugenangense_ex_type-barcode01_FUN_000019	GCA_013423235_FUN_000011	106	6.137E-01	4.900E-01	4.534E-01	7.356E+00
Fusarium_cugenangense_ex_type-barcode01_FUN_000019	GCA_002234015_FUN_000043	114	5.733E-01	4.816E-01	3.694E-01	7.660E+00
Fusarium_cugenangense_ex_type-barcode01_FUN_000019	GCA_001702495_FUN_000036	119	5.475E-01	4.601E-01	3.528E-01	6.285E+00
Fusarium_cugenangense_ex_type-barcode01_FUN_000019	GCA_025267645_FUN_000212	94	4.395E-01	3.233E-01	2.257E-01	5.119E+00
Fusarium_cugenangense_ex_type-barcode01_FUN_000019	GCA_019670925_FUN_000050	75	3.570E-01	1.873E-01	1.189E-01	1.091E+01
Fusarium_cugenangense_ex_type-barcode01_FUN_000019	GCA_001703205_FUN_000069	112	2.670E-01	1.945E-01	1.039E-01	1.649E+01
Fusarium_cugenangense_ex_type-barcode01_FUN_000019	AJ520_race1_FUN_000054	112	2.670E-01	1.943E-01	1.049E-01	1.649E+01
Fusarium_cugenangense_ex_type-barcode01_FUN_000019	AJ592_race4_FUN_000037	112	2.670E-01	1.943E-01	1.049E-01	1.649E+01
Fusarium_cugenangense_ex_type-barcode01_FUN_000019	AJ865_race1_FUN_000053	112	2.670E-01	1.943E-01	1.049E-01	1.649E+01
Fusarium_cugenangense_ex_type-barcode01_FUN_000019	GCA_009755825_FUN_000023	123	1.802E-01	1.535E-01	6.962E-02	1.481E+01
Fusarium_cugenangense_ex_type-barcode01_FUN_000019	Fola3ENZA_FUN_000004	31	5.224E-01	2.004E-01	2.019E-01	3.464E+00
Fusarium_cugenangense_ex_type-barcode01_FUN_000019	Fola4ENZA_FUN_000008	31	5.223E-01	2.004E-01	2.019E-01	3.464E+00
Fusarium_cugenangense_ex_type-barcode01_FUN_000019	Fusarium_cugenangense_ex_type-barcode01_FUN_000020	31	5.224E-01	2.004E-01	2.019E-01	3.464E+00
Fusarium_cugenangense_ex_type-barcode01_FUN_000019	GCA_000260495_FUN_000006	31	5.223E-01	2.004E-01	2.019E-01	3.464E+00
Fusarium_cugenangense_ex_type-barcode01_FUN_000019	GCA_001702695_FUN_000008	31	5.223E-01	2.004E-01	2.019E-01	3.464E+00
Fusarium_cugenangense_ex_type-barcode01_FUN_000019	GCA_003315725_FUN_000002	31	5.223E-01	2.004E-01	2.019E-01	3.464E+00
Fusarium_cugenangense_ex_type-barcode01_FUN_000019	GCA_013347535_FUN_000022	31	5.224E-01	2.004E-01	2.019E-01	3.464E+00
Fusarium_cugenangense_ex_type-barcode01_FUN_000019	GCA_014843415_FUN_000017	31	5.224E-01	2.004E-01	2.019E-01	3.464E+00
Fusarium_cugenangense_ex_type-barcode01_FUN_000019	GCA_014843445_FUN_000019	31	5.224E-01	2.004E-01	2.019E-01	3.464E+00
Fusarium_cugenangense_ex_type-barcode01_FUN_000019	GCA_014843455_FUN_000007	31	5.223E-01	2.004E-01	2.019E-01	3.464E+00
Fusarium_cugenangense_ex_type-barcode01_FUN_000019	GCA_014843555_FUN_000006	31	5.224E-01	2.004E-01	2.019E-01	3.464E+00
Fusarium_cugenangense_ex_type-barcode01_FUN_000019	GCA_021018635_FUN_000007	31	5.223E-01	2.004E-01	2.019E-01	3.464E+00
Fusarium_cugenangense_ex_type-barcode01_FUN_000019	GCA_032206225_FUN_000003	31	5.223E-01	2.004E-01	2.019E-01	3.464E+00
Fusarium_cugenangense_ex_type-barcode01_FUN_000019	GCA_013423235_FUN_000001	31	5.224E-01	2.004E-01	1.947E-01	3.463E+00
Fusarium_cugenangense_ex_type-barcode01_FUN_000019	GCA_025203105_FUN_000007	124	1.784E-01	1.406E-01	1.060E-01	1.358E+01
Fusarium_cugenangense_ex_type-barcode01_FUN_000019	Fola2ENZA_FUN_000005	100	2.393E-01	1.868E-01	1.646E-01	1.084E+01
Fusarium_cugenangense_ex_type-barcode01_FUN_000019	Fusarium_duoseptatum_ex_type-barcode03_FUN_000160	172	2.240E-01	2.097E-01	1.662E-01	1.560E+01
Fusarium_cugenangense_ex_type-barcode01_FUN_000019	Fusarium_fabacearum_ex_type_FUN_000005	143	1.535E-01	1.139E-01	9.681E-02	1.454E+01
Fusarium_cugenangense_ex_type-barcode01_FUN_000019	Fusarium_elaeidis_ex_type_FUN_000039	57	2.421E-01	1.502E-01	9.964E-02	1.078E+01
Fusarium_cugenangense_ex_type-barcode01_FUN_000019	GCA_020796175_FUN_000123	89	2.219E-01	1.357E-01	1.582E-01	1.070E+01
Fusarium_cugenangense_ex_type-barcode01_FUN_000019	GCA_019671045_FUN_000060	119	1.352E-01	1.186E-01	8.326E-02	1.641E+01
Fusarium_cugenangense_ex_type-barcode01_FUN_000019	GCA_015227905_FUN_000281	93	1.832E-01	1.398E-01	9.075E-02	1.451E+01
Fusarium_cugenangense_ex_type-barcode01_FUN_000019	GCA_002233855_FUN_000172	184	1.451E-01	1.422E-01	5.962E-02	1.671E+01
Fusarium_cugenangense_ex_type-barcode01_FUN_000019	Fusarium_duoseptatum_ex_type-barcode03_FUN_000086	90	2.386E-01	1.830E-01	2.127E-01	1.204E+01
Fusarium_cugenangense_ex_type-barcode01_FUN_000019	GCA_009755825_FUN_000084	36	2.164E-01	1.140E-01	7.588E-02	5.278E+00
Fusarium_cugenangense_ex_type-barcode01_FUN_000019	Fusarium_kalimantanense_ex_type-barcode07_FUN_000007	96	1.635E-01	1.093E-01	9.561E-02	1.706E+01
Fusarium_cugenangense_ex_type-barcode01_FUN_000019	GCA_025267645_FUN_000218	46	3.312E-01	1.347E-01	7.686E-02	6.250E+00
Fusarium_cugenangense_ex_type-barcode01_FUN_000019	GCA_014839635_FUN_000049	127	1.459E-01	1.212E-01	7.826E-02	1.343E+01
Fusarium_cugenangense_ex_type-barcode01_FUN_000019	AJ592_race4_FUN_000062	86	1.634E-01	1.054E-01	4.557E-02	1.439E+01
Fusarium_cugenangense_ex_type-barcode01_FUN_000019	AJ705_race4_FUN_000001	86	1.634E-01	1.054E-01	4.557E-02	1.439E+01
Fusarium_cugenangense_ex_type-barcode01_FUN_000019	GCA_025216365_FUN_000109	121	2.408E-01	2.143E-01	6.422E-02	1.231E+01
Fusarium_cugenangense_ex_type-barcode01_FUN_000019	GCA_049307005_FUN_000001	103	1.715E-01	1.309E-01	8.054E-02	1.513E+01
Fusarium_cugenangense_ex_type-barcode01_FUN_000019	GCA_025216365_FUN_000025	88	1.654E-01	1.170E-01	3.955E-02	4.470E+01
Fusarium_cugenangense_ex_type-barcode01_FUN_000019	Fusarium_gossypinum_ex_type_FUN_000050	54	2.743E-01	1.240E-01	4.249E-02	7.257E+00
Fusarium_cugenangense_ex_type-barcode01_FUN_000019	GCA_001703455_FUN_000315	54	2.743E-01	1.240E-01	4.249E-02	7.257E+00
Fusarium_cugenangense_ex_type-barcode01_FUN_000019	GCA_023509805_FUN_000022	10	4.871E-01	6.456E-02	2.226E-02	3.358E+00
Fusarium_elaeidis_ex_type_FUN_000093	Fusarium_elaeidis_ex_type_FUN_000093	178	1.006E+00	1.000E+00	1.000E+00	0.000E+00
Fusarium_elaeidis_ex_type_FUN_000093	GCA_009755825_FUN_000025	175	4.230E-01	3.649E-01	3.016E-01	6.862E+00
Fusarium_elaeidis_ex_type_FUN_000093	GCA_025217005_FUN_000165	60	4.720E-01	1.780E-01	9.995E-02	8.762E+00
Fusarium_elaeidis_ex_type_FUN_000093	GCA_002234045_FUN_000287	46	5.761E-01	1.723E-01	9.381E-02	5.723E+00
Fusarium_elaeidis_ex_type_FUN_000093	GCA_025203755_FUN_000032	186	3.347E-01	3.055E-01	1.618E-01	2.332E+01
Fusarium_elaeidis_ex_type_FUN_000093	GCA_002234045_FUN_000302	97	3.241E-01	1.561E-01	7.222E-02	1.683E+01
Fusarium_elaeidis_ex_type_FUN_000093	Fusarium_glycines_ex_type_FUN_000047	192	2.561E-01	2.211E-01	2.107E-01	1.413E+01
Fusarium_elaeidis_ex_type_FUN_000093	GCA_000260495_FUN_000010	104	1.926E-01	1.756E-01	2.055E-01	1.175E+01
Fusarium_elaeidis_ex_type_FUN_000093	GCA_003315725_FUN_000007	104	1.926E-01	1.756E-01	2.055E-01	1.175E+01
Fusarium_elaeidis_ex_type_FUN_000093	GCA_021018635_FUN_000012	104	1.926E-01	1.756E-01	2.055E-01	1.175E+01
GCA_014843555_FUN_000005	Fusarium_cugenangense_ex_type-barcode01_FUN_000019	118	1.009E+00	1.000E+00	1.000E+00	9.203E-03
GCA_014843555_FUN_000005	GCA_013347535_FUN_000021	118	1.009E+00	1.000E+00	1.000E+00	9.203E-03
GCA_014843555_FUN_000005	GCA_014843415_FUN_000016	118	1.009E+00	1.000E+00	1.000E+00	9.203E-03
GCA_014843555_FUN_000005	GCA_014843555_FUN_000005	118	1.009E+00	1.000E+00	1.000E+00	9.203E-03
GCA_014843555_FUN_000005	Fola4ENZA_FUN_000007	118	9.689E-01	9.612E-01	9.612E-01	1.176E+00
GCA_014843555_FUN_000005	Fusarium_phialophorum-barcode15_FUN_000015	118	9.689E-01	9.612E-01	9.612E-01	1.176E+00
GCA_014843555_FUN_000005	Fusarium_sp_128_FUN_000005	118	9.689E-01	9.612E-01	9.612E-01	1.176E+00
GCA_014843555_FUN_000005	GCA_001702695_FUN_000007	118	9.689E-01	9.612E-01	9.612E-01	1.176E+00
GCA_014843555_FUN_000005	GCA_003315725_FUN_000001	118	9.689E-01	9.612E-01	9.612E-01	1.176E+00
GCA_014843555_FUN_000005	GCA_014843455_FUN_000006	118	9.689E-01	9.612E-01	9.612E-01	1.176E+00
GCA_014843555_FUN_000005	GCA_021018635_FUN_000006	118	9.689E-01	9.612E-01	9.612E-01	1.176E+00
GCA_014843555_FUN_000005	GCA_032206225_FUN_000002	118	9.689E-01	9.612E-01	9.612E-01	1.176E+00
GCA_014843555_FUN_000005	Fusarium_sp_128_FUN_000001	99	7.751E-01	5.470E-01	7.139E-01	2.930E+00
GCA_014843555_FUN_000005	GCA_019593505_FUN_000203	103	6.500E-01	4.887E-01	5.822E-01	4.050E+00
GCA_014843555_FUN_000005	GCA_013423235_FUN_000011	106	6.137E-01	4.900E-01	4.534E-01	7.356E+00
GCA_014843555_FUN_000005	GCA_002234015_FUN_000043	114	5.733E-01	4.816E-01	3.694E-01	7.660E+00
GCA_014843555_FUN_000005	GCA_001702495_FUN_000036	119	5.475E-01	4.601E-01	3.528E-01	6.285E+00
GCA_014843555_FUN_000005	GCA_025267645_FUN_000212	94	4.395E-01	3.233E-01	2.257E-01	5.119E+00
GCA_014843555_FUN_000005	GCA_019670925_FUN_000050	75	3.570E-01	1.873E-01	1.189E-01	1.091E+01
GCA_014843555_FUN_000005	GCA_001703205_FUN_000069	112	2.670E-01	1.945E-01	1.039E-01	1.649E+01
GCA_014843555_FUN_000005	AJ520_race1_FUN_000054	112	2.670E-01	1.943E-01	1.049E-01	1.649E+01
GCA_014843555_FUN_000005	AJ592_race4_FUN_000037	112	2.670E-01	1.943E-01	1.049E-01	1.649E+01
GCA_014843555_FUN_000005	AJ865_race1_FUN_000053	112	2.670E-01	1.943E-01	1.049E-01	1.649E+01
GCA_014843555_FUN_000005	GCA_009755825_FUN_000023	123	1.802E-01	1.535E-01	6.962E-02	1.481E+01
GCA_014843555_FUN_000005	Fola3ENZA_FUN_000004	31	5.224E-01	2.004E-01	2.019E-01	3.464E+00
GCA_014843555_FUN_000005	Fola4ENZA_FUN_000008	31	5.223E-01	2.004E-01	2.019E-01	3.464E+00
GCA_014843555_FUN_000005	Fusarium_cugenangense_ex_type-barcode01_FUN_000020	31	5.224E-01	2.004E-01	2.019E-01	3.464E+00
GCA_014843555_FUN_000005	GCA_000260495_FUN_000006	31	5.223E-01	2.004E-01	2.019E-01	3.464E+00
GCA_014843555_FUN_000005	GCA_001702695_FUN_000008	31	5.223E-01	2.004E-01	2.019E-01	3.464E+00
GCA_014843555_FUN_000005	GCA_003315725_FUN_000002	31	5.223E-01	2.004E-01	2.019E-01	3.464E+00
GCA_014843555_FUN_000005	GCA_013347535_FUN_000022	31	5.224E-01	2.004E-01	2.019E-01	3.464E+00
GCA_014843555_FUN_000005	GCA_014843415_FUN_000017	31	5.224E-01	2.004E-01	2.019E-01	3.464E+00
GCA_014843555_FUN_000005	GCA_014843445_FUN_000019	31	5.224E-01	2.004E-01	2.019E-01	3.464E+00
GCA_014843555_FUN_000005	GCA_014843455_FUN_000007	31	5.223E-01	2.004E-01	2.019E-01	3.464E+00
GCA_014843555_FUN_000005	GCA_014843555_FUN_000006	31	5.224E-01	2.004E-01	2.019E-01	3.464E+00
GCA_014843555_FUN_000005	GCA_021018635_FUN_000007	31	5.223E-01	2.004E-01	2.019E-01	3.464E+00
GCA_014843555_FUN_000005	GCA_032206225_FUN_000003	31	5.223E-01	2.004E-01	2.019E-01	3.464E+00
GCA_014843555_FUN_000005	GCA_013423235_FUN_000001	31	5.224E-01	2.004E-01	1.947E-01	3.463E+00
GCA_014843555_FUN_000005	GCA_025203105_FUN_000007	124	1.784E-01	1.406E-01	1.060E-01	1.358E+01
GCA_014843555_FUN_000005	Fola2ENZA_FUN_000005	100	2.393E-01	1.868E-01	1.646E-01	1.084E+01
GCA_014843555_FUN_000005	Fusarium_duoseptatum_ex_type-barcode03_FUN_000160	172	2.240E-01	2.097E-01	1.662E-01	1.560E+01
GCA_014843555_FUN_000005	Fusarium_fabacearum_ex_type_FUN_000005	143	1.535E-01	1.139E-01	9.681E-02	1.454E+01
GCA_014843555_FUN_000005	Fusarium_elaeidis_ex_type_FUN_000039	57	2.421E-01	1.502E-01	9.964E-02	1.078E+01
GCA_014843555_FUN_000005	GCA_020796175_FUN_000123	89	2.219E-01	1.357E-01	1.582E-01	1.070E+01
GCA_014843555_FUN_000005	GCA_019671045_FUN_000060	119	1.352E-01	1.186E-01	8.326E-02	1.641E+01
GCA_014843555_FUN_000005	GCA_015227905_FUN_000281	93	1.832E-01	1.398E-01	9.075E-02	1.451E+01
GCA_014843555_FUN_000005	GCA_002233855_FUN_000172	184	1.451E-01	1.422E-01	5.962E-02	1.671E+01
GCA_014843555_FUN_000005	Fusarium_duoseptatum_ex_type-barcode03_FUN_000086	90	2.386E-01	1.830E-01	2.127E-01	1.204E+01
GCA_014843555_FUN_000005	GCA_009755825_FUN_000084	36	2.164E-01	1.140E-01	7.588E-02	5.278E+00
GCA_014843555_FUN_000005	Fusarium_kalimantanense_ex_type-barcode07_FUN_000007	96	1.635E-01	1.093E-01	9.561E-02	1.706E+01
GCA_014843555_FUN_000005	GCA_025267645_FUN_000218	46	3.312E-01	1.347E-01	7.686E-02	6.250E+00
GCA_014843555_FUN_000005	GCA_014839635_FUN_000049	127	1.459E-01	1.212E-01	7.826E-02	1.343E+01
GCA_014843555_FUN_000005	AJ592_race4_FUN_000062	86	1.634E-01	1.054E-01	4.557E-02	1.439E+01
GCA_014843555_FUN_000005	AJ705_race4_FUN_000001	86	1.634E-01	1.054E-01	4.557E-02	1.439E+01
GCA_014843555_FUN_000005	GCA_025216365_FUN_000109	121	2.408E-01	2.143E-01	6.422E-02	1.231E+01
GCA_014843555_FUN_000005	GCA_049307005_FUN_000001	103	1.715E-01	1.309E-01	8.054E-02	1.513E+01
GCA_014843555_FUN_000005	GCA_025216365_FUN_000025	88	1.654E-01	1.170E-01	3.955E-02	4.470E+01
GCA_014843555_FUN_000005	Fusarium_gossypinum_ex_type_FUN_000050	54	2.743E-01	1.240E-01	4.249E-02	7.257E+00
GCA_014843555_FUN_000005	GCA_001703455_FUN_000315	54	2.743E-01	1.240E-01	4.249E-02	7.257E+00
GCA_014843555_FUN_000005	GCA_023509805_FUN_000022	10	4.871E-01	6.456E-02	2.226E-02	3.358E+00
GCA_032206225_FUN_000009	GCA_032206225_FUN_000009	141	1.007E+00	1.000E+00	1.000E+00	0.000E+00
GCA_032206225_FUN_000009	GCA_000260495_FUN_000010	141	9.246E-01	9.182E-01	9.182E-01	3.139E+00
GCA_032206225_FUN_000009	GCA_003315725_FUN_000007	141	9.246E-01	9.182E-01	9.182E-01	3.139E+00
GCA_032206225_FUN_000009	GCA_021018635_FUN_000012	141	9.246E-01	9.182E-01	9.182E-01	3.139E+00
GCA_032206225_FUN_000009	GCA_009755825_FUN_000025	197	1.693E-01	1.677E-01	1.236E-01	1.868E+01
GCA_032206225_FUN_000009	GCA_025203755_FUN_000032	149	2.397E-01	2.207E-01	1.206E-01	1.388E+01
GCA_032206225_FUN_000009	GCA_025216365_FUN_000109	45	3.726E-01	1.713E-01	5.159E-02	5.575E+00
GCA_032206225_FUN_000009	GCA_002234045_FUN_000287	93	2.516E-01	1.359E-01	7.373E-02	1.289E+01
GCA_032206225_FUN_000009	GCA_025217005_FUN_000165	90	2.242E-01	1.308E-01	7.264E-02	1.288E+01
GCA_032206225_FUN_000009	Fusarium_glycines_ex_type_FUN_000047	163	2.261E-01	2.146E-01	1.759E-01	1.324E+01
GCA_001702695_FUN_000008	Fola4ENZA_FUN_000008	117	1.009E+00	1.000E+00	1.000E+00	0.000E+00
GCA_001702695_FUN_000008	GCA_000260495_FUN_000006	117	1.009E+00	1.000E+00	1.000E+00	0.000E+00
GCA_001702695_FUN_000008	GCA_001702695_FUN_000008	117	1.009E+00	1.000E+00	1.000E+00	0.000E+00
GCA_001702695_FUN_000008	GCA_003315725_FUN_000002	117	1.009E+00	1.000E+00	1.000E+00	0.000E+00
GCA_001702695_FUN_000008	GCA_014843455_FUN_000007	117	1.009E+00	1.000E+00	1.000E+00	0.000E+00
GCA_001702695_FUN_000008	GCA_021018635_FUN_000007	117	1.009E+00	1.000E+00	1.000E+00	0.000E+00
GCA_001702695_FUN_000008	GCA_032206225_FUN_000003	117	1.009E+00	1.000E+00	1.000E+00	0.000E+00
GCA_001702695_FUN_000008	Fola3ENZA_FUN_000004	117	8.421E-01	8.351E-01	8.351E-01	4.641E+00
GCA_001702695_FUN_000008	Fusarium_cugenangense_ex_type-barcode01_FUN_000020	117	8.421E-01	8.351E-01	8.351E-01	4.641E+00
GCA_001702695_FUN_000008	GCA_013347535_FUN_000022	117	8.421E-01	8.351E-01	8.351E-01	4.641E+00
GCA_001702695_FUN_000008	GCA_014843415_FUN_000017	117	8.421E-01	8.351E-01	8.351E-01	4.641E+00
GCA_001702695_FUN_000008	GCA_014843445_FUN_000019	117	8.421E-01	8.351E-01	8.351E-01	4.641E+00
GCA_001702695_FUN_000008	GCA_014843555_FUN_000006	117	8.421E-01	8.351E-01	8.351E-01	4.641E+00
GCA_001702695_FUN_000008	GCA_013423235_FUN_000001	117	8.288E-01	8.219E-01	7.889E-01	5.292E+00
GCA_001702695_FUN_000008	GCA_019670925_FUN_000040	91	2.906E-01	2.107E-01	1.269E-01	1.304E+01
GCA_001702695_FUN_000008	GCA_000259975_FUN_000015	64	3.649E-01	2.095E-01	1.881E-01	7.018E+00
GCA_001702695_FUN_000008	Fola1ENZA_FUN_000069	103	1.984E-01	1.638E-01	9.571E-02	1.528E+01
GCA_001702695_FUN_000008	Fola3ENZA_FUN_000009	101	2.045E-01	1.628E-01	9.550E-02	1.402E+01
GCA_001702695_FUN_000008	GCA_014843445_FUN_000023	101	2.045E-01	1.628E-01	9.550E-02	1.402E+01
GCA_001702695_FUN_000008	GCA_020796175_FUN_000007	103	1.984E-01	1.638E-01	9.571E-02	1.528E+01
GCA_001702695_FUN_000008	Fusarium_kalimantanense_ex_type-barcode07_FUN_000007	70	2.728E-01	1.475E-01	1.224E-01	1.115E+01
GCA_001702695_FUN_000008	GCA_014839635_FUN_000049	157	1.573E-01	1.363E-01	7.598E-02	1.621E+01
GCA_001702695_FUN_000008	Fusarium_duoseptatum_ex_type-barcode03_FUN_000160	106	1.725E-01	1.334E-01	1.059E-01	1.586E+01
GCA_001702695_FUN_000008	GCA_049306905_FUN_000029	79	2.338E-01	1.365E-01	4.122E-02	1.136E+01
GCA_001702695_FUN_000008	GCA_049307005_FUN_000032	79	2.338E-01	1.365E-01	4.122E-02	1.136E+01
GCA_001702695_FUN_000008	GCA_025267645_FUN_000212	66	3.510E-01	2.037E-01	1.405E-01	6.922E+00
GCA_001702695_FUN_000008	Fusarium_fabacearum_ex_type_FUN_000005	96	1.666E-01	1.245E-01	8.575E-02	1.359E+01
GCA_001702695_FUN_000008	GCA_050947165_FUN_000012	66	2.213E-01	1.464E-01	5.218E-02	1.254E+01
GCA_001702695_FUN_000008	GCA_050947235_FUN_000024	66	2.213E-01	1.464E-01	5.218E-02	1.254E+01
GCA_001702695_FUN_000008	GCA_023509805_FUN_000049	98	1.324E-01	9.300E-02	8.572E-02	1.885E+01
GCA_001702695_FUN_000008	GCA_049307005_FUN_000001	98	1.609E-01	1.338E-01	7.811E-02	1.596E+01
GCA_001702695_FUN_000008	AJ705_race4_FUN_000009	144	1.429E-01	1.163E-01	8.060E-02	1.654E+01
GCA_001702695_FUN_000008	GCA_048164945_FUN_000024	78	2.231E-01	1.267E-01	3.982E-02	1.163E+01
GCA_001702695_FUN_000008	GCA_023509805_FUN_000022	131	1.606E-01	1.277E-01	6.444E-02	1.388E+01
GCA_001702695_FUN_000008	GCA_018894095_FUN_000077	108	1.824E-01	1.376E-01	5.835E-02	1.088E+01
GCA_001702695_FUN_000008	GCA_020796175_FUN_000123	96	1.854E-01	1.513E-01	1.749E-01	1.434E+01
GCA_001702695_FUN_000008	Fusarium_cugenangense_ex_type-barcode01_FUN_000019	31	5.223E-01	2.019E-01	2.004E-01	3.464E+00
GCA_001702695_FUN_000008	GCA_013347535_FUN_000021	31	5.223E-01	2.019E-01	2.004E-01	3.464E+00
GCA_001702695_FUN_000008	GCA_014843415_FUN_000016	31	5.223E-01	2.019E-01	2.004E-01	3.464E+00
GCA_001702695_FUN_000008	GCA_014843555_FUN_000005	31	5.223E-01	2.019E-01	2.004E-01	3.464E+00
GCA_001702695_FUN_000008	GCA_025203755_FUN_000021	133	1.613E-01	1.490E-01	8.180E-02	1.689E+01
GCA_001702695_FUN_000008	Fusarium_sp_128_FUN_000003	119	1.603E-01	1.361E-01	6.540E-02	1.394E+01
GCA_001702695_FUN_000008	Fusarium_duoseptatum_ex_type-barcode03_FUN_000086	77	3.012E-01	1.891E-01	2.335E-01	1.433E+01
GCA_001702695_FUN_000008	GCA_000259975_FUN_000028	112	2.075E-01	1.425E-01	9.607E-02	1.161E+01
GCA_001702695_FUN_000008	AJ516_race4_FUN_000027	62	2.149E-01	1.154E-01	1.669E-01	9.636E+00
GCA_001702695_FUN_000008	AJ520_race1_FUN_000015	62	2.149E-01	1.154E-01	1.669E-01	9.636E+00
GCA_001702695_FUN_000008	AJ865_race1_FUN_000014	62	2.149E-01	1.154E-01	1.669E-01	9.636E+00
GCA_001702695_FUN_000008	GCA_038050555_FUN_000006	40	2.334E-01	7.910E-02	1.105E-01	1.450E+01
GCA_001702695_FUN_000008	GCA_019671045_FUN_000060	93	1.979E-01	1.527E-01	1.094E-01	1.365E+01
GCA_001702695_FUN_000008	GCA_016166325_FUN_000030	70	1.741E-01	1.122E-01	1.525E-01	8.051E+00
GCA_001702695_FUN_000008	GCA_016170085_FUN_000014	70	1.741E-01	1.122E-01	1.525E-01	8.051E+00
GCA_001702695_FUN_000008	Fusarium_kalimantanense_ex_type-barcode07_FUN_000026	55	1.989E-01	1.073E-01	1.457E-01	9.046E+00
GCA_001702695_FUN_000008	AJ516_race4_FUN_000013	136	1.848E-01	1.683E-01	1.441E-01	2.038E+01
GCA_001702695_FUN_000008	GCA_025203105_FUN_000005	86	2.036E-01	1.220E-01	9.187E-02	1.462E+01
GCA_001702695_FUN_000008	GCA_019670925_FUN_000002	56	1.835E-01	9.646E-02	6.148E-02	8.581E+00
GCA_001702695_FUN_000008	GCA_025267645_FUN_000218	87	1.474E-01	8.913E-02	5.610E-02	1.487E+01
GCA_001702695_FUN_000008	AJ516_race4_FUN_000033	71	2.547E-01	1.372E-01	4.054E-02	1.165E+01
GCA_001702695_FUN_000008	GCA_019671045_FUN_000019	57	1.851E-01	9.702E-02	6.164E-02	8.684E+00
GCA_001702695_FUN_000008	GCA_025267645_FUN_000197	66	1.494E-01	8.788E-02	7.798E-02	1.308E+01
GCA_048164945_FUN_000024	GCA_048164945_FUN_000024	507	1.002E+00	1.000E+00	1.000E+00	0.000E+00
GCA_048164945_FUN_000024	GCA_049306905_FUN_000029	507	9.637E-01	9.619E-01	9.619E-01	1.814E+00
GCA_048164945_FUN_000024	GCA_049307005_FUN_000032	507	9.637E-01	9.619E-01	9.619E-01	1.814E+00
GCA_048164945_FUN_000024	AJ516_race4_FUN_000033	504	8.211E-01	8.147E-01	8.116E-01	1.164E+01
GCA_048164945_FUN_000024	GCA_018894095_FUN_000077	507	8.739E-01	8.723E-01	8.723E-01	3.962E+00
GCA_048164945_FUN_000024	GCA_050947165_FUN_000012	507	7.936E-01	7.921E-01	7.921E-01	7.736E+00
GCA_048164945_FUN_000024	GCA_050947235_FUN_000024	507	7.936E-01	7.921E-01	7.921E-01	7.736E+00
GCA_048164945_FUN_000024	Fola1ENZA_FUN_000069	72	2.434E-01	4.748E-02	8.843E-02	1.231E+01
GCA_048164945_FUN_000024	GCA_020796175_FUN_000007	72	2.434E-01	4.748E-02	8.843E-02	1.231E+01
GCA_048164945_FUN_000024	Fusarium_duoseptatum_ex_type-barcode03_FUN_000160	52	3.147E-01	3.676E-02	9.096E-02	9.093E+00
GCA_048164945_FUN_000024	GCA_025203105_FUN_000005	43	3.913E-01	4.834E-02	9.805E-02	6.453E+00
GCA_048164945_FUN_000024	GCA_013423235_FUN_000011	60	2.924E-01	5.545E-02	1.628E-01	8.904E+00
GCA_048164945_FUN_000024	Fola3ENZA_FUN_000004	78	2.232E-01	3.983E-02	1.268E-01	1.163E+01
GCA_048164945_FUN_000024	Fola4ENZA_FUN_000008	78	2.231E-01	3.982E-02	1.267E-01	1.163E+01
GCA_048164945_FUN_000024	Fusarium_cugenangense_ex_type-barcode01_FUN_000020	78	2.232E-01	3.983E-02	1.268E-01	1.163E+01
GCA_048164945_FUN_000024	GCA_000260495_FUN_000006	78	2.231E-01	3.982E-02	1.267E-01	1.163E+01
GCA_048164945_FUN_000024	GCA_001702695_FUN_000008	78	2.231E-01	3.982E-02	1.267E-01	1.163E+01
GCA_048164945_FUN_000024	GCA_003315725_FUN_000002	78	2.231E-01	3.982E-02	1.267E-01	1.163E+01
GCA_048164945_FUN_000024	GCA_013347535_FUN_000022	78	2.232E-01	3.983E-02	1.268E-01	1.163E+01
GCA_048164945_FUN_000024	GCA_014843415_FUN_000017	78	2.232E-01	3.983E-02	1.268E-01	1.163E+01
GCA_048164945_FUN_000024	GCA_014843445_FUN_000019	78	2.232E-01	3.983E-02	1.268E-01	1.163E+01
GCA_048164945_FUN_000024	GCA_014843455_FUN_000007	78	2.231E-01	3.982E-02	1.267E-01	1.163E+01
GCA_048164945_FUN_000024	GCA_014843555_FUN_000006	78	2.232E-01	3.983E-02	1.268E-01	1.163E+01
GCA_048164945_FUN_000024	GCA_021018635_FUN_000007	78	2.231E-01	3.982E-02	1.267E-01	1.163E+01
GCA_048164945_FUN_000024	GCA_032206225_FUN_000003	78	2.231E-01	3.982E-02	1.267E-01	1.163E+01
GCA_048164945_FUN_000024	GCA_013423235_FUN_000001	78	2.235E-01	3.984E-02	1.226E-01	1.163E+01
GCA_048164945_FUN_000024	GCA_025217005_FUN_000165	124	2.605E-01	7.174E-02	9.713E-02	1.621E+01
GCA_048164945_FUN_000024	AJ718_race1_FUN_000094	45	2.675E-01	4.909E-02	6.404E-02	7.072E+00
GCA_048164945_FUN_000024	GCA_048164945_FUN_000019	38	5.511E-01	3.858E-02	2.195E-01	6.878E+00
GCA_048164945_FUN_000024	Fola2ENZA_FUN_000005	36	3.962E-01	5.118E-02	1.465E-01	4.169E+00
GCA_048164945_FUN_000024	GCA_016170085_FUN_000003	75	2.416E-01	5.248E-02	1.388E-01	4.361E+01
GCA_048164945_FUN_000024	GCA_018894095_FUN_000086	50	4.248E-01	4.949E-02	1.400E-01	1.094E+01
GCA_048164945_FUN_000024	GCA_025267645_FUN_000197	44	3.630E-01	4.817E-02	9.713E-02	5.170E+00
GCA_048164945_FUN_000024	GCA_019670925_FUN_000002	41	2.750E-01	4.722E-02	8.181E-02	7.247E+00
GCA_048164945_FUN_000024	GCA_019671045_FUN_000019	41	2.838E-01	4.735E-02	8.245E-02	7.216E+00
GCA_048164945_FUN_000024	GCA_049307005_FUN_000001	37	3.032E-01	4.240E-02	7.237E-02	6.299E+00
GCA_048164945_FUN_000024	GCA_002234045_FUN_000287	124	2.606E-01	7.175E-02	9.714E-02	1.617E+01
GCA_048164945_FUN_000024	GCA_032206225_FUN_000009	19	4.930E-01	3.370E-02	1.070E-01	3.187E+00
GCA_048164945_FUN_000024	GCA_000259975_FUN_000028	56	3.559E-01	4.228E-02	9.199E-02	9.056E+00
GCA_048164945_FUN_000024	GCA_038050555_FUN_000028	91	3.196E-01	5.096E-02	1.120E-01	1.061E+01
GCA_048164945_FUN_000024	Fola3ENZA_FUN_000009	77	2.442E-01	4.747E-02	8.845E-02	1.266E+01
GCA_048164945_FUN_000024	GCA_014843445_FUN_000023	77	2.442E-01	4.747E-02	8.845E-02	1.266E+01
GCA_048164945_FUN_000024	GCA_019593505_FUN_000157	36	2.183E-01	3.978E-02	1.631E-01	4.567E+00
GCA_048164945_FUN_000024	GCA_002234105_FUN_000147	36	3.243E-01	3.316E-02	8.876E-02	8.962E+00
GCA_048164945_FUN_000024	Fusarium_gossypinum_ex_type_FUN_000315	51	3.113E-01	3.916E-02	5.065E-02	8.627E+00
GCA_048164945_FUN_000024	Fusarium_duoseptatum_ex_type-barcode03_FUN_000086	73	1.777E-01	4.086E-02	1.272E-01	1.087E+01
GCA_048164945_FUN_000024	GCA_020796175_FUN_000123	82	1.910E-01	5.973E-02	1.509E-01	8.418E+00
GCA_048164945_FUN_000024	GCA_019593505_FUN_000203	51	2.136E-01	3.092E-02	1.099E-01	9.283E+00
GCA_048164945_FUN_000024	Fola4ENZA_FUN_000007	77	1.867E-01	5.382E-02	1.383E-01	1.084E+01
GCA_048164945_FUN_000024	Fusarium_cugenangense_ex_type-barcode01_FUN_000019	79	1.837E-01	5.794E-02	1.406E-01	1.060E+01
GCA_048164945_FUN_000024	Fusarium_phialophorum-barcode15_FUN_000015	77	1.867E-01	5.382E-02	1.383E-01	1.084E+01
GCA_048164945_FUN_000024	Fusarium_sp_128_FUN_000005	77	1.867E-01	5.382E-02	1.383E-01	1.084E+01
GCA_048164945_FUN_000024	GCA_001702695_FUN_000007	77	1.867E-01	5.382E-02	1.383E-01	1.084E+01
GCA_048164945_FUN_000024	GCA_003315725_FUN_000001	77	1.867E-01	5.382E-02	1.383E-01	1.084E+01
GCA_048164945_FUN_000024	GCA_013347535_FUN_000021	79	1.837E-01	5.794E-02	1.406E-01	1.060E+01
GCA_048164945_FUN_000024	GCA_014843415_FUN_000016	79	1.837E-01	5.794E-02	1.406E-01	1.060E+01
GCA_048164945_FUN_000024	GCA_014843455_FUN_000006	77	1.867E-01	5.382E-02	1.383E-01	1.084E+01
GCA_048164945_FUN_000024	GCA_014843555_FUN_000005	79	1.837E-01	5.794E-02	1.406E-01	1.060E+01
GCA_048164945_FUN_000024	GCA_021018635_FUN_000006	77	1.867E-01	5.382E-02	1.383E-01	1.084E+01
GCA_048164945_FUN_000024	GCA_032206225_FUN_000002	77	1.867E-01	5.382E-02	1.383E-01	1.084E+01
GCA_048164945_FUN_000024	GCA_000259975_FUN_000015	65	2.176E-01	3.836E-02	8.696E-02	1.233E+01
GCA_048164945_FUN_000024	GCA_049306905_FUN_000037	85	1.592E-01	4.655E-02	7.344E-02	9.985E+00
GCA_048164945_FUN_000024	GCA_019671045_FUN_000060	61	1.877E-01	3.631E-02	7.278E-02	1.415E+01
GCA_048164945_FUN_000024	GCA_019671045_FUN_000062	94	2.193E-01	5.419E-02	9.301E-02	9.365E+00
GCA_048164945_FUN_000024	GCA_001702495_FUN_000061	59	2.385E-01	4.094E-02	7.255E-02	1.197E+01
GCA_048164945_FUN_000024	AJ592_race4_FUN_000062	55	2.053E-01	4.755E-02	5.995E-02	7.713E+00
GCA_048164945_FUN_000024	AJ705_race4_FUN_000001	55	2.053E-01	4.755E-02	5.995E-02	7.713E+00
GCA_048164945_FUN_000024	GCA_015227905_FUN_000281	90	1.128E-01	4.844E-02	8.223E-02	1.514E+01
GCA_013347535_FUN_000021	Fusarium_cugenangense_ex_type-barcode01_FUN_000019	118	1.009E+00	1.000E+00	1.000E+00	9.203E-03
GCA_013347535_FUN_000021	GCA_013347535_FUN_000021	118	1.009E+00	1.000E+00	1.000E+00	9.203E-03
GCA_013347535_FUN_000021	GCA_014843415_FUN_000016	118	1.009E+00	1.000E+00	1.000E+00	9.203E-03
GCA_013347535_FUN_000021	GCA_014843555_FUN_000005	118	1.009E+00	1.000E+00	1.000E+00	9.203E-03
GCA_013347535_FUN_000021	Fola4ENZA_FUN_000007	118	9.689E-01	9.612E-01	9.612E-01	1.176E+00
GCA_013347535_FUN_000021	Fusarium_phialophorum-barcode15_FUN_000015	118	9.689E-01	9.612E-01	9.612E-01	1.176E+00
GCA_013347535_FUN_000021	Fusarium_sp_128_FUN_000005	118	9.689E-01	9.612E-01	9.612E-01	1.176E+00
GCA_013347535_FUN_000021	GCA_001702695_FUN_000007	118	9.689E-01	9.612E-01	9.612E-01	1.176E+00
GCA_013347535_FUN_000021	GCA_003315725_FUN_000001	118	9.689E-01	9.612E-01	9.612E-01	1.176E+00
GCA_013347535_FUN_000021	GCA_014843455_FUN_000006	118	9.689E-01	9.612E-01	9.612E-01	1.176E+00
GCA_013347535_FUN_000021	GCA_021018635_FUN_000006	118	9.689E-01	9.612E-01	9.612E-01	1.176E+00
GCA_013347535_FUN_000021	GCA_032206225_FUN_000002	118	9.689E-01	9.612E-01	9.612E-01	1.176E+00
GCA_013347535_FUN_000021	Fusarium_sp_128_FUN_000001	99	7.751E-01	5.470E-01	7.139E-01	2.930E+00
GCA_013347535_FUN_000021	GCA_019593505_FUN_000203	103	6.500E-01	4.887E-01	5.822E-01	4.050E+00
GCA_013347535_FUN_000021	GCA_013423235_FUN_000011	106	6.137E-01	4.900E-01	4.534E-01	7.356E+00
GCA_013347535_FUN_000021	GCA_002234015_FUN_000043	114	5.733E-01	4.816E-01	3.694E-01	7.660E+00
GCA_013347535_FUN_000021	GCA_001702495_FUN_000036	119	5.475E-01	4.601E-01	3.528E-01	6.285E+00
GCA_013347535_FUN_000021	GCA_025267645_FUN_000212	94	4.395E-01	3.233E-01	2.257E-01	5.119E+00
GCA_013347535_FUN_000021	GCA_019670925_FUN_000050	75	3.570E-01	1.873E-01	1.189E-01	1.091E+01
GCA_013347535_FUN_000021	GCA_001703205_FUN_000069	112	2.670E-01	1.945E-01	1.039E-01	1.649E+01
GCA_013347535_FUN_000021	AJ520_race1_FUN_000054	112	2.670E-01	1.943E-01	1.049E-01	1.649E+01
GCA_013347535_FUN_000021	AJ592_race4_FUN_000037	112	2.670E-01	1.943E-01	1.049E-01	1.649E+01
GCA_013347535_FUN_000021	AJ865_race1_FUN_000053	112	2.670E-01	1.943E-01	1.049E-01	1.649E+01
GCA_013347535_FUN_000021	GCA_009755825_FUN_000023	123	1.802E-01	1.535E-01	6.962E-02	1.481E+01
GCA_013347535_FUN_000021	Fola3ENZA_FUN_000004	31	5.224E-01	2.004E-01	2.019E-01	3.464E+00
GCA_013347535_FUN_000021	Fola4ENZA_FUN_000008	31	5.223E-01	2.004E-01	2.019E-01	3.464E+00
GCA_013347535_FUN_000021	Fusarium_cugenangense_ex_type-barcode01_FUN_000020	31	5.224E-01	2.004E-01	2.019E-01	3.464E+00
GCA_013347535_FUN_000021	GCA_000260495_FUN_000006	31	5.223E-01	2.004E-01	2.019E-01	3.464E+00
GCA_013347535_FUN_000021	GCA_001702695_FUN_000008	31	5.223E-01	2.004E-01	2.019E-01	3.464E+00
GCA_013347535_FUN_000021	GCA_003315725_FUN_000002	31	5.223E-01	2.004E-01	2.019E-01	3.464E+00
GCA_013347535_FUN_000021	GCA_013347535_FUN_000022	31	5.224E-01	2.004E-01	2.019E-01	3.464E+00
GCA_013347535_FUN_000021	GCA_014843415_FUN_000017	31	5.224E-01	2.004E-01	2.019E-01	3.464E+00
GCA_013347535_FUN_000021	GCA_014843445_FUN_000019	31	5.224E-01	2.004E-01	2.019E-01	3.464E+00
GCA_013347535_FUN_000021	GCA_014843455_FUN_000007	31	5.223E-01	2.004E-01	2.019E-01	3.464E+00
GCA_013347535_FUN_000021	GCA_014843555_FUN_000006	31	5.224E-01	2.004E-01	2.019E-01	3.464E+00
GCA_013347535_FUN_000021	GCA_021018635_FUN_000007	31	5.223E-01	2.004E-01	2.019E-01	3.464E+00
GCA_013347535_FUN_000021	GCA_032206225_FUN_000003	31	5.223E-01	2.004E-01	2.019E-01	3.464E+00
GCA_013347535_FUN_000021	GCA_013423235_FUN_000001	31	5.224E-01	2.004E-01	1.947E-01	3.463E+00
GCA_013347535_FUN_000021	GCA_025203105_FUN_000007	124	1.784E-01	1.406E-01	1.060E-01	1.358E+01
GCA_013347535_FUN_000021	Fola2ENZA_FUN_000005	100	2.393E-01	1.868E-01	1.646E-01	1.084E+01
GCA_013347535_FUN_000021	Fusarium_duoseptatum_ex_type-barcode03_FUN_000160	172	2.240E-01	2.097E-01	1.662E-01	1.560E+01
GCA_013347535_FUN_000021	Fusarium_fabacearum_ex_type_FUN_000005	143	1.535E-01	1.139E-01	9.681E-02	1.454E+01
GCA_013347535_FUN_000021	Fusarium_elaeidis_ex_type_FUN_000039	57	2.421E-01	1.502E-01	9.964E-02	1.078E+01
GCA_013347535_FUN_000021	GCA_020796175_FUN_000123	89	2.219E-01	1.357E-01	1.582E-01	1.070E+01
GCA_013347535_FUN_000021	GCA_019671045_FUN_000060	119	1.352E-01	1.186E-01	8.326E-02	1.641E+01
GCA_013347535_FUN_000021	GCA_015227905_FUN_000281	93	1.832E-01	1.398E-01	9.075E-02	1.451E+01
GCA_013347535_FUN_000021	GCA_002233855_FUN_000172	184	1.451E-01	1.422E-01	5.962E-02	1.671E+01
GCA_013347535_FUN_000021	Fusarium_duoseptatum_ex_type-barcode03_FUN_000086	90	2.386E-01	1.830E-01	2.127E-01	1.204E+01
GCA_013347535_FUN_000021	GCA_009755825_FUN_000084	36	2.164E-01	1.140E-01	7.588E-02	5.278E+00
GCA_013347535_FUN_000021	Fusarium_kalimantanense_ex_type-barcode07_FUN_000007	96	1.635E-01	1.093E-01	9.561E-02	1.706E+01
GCA_013347535_FUN_000021	GCA_025267645_FUN_000218	46	3.312E-01	1.347E-01	7.686E-02	6.250E+00
GCA_013347535_FUN_000021	GCA_014839635_FUN_000049	127	1.459E-01	1.212E-01	7.826E-02	1.343E+01
GCA_013347535_FUN_000021	AJ592_race4_FUN_000062	86	1.634E-01	1.054E-01	4.557E-02	1.439E+01
GCA_013347535_FUN_000021	AJ705_race4_FUN_000001	86	1.634E-01	1.054E-01	4.557E-02	1.439E+01
GCA_013347535_FUN_000021	GCA_025216365_FUN_000109	121	2.408E-01	2.143E-01	6.422E-02	1.231E+01
GCA_013347535_FUN_000021	GCA_049307005_FUN_000001	103	1.715E-01	1.309E-01	8.054E-02	1.513E+01
GCA_013347535_FUN_000021	GCA_025216365_FUN_000025	88	1.654E-01	1.170E-01	3.955E-02	4.470E+01
GCA_013347535_FUN_000021	Fusarium_gossypinum_ex_type_FUN_000050	54	2.743E-01	1.240E-01	4.249E-02	7.257E+00
GCA_013347535_FUN_000021	GCA_001703455_FUN_000315	54	2.743E-01	1.240E-01	4.249E-02	7.257E+00
GCA_013347535_FUN_000021	GCA_023509805_FUN_000022	10	4.871E-01	6.456E-02	2.226E-02	3.358E+00
Fusarium_fabacearum_ex_type_FUN_000267	Fusarium_fabacearum_ex_type_FUN_000267	134	1.008E+00	1.000E+00	1.000E+00	2.288E-02
Fusarium_fabacearum_ex_type_FUN_000267	GCA_002233855_FUN_000349	134	1.008E+00	1.000E+00	1.000E+00	2.288E-02
Fusarium_fabacearum_ex_type_FUN_000267	GCA_025203105_FUN_000005	53	2.092E-01	1.003E-01	7.764E-02	1.097E+01
Fusarium_fabacearum_ex_type_FUN_000267	GCA_048164945_FUN_000047	90	1.951E-01	1.333E-01	1.341E-01	2.055E+01
Fusarium_fabacearum_ex_type_FUN_000267	GCA_002233855_FUN_000306	120	2.160E-01	1.557E-01	1.276E-01	2.055E+01
Fusarium_fabacearum_ex_type_FUN_000267	GCA_014839635_FUN_000046	15	3.882E-01	8.146E-02	1.138E-01	4.071E+00
Fusarium_fabacearum_ex_type_FUN_000267	GCA_000259975_FUN_000015	20	2.137E-01	9.557E-02	9.449E-02	4.183E+00
Fusarium_fabacearum_ex_type_FUN_000267	Fusarium_kalimantanense_ex_type-barcode07_FUN_000007	37	2.484E-01	9.058E-02	8.603E-02	1.084E+01
Fusarium_fabacearum_ex_type_FUN_000267	GCA_014839635_FUN_000047	46	1.949E-01	6.925E-02	5.261E-02	1.082E+01
Fusarium_fabacearum_ex_type_FUN_000267	Fola1ENZA_FUN_000004	26	3.122E-01	9.084E-02	5.366E-02	9.103E+00
Fusarium_fabacearum_ex_type_FUN_000267	Fola4ENZA_FUN_000003	26	3.122E-01	9.084E-02	5.366E-02	9.103E+00
Fusarium_fabacearum_ex_type_FUN_000267	GCA_000260495_FUN_000001	26	3.122E-01	9.084E-02	5.366E-02	9.103E+00
Fusarium_fabacearum_ex_type_FUN_000267	GCA_001702695_FUN_000003	26	3.122E-01	9.084E-02	5.366E-02	9.103E+00
Fusarium_fabacearum_ex_type_FUN_000267	GCA_014843455_FUN_000002	26	3.122E-01	9.084E-02	5.366E-02	9.103E+00
Fusarium_fabacearum_ex_type_FUN_000267	GCA_049307005_FUN_000001	16	4.099E-01	9.103E-02	5.199E-02	2.165E+00
Fusarium_fabacearum_ex_type_FUN_000267	GCA_002233855_FUN_000172	31	3.830E-01	1.042E-01	3.328E-02	4.432E+00
Fusarium_fabacearum_ex_type_FUN_000267	Fusarium_sp_128_FUN_000001	27	3.812E-01	1.171E-01	1.679E-01	4.379E+00
Fusarium_fabacearum_ex_type_FUN_000267	Fusarium_duoseptatum_ex_type-barcode03_FUN_000160	20	2.365E-01	7.855E-02	6.151E-02	6.238E+00
Fusarium_fabacearum_ex_type_FUN_000267	GCA_038050555_FUN_000028	14	3.196E-01	7.600E-02	5.105E-02	3.241E+00
Fusarium_fabacearum_ex_type_FUN_000267	GCA_009755825_FUN_000025	44	1.574E-01	7.139E-02	5.512E-02	8.618E+00
Fusarium_fabacearum_ex_type_FUN_000267	GCA_050947165_FUN_000012	19	3.563E-01	8.032E-02	2.385E-02	5.309E+00
Fusarium_fabacearum_ex_type_FUN_000267	GCA_050947235_FUN_000024	19	3.563E-01	8.032E-02	2.385E-02	5.309E+00
Fusarium_fabacearum_ex_type_FUN_000267	GCA_025203755_FUN_000017	22	2.444E-01	1.022E-01	6.802E-02	3.474E+00
Fusarium_fabacearum_ex_type_FUN_000267	Fusarium_elaeidis_ex_type_FUN_000039	19	3.048E-01	1.027E-01	6.475E-02	3.211E+00
Fusarium_fabacearum_ex_type_FUN_000267	AJ520_race1_FUN_000054	21	2.613E-01	1.078E-01	6.092E-02	3.518E+00
Fusarium_fabacearum_ex_type_FUN_000267	AJ592_race4_FUN_000037	21	2.613E-01	1.078E-01	6.092E-02	3.518E+00
Fusarium_fabacearum_ex_type_FUN_000267	AJ865_race1_FUN_000053	21	2.613E-01	1.078E-01	6.092E-02	3.518E+00
Fusarium_fabacearum_ex_type_FUN_000267	GCA_001703205_FUN_000069	21	2.611E-01	1.078E-01	6.033E-02	3.520E+00
Fusarium_fabacearum_ex_type_FUN_000267	Fusarium_sp_128_FUN_000003	115	1.424E-01	9.970E-02	4.975E-02	1.351E+01
Fusarium_fabacearum_ex_type_FUN_000267	GCA_049306905_FUN_000029	108	1.407E-01	8.630E-02	3.396E-02	1.984E+01
Fusarium_fabacearum_ex_type_FUN_000267	GCA_049307005_FUN_000032	108	1.407E-01	8.630E-02	3.396E-02	1.984E+01
AJ705_race4_FUN_000025	AJ705_race4_FUN_000025	174	1.006E+00	1.000E+00	1.000E+00	8.305E-03
AJ705_race4_FUN_000025	GCA_000260495_FUN_000010	114	3.555E-01	2.373E-01	2.755E-01	1.298E+01
AJ705_race4_FUN_000025	GCA_003315725_FUN_000007	114	3.555E-01	2.373E-01	2.755E-01	1.298E+01
AJ705_race4_FUN_000025	GCA_021018635_FUN_000012	114	3.555E-01	2.373E-01	2.755E-01	1.298E+01
AJ705_race4_FUN_000025	GCA_032206225_FUN_000009	125	3.312E-01	2.375E-01	2.746E-01	1.394E+01
AJ705_race4_FUN_000025	GCA_048164945_FUN_000047	117	2.439E-01	1.786E-01	2.149E-01	1.208E+01
AJ705_race4_FUN_000025	GCA_016170085_FUN_000049	118	2.082E-01	1.450E-01	1.698E-01	1.632E+01
AJ705_race4_FUN_000025	Fusarium_glycines_ex_type_FUN_000047	97	2.223E-01	1.310E-01	1.227E-01	1.482E+01
AJ705_race4_FUN_000025	GCA_009755825_FUN_000025	88	3.088E-01	1.701E-01	1.325E-01	9.098E+00
AJ705_race4_FUN_000025	Fusarium_gossypinum_ex_type_FUN_000315	85	1.731E-01	9.495E-02	5.534E-02	2.485E+01
AJ705_race4_FUN_000025	GCA_025203755_FUN_000032	69	2.449E-01	1.007E-01	6.723E-02	9.487E+00
AJ705_race4_FUN_000025	GCA_025217005_FUN_000180	119	3.153E-01	2.069E-01	1.097E-01	1.071E+01
AJ705_race4_FUN_000025	GCA_025216365_FUN_000025	24	2.944E-01	8.473E-02	3.671E-02	6.833E+00
AJ705_race4_FUN_000025	GCA_002234045_FUN_000302	80	3.718E-01	2.005E-01	1.053E-01	6.950E+00
AJ705_race4_FUN_000025	Fusarium_phialophorum-barcode15_FUN_000014	76	1.971E-01	8.611E-02	7.219E-02	2.099E+01
Fusarium_phialophorum-barcode15_FUN_000015	Fola4ENZA_FUN_000007	118	1.009E+00	1.000E+00	1.000E+00	0.000E+00
Fusarium_phialophorum-barcode15_FUN_000015	Fusarium_phialophorum-barcode15_FUN_000015	118	1.009E+00	1.000E+00	1.000E+00	0.000E+00
Fusarium_phialophorum-barcode15_FUN_000015	Fusarium_sp_128_FUN_000005	118	1.009E+00	1.000E+00	1.000E+00	0.000E+00
Fusarium_phialophorum-barcode15_FUN_000015	GCA_001702695_FUN_000007	118	1.009E+00	1.000E+00	1.000E+00	0.000E+00
Fusarium_phialophorum-barcode15_FUN_000015	GCA_003315725_FUN_000001	118	1.009E+00	1.000E+00	1.000E+00	0.000E+00
Fusarium_phialophorum-barcode15_FUN_000015	GCA_014843455_FUN_000006	118	1.009E+00	1.000E+00	1.000E+00	0.000E+00
Fusarium_phialophorum-barcode15_FUN_000015	GCA_021018635_FUN_000006	118	1.009E+00	1.000E+00	1.000E+00	0.000E+00
Fusarium_phialophorum-barcode15_FUN_000015	GCA_032206225_FUN_000002	118	1.009E+00	1.000E+00	1.000E+00	0.000E+00
Fusarium_phialophorum-barcode15_FUN_000015	Fusarium_cugenangense_ex_type-barcode01_FUN_000019	118	9.689E-01	9.612E-01	9.612E-01	1.176E+00
Fusarium_phialophorum-barcode15_FUN_000015	GCA_013347535_FUN_000021	118	9.689E-01	9.612E-01	9.612E-01	1.176E+00
Fusarium_phialophorum-barcode15_FUN_000015	GCA_014843415_FUN_000016	118	9.689E-01	9.612E-01	9.612E-01	1.176E+00
Fusarium_phialophorum-barcode15_FUN_000015	GCA_014843555_FUN_000005	118	9.689E-01	9.612E-01	9.612E-01	1.176E+00
Fusarium_phialophorum-barcode15_FUN_000015	Fusarium_sp_128_FUN_000001	100	7.762E-01	5.542E-01	7.227E-01	2.904E+00
Fusarium_phialophorum-barcode15_FUN_000015	GCA_019593505_FUN_000203	106	6.607E-01	5.000E-01	5.983E-01	3.692E+00
Fusarium_phialophorum-barcode15_FUN_000015	GCA_013423235_FUN_000011	107	6.230E-01	5.126E-01	4.743E-01	7.143E+00
Fusarium_phialophorum-barcode15_FUN_000015	GCA_002234015_FUN_000043	118	5.486E-01	4.605E-01	3.544E-01	7.646E+00
Fusarium_phialophorum-barcode15_FUN_000015	GCA_001702495_FUN_000036	119	5.892E-01	4.981E-01	3.834E-01	4.454E+00
Fusarium_phialophorum-barcode15_FUN_000015	GCA_025267645_FUN_000212	87	4.635E-01	3.128E-01	2.177E-01	4.792E+00
Fusarium_phialophorum-barcode15_FUN_000015	GCA_009755825_FUN_000023	92	2.897E-01	2.082E-01	8.668E-02	1.164E+01
Fusarium_phialophorum-barcode15_FUN_000015	GCA_001703205_FUN_000069	118	2.496E-01	1.896E-01	1.025E-01	1.862E+01
Fusarium_phialophorum-barcode15_FUN_000015	AJ520_race1_FUN_000054	118	2.497E-01	1.896E-01	1.034E-01	1.855E+01
Fusarium_phialophorum-barcode15_FUN_000015	AJ592_race4_FUN_000037	118	2.497E-01	1.896E-01	1.034E-01	1.855E+01
Fusarium_phialophorum-barcode15_FUN_000015	AJ865_race1_FUN_000053	118	2.497E-01	1.896E-01	1.034E-01	1.855E+01
Fusarium_phialophorum-barcode15_FUN_000015	GCA_025203105_FUN_000007	139	1.679E-01	1.423E-01	1.012E-01	1.371E+01
Fusarium_phialophorum-barcode15_FUN_000015	GCA_019670925_FUN_000050	131	2.035E-01	1.638E-01	1.116E-01	1.142E+01
Fusarium_phialophorum-barcode15_FUN_000015	Fusarium_kalimantanense_ex_type-barcode07_FUN_000007	59	3.842E-01	1.607E-01	1.354E-01	1.224E+01
Fusarium_phialophorum-barcode15_FUN_000015	GCA_015227905_FUN_000281	94	1.838E-01	1.421E-01	9.000E-02	1.484E+01
Fusarium_phialophorum-barcode15_FUN_000015	GCA_020796175_FUN_000123	90	2.327E-01	1.533E-01	1.748E-01	1.164E+01
Fusarium_phialophorum-barcode15_FUN_000015	Fola2ENZA_FUN_000005	102	2.198E-01	1.670E-01	1.449E-01	1.131E+01
Fusarium_phialophorum-barcode15_FUN_000015	Fusarium_duoseptatum_ex_type-barcode03_FUN_000160	181	2.204E-01	2.139E-01	1.660E-01	1.569E+01
Fusarium_phialophorum-barcode15_FUN_000015	Fusarium_fabacearum_ex_type_FUN_000005	112	1.738E-01	1.221E-01	8.275E-02	1.547E+01
Fusarium_phialophorum-barcode15_FUN_000015	GCA_009755825_FUN_000084	36	2.149E-01	1.175E-01	7.807E-02	4.929E+00
Fusarium_phialophorum-barcode15_FUN_000015	Fusarium_elaeidis_ex_type_FUN_000039	110	2.079E-01	1.763E-01	1.139E-01	1.391E+01
Fusarium_phialophorum-barcode15_FUN_000015	AJ592_race4_FUN_000062	85	1.633E-01	1.054E-01	4.232E-02	1.455E+01
Fusarium_phialophorum-barcode15_FUN_000015	AJ705_race4_FUN_000001	85	1.633E-01	1.054E-01	4.232E-02	1.455E+01
Fusarium_phialophorum-barcode15_FUN_000015	GCA_025216365_FUN_000025	88	1.705E-01	1.217E-01	3.912E-02	4.549E+01
Fusarium_phialophorum-barcode15_FUN_000015	Fusarium_duoseptatum_ex_type-barcode03_FUN_000086	71	1.404E-01	9.131E-02	1.083E-01	1.463E+01
Fusarium_phialophorum-barcode15_FUN_000015	GCA_000259975_FUN_000015	134	2.301E-01	2.051E-01	1.920E-01	1.202E+01
Fusarium_phialophorum-barcode15_FUN_000015	GCA_019671045_FUN_000060	127	1.141E-01	1.013E-01	7.122E-02	1.631E+01
Fusarium_phialophorum-barcode15_FUN_000015	GCA_050947165_FUN_000034	98	1.488E-01	1.100E-01	7.102E-02	2.128E+01
Fusarium_phialophorum-barcode15_FUN_000015	GCA_050947235_FUN_000045	98	1.488E-01	1.100E-01	7.102E-02	2.128E+01
Fusarium_phialophorum-barcode15_FUN_000015	GCA_049307005_FUN_000001	104	1.147E-01	9.050E-02	6.486E-02	1.584E+01
Fusarium_phialophorum-barcode15_FUN_000015	Fusarium_sp_128_FUN_000003	115	2.178E-01	1.629E-01	7.237E-02	1.183E+01
Fusarium_phialophorum-barcode15_FUN_000015	Fusarium_gossypinum_ex_type_FUN_000050	54	2.792E-01	1.397E-01	4.653E-02	6.050E+00
Fusarium_phialophorum-barcode15_FUN_000015	GCA_001703455_FUN_000315	54	2.792E-01	1.397E-01	4.653E-02	6.050E+00
Fusarium_phialophorum-barcode15_FUN_000015	GCA_025216365_FUN_000109	121	1.903E-01	1.637E-01	5.471E-02	1.339E+01
Fusarium_phialophorum-barcode15_FUN_000015	GCA_025267645_FUN_000218	46	2.282E-01	1.200E-01	7.202E-02	6.475E+00
Fusarium_phialophorum-barcode15_FUN_000015	GCA_023509805_FUN_000022	15	3.423E-01	6.254E-02	2.299E-02	4.072E+00
GCA_002234045_FUN_000302	GCA_002234045_FUN_000302	419	1.002E+00	1.000E+00	1.000E+00	0.000E+00
GCA_002234045_FUN_000302	GCA_025217005_FUN_000180	419	6.662E-01	6.647E-01	6.647E-01	9.055E+00
GCA_002234045_FUN_000302	GCA_025216365_FUN_000109	102	1.783E-01	7.329E-02	5.193E-02	2.599E+01
GCA_002234045_FUN_000302	GCA_038050555_FUN_000028	19	7.767E-01	4.155E-02	7.728E-02	2.780E+00
GCA_002234045_FUN_000302	Fusarium_glycines_ex_type_FUN_000047	148	2.518E-01	1.043E-01	1.871E-01	1.771E+01
GCA_002234045_FUN_000302	Fusarium_gossypinum_ex_type_FUN_000050	170	2.138E-01	7.238E-02	6.465E-02	3.214E+01
GCA_002234045_FUN_000302	GCA_001703455_FUN_000315	170	2.138E-01	7.238E-02	6.465E-02	3.214E+01
GCA_002234045_FUN_000302	GCA_032206225_FUN_000009	169	1.939E-01	8.769E-02	1.869E-01	2.010E+01
GCA_002234045_FUN_000302	AJ705_race4_FUN_000025	134	3.369E-01	1.218E-01	2.319E-01	1.175E+01
GCA_002234045_FUN_000302	GCA_009755825_FUN_000025	167	2.473E-01	1.135E-01	1.704E-01	1.380E+01
GCA_002234045_FUN_000302	GCA_000260495_FUN_000010	161	2.006E-01	8.845E-02	1.862E-01	1.974E+01
GCA_002234045_FUN_000302	GCA_003315725_FUN_000007	161	2.006E-01	8.845E-02	1.862E-01	1.974E+01
GCA_002234045_FUN_000302	GCA_021018635_FUN_000012	161	2.006E-01	8.845E-02	1.862E-01	1.974E+01
GCA_002234045_FUN_000302	GCA_025203755_FUN_000032	197	2.158E-01	1.119E-01	1.261E-01	1.409E+01
GCA_002234045_FUN_000302	GCA_025217005_FUN_000165	112	2.222E-01	9.079E-02	1.032E-01	1.154E+01
GCA_002234045_FUN_000302	GCA_048164945_FUN_000047	100	2.352E-01	9.258E-02	1.870E-01	1.093E+01
GCA_002234045_FUN_000302	GCA_019593505_FUN_000075	154	1.732E-01	8.658E-02	1.193E-01	1.374E+01
GCA_038050555_FUN_000020	GCA_038050555_FUN_000020	149	1.007E+00	1.000E+00	1.000E+00	0.000E+00
GCA_038050555_FUN_000020	GCA_018894095_FUN_000086	149	4.120E-01	4.093E-01	3.892E-01	1.943E+01
GCA_038050555_FUN_000020	Fusarium_glycines_ex_type_FUN_000010	133	5.021E-01	4.264E-01	3.881E-01	9.678E+00
GCA_038050555_FUN_000020	Fusarium_gossypinum_ex_type_FUN_000200	179	3.536E-01	3.238E-01	2.102E-01	2.304E+01
GCA_038050555_FUN_000020	GCA_001703455_FUN_000164	179	3.539E-01	3.242E-01	2.103E-01	2.283E+01
GCA_038050555_FUN_000020	Fola3ENZA_FUN_000003	131	3.624E-01	2.450E-01	1.678E-01	1.860E+01
GCA_038050555_FUN_000020	Fusarium_cugenangense_ex_type-barcode01_FUN_000018	131	3.624E-01	2.450E-01	1.678E-01	1.860E+01
GCA_038050555_FUN_000020	GCA_013347535_FUN_000020	131	3.624E-01	2.450E-01	1.678E-01	1.860E+01
GCA_038050555_FUN_000020	GCA_014843415_FUN_000015	131	3.624E-01	2.450E-01	1.678E-01	1.860E+01
GCA_038050555_FUN_000020	GCA_014843445_FUN_000018	131	3.624E-01	2.450E-01	1.678E-01	1.860E+01
GCA_038050555_FUN_000020	GCA_014843555_FUN_000004	131	3.624E-01	2.450E-01	1.678E-01	1.860E+01
GCA_038050555_FUN_000020	Fola2ENZA_FUN_000025	137	2.921E-01	2.399E-01	1.663E-01	2.548E+01
GCA_038050555_FUN_000020	Fusarium_phialophorum-barcode15_FUN_000014	142	2.918E-01	2.395E-01	1.719E-01	2.366E+01
GCA_038050555_FUN_000020	GCA_025216365_FUN_000025	109	1.586E-01	1.120E-01	5.465E-02	2.383E+01
GCA_038050555_FUN_000020	Fola2ENZA_FUN_000005	13	6.096E-01	8.404E-02	8.745E-02	1.062E+00
GCA_038050555_FUN_000020	GCA_025267645_FUN_000197	48	2.794E-01	1.129E-01	8.547E-02	9.970E+00
GCA_038050555_FUN_000020	GCA_023509805_FUN_000049	50	2.962E-01	1.063E-01	9.089E-02	1.007E+01
GCA_038050555_FUN_000020	Fusarium_sp_128_FUN_000003	32	3.214E-01	7.853E-02	4.194E-02	6.863E+00
GCA_000259975_FUN_000002	GCA_000259975_FUN_000002	285	1.004E+00	1.000E+00	1.000E+00	0.000E+00
GCA_000259975_FUN_000002	GCA_049306905_FUN_000037	50	4.542E-01	1.248E-01	1.732E-01	3.660E+00
GCA_000259975_FUN_000002	GCA_038050555_FUN_000028	72	2.733E-01	9.364E-02	1.141E-01	1.088E+01
GCA_000259975_FUN_000002	GCA_019671045_FUN_000062	122	2.372E-01	8.940E-02	1.047E-01	1.342E+01
GCA_000259975_FUN_000002	GCA_025203755_FUN_000032	195	1.625E-01	7.970E-02	6.416E-02	2.182E+01
GCA_000259975_FUN_000002	Fusarium_elaeidis_ex_type_FUN_000039	11	4.865E-01	3.597E-02	4.282E-02	1.960E+00
GCA_000259975_FUN_000002	AJ516_race4_FUN_000033	60	1.798E-01	8.598E-02	5.775E-02	8.837E+00
GCA_000259975_FUN_000002	GCA_009755825_FUN_000023	39	2.614E-01	4.329E-02	3.314E-02	1.091E+01
GCA_000259975_FUN_000002	GCA_050947165_FUN_000012	60	1.826E-01	8.597E-02	5.861E-02	8.610E+00
GCA_000259975_FUN_000002	GCA_050947235_FUN_000024	60	1.826E-01	8.597E-02	5.861E-02	8.610E+00
Fola2ENZA_FUN_000005	Fola2ENZA_FUN_000005	143	1.007E+00	1.000E+00	1.000E+00	5.177E-03
Fola2ENZA_FUN_000005	GCA_025267645_FUN_000212	105	4.056E-01	2.681E-01	2.199E-01	8.248E+00
Fola2ENZA_FUN_000005	GCA_019670925_FUN_000002	38	6.766E-01	2.223E-01	1.377E-01	2.055E+00
Fola2ENZA_FUN_000005	GCA_019671045_FUN_000019	38	6.771E-01	2.221E-01	1.376E-01	2.070E+00
Fola2ENZA_FUN_000005	GCA_049307005_FUN_000001	127	2.376E-01	1.758E-01	1.265E-01	1.211E+01
Fola2ENZA_FUN_000005	GCA_000259975_FUN_000015	35	7.188E-01	1.856E-01	1.944E-01	3.069E+00
Fola2ENZA_FUN_000005	GCA_019671045_FUN_000060	142	1.854E-01	1.349E-01	1.097E-01	1.561E+01
Fola2ENZA_FUN_000005	GCA_014839635_FUN_000047	88	2.772E-01	1.276E-01	9.100E-02	1.564E+01
Fola2ENZA_FUN_000005	GCA_009755825_FUN_000084	66	4.554E-01	2.275E-01	1.615E-01	7.942E+00
Fola2ENZA_FUN_000005	AJ520_race1_FUN_000054	87	3.040E-01	1.663E-01	1.049E-01	1.127E+01
Fola2ENZA_FUN_000005	AJ592_race4_FUN_000037	87	3.040E-01	1.663E-01	1.049E-01	1.127E+01
Fola2ENZA_FUN_000005	AJ865_race1_FUN_000053	87	3.040E-01	1.663E-01	1.049E-01	1.127E+01
Fola2ENZA_FUN_000005	GCA_001703205_FUN_000069	91	2.982E-01	1.584E-01	1.017E-01	8.570E+00
Fola2ENZA_FUN_000005	GCA_014839635_FUN_000049	186	1.206E-01	1.147E-01	8.348E-02	1.899E+01
Fola2ENZA_FUN_000005	GCA_009755825_FUN_000023	98	2.775E-01	1.770E-01	8.417E-02	1.372E+01
Fola2ENZA_FUN_000005	GCA_019593505_FUN_000075	15	7.257E-01	1.014E-01	6.110E-02	1.012E+00
Fola2ENZA_FUN_000005	Fusarium_cugenangense_ex_type-barcode01_FUN_000019	101	2.705E-01	1.767E-01	2.040E-01	1.056E+01
Fola2ENZA_FUN_000005	GCA_013347535_FUN_000021	101	2.705E-01	1.767E-01	2.040E-01	1.056E+01
Fola2ENZA_FUN_000005	GCA_014843415_FUN_000016	101	2.705E-01	1.767E-01	2.040E-01	1.056E+01
Fola2ENZA_FUN_000005	GCA_014843555_FUN_000005	101	2.705E-01	1.767E-01	2.040E-01	1.056E+01
Fola2ENZA_FUN_000005	GCA_025203105_FUN_000007	126	1.224E-01	1.214E-01	9.724E-02	1.745E+01
Fola2ENZA_FUN_000005	Fusarium_fabacearum_ex_type_FUN_000114	118	1.411E-01	1.028E-01	8.866E-02	1.497E+01
Fola2ENZA_FUN_000005	Fusarium_sp_128_FUN_000001	60	3.204E-01	1.418E-01	2.030E-01	8.601E+00
Fola2ENZA_FUN_000005	GCA_019670925_FUN_000050	138	1.930E-01	1.433E-01	1.146E-01	1.542E+01
Fola2ENZA_FUN_000005	Fusarium_fabacearum_ex_type_FUN_000005	103	2.010E-01	1.171E-01	8.931E-02	1.433E+01
Fola2ENZA_FUN_000005	Fusarium_elaeidis_ex_type_FUN_000039	123	2.320E-01	1.591E-01	1.152E-01	1.088E+01
Fola2ENZA_FUN_000005	Fola4ENZA_FUN_000007	100	2.743E-01	1.812E-01	2.085E-01	1.049E+01
Fola2ENZA_FUN_000005	Fusarium_phialophorum-barcode15_FUN_000015	100	2.743E-01	1.812E-01	2.085E-01	1.049E+01
Fola2ENZA_FUN_000005	Fusarium_sp_128_FUN_000005	100	2.743E-01	1.812E-01	2.085E-01	1.049E+01
Fola2ENZA_FUN_000005	GCA_001702695_FUN_000007	100	2.743E-01	1.812E-01	2.085E-01	1.049E+01
Fola2ENZA_FUN_000005	GCA_003315725_FUN_000001	100	2.743E-01	1.812E-01	2.085E-01	1.049E+01
Fola2ENZA_FUN_000005	GCA_014843455_FUN_000006	100	2.743E-01	1.812E-01	2.085E-01	1.049E+01
Fola2ENZA_FUN_000005	GCA_021018635_FUN_000006	100	2.743E-01	1.812E-01	2.085E-01	1.049E+01
Fola2ENZA_FUN_000005	GCA_032206225_FUN_000002	100	2.743E-01	1.812E-01	2.085E-01	1.049E+01
Fola2ENZA_FUN_000005	GCA_018894095_FUN_000086	13	6.631E-01	8.799E-02	8.034E-02	9.731E-01
Fola2ENZA_FUN_000005	GCA_002233855_FUN_000172	138	1.838E-01	1.434E-01	6.770E-02	1.882E+01
Fola2ENZA_FUN_000005	GCA_018894095_FUN_000077	37	3.291E-01	1.386E-01	4.913E-02	4.300E+00
Fola2ENZA_FUN_000005	GCA_048164945_FUN_000024	36	3.962E-01	1.465E-01	5.118E-02	4.169E+00
Fola2ENZA_FUN_000005	GCA_049306905_FUN_000029	37	3.434E-01	1.402E-01	4.957E-02	4.131E+00
Fola2ENZA_FUN_000005	GCA_049307005_FUN_000032	37	3.434E-01	1.402E-01	4.957E-02	4.131E+00
Fola2ENZA_FUN_000005	GCA_050947165_FUN_000012	30	5.065E-01	1.247E-01	4.227E-02	3.662E+00
Fola2ENZA_FUN_000005	GCA_050947235_FUN_000024	30	5.065E-01	1.247E-01	4.227E-02	3.662E+00
Fola2ENZA_FUN_000005	AJ516_race4_FUN_000033	36	3.999E-01	1.465E-01	5.101E-02	4.159E+00
Fola2ENZA_FUN_000005	GCA_001702495_FUN_000061	205	1.374E-01	1.319E-01	8.989E-02	1.814E+01
Fola2ENZA_FUN_000005	GCA_002234015_FUN_000068	192	1.455E-01	1.324E-01	9.180E-02	1.777E+01
Fola2ENZA_FUN_000005	GCA_023509805_FUN_000049	81	1.937E-01	9.580E-02	8.608E-02	1.327E+01
Fola2ENZA_FUN_000005	GCA_019593505_FUN_000157	43	1.831E-01	7.366E-02	1.211E-01	1.235E+01
Fola2ENZA_FUN_000005	GCA_038050555_FUN_000020	70	2.671E-01	8.745E-02	8.404E-02	1.712E+01
Fola2ENZA_FUN_000005	Fusarium_duoseptatum_ex_type-barcode03_FUN_000160	131	1.391E-01	1.047E-01	9.024E-02	1.417E+01
Fola2ENZA_FUN_000005	GCA_025203105_FUN_000005	108	1.248E-01	7.646E-02	5.968E-02	1.824E+01
Fola2ENZA_FUN_000005	GCA_050947165_FUN_000034	109	1.362E-01	1.076E-01	8.267E-02	1.670E+01
Fola2ENZA_FUN_000005	GCA_050947235_FUN_000045	109	1.362E-01	1.076E-01	8.267E-02	1.670E+01
Fola2ENZA_FUN_000005	GCA_025267645_FUN_000197	96	1.596E-01	9.993E-02	7.466E-02	1.418E+01
Fola2ENZA_FUN_000005	GCA_025267645_FUN_000218	45	2.526E-01	1.071E-01	6.985E-02	8.684E+00
Fola2ENZA_FUN_000005	Fusarium_gossypinum_ex_type_FUN_000315	70	1.768E-01	8.714E-02	5.174E-02	1.086E+01
Fola2ENZA_FUN_000005	AJ718_race1_FUN_000094	150	1.288E-01	9.617E-02	5.295E-02	1.593E+01
Fola2ENZA_FUN_000005	GCA_020796175_FUN_000123	82	1.521E-01	1.241E-01	1.180E-01	1.112E+01
Fola2ENZA_FUN_000005	GCA_001702845_FUN_000128	128	1.961E-01	1.519E-01	1.142E-01	1.507E+01
Fola2ENZA_FUN_000005	GCA_002234105_FUN_000094	128	1.961E-01	1.519E-01	1.142E-01	1.507E+01
Fola2ENZA_FUN_000005	GCA_025203755_FUN_000017	128	1.961E-01	1.519E-01	1.142E-01	1.508E+01
Fola2ENZA_FUN_000005	GCA_019670925_FUN_000040	86	1.463E-01	7.791E-02	5.580E-02	1.264E+01
Fola2ENZA_FUN_000005	GCA_001702495_FUN_000069	16	2.524E-01	7.517E-02	3.193E-02	4.634E+00
Fola2ENZA_FUN_000005	Fusarium_gossypinum_ex_type_FUN_000050	57	1.805E-01	9.034E-02	4.531E-02	8.710E+00
Fola2ENZA_FUN_000005	GCA_001703455_FUN_000315	57	1.805E-01	9.034E-02	4.531E-02	8.710E+00
Fola2ENZA_FUN_000005	GCA_001702845_FUN_000132	157	1.191E-01	1.102E-01	7.735E-02	2.057E+01
GCA_014843455_FUN_000002	Fola1ENZA_FUN_000004	245	1.004E+00	1.000E+00	1.000E+00	0.000E+00
GCA_014843455_FUN_000002	Fola4ENZA_FUN_000003	245	1.004E+00	1.000E+00	1.000E+00	0.000E+00
GCA_014843455_FUN_000002	GCA_000260495_FUN_000001	245	1.004E+00	1.000E+00	1.000E+00	0.000E+00
GCA_014843455_FUN_000002	GCA_001702695_FUN_000003	245	1.004E+00	1.000E+00	1.000E+00	0.000E+00
GCA_014843455_FUN_000002	GCA_014843455_FUN_000002	245	1.004E+00	1.000E+00	1.000E+00	0.000E+00
GCA_014843455_FUN_000002	GCA_025203105_FUN_000005	130	5.420E-01	2.545E-01	3.101E-01	6.049E+00
GCA_014843455_FUN_000002	Fola2ENZA_FUN_000024	134	4.952E-01	2.640E-01	3.779E-01	1.042E+01
GCA_014843455_FUN_000002	Fusarium_phialophorum-barcode15_FUN_000013	134	4.952E-01	2.640E-01	3.779E-01	1.042E+01
GCA_014843455_FUN_000002	GCA_025203755_FUN_000021	112	2.465E-01	1.088E-01	1.071E-01	1.178E+01
GCA_014843455_FUN_000002	Fola4ENZA_FUN_000008	22	4.571E-01	5.075E-02	9.682E-02	3.545E+00
GCA_014843455_FUN_000002	GCA_000260495_FUN_000006	22	4.571E-01	5.075E-02	9.682E-02	3.545E+00
GCA_014843455_FUN_000002	GCA_001702695_FUN_000008	22	4.571E-01	5.075E-02	9.682E-02	3.545E+00
GCA_014843455_FUN_000002	GCA_003315725_FUN_000002	22	4.571E-01	5.075E-02	9.682E-02	3.545E+00
GCA_014843455_FUN_000002	GCA_014843455_FUN_000007	22	4.571E-01	5.075E-02	9.682E-02	3.545E+00
GCA_014843455_FUN_000002	GCA_021018635_FUN_000007	22	4.571E-01	5.075E-02	9.682E-02	3.545E+00
GCA_014843455_FUN_000002	GCA_032206225_FUN_000003	22	4.571E-01	5.075E-02	9.682E-02	3.545E+00
GCA_014843455_FUN_000002	GCA_049307005_FUN_000001	72	1.999E-01	8.412E-02	8.387E-02	9.306E+00
GCA_014843455_FUN_000002	GCA_001702845_FUN_000132	112	2.465E-01	1.089E-01	1.072E-01	1.176E+01
GCA_014843455_FUN_000002	GCA_002234105_FUN_000098	112	2.467E-01	1.089E-01	1.072E-01	1.177E+01
GCA_014843455_FUN_000002	AJ592_race4_FUN_000062	130	1.352E-01	7.804E-02	6.186E-02	1.272E+01
GCA_014843455_FUN_000002	AJ705_race4_FUN_000001	130	1.352E-01	7.804E-02	6.186E-02	1.272E+01
GCA_014843455_FUN_000002	Fola3ENZA_FUN_000004	22	4.575E-01	5.075E-02	9.683E-02	3.547E+00
GCA_014843455_FUN_000002	Fusarium_cugenangense_ex_type-barcode01_FUN_000020	22	4.575E-01	5.075E-02	9.683E-02	3.547E+00
GCA_014843455_FUN_000002	GCA_013347535_FUN_000022	22	4.575E-01	5.075E-02	9.683E-02	3.547E+00
GCA_014843455_FUN_000002	GCA_014843415_FUN_000017	22	4.575E-01	5.075E-02	9.683E-02	3.547E+00
GCA_014843455_FUN_000002	GCA_014843445_FUN_000019	22	4.575E-01	5.075E-02	9.683E-02	3.547E+00
GCA_014843455_FUN_000002	GCA_014843555_FUN_000006	22	4.575E-01	5.075E-02	9.683E-02	3.547E+00
GCA_014843455_FUN_000002	GCA_013423235_FUN_000001	22	4.565E-01	5.074E-02	9.344E-02	3.547E+00
GCA_014843455_FUN_000002	Fusarium_duoseptatum_ex_type-barcode03_FUN_000160	36	2.875E-01	7.014E-02	8.598E-02	7.144E+00
GCA_014843455_FUN_000002	GCA_025203105_FUN_000007	41	2.503E-01	8.738E-02	1.055E-01	5.841E+00
GCA_014843455_FUN_000002	AJ516_race4_FUN_000027	37	1.659E-01	4.180E-02	9.593E-02	1.077E+01
GCA_014843455_FUN_000002	AJ520_race1_FUN_000015	37	1.659E-01	4.180E-02	9.593E-02	1.077E+01
GCA_014843455_FUN_000002	AJ865_race1_FUN_000014	37	1.659E-01	4.180E-02	9.593E-02	1.077E+01
GCA_014843455_FUN_000002	GCA_023509805_FUN_000049	77	1.812E-01	8.557E-02	9.628E-02	1.204E+01
GCA_014843455_FUN_000002	GCA_025267645_FUN_000212	139	1.446E-01	7.907E-02	9.542E-02	1.730E+01
GCA_014843455_FUN_000002	GCA_001703455_FUN_000133	94	1.711E-01	6.969E-02	8.135E-02	1.837E+01
GCA_014843455_FUN_000002	GCA_019670925_FUN_000040	68	2.492E-01	8.283E-02	8.512E-02	9.956E+00
GCA_014843455_FUN_000002	Fola3ENZA_FUN_000009	111	1.350E-01	6.487E-02	6.506E-02	1.874E+01
GCA_014843455_FUN_000002	GCA_014843445_FUN_000023	111	1.350E-01	6.487E-02	6.506E-02	1.874E+01
GCA_014843455_FUN_000002	GCA_016166325_FUN_000030	37	1.762E-01	4.847E-02	1.167E-01	1.016E+01
GCA_014843455_FUN_000002	GCA_016170085_FUN_000014	37	1.762E-01	4.847E-02	1.167E-01	1.016E+01
GCA_014843455_FUN_000002	GCA_038050555_FUN_000006	58	1.802E-01	5.355E-02	1.249E-01	1.285E+01
GCA_014843455_FUN_000002	Fola1ENZA_FUN_000069	111	1.367E-01	6.543E-02	6.563E-02	1.852E+01
GCA_014843455_FUN_000002	GCA_020796175_FUN_000007	111	1.367E-01	6.543E-02	6.563E-02	1.852E+01
GCA_014843455_FUN_000002	AJ520_race1_FUN_000054	121	1.295E-01	6.937E-02	6.976E-02	2.015E+01
GCA_014843455_FUN_000002	AJ592_race4_FUN_000037	121	1.295E-01	6.937E-02	6.976E-02	2.015E+01
GCA_014843455_FUN_000002	AJ865_race1_FUN_000053	121	1.295E-01	6.937E-02	6.976E-02	2.015E+01
GCA_014843455_FUN_000002	GCA_001703205_FUN_000069	121	1.295E-01	6.934E-02	6.919E-02	2.061E+01
GCA_014843455_FUN_000002	GCA_014839635_FUN_000049	85	2.046E-01	1.017E-01	9.551E-02	9.487E+00
GCA_014843455_FUN_000002	Fusarium_gossypinum_ex_type_FUN_000315	98	1.621E-01	6.592E-02	5.323E-02	1.472E+01
GCA_014843455_FUN_000002	GCA_009755825_FUN_000023	143	1.424E-01	8.655E-02	6.551E-02	1.857E+01
GCA_014843455_FUN_000002	GCA_025216365_FUN_000025	196	1.081E-01	6.330E-02	3.721E-02	4.221E+01
GCA_014843455_FUN_000002	GCA_002233855_FUN_000172	141	1.698E-01	8.807E-02	5.730E-02	2.282E+01
GCA_014843455_FUN_000002	GCA_048164945_FUN_000024	39	1.766E-01	4.464E-02	2.693E-02	1.031E+01
Fusarium_phialophorum-barcode15_FUN_000013	Fola2ENZA_FUN_000024	161	1.006E+00	1.000E+00	1.000E+00	4.273E-03
Fusarium_phialophorum-barcode15_FUN_000013	Fusarium_phialophorum-barcode15_FUN_000013	161	1.006E+00	1.000E+00	1.000E+00	4.273E-03
Fusarium_phialophorum-barcode15_FUN_000013	GCA_025203105_FUN_000005	179	4.981E-01	4.379E-01	3.741E-01	1.217E+01
Fusarium_phialophorum-barcode15_FUN_000013	Fola1ENZA_FUN_000004	134	4.829E-01	3.687E-01	2.576E-01	1.052E+01
Fusarium_phialophorum-barcode15_FUN_000013	Fola4ENZA_FUN_000003	134	4.829E-01	3.687E-01	2.576E-01	1.052E+01
Fusarium_phialophorum-barcode15_FUN_000013	GCA_000260495_FUN_000001	134	4.829E-01	3.687E-01	2.576E-01	1.052E+01
Fusarium_phialophorum-barcode15_FUN_000013	GCA_001702695_FUN_000003	134	4.829E-01	3.687E-01	2.576E-01	1.052E+01
Fusarium_phialophorum-barcode15_FUN_000013	GCA_014843455_FUN_000002	134	4.829E-01	3.687E-01	2.576E-01	1.052E+01
Fusarium_phialophorum-barcode15_FUN_000013	GCA_019670925_FUN_000040	20	4.763E-01	1.130E-01	8.021E-02	1.833E+00
Fusarium_phialophorum-barcode15_FUN_000013	GCA_019670925_FUN_000002	20	5.935E-01	1.112E-01	7.577E-02	1.442E+00
Fusarium_phialophorum-barcode15_FUN_000013	GCA_019671045_FUN_000019	20	5.992E-01	1.113E-01	7.582E-02	1.431E+00
Fusarium_phialophorum-barcode15_FUN_000013	AJ516_race4_FUN_000013	46	2.565E-01	1.157E-01	1.260E-01	1.190E+01
Fusarium_phialophorum-barcode15_FUN_000013	Fusarium_glycines_ex_type_FUN_000047	19	8.225E-01	1.103E-01	9.401E-02	1.865E+00
Fusarium_phialophorum-barcode15_FUN_000013	Fusarium_fabacearum_ex_type_FUN_000005	150	1.375E-01	1.002E-01	8.160E-02	1.549E+01
Fusarium_phialophorum-barcode15_FUN_000013	GCA_014839635_FUN_000047	180	1.088E-01	9.532E-02	8.223E-02	2.129E+01
Fusarium_phialophorum-barcode15_FUN_000013	GCA_025267645_FUN_000218	159	1.044E-01	9.300E-02	7.349E-02	1.543E+01
Fusarium_phialophorum-barcode15_FUN_000013	GCA_025203755_FUN_000021	122	1.812E-01	1.188E-01	9.208E-02	1.455E+01
Fusarium_phialophorum-barcode15_FUN_000013	GCA_023509805_FUN_000049	61	2.745E-01	9.574E-02	8.623E-02	1.027E+01
Fusarium_phialophorum-barcode15_FUN_000013	GCA_009755825_FUN_000084	81	1.507E-01	7.624E-02	5.784E-02	1.160E+01
Fusarium_phialophorum-barcode15_FUN_000013	AJ592_race4_FUN_000062	196	1.451E-01	1.335E-01	7.989E-02	1.700E+01
Fusarium_phialophorum-barcode15_FUN_000013	AJ705_race4_FUN_000001	196	1.451E-01	1.335E-01	7.989E-02	1.700E+01
Fusarium_phialophorum-barcode15_FUN_000013	GCA_019593505_FUN_000203	64	2.113E-01	9.805E-02	1.474E-01	1.412E+01
Fusarium_phialophorum-barcode15_FUN_000013	GCA_049306905_FUN_000037	13	3.782E-01	6.017E-02	5.197E-02	3.394E+00
Fusarium_phialophorum-barcode15_FUN_000013	GCA_009755825_FUN_000023	131	1.517E-01	9.727E-02	5.956E-02	1.350E+01
Fusarium_phialophorum-barcode15_FUN_000013	GCA_025216365_FUN_000109	137	1.728E-01	1.332E-01	4.982E-02	1.418E+01
Fusarium_phialophorum-barcode15_FUN_000013	Fola3ENZA_FUN_000009	23	2.008E-01	7.333E-02	5.168E-02	4.658E+00
Fusarium_phialophorum-barcode15_FUN_000013	GCA_014843445_FUN_000023	23	2.008E-01	7.333E-02	5.168E-02	4.658E+00
Fusarium_phialophorum-barcode15_FUN_000013	Fusarium_fabacearum_ex_type_FUN_000114	160	1.479E-01	1.057E-01	8.470E-02	1.623E+01
Fusarium_phialophorum-barcode15_FUN_000013	AJ718_race1_FUN_000294	199	1.356E-01	1.227E-01	8.653E-02	1.623E+01
Fusarium_phialophorum-barcode15_FUN_000013	GCA_002234045_FUN_000287	118	1.803E-01	1.183E-01	7.830E-02	1.399E+01
Fusarium_phialophorum-barcode15_FUN_000013	GCA_025217005_FUN_000165	118	1.803E-01	1.183E-01	7.830E-02	1.399E+01
Fusarium_phialophorum-barcode15_FUN_000013	GCA_023509805_FUN_000022	185	2.032E-01	1.658E-01	7.873E-02	1.703E+01
Fusarium_phialophorum-barcode15_FUN_000013	GCA_025267645_FUN_000212	25	2.507E-01	6.285E-02	5.422E-02	6.411E+00
Fusarium_phialophorum-barcode15_FUN_000013	Fola1ENZA_FUN_000069	31	2.103E-01	7.217E-02	5.142E-02	9.094E+00
Fusarium_phialophorum-barcode15_FUN_000013	GCA_020796175_FUN_000007	31	2.103E-01	7.217E-02	5.142E-02	9.094E+00
Fusarium_phialophorum-barcode15_FUN_000013	AJ705_race4_FUN_000009	190	1.370E-01	1.159E-01	8.109E-02	1.686E+01
Fusarium_phialophorum-barcode15_FUN_000013	GCA_014839635_FUN_000049	195	1.149E-01	1.038E-01	8.692E-02	1.670E+01
Fusarium_phialophorum-barcode15_FUN_000013	Fusarium_sp_128_FUN_000003	24	2.402E-01	8.506E-02	4.394E-02	5.399E+00
GCA_018894095_FUN_000071	GCA_018894095_FUN_000071	84	1.012E+00	1.000E+00	1.000E+00	0.000E+00
GCA_018894095_FUN_000071	GCA_038050555_FUN_000006	78	9.671E-01	8.888E-01	9.319E-01	1.117E+00
GCA_018894095_FUN_000071	AJ516_race4_FUN_000027	82	8.360E-01	7.090E-01	8.252E-01	2.651E+00
GCA_018894095_FUN_000071	AJ520_race1_FUN_000015	82	8.360E-01	7.090E-01	8.252E-01	2.651E+00
GCA_018894095_FUN_000071	AJ865_race1_FUN_000014	82	8.360E-01	7.090E-01	8.252E-01	2.651E+00
GCA_018894095_FUN_000071	GCA_048164945_FUN_000019	79	7.683E-01	7.205E-01	7.599E-01	3.137E+00
GCA_018894095_FUN_000071	Fusarium_kalimantanense_ex_type-barcode07_FUN_000026	83	7.358E-01	6.309E-01	7.265E-01	4.922E+00
GCA_018894095_FUN_000071	GCA_016166325_FUN_000030	78	7.871E-01	6.331E-01	7.565E-01	3.402E+00
GCA_018894095_FUN_000071	GCA_016170085_FUN_000014	78	7.871E-01	6.331E-01	7.565E-01	3.402E+00
GCA_018894095_FUN_000071	Fusarium_duoseptatum_ex_type-barcode03_FUN_000086	86	3.761E-01	3.217E-01	3.044E-01	1.208E+01
GCA_018894095_FUN_000071	GCA_050947165_FUN_000012	45	5.613E-01	2.381E-01	4.487E-02	7.493E+00
GCA_018894095_FUN_000071	GCA_050947235_FUN_000024	45	5.613E-01	2.381E-01	4.487E-02	7.493E+00
GCA_018894095_FUN_000071	GCA_014839635_FUN_000049	68	1.914E-01	1.274E-01	6.007E-02	1.965E+01
GCA_018894095_FUN_000071	Fola3ENZA_FUN_000009	80	1.686E-01	1.252E-01	6.423E-02	1.805E+01
GCA_018894095_FUN_000071	GCA_014843445_FUN_000023	80	1.686E-01	1.252E-01	6.423E-02	1.805E+01
GCA_018894095_FUN_000071	GCA_049307005_FUN_000001	34	2.773E-01	1.418E-01	5.591E-02	5.161E+00
GCA_018894095_FUN_000071	GCA_002234015_FUN_000078	49	2.694E-01	1.732E-01	5.320E-02	8.699E+00
GCA_018894095_FUN_000071	Fola1ENZA_FUN_000069	80	1.721E-01	1.265E-01	6.458E-02	1.807E+01
GCA_018894095_FUN_000071	GCA_020796175_FUN_000007	80	1.721E-01	1.265E-01	6.458E-02	1.807E+01
AJ592_race4_FUN_000037	AJ520_race1_FUN_000054	264	1.004E+00	1.000E+00	1.000E+00	1.213E-02
AJ592_race4_FUN_000037	AJ592_race4_FUN_000037	264	1.004E+00	1.000E+00	1.000E+00	1.213E-02
AJ592_race4_FUN_000037	AJ865_race1_FUN_000053	264	1.004E+00	1.000E+00	1.000E+00	1.213E-02
AJ592_race4_FUN_000037	GCA_001703205_FUN_000069	271	8.709E-01	8.677E-01	8.583E-01	4.221E+00
AJ592_race4_FUN_000037	Fusarium_gossypinum_ex_type_FUN_000050	219	5.064E-01	3.545E-01	2.131E-01	6.566E+00
AJ592_race4_FUN_000037	GCA_001703455_FUN_000315	219	5.064E-01	3.545E-01	2.131E-01	6.566E+00
AJ592_race4_FUN_000037	GCA_009755825_FUN_000023	206	3.751E-01	2.850E-01	2.055E-01	2.193E+01
AJ592_race4_FUN_000037	GCA_002233855_FUN_000172	234	3.021E-01	2.319E-01	1.476E-01	1.862E+01
AJ592_race4_FUN_000037	GCA_009755825_FUN_000084	217	3.792E-01	2.693E-01	3.170E-01	1.819E+01
AJ592_race4_FUN_000037	GCA_025267645_FUN_000218	214	4.004E-01	2.930E-01	3.074E-01	1.150E+01
AJ592_race4_FUN_000037	Fusarium_fabacearum_ex_type_FUN_000005	208	4.400E-01	2.934E-01	3.407E-01	7.166E+00
AJ592_race4_FUN_000037	Fusarium_sp_128_FUN_000003	177	4.977E-01	2.496E-01	1.943E-01	6.900E+00
AJ592_race4_FUN_000037	Fusarium_elaeidis_ex_type_FUN_000039	190	4.023E-01	2.576E-01	2.816E-01	1.654E+01
AJ592_race4_FUN_000037	Fola1ENZA_FUN_000069	78	2.860E-01	1.091E-01	1.163E-01	1.319E+01
AJ592_race4_FUN_000037	GCA_020796175_FUN_000007	78	2.860E-01	1.091E-01	1.163E-01	1.319E+01
AJ592_race4_FUN_000037	GCA_025203105_FUN_000007	153	2.228E-01	1.168E-01	1.481E-01	1.673E+01
AJ592_race4_FUN_000037	Fola2ENZA_FUN_000005	87	3.095E-01	1.063E-01	1.702E-01	1.125E+01
AJ592_race4_FUN_000037	GCA_019671045_FUN_000060	146	1.912E-01	9.948E-02	1.212E-01	1.774E+01
AJ592_race4_FUN_000037	Fola4ENZA_FUN_000007	72	2.894E-01	1.025E-01	1.908E-01	1.366E+01
AJ592_race4_FUN_000037	Fusarium_phialophorum-barcode15_FUN_000015	72	2.894E-01	1.025E-01	1.908E-01	1.366E+01
AJ592_race4_FUN_000037	Fusarium_sp_128_FUN_000005	72	2.894E-01	1.025E-01	1.908E-01	1.366E+01
AJ592_race4_FUN_000037	GCA_001702695_FUN_000007	72	2.894E-01	1.025E-01	1.908E-01	1.366E+01
AJ592_race4_FUN_000037	GCA_003315725_FUN_000001	72	2.894E-01	1.025E-01	1.908E-01	1.366E+01
AJ592_race4_FUN_000037	GCA_014843455_FUN_000006	72	2.894E-01	1.025E-01	1.908E-01	1.366E+01
AJ592_race4_FUN_000037	GCA_021018635_FUN_000006	72	2.894E-01	1.025E-01	1.908E-01	1.366E+01
AJ592_race4_FUN_000037	GCA_032206225_FUN_000002	72	2.894E-01	1.025E-01	1.908E-01	1.366E+01
AJ592_race4_FUN_000037	GCA_025267645_FUN_000212	98	3.367E-01	1.348E-01	1.730E-01	7.463E+00
AJ592_race4_FUN_000037	GCA_019670925_FUN_000050	138	2.576E-01	1.326E-01	1.625E-01	1.521E+01
AJ592_race4_FUN_000037	GCA_015227905_FUN_000281	124	2.292E-01	1.159E-01	1.302E-01	1.068E+01
AJ592_race4_FUN_000037	Fusarium_gossypinum_ex_type_FUN_000200	151	1.576E-01	9.711E-02	1.013E-01	2.339E+01
AJ592_race4_FUN_000037	Fusarium_cugenangense_ex_type-barcode01_FUN_000019	111	2.670E-01	1.049E-01	1.943E-01	1.635E+01
AJ592_race4_FUN_000037	GCA_013347535_FUN_000021	111	2.670E-01	1.049E-01	1.943E-01	1.635E+01
AJ592_race4_FUN_000037	GCA_014843415_FUN_000016	111	2.670E-01	1.049E-01	1.943E-01	1.635E+01
AJ592_race4_FUN_000037	GCA_014843555_FUN_000005	111	2.670E-01	1.049E-01	1.943E-01	1.635E+01
AJ592_race4_FUN_000037	GCA_050947165_FUN_000034	133	2.189E-01	9.710E-02	1.149E-01	1.334E+01
AJ592_race4_FUN_000037	GCA_050947235_FUN_000045	133	2.189E-01	9.710E-02	1.149E-01	1.334E+01
AJ592_race4_FUN_000037	GCA_001703455_FUN_000164	151	1.635E-01	9.726E-02	1.041E-01	2.272E+01
AJ592_race4_FUN_000037	GCA_019593505_FUN_000203	73	1.958E-01	7.424E-02	1.495E-01	9.633E+00
AJ592_race4_FUN_000037	AJ718_race1_FUN_000294	132	2.118E-01	9.792E-02	8.948E-02	1.322E+01
AJ592_race4_FUN_000037	GCA_049306905_FUN_000037	22	5.816E-01	6.738E-02	8.982E-02	3.646E+00
AJ592_race4_FUN_000037	GCA_025267645_FUN_000197	98	1.614E-01	7.035E-02	8.103E-02	1.194E+01
AJ592_race4_FUN_000037	Fola3ENZA_FUN_000009	78	2.576E-01	1.025E-01	1.086E-01	1.409E+01
AJ592_race4_FUN_000037	GCA_014843445_FUN_000023	78	2.576E-01	1.025E-01	1.086E-01	1.409E+01
AJ592_race4_FUN_000037	Fusarium_sp_128_FUN_000001	69	3.556E-01	7.543E-02	1.812E-01	1.145E+01
AJ592_race4_FUN_000037	Fusarium_kalimantanense_ex_type-barcode07_FUN_000007	104	1.475E-01	5.682E-02	8.745E-02	1.668E+01
AJ592_race4_FUN_000037	GCA_049307005_FUN_000001	78	2.158E-01	9.219E-02	9.617E-02	9.570E+00
AJ592_race4_FUN_000037	AJ718_race1_FUN_000094	121	2.034E-01	8.091E-02	6.319E-02	1.608E+01
AJ592_race4_FUN_000037	GCA_016170085_FUN_000003	193	1.090E-01	6.142E-02	9.732E-02	3.674E+01
AJ592_race4_FUN_000037	Fusarium_duoseptatum_ex_type-barcode03_FUN_000160	17	4.984E-01	4.862E-02	7.064E-02	2.158E+00
AJ592_race4_FUN_000037	GCA_019671045_FUN_000062	29	4.861E-01	5.779E-02	6.435E-02	7.857E+00
AJ592_race4_FUN_000037	Fusarium_fabacearum_ex_type_FUN_000114	103	1.685E-01	8.123E-02	8.079E-02	1.317E+01
AJ592_race4_FUN_000037	Fusarium_gossypinum_ex_type_FUN_000315	51	2.214E-01	7.405E-02	6.073E-02	1.075E+01
AJ592_race4_FUN_000037	GCA_000259975_FUN_000015	141	1.775E-01	9.053E-02	1.390E-01	1.514E+01
AJ592_race4_FUN_000037	GCA_025203105_FUN_000005	127	1.255E-01	6.003E-02	6.587E-02	1.455E+01
AJ592_race4_FUN_000037	GCA_019593505_FUN_000075	64	1.953E-01	8.177E-02	8.763E-02	8.932E+00
AJ592_race4_FUN_000037	AJ516_race4_FUN_000013	47	1.676E-01	4.848E-02	7.710E-02	1.121E+01
AJ592_race4_FUN_000037	GCA_000259975_FUN_000028	118	1.837E-01	8.682E-02	1.049E-01	1.398E+01
AJ592_race4_FUN_000037	GCA_019670925_FUN_000040	213	1.576E-01	1.106E-01	1.215E-01	1.567E+01
AJ592_race4_FUN_000037	AJ592_race4_FUN_000062	150	1.502E-01	7.753E-02	6.028E-02	1.528E+01
AJ592_race4_FUN_000037	AJ705_race4_FUN_000001	150	1.502E-01	7.753E-02	6.028E-02	1.528E+01
GCA_001703205_FUN_000057	GCA_001703205_FUN_000057	133	1.008E+00	1.000E+00	1.000E+00	0.000E+00
GCA_001703205_FUN_000057	GCA_048164945_FUN_000047	133	4.609E-01	4.581E-01	4.581E-01	1.410E+01
GCA_001703205_FUN_000057	GCA_016170085_FUN_000049	133	3.308E-01	3.289E-01	3.289E-01	1.202E+01
GCA_001703205_FUN_000057	GCA_016166325_FUN_000066	131	2.451E-01	2.408E-01	2.291E-01	1.656E+01
GCA_001703205_FUN_000057	GCA_025217005_FUN_000165	69	3.071E-01	1.866E-01	8.763E-02	9.543E+00
Fusarium_kalimantanense_ex_type-barcode07_FUN_000026	Fusarium_kalimantanense_ex_type-barcode07_FUN_000026	72	1.014E+00	1.000E+00	1.000E+00	0.000E+00
Fusarium_kalimantanense_ex_type-barcode07_FUN_000026	GCA_016166325_FUN_000030	67	9.213E-01	8.483E-01	8.833E-01	1.887E+00
Fusarium_kalimantanense_ex_type-barcode07_FUN_000026	GCA_016170085_FUN_000014	67	9.213E-01	8.483E-01	8.833E-01	1.887E+00
Fusarium_kalimantanense_ex_type-barcode07_FUN_000026	AJ516_race4_FUN_000027	71	7.922E-01	7.726E-01	7.823E-01	2.942E+00
Fusarium_kalimantanense_ex_type-barcode07_FUN_000026	AJ520_race1_FUN_000015	71	7.922E-01	7.726E-01	7.823E-01	2.942E+00
Fusarium_kalimantanense_ex_type-barcode07_FUN_000026	AJ865_race1_FUN_000014	71	7.922E-01	7.726E-01	7.823E-01	2.942E+00
Fusarium_kalimantanense_ex_type-barcode07_FUN_000026	GCA_048164945_FUN_000019	79	7.794E-01	7.317E-01	6.739E-01	3.452E+00
Fusarium_kalimantanense_ex_type-barcode07_FUN_000026	GCA_038050555_FUN_000006	78	7.857E-01	7.263E-01	6.598E-01	3.427E+00
Fusarium_kalimantanense_ex_type-barcode07_FUN_000026	GCA_018894095_FUN_000071	83	7.358E-01	7.265E-01	6.309E-01	4.922E+00
Fusarium_kalimantanense_ex_type-barcode07_FUN_000026	Fusarium_duoseptatum_ex_type-barcode03_FUN_000086	86	3.765E-01	3.531E-01	2.977E-01	9.166E+00
Fusarium_kalimantanense_ex_type-barcode07_FUN_000026	GCA_020796175_FUN_000123	78	4.196E-01	3.631E-01	3.016E-01	8.261E+00
Fusarium_kalimantanense_ex_type-barcode07_FUN_000026	GCA_049307005_FUN_000001	53	4.119E-01	2.109E-01	7.324E-02	7.635E+00
Fusarium_kalimantanense_ex_type-barcode07_FUN_000026	AJ705_race4_FUN_000009	31	1.866E-01	1.421E-01	5.818E-02	9.478E+00
Fusarium_kalimantanense_ex_type-barcode07_FUN_000026	GCA_014839635_FUN_000049	69	1.645E-01	1.322E-01	6.000E-02	1.993E+01
Fusarium_kalimantanense_ex_type-barcode07_FUN_000026	GCA_023509805_FUN_000022	25	4.632E-01	1.761E-01	3.897E-02	3.263E+00
Fusarium_kalimantanense_ex_type-barcode07_FUN_000026	Fusarium_duoseptatum_ex_type-barcode03_FUN_000160	41	2.179E-01	1.573E-01	9.762E-02	7.307E+00
Fusarium_kalimantanense_ex_type-barcode07_FUN_000026	Fola3ENZA_FUN_000009	71	1.870E-01	1.423E-01	6.760E-02	1.280E+01
Fusarium_kalimantanense_ex_type-barcode07_FUN_000026	GCA_014843445_FUN_000023	71	1.870E-01	1.423E-01	6.760E-02	1.280E+01
Fusarium_kalimantanense_ex_type-barcode07_FUN_000026	GCA_025267645_FUN_000218	22	3.201E-01	1.577E-01	5.879E-02	3.301E+00
Fusarium_kalimantanense_ex_type-barcode07_FUN_000026	GCA_050947165_FUN_000012	28	2.608E-01	1.314E-01	2.716E-02	1.022E+01
Fusarium_kalimantanense_ex_type-barcode07_FUN_000026	GCA_050947235_FUN_000024	28	2.608E-01	1.314E-01	2.716E-02	1.022E+01
Fusarium_kalimantanense_ex_type-barcode07_FUN_000026	Fusarium_kalimantanense_ex_type-barcode07_FUN_000007	25	3.522E-01	1.687E-01	9.449E-02	3.553E+00
Fusarium_kalimantanense_ex_type-barcode07_FUN_000026	GCA_025203755_FUN_000021	10	3.401E-01	1.013E-01	3.332E-02	1.927E+00
Fusarium_kalimantanense_ex_type-barcode07_FUN_000026	GCA_013423235_FUN_000011	78	1.485E-01	1.326E-01	9.866E-02	1.143E+01
Fusarium_kalimantanense_ex_type-barcode07_FUN_000026	AJ516_race4_FUN_000013	27	1.756E-01	1.407E-01	9.529E-02	5.861E+00
Fusarium_kalimantanense_ex_type-barcode07_FUN_000026	GCA_019671045_FUN_000019	20	4.290E-01	8.100E-02	2.585E-02	6.330E+00
Fusarium_kalimantanense_ex_type-barcode07_FUN_000026	Fola1ENZA_FUN_000069	71	1.804E-01	1.409E-01	6.744E-02	1.257E+01
Fusarium_kalimantanense_ex_type-barcode07_FUN_000026	GCA_020796175_FUN_000007	71	1.804E-01	1.409E-01	6.744E-02	1.257E+01
Fusarium_kalimantanense_ex_type-barcode07_FUN_000026	GCA_018894095_FUN_000077	30	2.494E-01	1.285E-01	2.404E-02	9.430E+00
AJ718_race1_FUN_000292	AJ718_race1_FUN_000292	319	1.003E+00	1.000E+00	1.000E+00	1.363E-02
AJ718_race1_FUN_000292	AJ718_race1_FUN_000294	287	5.671E-01	4.289E-01	4.559E-01	7.077E+00
AJ718_race1_FUN_000292	GCA_019670925_FUN_000040	249	5.139E-01	3.516E-01	4.597E-01	8.796E+00
AJ718_race1_FUN_000292	GCA_023509805_FUN_000022	329	4.132E-01	3.596E-01	3.114E-01	1.164E+01
AJ718_race1_FUN_000292	Fola3ENZA_FUN_000009	197	1.681E-01	1.047E-01	1.215E-01	1.798E+01
AJ718_race1_FUN_000292	GCA_014843445_FUN_000023	197	1.681E-01	1.047E-01	1.215E-01	1.798E+01
AJ718_race1_FUN_000292	Fola1ENZA_FUN_000069	196	1.688E-01	1.062E-01	1.226E-01	1.783E+01
AJ718_race1_FUN_000292	GCA_020796175_FUN_000007	196	1.688E-01	1.062E-01	1.226E-01	1.783E+01
AJ718_race1_FUN_000292	Fusarium_fabacearum_ex_type_FUN_000114	174	1.439E-01	7.354E-02	8.318E-02	1.886E+01
AJ718_race1_FUN_000292	GCA_019671045_FUN_000019	54	3.805E-01	1.027E-01	1.281E-01	5.336E+00
AJ718_race1_FUN_000292	GCA_019670925_FUN_000002	54	3.878E-01	1.033E-01	1.288E-01	5.347E+00
AJ718_race1_FUN_000292	GCA_001702495_FUN_000061	209	2.334E-01	1.312E-01	1.557E-01	1.599E+01
AJ718_race1_FUN_000292	GCA_023509805_FUN_000049	108	3.044E-01	7.359E-02	1.119E-01	1.402E+01
AJ718_race1_FUN_000292	GCA_002234015_FUN_000068	209	2.332E-01	1.313E-01	1.557E-01	1.598E+01
AJ718_race1_FUN_000292	GCA_015227905_FUN_000281	100	2.135E-01	7.029E-02	9.355E-02	1.396E+01
AJ718_race1_FUN_000292	GCA_049307005_FUN_000001	212	1.382E-01	8.425E-02	9.724E-02	1.806E+01
AJ718_race1_FUN_000292	Fusarium_duoseptatum_ex_type-barcode03_FUN_000160	189	1.298E-01	7.542E-02	1.095E-01	1.764E+01
AJ718_race1_FUN_000292	GCA_025203105_FUN_000007	236	2.174E-01	1.254E-01	1.795E-01	1.906E+01
AJ718_race1_FUN_000292	GCA_025267645_FUN_000197	225	1.321E-01	8.960E-02	1.182E-01	2.037E+01
AJ718_race1_FUN_000292	GCA_014839635_FUN_000049	213	1.763E-01	1.242E-01	1.357E-01	1.310E+01
AJ718_race1_FUN_000292	Fusarium_gossypinum_ex_type_FUN_000315	217	1.563E-01	9.953E-02	9.560E-02	1.878E+01
AJ718_race1_FUN_000292	Fusarium_elaeidis_ex_type_FUN_000039	167	1.382E-01	8.695E-02	1.038E-01	1.500E+01
AJ718_race1_FUN_000292	AJ705_race4_FUN_000009	121	2.672E-01	1.091E-01	1.271E-01	1.152E+01
AJ718_race1_FUN_000292	GCA_002234045_FUN_000287	30	2.874E-01	5.059E-02	4.644E-02	5.726E+00
AJ718_race1_FUN_000292	GCA_025217005_FUN_000165	30	2.874E-01	5.058E-02	4.643E-02	5.729E+00
AJ718_race1_FUN_000292	Fusarium_gossypinum_ex_type_FUN_000050	93	1.976E-01	7.043E-02	5.106E-02	1.851E+01
AJ718_race1_FUN_000292	GCA_001703455_FUN_000315	93	1.976E-01	7.043E-02	5.106E-02	1.851E+01
AJ718_race1_FUN_000292	GCA_019593505_FUN_000157	41	2.465E-01	5.108E-02	1.575E-01	1.216E+01
AJ718_race1_FUN_000292	GCA_001702495_FUN_000036	83	1.620E-01	5.487E-02	8.541E-02	1.472E+01
AJ718_race1_FUN_000292	GCA_001702845_FUN_000128	160	1.570E-01	8.725E-02	1.068E-01	1.585E+01
AJ718_race1_FUN_000292	GCA_002234105_FUN_000094	160	1.570E-01	8.725E-02	1.068E-01	1.585E+01
AJ718_race1_FUN_000292	GCA_025203755_FUN_000017	163	1.715E-01	9.418E-02	1.150E-01	1.568E+01
AJ718_race1_FUN_000292	Fusarium_sp_128_FUN_000003	153	1.785E-01	6.188E-02	5.583E-02	2.053E+01
AJ718_race1_FUN_000292	AJ592_race4_FUN_000062	124	2.043E-01	7.788E-02	6.974E-02	1.641E+01
AJ718_race1_FUN_000292	AJ705_race4_FUN_000001	124	2.043E-01	7.788E-02	6.974E-02	1.641E+01
AJ718_race1_FUN_000292	GCA_018894095_FUN_000077	50	2.540E-01	5.647E-02	3.942E-02	9.388E+00
AJ718_race1_FUN_000292	GCA_049306905_FUN_000029	50	2.575E-01	5.274E-02	3.776E-02	9.729E+00
AJ718_race1_FUN_000292	GCA_049307005_FUN_000032	50	2.575E-01	5.274E-02	3.776E-02	9.729E+00
AJ718_race1_FUN_000292	GCA_014839635_FUN_000047	164	9.945E-02	5.270E-02	6.647E-02	2.129E+01
AJ718_race1_FUN_000292	GCA_002233855_FUN_000172	88	1.577E-01	3.758E-02	3.305E-02	1.572E+01
AJ516_race4_FUN_000027	AJ516_race4_FUN_000027	71	1.014E+00	1.000E+00	1.000E+00	2.395E-03
AJ516_race4_FUN_000027	AJ520_race1_FUN_000015	71	1.014E+00	1.000E+00	1.000E+00	2.395E-03
AJ516_race4_FUN_000027	AJ865_race1_FUN_000014	71	1.014E+00	1.000E+00	1.000E+00	2.395E-03
AJ516_race4_FUN_000027	GCA_038050555_FUN_000006	80	8.930E-01	8.582E-01	7.685E-01	1.753E+00
AJ516_race4_FUN_000027	GCA_018894095_FUN_000071	82	8.360E-01	8.252E-01	7.090E-01	2.651E+00
AJ516_race4_FUN_000027	GCA_016166325_FUN_000030	65	8.700E-01	7.910E-01	8.121E-01	2.162E+00
AJ516_race4_FUN_000027	GCA_016170085_FUN_000014	65	8.700E-01	7.910E-01	8.121E-01	2.162E+00
AJ516_race4_FUN_000027	Fusarium_kalimantanense_ex_type-barcode07_FUN_000026	71	7.922E-01	7.823E-01	7.726E-01	2.942E+00
AJ516_race4_FUN_000027	GCA_048164945_FUN_000019	79	8.386E-01	7.968E-01	7.247E-01	2.641E+00
AJ516_race4_FUN_000027	Fusarium_duoseptatum_ex_type-barcode03_FUN_000086	86	3.585E-01	3.153E-01	2.587E-01	9.674E+00
AJ516_race4_FUN_000027	GCA_001703205_FUN_000018	60	4.312E-01	3.563E-01	3.683E-01	9.297E+00
AJ516_race4_FUN_000027	GCA_020796175_FUN_000123	67	3.979E-01	3.354E-01	2.777E-01	6.380E+00
AJ516_race4_FUN_000027	GCA_049307005_FUN_000001	44	2.513E-01	1.532E-01	6.646E-02	6.470E+00
AJ516_race4_FUN_000027	GCA_014839635_FUN_000049	50	2.925E-01	1.767E-01	5.841E-02	1.151E+01
AJ516_race4_FUN_000027	Fola3ENZA_FUN_000004	60	1.917E-01	1.464E-01	1.017E-01	9.763E+00
AJ516_race4_FUN_000027	Fola4ENZA_FUN_000008	60	1.917E-01	1.464E-01	1.017E-01	9.761E+00
AJ516_race4_FUN_000027	Fusarium_cugenangense_ex_type-barcode01_FUN_000020	60	1.917E-01	1.464E-01	1.017E-01	9.763E+00
AJ516_race4_FUN_000027	GCA_000260495_FUN_000006	60	1.917E-01	1.464E-01	1.017E-01	9.761E+00
AJ516_race4_FUN_000027	GCA_001702695_FUN_000008	60	1.917E-01	1.464E-01	1.017E-01	9.761E+00
AJ516_race4_FUN_000027	GCA_003315725_FUN_000002	60	1.917E-01	1.464E-01	1.017E-01	9.761E+00
AJ516_race4_FUN_000027	GCA_013347535_FUN_000022	60	1.917E-01	1.464E-01	1.017E-01	9.763E+00
AJ516_race4_FUN_000027	GCA_014843415_FUN_000017	60	1.917E-01	1.464E-01	1.017E-01	9.763E+00
AJ516_race4_FUN_000027	GCA_014843445_FUN_000019	60	1.917E-01	1.464E-01	1.017E-01	9.763E+00
AJ516_race4_FUN_000027	GCA_014843455_FUN_000007	60	1.917E-01	1.464E-01	1.017E-01	9.761E+00
AJ516_race4_FUN_000027	GCA_014843555_FUN_000006	60	1.917E-01	1.464E-01	1.017E-01	9.763E+00
AJ516_race4_FUN_000027	GCA_021018635_FUN_000007	60	1.917E-01	1.464E-01	1.017E-01	9.761E+00
AJ516_race4_FUN_000027	GCA_032206225_FUN_000003	60	1.917E-01	1.464E-01	1.017E-01	9.761E+00
AJ516_race4_FUN_000027	GCA_013423235_FUN_000001	60	1.918E-01	1.465E-01	9.842E-02	9.754E+00
AJ516_race4_FUN_000027	AJ516_race4_FUN_000013	52	1.805E-01	1.501E-01	9.610E-02	1.055E+01
AJ516_race4_FUN_000027	GCA_025203105_FUN_000005	53	1.900E-01	1.133E-01	5.696E-02	9.255E+00
GCA_014843455_FUN_000007	Fola4ENZA_FUN_000008	117	1.009E+00	1.000E+00	1.000E+00	0.000E+00
GCA_014843455_FUN_000007	GCA_000260495_FUN_000006	117	1.009E+00	1.000E+00	1.000E+00	0.000E+00
GCA_014843455_FUN_000007	GCA_001702695_FUN_000008	117	1.009E+00	1.000E+00	1.000E+00	0.000E+00
GCA_014843455_FUN_000007	GCA_003315725_FUN_000002	117	1.009E+00	1.000E+00	1.000E+00	0.000E+00
GCA_014843455_FUN_000007	GCA_014843455_FUN_000007	117	1.009E+00	1.000E+00	1.000E+00	0.000E+00
GCA_014843455_FUN_000007	GCA_021018635_FUN_000007	117	1.009E+00	1.000E+00	1.000E+00	0.000E+00
GCA_014843455_FUN_000007	GCA_032206225_FUN_000003	117	1.009E+00	1.000E+00	1.000E+00	0.000E+00
GCA_014843455_FUN_000007	Fola3ENZA_FUN_000004	117	8.421E-01	8.351E-01	8.351E-01	4.641E+00
GCA_014843455_FUN_000007	Fusarium_cugenangense_ex_type-barcode01_FUN_000020	117	8.421E-01	8.351E-01	8.351E-01	4.641E+00
GCA_014843455_FUN_000007	GCA_013347535_FUN_000022	117	8.421E-01	8.351E-01	8.351E-01	4.641E+00
GCA_014843455_FUN_000007	GCA_014843415_FUN_000017	117	8.421E-01	8.351E-01	8.351E-01	4.641E+00
GCA_014843455_FUN_000007	GCA_014843445_FUN_000019	117	8.421E-01	8.351E-01	8.351E-01	4.641E+00
GCA_014843455_FUN_000007	GCA_014843555_FUN_000006	117	8.421E-01	8.351E-01	8.351E-01	4.641E+00
GCA_014843455_FUN_000007	GCA_013423235_FUN_000001	117	8.288E-01	8.219E-01	7.889E-01	5.292E+00
GCA_014843455_FUN_000007	GCA_019670925_FUN_000040	91	2.906E-01	2.107E-01	1.269E-01	1.304E+01
GCA_014843455_FUN_000007	GCA_000259975_FUN_000015	64	3.649E-01	2.095E-01	1.881E-01	7.018E+00
GCA_014843455_FUN_000007	Fola1ENZA_FUN_000069	103	1.984E-01	1.638E-01	9.571E-02	1.528E+01
GCA_014843455_FUN_000007	Fola3ENZA_FUN_000009	101	2.045E-01	1.628E-01	9.550E-02	1.402E+01
GCA_014843455_FUN_000007	GCA_014843445_FUN_000023	101	2.045E-01	1.628E-01	9.550E-02	1.402E+01
GCA_014843455_FUN_000007	GCA_020796175_FUN_000007	103	1.984E-01	1.638E-01	9.571E-02	1.528E+01
GCA_014843455_FUN_000007	Fusarium_kalimantanense_ex_type-barcode07_FUN_000007	70	2.728E-01	1.475E-01	1.224E-01	1.115E+01
GCA_014843455_FUN_000007	GCA_014839635_FUN_000049	157	1.573E-01	1.363E-01	7.598E-02	1.621E+01
GCA_014843455_FUN_000007	Fusarium_duoseptatum_ex_type-barcode03_FUN_000160	106	1.725E-01	1.334E-01	1.059E-01	1.586E+01
GCA_014843455_FUN_000007	GCA_049306905_FUN_000029	79	2.338E-01	1.365E-01	4.122E-02	1.136E+01
GCA_014843455_FUN_000007	GCA_049307005_FUN_000032	79	2.338E-01	1.365E-01	4.122E-02	1.136E+01
GCA_014843455_FUN_000007	GCA_025267645_FUN_000212	66	3.510E-01	2.037E-01	1.405E-01	6.922E+00
GCA_014843455_FUN_000007	Fusarium_fabacearum_ex_type_FUN_000005	96	1.666E-01	1.245E-01	8.575E-02	1.359E+01
GCA_014843455_FUN_000007	GCA_050947165_FUN_000012	66	2.213E-01	1.464E-01	5.218E-02	1.254E+01
GCA_014843455_FUN_000007	GCA_050947235_FUN_000024	66	2.213E-01	1.464E-01	5.218E-02	1.254E+01
GCA_014843455_FUN_000007	GCA_023509805_FUN_000049	98	1.324E-01	9.300E-02	8.572E-02	1.885E+01
GCA_014843455_FUN_000007	GCA_049307005_FUN_000001	98	1.609E-01	1.338E-01	7.811E-02	1.596E+01
GCA_014843455_FUN_000007	AJ705_race4_FUN_000009	144	1.429E-01	1.163E-01	8.060E-02	1.654E+01
GCA_014843455_FUN_000007	GCA_048164945_FUN_000024	78	2.231E-01	1.267E-01	3.982E-02	1.163E+01
GCA_014843455_FUN_000007	GCA_023509805_FUN_000022	131	1.606E-01	1.277E-01	6.444E-02	1.388E+01
GCA_014843455_FUN_000007	GCA_018894095_FUN_000077	108	1.824E-01	1.376E-01	5.835E-02	1.088E+01
GCA_014843455_FUN_000007	GCA_020796175_FUN_000123	96	1.854E-01	1.513E-01	1.749E-01	1.434E+01
GCA_014843455_FUN_000007	Fusarium_cugenangense_ex_type-barcode01_FUN_000019	31	5.223E-01	2.019E-01	2.004E-01	3.464E+00
GCA_014843455_FUN_000007	GCA_013347535_FUN_000021	31	5.223E-01	2.019E-01	2.004E-01	3.464E+00
GCA_014843455_FUN_000007	GCA_014843415_FUN_000016	31	5.223E-01	2.019E-01	2.004E-01	3.464E+00
GCA_014843455_FUN_000007	GCA_014843555_FUN_000005	31	5.223E-01	2.019E-01	2.004E-01	3.464E+00
GCA_014843455_FUN_000007	GCA_025203755_FUN_000021	133	1.613E-01	1.490E-01	8.180E-02	1.689E+01
GCA_014843455_FUN_000007	Fusarium_sp_128_FUN_000003	119	1.603E-01	1.361E-01	6.540E-02	1.394E+01
GCA_014843455_FUN_000007	Fusarium_duoseptatum_ex_type-barcode03_FUN_000086	77	3.012E-01	1.891E-01	2.335E-01	1.433E+01
GCA_014843455_FUN_000007	GCA_000259975_FUN_000028	112	2.075E-01	1.425E-01	9.607E-02	1.161E+01
GCA_014843455_FUN_000007	AJ516_race4_FUN_000027	62	2.149E-01	1.154E-01	1.669E-01	9.636E+00
GCA_014843455_FUN_000007	AJ520_race1_FUN_000015	62	2.149E-01	1.154E-01	1.669E-01	9.636E+00
GCA_014843455_FUN_000007	AJ865_race1_FUN_000014	62	2.149E-01	1.154E-01	1.669E-01	9.636E+00
GCA_014843455_FUN_000007	GCA_038050555_FUN_000006	40	2.334E-01	7.910E-02	1.105E-01	1.450E+01
GCA_014843455_FUN_000007	GCA_019671045_FUN_000060	93	1.979E-01	1.527E-01	1.094E-01	1.365E+01
GCA_014843455_FUN_000007	GCA_016166325_FUN_000030	70	1.741E-01	1.122E-01	1.525E-01	8.051E+00
GCA_014843455_FUN_000007	GCA_016170085_FUN_000014	70	1.741E-01	1.122E-01	1.525E-01	8.051E+00
GCA_014843455_FUN_000007	Fusarium_kalimantanense_ex_type-barcode07_FUN_000026	55	1.989E-01	1.073E-01	1.457E-01	9.046E+00
GCA_014843455_FUN_000007	AJ516_race4_FUN_000013	136	1.848E-01	1.683E-01	1.441E-01	2.038E+01
GCA_014843455_FUN_000007	GCA_025203105_FUN_000005	86	2.036E-01	1.220E-01	9.187E-02	1.462E+01
GCA_014843455_FUN_000007	GCA_019670925_FUN_000002	56	1.835E-01	9.646E-02	6.148E-02	8.581E+00
GCA_014843455_FUN_000007	GCA_025267645_FUN_000218	87	1.474E-01	8.913E-02	5.610E-02	1.487E+01
GCA_014843455_FUN_000007	AJ516_race4_FUN_000033	71	2.547E-01	1.372E-01	4.054E-02	1.165E+01
GCA_014843455_FUN_000007	GCA_019671045_FUN_000019	57	1.851E-01	9.702E-02	6.164E-02	8.684E+00
GCA_014843455_FUN_000007	GCA_025267645_FUN_000197	66	1.494E-01	8.788E-02	7.798E-02	1.308E+01
GCA_001702845_FUN_000132	GCA_001702845_FUN_000132	250	1.004E+00	1.000E+00	1.000E+00	2.706E-03
GCA_001702845_FUN_000132	GCA_002234105_FUN_000098	250	8.285E-01	8.255E-01	8.255E-01	4.516E+00
GCA_001702845_FUN_000132	GCA_025203755_FUN_000021	250	7.223E-01	7.197E-01	7.197E-01	5.772E+00
GCA_001702845_FUN_000132	GCA_015227905_FUN_000133	104	4.095E-01	1.496E-01	1.183E-01	9.415E+00
GCA_001702845_FUN_000132	Fola3ENZA_FUN_000003	87	2.106E-01	1.002E-01	1.086E-01	1.633E+01
GCA_001702845_FUN_000132	Fusarium_cugenangense_ex_type-barcode01_FUN_000018	87	2.106E-01	1.002E-01	1.086E-01	1.633E+01
GCA_001702845_FUN_000132	GCA_013347535_FUN_000020	87	2.106E-01	1.002E-01	1.086E-01	1.633E+01
GCA_001702845_FUN_000132	GCA_014843415_FUN_000015	87	2.106E-01	1.002E-01	1.086E-01	1.633E+01
GCA_001702845_FUN_000132	GCA_014843445_FUN_000018	87	2.106E-01	1.002E-01	1.086E-01	1.633E+01
GCA_001702845_FUN_000132	GCA_014843555_FUN_000004	87	2.106E-01	1.002E-01	1.086E-01	1.633E+01
GCA_001702845_FUN_000132	Fola1ENZA_FUN_000004	112	2.465E-01	1.072E-01	1.089E-01	1.176E+01
GCA_001702845_FUN_000132	Fola4ENZA_FUN_000003	112	2.465E-01	1.072E-01	1.089E-01	1.176E+01
GCA_001702845_FUN_000132	GCA_000260495_FUN_000001	112	2.465E-01	1.072E-01	1.089E-01	1.176E+01
GCA_001702845_FUN_000132	GCA_001702695_FUN_000003	112	2.465E-01	1.072E-01	1.089E-01	1.176E+01
GCA_001702845_FUN_000132	GCA_014843455_FUN_000002	112	2.465E-01	1.072E-01	1.089E-01	1.176E+01
GCA_001702845_FUN_000132	GCA_025216365_FUN_000109	228	1.231E-01	8.872E-02	3.996E-02	3.324E+01
GCA_001702845_FUN_000132	GCA_002234015_FUN_000078	65	3.876E-01	1.218E-01	8.359E-02	8.094E+00
GCA_001702845_FUN_000132	GCA_049307005_FUN_000001	96	2.564E-01	1.146E-01	1.166E-01	1.262E+01
GCA_001702845_FUN_000132	Fola2ENZA_FUN_000024	121	1.995E-01	9.475E-02	1.284E-01	1.427E+01
GCA_001702845_FUN_000132	Fusarium_phialophorum-barcode15_FUN_000013	121	1.995E-01	9.475E-02	1.284E-01	1.427E+01
GCA_001702845_FUN_000132	Fusarium_kalimantanense_ex_type-barcode07_FUN_000007	87	1.692E-01	6.902E-02	9.915E-02	1.468E+01
GCA_001702845_FUN_000132	GCA_025267645_FUN_000197	46	2.450E-01	7.563E-02	8.507E-02	8.059E+00
GCA_001702845_FUN_000132	Fusarium_elaeidis_ex_type_FUN_000039	202	1.658E-01	1.211E-01	1.249E-01	2.512E+01
GCA_001702845_FUN_000132	Fusarium_duoseptatum_ex_type-barcode03_FUN_000160	89	2.714E-01	1.136E-01	1.472E-01	8.366E+00
GCA_001702845_FUN_000132	GCA_001702495_FUN_000061	40	2.024E-01	5.066E-02	4.975E-02	9.766E+00
GCA_001702845_FUN_000132	GCA_002234015_FUN_000068	40	2.018E-01	5.066E-02	4.974E-02	9.773E+00
GCA_001702845_FUN_000132	AJ516_race4_FUN_000027	57	3.109E-01	6.469E-02	1.572E-01	9.029E+00
GCA_001702845_FUN_000132	AJ520_race1_FUN_000015	57	3.109E-01	6.469E-02	1.572E-01	9.029E+00
GCA_001702845_FUN_000132	AJ865_race1_FUN_000014	57	3.109E-01	6.469E-02	1.572E-01	9.029E+00
GCA_001702845_FUN_000132	GCA_048164945_FUN_000019	12	3.316E-01	3.401E-02	8.511E-02	5.304E+00
GCA_001702845_FUN_000132	GCA_023509805_FUN_000017	38	2.411E-01	4.901E-02	8.057E-02	7.918E+00
GCA_001702845_FUN_000132	GCA_025267645_FUN_000212	95	1.948E-01	7.926E-02	9.715E-02	1.143E+01
GCA_001702845_FUN_000132	Fusarium_fabacearum_ex_type_FUN_000114	36	1.749E-01	4.432E-02	4.217E-02	1.249E+01
GCA_001702845_FUN_000132	Fusarium_kalimantanense_ex_type-barcode07_FUN_000026	10	3.387E-01	3.330E-02	1.011E-01	1.935E+00
GCA_001702845_FUN_000132	GCA_019670925_FUN_000040	21	1.907E-01	4.017E-02	4.271E-02	7.226E+00
GCA_019593505_FUN_000203	GCA_019593505_FUN_000203	95	1.011E+00	1.000E+00	1.000E+00	1.791E-03
GCA_019593505_FUN_000203	Fusarium_sp_128_FUN_000001	96	6.389E-01	5.788E-01	6.213E-01	3.562E+00
GCA_019593505_FUN_000203	Fola4ENZA_FUN_000007	106	6.619E-01	5.994E-01	5.011E-01	3.655E+00
GCA_019593505_FUN_000203	Fusarium_cugenangense_ex_type-barcode01_FUN_000019	103	6.511E-01	5.833E-01	4.895E-01	4.019E+00
GCA_019593505_FUN_000203	Fusarium_phialophorum-barcode15_FUN_000015	106	6.619E-01	5.994E-01	5.011E-01	3.655E+00
GCA_019593505_FUN_000203	Fusarium_sp_128_FUN_000005	106	6.619E-01	5.994E-01	5.011E-01	3.655E+00
GCA_019593505_FUN_000203	GCA_001702695_FUN_000007	106	6.619E-01	5.994E-01	5.011E-01	3.655E+00
GCA_019593505_FUN_000203	GCA_003315725_FUN_000001	106	6.619E-01	5.994E-01	5.011E-01	3.655E+00
GCA_019593505_FUN_000203	GCA_013347535_FUN_000021	103	6.511E-01	5.833E-01	4.895E-01	4.019E+00
GCA_019593505_FUN_000203	GCA_014843415_FUN_000016	103	6.511E-01	5.833E-01	4.895E-01	4.019E+00
GCA_019593505_FUN_000203	GCA_014843455_FUN_000006	106	6.619E-01	5.994E-01	5.011E-01	3.655E+00
GCA_019593505_FUN_000203	GCA_014843555_FUN_000005	103	6.511E-01	5.833E-01	4.895E-01	4.019E+00
GCA_019593505_FUN_000203	GCA_021018635_FUN_000006	106	6.619E-01	5.994E-01	5.011E-01	3.655E+00
GCA_019593505_FUN_000203	GCA_032206225_FUN_000002	106	6.619E-01	5.994E-01	5.011E-01	3.655E+00
GCA_019593505_FUN_000203	GCA_013423235_FUN_000011	112	6.023E-01	5.868E-01	4.567E-01	4.093E+00
GCA_019593505_FUN_000203	GCA_002234015_FUN_000043	128	4.684E-01	4.509E-01	2.830E-01	1.118E+01
GCA_019593505_FUN_000203	GCA_001702495_FUN_000036	124	5.022E-01	4.748E-01	3.018E-01	1.071E+01
GCA_019593505_FUN_000203	GCA_025203105_FUN_000005	19	4.709E-01	1.615E-01	8.425E-02	1.922E+00
GCA_019593505_FUN_000203	GCA_009755825_FUN_000084	86	2.726E-01	2.036E-01	1.203E-01	9.332E+00
GCA_019593505_FUN_000203	Fusarium_elaeidis_ex_type_FUN_000039	82	3.183E-01	2.378E-01	1.280E-01	6.916E+00
GCA_019593505_FUN_000203	AJ520_race1_FUN_000054	75	2.504E-01	1.575E-01	8.156E-02	8.608E+00
GCA_019593505_FUN_000203	AJ592_race4_FUN_000037	75	2.504E-01	1.575E-01	8.156E-02	8.608E+00
GCA_019593505_FUN_000203	AJ865_race1_FUN_000053	75	2.504E-01	1.575E-01	8.156E-02	8.608E+00
GCA_019593505_FUN_000203	GCA_001703205_FUN_000069	75	2.093E-01	1.604E-01	8.181E-02	8.597E+00
GCA_019593505_FUN_000203	GCA_000259975_FUN_000015	116	2.839E-01	2.668E-01	2.108E-01	1.311E+01
GCA_019593505_FUN_000203	GCA_025267645_FUN_000212	74	2.748E-01	2.094E-01	1.343E-01	1.211E+01
GCA_019593505_FUN_000203	GCA_025203105_FUN_000007	145	2.341E-01	2.233E-01	1.554E-01	9.628E+00
GCA_019593505_FUN_000203	GCA_023509805_FUN_000049	70	2.786E-01	2.012E-01	1.209E-01	1.156E+01
GCA_019593505_FUN_000203	GCA_025267645_FUN_000197	147	1.883E-01	1.745E-01	9.112E-02	1.598E+01
GCA_019593505_FUN_000203	GCA_001702845_FUN_000128	120	1.811E-01	1.504E-01	1.013E-01	1.165E+01
GCA_019593505_FUN_000203	GCA_002234105_FUN_000094	120	1.811E-01	1.504E-01	1.013E-01	1.165E+01
GCA_019593505_FUN_000203	GCA_009755825_FUN_000023	63	2.653E-01	1.904E-01	6.686E-02	1.148E+01
GCA_019593505_FUN_000203	GCA_025203755_FUN_000017	120	1.811E-01	1.504E-01	1.012E-01	1.165E+01
GCA_019593505_FUN_000203	GCA_000259975_FUN_000028	99	2.425E-01	1.838E-01	1.059E-01	1.220E+01
GCA_019593505_FUN_000203	GCA_001703205_FUN_000018	56	3.563E-01	2.106E-01	2.688E-01	8.561E+00
GCA_019593505_FUN_000203	Fusarium_elaeidis_ex_type_FUN_000250	25	3.547E-01	1.499E-01	1.746E-01	3.933E+00
GCA_019593505_FUN_000203	GCA_019670925_FUN_000050	155	2.430E-01	2.397E-01	1.526E-01	1.425E+01
GCA_019593505_FUN_000203	Fusarium_sp_128_FUN_000003	94	1.921E-01	1.590E-01	6.035E-02	1.227E+01
GCA_019593505_FUN_000203	GCA_025216365_FUN_000109	100	2.577E-01	2.004E-01	3.983E-02	1.243E+01
GCA_019593505_FUN_000203	Fola2ENZA_FUN_000024	64	2.113E-01	1.474E-01	9.805E-02	1.412E+01
GCA_019593505_FUN_000203	Fusarium_phialophorum-barcode15_FUN_000013	64	2.113E-01	1.474E-01	9.805E-02	1.412E+01
GCA_019593505_FUN_000203	GCA_050947165_FUN_000034	23	2.928E-01	1.186E-01	6.576E-02	4.601E+00
GCA_019593505_FUN_000203	GCA_050947235_FUN_000045	23	2.928E-01	1.186E-01	6.576E-02	4.601E+00
GCA_019593505_FUN_000203	GCA_014839635_FUN_000047	94	1.491E-01	1.246E-01	7.024E-02	1.770E+01
GCA_019593505_FUN_000203	AJ718_race1_FUN_000094	133	1.817E-01	1.729E-01	7.492E-02	1.501E+01
GCA_019593505_FUN_000203	GCA_016170085_FUN_000003	95	1.661E-01	1.323E-01	9.572E-02	2.820E+01
GCA_019593505_FUN_000203	GCA_019670925_FUN_000040	70	2.062E-01	1.468E-01	8.019E-02	9.575E+00
GCA_019593505_FUN_000203	GCA_049307005_FUN_000001	177	1.823E-01	1.809E-01	1.037E-01	1.822E+01
Fola1ENZA_FUN_000069	Fola1ENZA_FUN_000069	244	1.004E+00	1.000E+00	1.000E+00	0.000E+00
Fola1ENZA_FUN_000069	GCA_020796175_FUN_000007	244	1.004E+00	1.000E+00	1.000E+00	0.000E+00
Fola1ENZA_FUN_000069	Fola3ENZA_FUN_000009	244	9.443E-01	9.406E-01	9.406E-01	1.882E+00
Fola1ENZA_FUN_000069	GCA_014843445_FUN_000023	244	9.443E-01	9.406E-01	9.406E-01	1.882E+00
Fola1ENZA_FUN_000069	Fusarium_gossypinum_ex_type_FUN_000315	177	5.675E-01	3.512E-01	2.677E-01	5.979E+00
Fola1ENZA_FUN_000069	Fusarium_duoseptatum_ex_type-barcode03_FUN_000160	173	6.006E-01	3.792E-01	4.951E-01	4.955E+00
Fola1ENZA_FUN_000069	GCA_014839635_FUN_000049	224	2.968E-01	2.492E-01	2.326E-01	2.768E+01
Fola1ENZA_FUN_000069	GCA_025267645_FUN_000197	185	2.905E-01	1.895E-01	2.062E-01	1.214E+01
Fola1ENZA_FUN_000069	GCA_000259975_FUN_000028	147	1.898E-01	1.157E-01	1.337E-01	1.400E+01
Fola1ENZA_FUN_000069	GCA_001702495_FUN_000061	172	1.953E-01	1.340E-01	1.315E-01	1.466E+01
Fola1ENZA_FUN_000069	AJ520_race1_FUN_000054	79	2.838E-01	1.178E-01	1.106E-01	1.315E+01
Fola1ENZA_FUN_000069	AJ592_race4_FUN_000037	79	2.838E-01	1.178E-01	1.106E-01	1.315E+01
Fola1ENZA_FUN_000069	AJ865_race1_FUN_000053	79	2.838E-01	1.178E-01	1.106E-01	1.315E+01
Fola1ENZA_FUN_000069	AJ718_race1_FUN_000292	188	1.622E-01	1.228E-01	1.049E-01	1.694E+01
Fola1ENZA_FUN_000069	GCA_001703205_FUN_000069	82	2.309E-01	1.040E-01	9.690E-02	1.526E+01
Fola1ENZA_FUN_000069	GCA_049306905_FUN_000029	79	2.351E-01	9.196E-02	5.062E-02	1.141E+01
Fola1ENZA_FUN_000069	GCA_049307005_FUN_000032	79	2.351E-01	9.196E-02	5.062E-02	1.141E+01
Fola1ENZA_FUN_000069	AJ516_race4_FUN_000033	60	2.732E-01	8.831E-02	4.727E-02	8.663E+00
Fola1ENZA_FUN_000069	Fusarium_kalimantanense_ex_type-barcode07_FUN_000026	73	2.071E-01	6.225E-02	1.582E-01	1.290E+01
Fola1ENZA_FUN_000069	Fusarium_duoseptatum_ex_type-barcode03_FUN_000086	56	2.726E-01	7.745E-02	1.747E-01	1.140E+01
Fola1ENZA_FUN_000069	GCA_002234015_FUN_000068	172	1.703E-01	1.217E-01	1.191E-01	1.490E+01
Fola1ENZA_FUN_000069	GCA_018894095_FUN_000077	56	3.251E-01	9.172E-02	5.042E-02	6.253E+00
Fola1ENZA_FUN_000069	GCA_048164945_FUN_000024	60	2.740E-01	8.843E-02	4.748E-02	8.659E+00
Fola1ENZA_FUN_000069	GCA_020796175_FUN_000123	78	2.155E-01	8.179E-02	1.665E-01	1.139E+01
Fola1ENZA_FUN_000069	Fola3ENZA_FUN_000004	71	2.134E-01	9.105E-02	1.465E-01	9.258E+00
Fola1ENZA_FUN_000069	Fola4ENZA_FUN_000008	71	2.136E-01	9.101E-02	1.464E-01	9.258E+00
Fola1ENZA_FUN_000069	Fusarium_cugenangense_ex_type-barcode01_FUN_000020	71	2.134E-01	9.105E-02	1.465E-01	9.258E+00
Fola1ENZA_FUN_000069	GCA_000260495_FUN_000006	71	2.136E-01	9.101E-02	1.464E-01	9.258E+00
Fola1ENZA_FUN_000069	GCA_001702695_FUN_000008	71	2.136E-01	9.101E-02	1.464E-01	9.258E+00
Fola1ENZA_FUN_000069	GCA_003315725_FUN_000002	71	2.136E-01	9.101E-02	1.464E-01	9.258E+00
Fola1ENZA_FUN_000069	GCA_013347535_FUN_000022	71	2.134E-01	9.105E-02	1.465E-01	9.258E+00
Fola1ENZA_FUN_000069	GCA_014843415_FUN_000017	71	2.134E-01	9.105E-02	1.465E-01	9.258E+00
Fola1ENZA_FUN_000069	GCA_014843445_FUN_000019	71	2.134E-01	9.105E-02	1.465E-01	9.258E+00
Fola1ENZA_FUN_000069	GCA_014843455_FUN_000007	71	2.136E-01	9.101E-02	1.464E-01	9.258E+00
Fola1ENZA_FUN_000069	GCA_014843555_FUN_000006	71	2.134E-01	9.105E-02	1.465E-01	9.258E+00
Fola1ENZA_FUN_000069	GCA_021018635_FUN_000007	71	2.136E-01	9.101E-02	1.464E-01	9.258E+00
Fola1ENZA_FUN_000069	GCA_032206225_FUN_000003	71	2.136E-01	9.101E-02	1.464E-01	9.258E+00
Fola1ENZA_FUN_000069	GCA_013423235_FUN_000001	71	2.135E-01	9.108E-02	1.427E-01	9.237E+00
Fola1ENZA_FUN_000069	GCA_000259975_FUN_000015	75	2.118E-01	7.876E-02	1.178E-01	1.373E+01
Fola1ENZA_FUN_000069	Fusarium_kalimantanense_ex_type-barcode07_FUN_000007	134	1.651E-01	9.912E-02	1.397E-01	1.419E+01
Fola1ENZA_FUN_000069	GCA_049307005_FUN_000001	77	2.292E-01	9.573E-02	9.513E-02	1.426E+01
Fola1ENZA_FUN_000069	AJ718_race1_FUN_000294	145	1.645E-01	9.950E-02	8.802E-02	1.489E+01
Fola1ENZA_FUN_000069	GCA_015227905_FUN_000281	138	2.114E-01	1.136E-01	1.217E-01	1.438E+01
Fola1ENZA_FUN_000069	GCA_023509805_FUN_000022	143	2.014E-01	1.133E-01	7.748E-02	1.469E+01
Fola1ENZA_FUN_000069	GCA_048164945_FUN_000019	78	1.917E-01	6.277E-02	1.354E-01	1.515E+01
Fola1ENZA_FUN_000069	GCA_018894095_FUN_000071	83	1.888E-01	6.390E-02	1.339E-01	1.795E+01
Fola1ENZA_FUN_000069	Fusarium_elaeidis_ex_type_FUN_000039	226	1.126E-01	9.920E-02	1.011E-01	2.238E+01
Fola1ENZA_FUN_000069	AJ705_race4_FUN_000009	57	2.017E-01	6.491E-02	6.269E-02	9.652E+00
Fola1ENZA_FUN_000069	GCA_050947165_FUN_000012	57	2.685E-01	7.976E-02	4.547E-02	8.719E+00
Fola1ENZA_FUN_000069	GCA_050947235_FUN_000024	57	2.685E-01	7.976E-02	4.547E-02	8.719E+00
Fola1ENZA_FUN_000069	GCA_038050555_FUN_000006	70	1.887E-01	6.617E-02	1.443E-01	1.343E+01
Fola1ENZA_FUN_000069	GCA_023509805_FUN_000049	113	1.701E-01	6.661E-02	8.092E-02	1.439E+01
Fola1ENZA_FUN_000069	GCA_019670925_FUN_000040	163	1.835E-01	1.324E-01	1.356E-01	1.470E+01
Fola1ENZA_FUN_000069	Fola1ENZA_FUN_000004	39	2.579E-01	6.858E-02	6.930E-02	5.717E+00
Fola1ENZA_FUN_000069	Fola4ENZA_FUN_000003	39	2.579E-01	6.858E-02	6.930E-02	5.717E+00
Fola1ENZA_FUN_000069	GCA_000260495_FUN_000001	39	2.579E-01	6.858E-02	6.930E-02	5.717E+00
Fola1ENZA_FUN_000069	GCA_001702695_FUN_000003	39	2.579E-01	6.858E-02	6.930E-02	5.717E+00
Fola1ENZA_FUN_000069	GCA_014843455_FUN_000002	39	2.579E-01	6.858E-02	6.930E-02	5.717E+00
Fola1ENZA_FUN_000069	GCA_002234015_FUN_000078	113	1.331E-01	6.739E-02	4.791E-02	1.528E+01
GCA_049307005_FUN_000010	GCA_049306905_FUN_000006	75	1.014E+00	1.000E+00	1.000E+00	2.459E-03
GCA_049307005_FUN_000010	GCA_049307005_FUN_000010	75	1.014E+00	1.000E+00	1.000E+00	2.459E-03
GCA_049307005_FUN_000010	GCA_019593505_FUN_000157	21	3.995E-01	1.599E-01	1.599E-01	4.649E+00
GCA_049307005_FUN_000010	AJ516_race4_FUN_000033	26	3.673E-01	1.905E-01	3.838E-02	4.207E+00
GCA_049307005_FUN_000010	GCA_018894095_FUN_000077	26	3.876E-01	1.885E-01	3.837E-02	4.230E+00
GCA_049307005_FUN_000010	GCA_050947165_FUN_000012	26	3.833E-01	1.899E-01	3.838E-02	4.227E+00
GCA_049307005_FUN_000010	GCA_050947235_FUN_000024	26	3.833E-01	1.899E-01	3.838E-02	4.227E+00
GCA_049307005_FUN_000010	AJ516_race4_FUN_000013	74	2.517E-01	1.997E-01	1.265E-01	1.156E+01
GCA_049307005_FUN_000010	GCA_049306905_FUN_000029	26	3.831E-01	1.921E-01	3.858E-02	4.151E+00
GCA_049307005_FUN_000010	GCA_049307005_FUN_000032	26	3.831E-01	1.921E-01	3.858E-02	4.151E+00
GCA_049307005_FUN_000010	GCA_023509805_FUN_000049	18	2.418E-01	1.340E-01	7.114E-02	3.757E+00
GCA_049307005_FUN_000010	GCA_025267645_FUN_000197	67	2.505E-01	1.751E-01	6.796E-02	1.781E+01
GCA_049307005_FUN_000010	GCA_023509805_FUN_000022	32	5.035E-01	2.520E-01	6.133E-02	4.438E+00
GCA_049307005_FUN_000010	GCA_023509805_FUN_000017	80	2.327E-01	2.155E-01	1.636E-01	1.110E+01
GCA_049307005_FUN_000010	AJ718_race1_FUN_000294	44	2.657E-01	1.806E-01	6.895E-02	6.935E+00
GCA_049307005_FUN_000010	Fusarium_elaeidis_ex_type_FUN_000250	63	2.258E-01	1.982E-01	1.926E-01	1.729E+01
GCA_049307005_FUN_000010	GCA_014839635_FUN_000049	60	1.686E-01	1.283E-01	4.704E-02	1.868E+01
Fusarium_fabacearum_ex_type_FUN_000114	Fusarium_fabacearum_ex_type_FUN_000114	266	1.004E+00	1.000E+00	1.000E+00	0.000E+00
Fusarium_fabacearum_ex_type_FUN_000114	GCA_019671045_FUN_000060	252	5.461E-01	3.884E-01	4.906E-01	6.736E+00
Fusarium_fabacearum_ex_type_FUN_000114	GCA_000259975_FUN_000028	140	4.177E-01	2.363E-01	2.938E-01	7.227E+00
Fusarium_fabacearum_ex_type_FUN_000114	GCA_001702495_FUN_000061	215	5.260E-01	3.831E-01	3.946E-01	5.935E+00
Fusarium_fabacearum_ex_type_FUN_000114	GCA_002234015_FUN_000068	217	5.265E-01	3.836E-01	3.945E-01	5.915E+00
Fusarium_fabacearum_ex_type_FUN_000114	GCA_019670925_FUN_000050	265	4.445E-01	3.440E-01	4.253E-01	8.341E+00
Fusarium_fabacearum_ex_type_FUN_000114	GCA_025203105_FUN_000007	207	4.102E-01	2.526E-01	3.284E-01	1.050E+01
Fusarium_fabacearum_ex_type_FUN_000114	GCA_025267645_FUN_000212	200	3.907E-01	2.015E-01	2.562E-01	8.764E+00
Fusarium_fabacearum_ex_type_FUN_000114	AJ718_race1_FUN_000292	174	1.439E-01	8.318E-02	7.354E-02	1.886E+01
Fusarium_fabacearum_ex_type_FUN_000114	Fusarium_gossypinum_ex_type_FUN_000050	198	1.546E-01	1.153E-01	7.885E-02	1.631E+01
Fusarium_fabacearum_ex_type_FUN_000114	GCA_001703455_FUN_000315	198	1.546E-01	1.153E-01	7.885E-02	1.631E+01
Fusarium_fabacearum_ex_type_FUN_000114	Fusarium_fabacearum_ex_type_FUN_000005	178	1.291E-01	9.915E-02	1.133E-01	1.753E+01
Fusarium_fabacearum_ex_type_FUN_000114	GCA_049307005_FUN_000001	150	3.115E-01	1.445E-01	1.533E-01	7.514E+00
Fusarium_fabacearum_ex_type_FUN_000114	Fola2ENZA_FUN_000005	131	1.920E-01	9.562E-02	1.524E-01	1.446E+01
Fusarium_fabacearum_ex_type_FUN_000114	GCA_025267645_FUN_000218	174	2.135E-01	1.044E-01	1.103E-01	1.447E+01
Fusarium_fabacearum_ex_type_FUN_000114	Fusarium_cugenangense_ex_type-barcode01_FUN_000019	144	2.457E-01	1.363E-01	2.336E-01	1.139E+01
Fusarium_fabacearum_ex_type_FUN_000114	GCA_013347535_FUN_000021	144	2.457E-01	1.363E-01	2.336E-01	1.139E+01
Fusarium_fabacearum_ex_type_FUN_000114	GCA_014843415_FUN_000016	144	2.457E-01	1.363E-01	2.336E-01	1.139E+01
Fusarium_fabacearum_ex_type_FUN_000114	GCA_014843555_FUN_000005	144	2.457E-01	1.363E-01	2.336E-01	1.139E+01
Fusarium_fabacearum_ex_type_FUN_000114	GCA_001703455_FUN_000133	147	1.756E-01	9.276E-02	1.193E-01	1.830E+01
Fusarium_fabacearum_ex_type_FUN_000114	GCA_014839635_FUN_000049	189	1.341E-01	9.344E-02	9.321E-02	1.681E+01
Fusarium_fabacearum_ex_type_FUN_000114	GCA_014839635_FUN_000047	192	8.614E-02	8.943E-02	7.016E-02	2.042E+01
Fusarium_fabacearum_ex_type_FUN_000114	AJ705_race4_FUN_000009	141	1.729E-01	8.945E-02	9.159E-02	1.661E+01
Fusarium_fabacearum_ex_type_FUN_000114	GCA_002233855_FUN_000172	262	1.209E-01	9.674E-02	7.299E-02	2.021E+01
Fusarium_fabacearum_ex_type_FUN_000114	GCA_019670925_FUN_000040	106	2.507E-01	1.071E-01	1.194E-01	1.479E+01
Fusarium_fabacearum_ex_type_FUN_000114	Fusarium_elaeidis_ex_type_FUN_000039	226	1.279E-01	8.923E-02	9.161E-02	2.059E+01
Fusarium_fabacearum_ex_type_FUN_000114	AJ718_race1_FUN_000294	275	1.763E-01	1.455E-01	1.385E-01	1.885E+01
Fusarium_fabacearum_ex_type_FUN_000114	GCA_019593505_FUN_000157	22	3.080E-01	6.114E-02	1.638E-01	4.392E+00
Fusarium_fabacearum_ex_type_FUN_000114	Fusarium_duoseptatum_ex_type-barcode03_FUN_000160	179	1.423E-01	9.467E-02	1.184E-01	1.730E+01
Fusarium_fabacearum_ex_type_FUN_000114	GCA_023509805_FUN_000049	28	5.265E-01	5.321E-02	7.673E-02	1.021E+01
Fusarium_fabacearum_ex_type_FUN_000114	GCA_015227905_FUN_000281	218	1.618E-01	1.065E-01	1.217E-01	1.651E+01
Fusarium_fabacearum_ex_type_FUN_000114	Fola1ENZA_FUN_000069	174	1.471E-01	9.228E-02	9.738E-02	1.736E+01
Fusarium_fabacearum_ex_type_FUN_000114	Fola3ENZA_FUN_000009	175	1.354E-01	9.196E-02	9.670E-02	1.749E+01
Fusarium_fabacearum_ex_type_FUN_000114	GCA_014843445_FUN_000023	175	1.354E-01	9.196E-02	9.670E-02	1.749E+01
Fusarium_fabacearum_ex_type_FUN_000114	GCA_020796175_FUN_000007	174	1.471E-01	9.228E-02	9.738E-02	1.736E+01
Fusarium_fabacearum_ex_type_FUN_000114	GCA_009755825_FUN_000084	235	1.576E-01	1.025E-01	1.189E-01	1.711E+01
Fusarium_fabacearum_ex_type_FUN_000114	Fusarium_sp_128_FUN_000003	122	1.772E-01	1.132E-01	9.325E-02	1.471E+01
Fusarium_fabacearum_ex_type_FUN_000114	GCA_000259975_FUN_000015	145	1.243E-01	7.810E-02	1.058E-01	1.497E+01
Fusarium_fabacearum_ex_type_FUN_000114	Fusarium_kalimantanense_ex_type-barcode07_FUN_000007	147	1.403E-01	7.296E-02	1.067E-01	1.743E+01
Fusarium_fabacearum_ex_type_FUN_000114	AJ520_race1_FUN_000054	202	1.169E-01	6.977E-02	6.961E-02	2.006E+01
Fusarium_fabacearum_ex_type_FUN_000114	AJ592_race4_FUN_000037	202	1.169E-01	6.977E-02	6.961E-02	2.006E+01
Fusarium_fabacearum_ex_type_FUN_000114	AJ865_race1_FUN_000053	202	1.169E-01	6.977E-02	6.961E-02	2.006E+01
Fusarium_fabacearum_ex_type_FUN_000114	AJ592_race4_FUN_000062	204	1.303E-01	9.473E-02	7.403E-02	1.775E+01
Fusarium_fabacearum_ex_type_FUN_000114	AJ705_race4_FUN_000001	204	1.303E-01	9.473E-02	7.403E-02	1.775E+01
Fusarium_fabacearum_ex_type_FUN_000114	GCA_009755825_FUN_000023	142	1.824E-01	9.559E-02	7.069E-02	1.636E+01
Fusarium_fabacearum_ex_type_FUN_000114	GCA_023509805_FUN_000022	223	1.318E-01	1.093E-01	8.558E-02	1.679E+01
Fusarium_fabacearum_ex_type_FUN_000114	Fola4ENZA_FUN_000007	152	1.707E-01	1.072E-01	1.826E-01	1.228E+01
Fusarium_fabacearum_ex_type_FUN_000114	Fusarium_phialophorum-barcode15_FUN_000015	152	1.707E-01	1.072E-01	1.826E-01	1.228E+01
Fusarium_fabacearum_ex_type_FUN_000114	Fusarium_sp_128_FUN_000005	152	1.707E-01	1.072E-01	1.826E-01	1.228E+01
Fusarium_fabacearum_ex_type_FUN_000114	GCA_001702695_FUN_000007	152	1.707E-01	1.072E-01	1.826E-01	1.228E+01
Fusarium_fabacearum_ex_type_FUN_000114	GCA_003315725_FUN_000001	152	1.707E-01	1.072E-01	1.826E-01	1.228E+01
Fusarium_fabacearum_ex_type_FUN_000114	GCA_014843455_FUN_000006	152	1.707E-01	1.072E-01	1.826E-01	1.228E+01
Fusarium_fabacearum_ex_type_FUN_000114	GCA_021018635_FUN_000006	152	1.707E-01	1.072E-01	1.826E-01	1.228E+01
Fusarium_fabacearum_ex_type_FUN_000114	GCA_032206225_FUN_000002	152	1.707E-01	1.072E-01	1.826E-01	1.228E+01
Fusarium_fabacearum_ex_type_FUN_000114	GCA_025267645_FUN_000197	204	1.469E-01	9.861E-02	1.143E-01	1.581E+01
Fusarium_fabacearum_ex_type_FUN_000114	GCA_001702845_FUN_000128	185	1.112E-01	7.224E-02	8.120E-02	1.648E+01
Fusarium_fabacearum_ex_type_FUN_000114	GCA_002234105_FUN_000094	185	1.112E-01	7.224E-02	8.120E-02	1.648E+01
Fusarium_fabacearum_ex_type_FUN_000114	GCA_025203755_FUN_000017	185	1.111E-01	7.224E-02	8.119E-02	1.648E+01
Fusarium_fabacearum_ex_type_FUN_000114	GCA_019670925_FUN_000002	59	3.779E-01	7.835E-02	8.582E-02	8.436E+00
Fusarium_fabacearum_ex_type_FUN_000114	GCA_002234105_FUN_000098	36	1.798E-01	4.127E-02	4.343E-02	1.243E+01
Fusarium_fabacearum_ex_type_FUN_000114	GCA_001703205_FUN_000069	202	1.168E-01	6.920E-02	6.956E-02	2.036E+01
Fusarium_fabacearum_ex_type_FUN_000114	Fola2ENZA_FUN_000024	180	1.370E-01	8.219E-02	1.091E-01	1.657E+01
Fusarium_fabacearum_ex_type_FUN_000114	Fusarium_phialophorum-barcode15_FUN_000013	180	1.370E-01	8.219E-02	1.091E-01	1.657E+01
Fusarium_fabacearum_ex_type_FUN_000114	GCA_001702845_FUN_000132	36	1.749E-01	4.217E-02	4.432E-02	1.249E+01
Fusarium_fabacearum_ex_type_FUN_000114	GCA_025203755_FUN_000021	36	1.545E-01	4.480E-02	4.708E-02	1.234E+01
Fusarium_fabacearum_ex_type_FUN_000114	GCA_002234015_FUN_000078	26	1.687E-01	4.729E-02	3.438E-02	6.576E+00
GCA_020796175_FUN_000007	Fola1ENZA_FUN_000069	244	1.004E+00	1.000E+00	1.000E+00	0.000E+00
GCA_020796175_FUN_000007	GCA_020796175_FUN_000007	244	1.004E+00	1.000E+00	1.000E+00	0.000E+00
GCA_020796175_FUN_000007	Fola3ENZA_FUN_000009	244	9.443E-01	9.406E-01	9.406E-01	1.882E+00
GCA_020796175_FUN_000007	GCA_014843445_FUN_000023	244	9.443E-01	9.406E-01	9.406E-01	1.882E+00
GCA_020796175_FUN_000007	Fusarium_gossypinum_ex_type_FUN_000315	177	5.675E-01	3.512E-01	2.677E-01	5.979E+00
GCA_020796175_FUN_000007	Fusarium_duoseptatum_ex_type-barcode03_FUN_000160	173	6.006E-01	3.792E-01	4.951E-01	4.955E+00
GCA_020796175_FUN_000007	GCA_014839635_FUN_000049	224	2.968E-01	2.492E-01	2.326E-01	2.768E+01
GCA_020796175_FUN_000007	GCA_025267645_FUN_000197	185	2.905E-01	1.895E-01	2.062E-01	1.214E+01
GCA_020796175_FUN_000007	GCA_000259975_FUN_000028	147	1.898E-01	1.157E-01	1.337E-01	1.400E+01
GCA_020796175_FUN_000007	GCA_001702495_FUN_000061	172	1.953E-01	1.340E-01	1.315E-01	1.466E+01
GCA_020796175_FUN_000007	AJ520_race1_FUN_000054	79	2.838E-01	1.178E-01	1.106E-01	1.315E+01
GCA_020796175_FUN_000007	AJ592_race4_FUN_000037	79	2.838E-01	1.178E-01	1.106E-01	1.315E+01
GCA_020796175_FUN_000007	AJ865_race1_FUN_000053	79	2.838E-01	1.178E-01	1.106E-01	1.315E+01
GCA_020796175_FUN_000007	AJ718_race1_FUN_000292	188	1.622E-01	1.228E-01	1.049E-01	1.694E+01
GCA_020796175_FUN_000007	GCA_001703205_FUN_000069	82	2.309E-01	1.040E-01	9.690E-02	1.526E+01
GCA_020796175_FUN_000007	GCA_049306905_FUN_000029	79	2.351E-01	9.196E-02	5.062E-02	1.141E+01
GCA_020796175_FUN_000007	GCA_049307005_FUN_000032	79	2.351E-01	9.196E-02	5.062E-02	1.141E+01
GCA_020796175_FUN_000007	AJ516_race4_FUN_000033	60	2.732E-01	8.831E-02	4.727E-02	8.663E+00
GCA_020796175_FUN_000007	Fusarium_kalimantanense_ex_type-barcode07_FUN_000026	73	2.071E-01	6.225E-02	1.582E-01	1.290E+01
GCA_020796175_FUN_000007	Fusarium_duoseptatum_ex_type-barcode03_FUN_000086	56	2.726E-01	7.745E-02	1.747E-01	1.140E+01
GCA_020796175_FUN_000007	GCA_002234015_FUN_000068	172	1.703E-01	1.217E-01	1.191E-01	1.490E+01
GCA_020796175_FUN_000007	GCA_018894095_FUN_000077	56	3.251E-01	9.172E-02	5.042E-02	6.253E+00
GCA_020796175_FUN_000007	GCA_048164945_FUN_000024	60	2.740E-01	8.843E-02	4.748E-02	8.659E+00
GCA_020796175_FUN_000007	GCA_020796175_FUN_000123	78	2.155E-01	8.179E-02	1.665E-01	1.139E+01
GCA_020796175_FUN_000007	Fola3ENZA_FUN_000004	71	2.134E-01	9.105E-02	1.465E-01	9.258E+00
GCA_020796175_FUN_000007	Fola4ENZA_FUN_000008	71	2.136E-01	9.101E-02	1.464E-01	9.258E+00
GCA_020796175_FUN_000007	Fusarium_cugenangense_ex_type-barcode01_FUN_000020	71	2.134E-01	9.105E-02	1.465E-01	9.258E+00
GCA_020796175_FUN_000007	GCA_000260495_FUN_000006	71	2.136E-01	9.101E-02	1.464E-01	9.258E+00
GCA_020796175_FUN_000007	GCA_001702695_FUN_000008	71	2.136E-01	9.101E-02	1.464E-01	9.258E+00
GCA_020796175_FUN_000007	GCA_003315725_FUN_000002	71	2.136E-01	9.101E-02	1.464E-01	9.258E+00
GCA_020796175_FUN_000007	GCA_013347535_FUN_000022	71	2.134E-01	9.105E-02	1.465E-01	9.258E+00
GCA_020796175_FUN_000007	GCA_014843415_FUN_000017	71	2.134E-01	9.105E-02	1.465E-01	9.258E+00
GCA_020796175_FUN_000007	GCA_014843445_FUN_000019	71	2.134E-01	9.105E-02	1.465E-01	9.258E+00
GCA_020796175_FUN_000007	GCA_014843455_FUN_000007	71	2.136E-01	9.101E-02	1.464E-01	9.258E+00
GCA_020796175_FUN_000007	GCA_014843555_FUN_000006	71	2.134E-01	9.105E-02	1.465E-01	9.258E+00
GCA_020796175_FUN_000007	GCA_021018635_FUN_000007	71	2.136E-01	9.101E-02	1.464E-01	9.258E+00
GCA_020796175_FUN_000007	GCA_032206225_FUN_000003	71	2.136E-01	9.101E-02	1.464E-01	9.258E+00
GCA_020796175_FUN_000007	GCA_013423235_FUN_000001	71	2.135E-01	9.108E-02	1.427E-01	9.237E+00
GCA_020796175_FUN_000007	GCA_000259975_FUN_000015	75	2.118E-01	7.876E-02	1.178E-01	1.373E+01
GCA_020796175_FUN_000007	Fusarium_kalimantanense_ex_type-barcode07_FUN_000007	134	1.651E-01	9.912E-02	1.397E-01	1.419E+01
GCA_020796175_FUN_000007	GCA_049307005_FUN_000001	77	2.292E-01	9.573E-02	9.513E-02	1.426E+01
GCA_020796175_FUN_000007	AJ718_race1_FUN_000294	145	1.645E-01	9.950E-02	8.802E-02	1.489E+01
GCA_020796175_FUN_000007	GCA_015227905_FUN_000281	138	2.114E-01	1.136E-01	1.217E-01	1.438E+01
GCA_020796175_FUN_000007	GCA_023509805_FUN_000022	143	2.014E-01	1.133E-01	7.748E-02	1.469E+01
GCA_020796175_FUN_000007	GCA_048164945_FUN_000019	78	1.917E-01	6.277E-02	1.354E-01	1.515E+01
GCA_020796175_FUN_000007	GCA_018894095_FUN_000071	83	1.888E-01	6.390E-02	1.339E-01	1.795E+01
GCA_020796175_FUN_000007	Fusarium_elaeidis_ex_type_FUN_000039	226	1.126E-01	9.920E-02	1.011E-01	2.238E+01
GCA_020796175_FUN_000007	AJ705_race4_FUN_000009	57	2.017E-01	6.491E-02	6.269E-02	9.652E+00
GCA_020796175_FUN_000007	GCA_050947165_FUN_000012	57	2.685E-01	7.976E-02	4.547E-02	8.719E+00
GCA_020796175_FUN_000007	GCA_050947235_FUN_000024	57	2.685E-01	7.976E-02	4.547E-02	8.719E+00
GCA_020796175_FUN_000007	GCA_038050555_FUN_000006	70	1.887E-01	6.617E-02	1.443E-01	1.343E+01
GCA_020796175_FUN_000007	GCA_023509805_FUN_000049	113	1.701E-01	6.661E-02	8.092E-02	1.439E+01
GCA_020796175_FUN_000007	GCA_019670925_FUN_000040	163	1.835E-01	1.324E-01	1.356E-01	1.470E+01
GCA_020796175_FUN_000007	Fola1ENZA_FUN_000004	39	2.579E-01	6.858E-02	6.930E-02	5.717E+00
GCA_020796175_FUN_000007	Fola4ENZA_FUN_000003	39	2.579E-01	6.858E-02	6.930E-02	5.717E+00
GCA_020796175_FUN_000007	GCA_000260495_FUN_000001	39	2.579E-01	6.858E-02	6.930E-02	5.717E+00
GCA_020796175_FUN_000007	GCA_001702695_FUN_000003	39	2.579E-01	6.858E-02	6.930E-02	5.717E+00
GCA_020796175_FUN_000007	GCA_014843455_FUN_000002	39	2.579E-01	6.858E-02	6.930E-02	5.717E+00
GCA_020796175_FUN_000007	GCA_002234015_FUN_000078	113	1.331E-01	6.739E-02	4.791E-02	1.528E+01
GCA_023509805_FUN_000022	GCA_023509805_FUN_000022	390	1.003E+00	1.000E+00	1.000E+00	0.000E+00
GCA_023509805_FUN_000022	AJ718_race1_FUN_000294	348	4.429E-01	3.480E-01	4.311E-01	9.838E+00
GCA_023509805_FUN_000022	GCA_019670925_FUN_000040	240	5.556E-01	3.390E-01	5.121E-01	5.550E+00
GCA_023509805_FUN_000022	AJ718_race1_FUN_000292	324	4.261E-01	3.157E-01	3.711E-01	1.311E+01
GCA_023509805_FUN_000022	GCA_014839635_FUN_000049	185	2.063E-01	1.040E-01	1.329E-01	1.654E+01
GCA_023509805_FUN_000022	GCA_025267645_FUN_000197	196	1.922E-01	9.973E-02	1.523E-01	1.474E+01
GCA_023509805_FUN_000022	GCA_019671045_FUN_000019	172	1.797E-01	7.278E-02	1.037E-01	1.766E+01
GCA_023509805_FUN_000022	GCA_019593505_FUN_000157	70	2.883E-01	6.545E-02	2.363E-01	1.380E+01
GCA_023509805_FUN_000022	Fusarium_elaeidis_ex_type_FUN_000039	249	1.270E-01	7.460E-02	1.076E-01	2.780E+01
GCA_023509805_FUN_000022	GCA_019670925_FUN_000002	172	1.678E-01	7.277E-02	1.037E-01	1.808E+01
GCA_023509805_FUN_000022	GCA_049307005_FUN_000001	182	1.666E-01	7.828E-02	1.073E-01	2.164E+01
GCA_023509805_FUN_000022	Fola3ENZA_FUN_000004	131	2.642E-01	8.620E-02	2.112E-01	1.344E+01
GCA_023509805_FUN_000022	Fusarium_cugenangense_ex_type-barcode01_FUN_000020	131	2.642E-01	8.620E-02	2.112E-01	1.344E+01
GCA_023509805_FUN_000022	GCA_013347535_FUN_000022	131	2.642E-01	8.620E-02	2.112E-01	1.344E+01
GCA_023509805_FUN_000022	GCA_014843415_FUN_000017	131	2.642E-01	8.620E-02	2.112E-01	1.344E+01
GCA_023509805_FUN_000022	GCA_014843445_FUN_000019	131	2.642E-01	8.620E-02	2.112E-01	1.344E+01
GCA_023509805_FUN_000022	GCA_014843555_FUN_000006	131	2.642E-01	8.620E-02	2.112E-01	1.344E+01
GCA_023509805_FUN_000022	Fusarium_fabacearum_ex_type_FUN_000005	148	1.484E-01	5.317E-02	8.426E-02	1.594E+01
GCA_023509805_FUN_000022	GCA_025216365_FUN_000025	381	9.820E-02	7.791E-02	6.764E-02	4.602E+01
GCA_023509805_FUN_000022	Fola4ENZA_FUN_000008	146	1.540E-01	5.549E-02	1.288E-01	1.585E+01
GCA_023509805_FUN_000022	GCA_000260495_FUN_000006	146	1.540E-01	5.549E-02	1.288E-01	1.585E+01
GCA_023509805_FUN_000022	GCA_001702695_FUN_000008	146	1.540E-01	5.549E-02	1.288E-01	1.585E+01
GCA_023509805_FUN_000022	GCA_003315725_FUN_000002	146	1.540E-01	5.549E-02	1.288E-01	1.585E+01
GCA_023509805_FUN_000022	GCA_014843455_FUN_000007	146	1.540E-01	5.549E-02	1.288E-01	1.585E+01
GCA_023509805_FUN_000022	GCA_021018635_FUN_000007	146	1.540E-01	5.549E-02	1.288E-01	1.585E+01
GCA_023509805_FUN_000022	GCA_032206225_FUN_000003	146	1.540E-01	5.549E-02	1.288E-01	1.585E+01
GCA_023509805_FUN_000022	Fola1ENZA_FUN_000069	143	2.032E-01	7.983E-02	1.151E-01	1.461E+01
GCA_023509805_FUN_000022	Fola3ENZA_FUN_000009	151	1.611E-01	6.928E-02	9.645E-02	1.650E+01
GCA_023509805_FUN_000022	GCA_014843445_FUN_000023	151	1.611E-01	6.928E-02	9.645E-02	1.650E+01
GCA_023509805_FUN_000022	GCA_020796175_FUN_000007	143	2.032E-01	7.983E-02	1.151E-01	1.461E+01
GCA_023509805_FUN_000022	GCA_001702495_FUN_000061	128	2.890E-01	9.445E-02	1.319E-01	1.425E+01
GCA_023509805_FUN_000022	GCA_002234015_FUN_000068	207	1.909E-01	9.699E-02	1.305E-01	1.650E+01
GCA_023509805_FUN_000022	AJ516_race4_FUN_000013	81	1.753E-01	4.803E-02	9.637E-02	1.943E+01
GCA_023509805_FUN_000022	GCA_023509805_FUN_000049	131	2.347E-01	7.126E-02	1.294E-01	1.371E+01
GCA_023509805_FUN_000022	GCA_000259975_FUN_000028	344	1.313E-01	8.981E-02	1.293E-01	1.838E+01
GCA_023509805_FUN_000022	AJ592_race4_FUN_000062	86	3.078E-01	4.845E-02	5.125E-02	1.247E+01
GCA_023509805_FUN_000022	AJ705_race4_FUN_000001	86	3.078E-01	4.845E-02	5.125E-02	1.247E+01
GCA_023509805_FUN_000022	GCA_023509805_FUN_000017	55	2.035E-01	4.518E-02	1.082E-01	9.734E+00
GCA_023509805_FUN_000022	GCA_013423235_FUN_000001	130	2.046E-01	6.866E-02	1.465E-01	1.346E+01
GCA_023509805_FUN_000022	GCA_001702845_FUN_000128	93	2.062E-01	7.072E-02	1.041E-01	1.032E+01
GCA_023509805_FUN_000022	GCA_002234105_FUN_000094	93	2.062E-01	7.072E-02	1.041E-01	1.032E+01
GCA_023509805_FUN_000022	GCA_025203755_FUN_000017	93	2.061E-01	7.071E-02	1.041E-01	1.032E+01
GCA_023509805_FUN_000022	GCA_015227905_FUN_000281	121	2.034E-01	8.100E-02	1.224E-01	1.519E+01
GCA_023509805_FUN_000022	Fusarium_fabacearum_ex_type_FUN_000114	223	1.257E-01	8.411E-02	1.107E-01	1.695E+01
GCA_023509805_FUN_000022	Fusarium_kalimantanense_ex_type-barcode07_FUN_000026	74	2.216E-01	4.933E-02	1.876E-01	1.116E+01
GCA_023509805_FUN_000022	GCA_049306905_FUN_000006	50	3.091E-01	6.695E-02	2.302E-01	7.280E+00
GCA_023509805_FUN_000022	GCA_049307005_FUN_000010	50	3.091E-01	6.695E-02	2.302E-01	7.280E+00
GCA_023509805_FUN_000022	Fusarium_kalimantanense_ex_type-barcode07_FUN_000007	119	1.857E-01	6.614E-02	1.328E-01	1.736E+01
GCA_023509805_FUN_000022	GCA_025203105_FUN_000007	122	1.962E-01	8.610E-02	1.349E-01	1.346E+01
GCA_023509805_FUN_000022	GCA_001703455_FUN_000133	37	2.399E-01	3.688E-02	5.734E-02	8.012E+00
GCA_023509805_FUN_000022	GCA_009755825_FUN_000084	147	1.581E-01	7.552E-02	1.103E-01	1.493E+01
GCA_023509805_FUN_000022	AJ705_race4_FUN_000009	190	1.695E-01	9.010E-02	1.219E-01	2.080E+01
GCA_023509805_FUN_000022	GCA_002233855_FUN_000172	159	1.569E-01	7.934E-02	7.116E-02	1.584E+01
GCA_023509805_FUN_000022	GCA_050947165_FUN_000012	42	3.479E-01	6.635E-02	5.322E-02	7.293E+00
GCA_023509805_FUN_000022	GCA_050947235_FUN_000024	42	3.479E-01	6.635E-02	5.322E-02	7.293E+00
GCA_023509805_FUN_000022	Fola2ENZA_FUN_000024	185	2.032E-01	7.873E-02	1.658E-01	1.703E+01
GCA_023509805_FUN_000022	Fusarium_phialophorum-barcode15_FUN_000013	185	2.032E-01	7.873E-02	1.658E-01	1.703E+01
GCA_023509805_FUN_000022	GCA_025203105_FUN_000005	83	1.603E-01	3.892E-02	6.499E-02	1.808E+01
GCA_023509805_FUN_000022	GCA_019671045_FUN_000060	82	2.192E-01	7.259E-02	1.188E-01	1.065E+01
GCA_023509805_FUN_000022	GCA_050947165_FUN_000034	104	1.263E-01	5.996E-02	8.550E-02	1.687E+01
GCA_023509805_FUN_000022	GCA_050947235_FUN_000045	104	1.263E-01	5.996E-02	8.550E-02	1.687E+01
GCA_023509805_FUN_000022	Fusarium_gossypinum_ex_type_FUN_000315	132	1.455E-01	8.399E-02	9.022E-02	1.378E+01
GCA_023509805_FUN_000022	GCA_014839635_FUN_000047	110	1.169E-01	3.204E-02	5.062E-02	1.493E+01
GCA_001702845_FUN_000032	GCA_001702845_FUN_000032	385	1.003E+00	1.000E+00	1.000E+00	1.038E-02
GCA_014839635_FUN_000049	GCA_014839635_FUN_000049	267	1.004E+00	1.000E+00	1.000E+00	0.000E+00
GCA_014839635_FUN_000049	Fola3ENZA_FUN_000009	227	2.894E-01	2.276E-01	2.446E-01	2.679E+01
GCA_014839635_FUN_000049	GCA_014843445_FUN_000023	227	2.894E-01	2.276E-01	2.446E-01	2.679E+01
GCA_014839635_FUN_000049	Fusarium_gossypinum_ex_type_FUN_000315	195	4.812E-01	3.018E-01	2.471E-01	9.604E+00
GCA_014839635_FUN_000049	GCA_025267645_FUN_000197	205	3.392E-01	2.354E-01	2.783E-01	1.220E+01
GCA_014839635_FUN_000049	Fola1ENZA_FUN_000069	248	2.784E-01	2.310E-01	2.480E-01	2.704E+01
GCA_014839635_FUN_000049	GCA_020796175_FUN_000007	248	2.784E-01	2.310E-01	2.480E-01	2.704E+01
GCA_014839635_FUN_000049	Fusarium_duoseptatum_ex_type-barcode03_FUN_000160	187	3.712E-01	2.431E-01	3.373E-01	1.385E+01
GCA_014839635_FUN_000049	GCA_023509805_FUN_000022	185	2.063E-01	1.329E-01	1.040E-01	1.654E+01
GCA_014839635_FUN_000049	GCA_001702495_FUN_000061	159	1.759E-01	1.017E-01	1.063E-01	1.415E+01
GCA_014839635_FUN_000049	GCA_002234015_FUN_000068	162	1.744E-01	9.980E-02	1.017E-01	1.389E+01
GCA_014839635_FUN_000049	Fola2ENZA_FUN_000005	182	1.108E-01	8.168E-02	1.044E-01	1.961E+01
GCA_014839635_FUN_000049	GCA_000259975_FUN_000028	217	1.011E-01	7.965E-02	9.734E-02	1.693E+01
GCA_014839635_FUN_000049	Fusarium_fabacearum_ex_type_FUN_000114	186	1.363E-01	8.747E-02	8.770E-02	1.662E+01
GCA_014839635_FUN_000049	Fusarium_kalimantanense_ex_type-barcode07_FUN_000026	66	1.782E-01	6.678E-02	1.477E-01	1.702E+01
GCA_014839635_FUN_000049	GCA_013423235_FUN_000001	167	1.478E-01	8.099E-02	1.368E-01	1.830E+01
GCA_014839635_FUN_000049	Fola3ENZA_FUN_000003	73	1.733E-01	6.338E-02	7.340E-02	2.865E+01
GCA_014839635_FUN_000049	Fusarium_cugenangense_ex_type-barcode01_FUN_000018	73	1.733E-01	6.338E-02	7.340E-02	2.865E+01
GCA_014839635_FUN_000049	GCA_013347535_FUN_000020	73	1.733E-01	6.338E-02	7.340E-02	2.865E+01
GCA_014839635_FUN_000049	GCA_014843415_FUN_000015	73	1.733E-01	6.338E-02	7.340E-02	2.865E+01
GCA_014839635_FUN_000049	GCA_014843445_FUN_000018	73	1.733E-01	6.338E-02	7.340E-02	2.865E+01
GCA_014839635_FUN_000049	GCA_014843555_FUN_000004	73	1.733E-01	6.338E-02	7.340E-02	2.865E+01
GCA_014839635_FUN_000049	Fusarium_elaeidis_ex_type_FUN_000039	235	1.369E-01	1.017E-01	1.073E-01	2.110E+01
GCA_014839635_FUN_000049	GCA_025267645_FUN_000218	165	1.361E-01	8.905E-02	9.312E-02	1.441E+01
GCA_014839635_FUN_000049	Fusarium_kalimantanense_ex_type-barcode07_FUN_000007	139	1.627E-01	7.144E-02	1.199E-01	1.635E+01
GCA_014839635_FUN_000049	GCA_019593505_FUN_000075	49	2.938E-01	7.815E-02	8.492E-02	1.028E+01
GCA_014839635_FUN_000049	GCA_001702845_FUN_000128	152	2.553E-01	1.254E-01	1.452E-01	1.629E+01
GCA_014839635_FUN_000049	GCA_002234105_FUN_000094	152	2.553E-01	1.254E-01	1.452E-01	1.629E+01
GCA_014839635_FUN_000049	GCA_025203755_FUN_000017	152	2.553E-01	1.254E-01	1.452E-01	1.629E+01
GCA_014839635_FUN_000049	GCA_019670925_FUN_000040	182	1.773E-01	1.242E-01	1.352E-01	1.523E+01
GCA_014839635_FUN_000049	GCA_049307005_FUN_000001	189	1.390E-01	9.367E-02	9.948E-02	2.184E+01
GCA_014839635_FUN_000049	AJ718_race1_FUN_000292	210	1.629E-01	1.298E-01	1.180E-01	1.324E+01
GCA_014839635_FUN_000049	Fusarium_gossypinum_ex_type_FUN_000050	139	1.810E-01	9.749E-02	6.391E-02	1.520E+01
GCA_014839635_FUN_000049	GCA_001703455_FUN_000315	139	1.810E-01	9.749E-02	6.391E-02	1.520E+01
GCA_014839635_FUN_000049	GCA_016166325_FUN_000030	50	3.449E-01	5.537E-02	1.768E-01	1.138E+01
GCA_014839635_FUN_000049	GCA_016170085_FUN_000014	50	3.449E-01	5.537E-02	1.768E-01	1.138E+01
GCA_014839635_FUN_000049	AJ516_race4_FUN_000027	77	2.185E-01	6.627E-02	1.940E-01	1.317E+01
GCA_014839635_FUN_000049	AJ520_race1_FUN_000015	77	2.185E-01	6.627E-02	1.940E-01	1.317E+01
GCA_014839635_FUN_000049	AJ865_race1_FUN_000014	77	2.185E-01	6.627E-02	1.940E-01	1.317E+01
GCA_014839635_FUN_000049	Fola3ENZA_FUN_000004	162	1.543E-01	8.119E-02	1.400E-01	1.559E+01
GCA_014839635_FUN_000049	Fola4ENZA_FUN_000008	162	1.542E-01	8.142E-02	1.414E-01	1.633E+01
GCA_014839635_FUN_000049	Fusarium_cugenangense_ex_type-barcode01_FUN_000020	162	1.543E-01	8.119E-02	1.400E-01	1.559E+01
GCA_014839635_FUN_000049	GCA_000260495_FUN_000006	162	1.542E-01	8.142E-02	1.414E-01	1.633E+01
GCA_014839635_FUN_000049	GCA_001702695_FUN_000008	162	1.542E-01	8.142E-02	1.414E-01	1.633E+01
GCA_014839635_FUN_000049	GCA_003315725_FUN_000002	162	1.542E-01	8.142E-02	1.414E-01	1.633E+01
GCA_014839635_FUN_000049	GCA_013347535_FUN_000022	162	1.543E-01	8.119E-02	1.400E-01	1.559E+01
GCA_014839635_FUN_000049	GCA_014843415_FUN_000017	162	1.543E-01	8.119E-02	1.400E-01	1.559E+01
GCA_014839635_FUN_000049	GCA_014843445_FUN_000019	162	1.543E-01	8.119E-02	1.400E-01	1.559E+01
GCA_014839635_FUN_000049	GCA_014843455_FUN_000007	162	1.542E-01	8.142E-02	1.414E-01	1.633E+01
GCA_014839635_FUN_000049	GCA_014843555_FUN_000006	162	1.543E-01	8.119E-02	1.400E-01	1.559E+01
GCA_014839635_FUN_000049	GCA_021018635_FUN_000007	162	1.542E-01	8.142E-02	1.414E-01	1.633E+01
GCA_014839635_FUN_000049	GCA_032206225_FUN_000003	162	1.542E-01	8.142E-02	1.414E-01	1.633E+01
GCA_014839635_FUN_000049	GCA_025203105_FUN_000007	169	1.384E-01	7.241E-02	8.686E-02	1.679E+01
GCA_014839635_FUN_000049	GCA_001702845_FUN_000132	236	1.819E-01	1.369E-01	1.440E-01	2.801E+01
GCA_014839635_FUN_000049	GCA_002234105_FUN_000098	236	1.942E-01	1.500E-01	1.575E-01	2.954E+01
GCA_014839635_FUN_000049	Fusarium_sp_128_FUN_000003	148	1.575E-01	6.202E-02	5.398E-02	1.574E+01
GCA_014839635_FUN_000049	Fusarium_duoseptatum_ex_type-barcode03_FUN_000086	62	1.583E-01	6.652E-02	1.107E-01	1.286E+01
GCA_014839635_FUN_000049	GCA_025267645_FUN_000212	93	1.383E-01	5.605E-02	6.847E-02	1.625E+01
GCA_014839635_FUN_000049	GCA_025216365_FUN_000025	212	1.286E-01	9.091E-02	6.084E-02	4.688E+01
GCA_014839635_FUN_000049	GCA_018894095_FUN_000077	69	1.908E-01	7.029E-02	4.417E-02	1.001E+01
GCA_014839635_FUN_000049	GCA_038050555_FUN_000006	46	2.710E-01	7.565E-02	1.816E-01	9.042E+00
GCA_014839635_FUN_000049	GCA_018894095_FUN_000071	79	1.806E-01	6.568E-02	1.389E-01	2.148E+01
GCA_014839635_FUN_000049	Fusarium_cugenangense_ex_type-barcode01_FUN_000019	127	1.459E-01	7.826E-02	1.212E-01	1.343E+01
GCA_014839635_FUN_000049	GCA_013347535_FUN_000021	127	1.459E-01	7.826E-02	1.212E-01	1.343E+01
GCA_014839635_FUN_000049	GCA_014843415_FUN_000016	127	1.459E-01	7.826E-02	1.212E-01	1.343E+01
GCA_014839635_FUN_000049	GCA_014843555_FUN_000005	127	1.459E-01	7.826E-02	1.212E-01	1.343E+01
GCA_014839635_FUN_000049	GCA_023509805_FUN_000049	175	1.365E-01	9.725E-02	1.235E-01	1.909E+01
GCA_014839635_FUN_000049	GCA_025203105_FUN_000005	161	1.273E-01	7.840E-02	8.646E-02	1.846E+01
GCA_014839635_FUN_000049	GCA_014839635_FUN_000047	72	1.640E-01	7.006E-02	7.994E-02	1.208E+01
GCA_014839635_FUN_000049	GCA_015227905_FUN_000281	158	1.251E-01	7.317E-02	8.184E-02	1.927E+01
GCA_014839635_FUN_000049	GCA_002233855_FUN_000172	186	1.125E-01	9.360E-02	6.636E-02	2.018E+01
GCA_014839635_FUN_000049	GCA_013423235_FUN_000011	100	1.738E-01	7.750E-02	1.198E-01	1.217E+01
GCA_014839635_FUN_000049	Fusarium_fabacearum_ex_type_FUN_000005	169	1.180E-01	7.111E-02	7.897E-02	1.830E+01
GCA_014839635_FUN_000049	AJ705_race4_FUN_000009	98	1.623E-01	6.909E-02	6.937E-02	1.217E+01
GCA_014839635_FUN_000049	GCA_000259975_FUN_000002	41	2.811E-01	4.902E-02	4.726E-02	7.643E+00
GCA_014839635_FUN_000049	AJ592_race4_FUN_000062	225	1.008E-01	7.890E-02	6.489E-02	1.488E+01
GCA_014839635_FUN_000049	AJ705_race4_FUN_000001	225	1.008E-01	7.890E-02	6.489E-02	1.488E+01
